source_row_id,declared_language,detected_language,language_confidence,manual_language,final_language,language_label_corrected,final_non_target_language,language_decision_source,language_scope_status
33,de,en,0.9999968100520855,,en,True,False,automatic_detection,de_en_label_mismatch_retained
69,de,en,0.9999965184050583,,en,True,False,automatic_detection,de_en_label_mismatch_retained
83,de,en,0.999997228639945,,en,True,False,automatic_detection,de_en_label_mismatch_retained
87,de,en,0.9999980543210278,,en,True,False,automatic_detection,de_en_label_mismatch_retained
97,de,en,0.9999970526960215,,en,True,False,automatic_detection,de_en_label_mismatch_retained
104,de,en,0.9999958925607249,,en,True,False,automatic_detection,de_en_label_mismatch_retained
108,de,en,0.9999976329551864,,en,True,False,automatic_detection,de_en_label_mismatch_retained
145,de,en,0.9999968453929434,,en,True,False,automatic_detection,de_en_label_mismatch_retained
161,de,en,0.999997346523618,,en,True,False,automatic_detection,de_en_label_mismatch_retained
169,de,en,0.9999981667122873,,en,True,False,automatic_detection,de_en_label_mismatch_retained
183,de,en,0.9999953051088749,,en,True,False,automatic_detection,de_en_label_mismatch_retained
197,de,en,0.9999955276685618,,en,True,False,automatic_detection,de_en_label_mismatch_retained
217,de,en,0.999998003707345,,en,True,False,automatic_detection,de_en_label_mismatch_retained
219,de,en,0.9999982304893685,,en,True,False,automatic_detection,de_en_label_mismatch_retained
228,de,en,0.9999959377705623,,en,True,False,automatic_detection,de_en_label_mismatch_retained
237,de,en,0.9999944931085867,,en,True,False,automatic_detection,de_en_label_mismatch_retained
256,de,en,0.9999973410170511,,en,True,False,automatic_detection,de_en_label_mismatch_retained
257,de,en,0.9999958980407404,,en,True,False,automatic_detection,de_en_label_mismatch_retained
259,de,en,0.9999964865163914,,en,True,False,automatic_detection,de_en_label_mismatch_retained
279,de,en,0.999997049011224,,en,True,False,automatic_detection,de_en_label_mismatch_retained
289,de,en,0.9999960020443148,,en,True,False,automatic_detection,de_en_label_mismatch_retained
315,de,en,0.9999992003766911,,en,True,False,automatic_detection,de_en_label_mismatch_retained
319,de,en,0.9999971343694979,,en,True,False,automatic_detection,de_en_label_mismatch_retained
336,de,en,0.9999979117762217,,en,True,False,automatic_detection,de_en_label_mismatch_retained
338,de,en,0.9999959010510984,,en,True,False,automatic_detection,de_en_label_mismatch_retained
355,de,en,0.9999959012462734,,en,True,False,automatic_detection,de_en_label_mismatch_retained
369,de,en,0.9999964210792625,,en,True,False,automatic_detection,de_en_label_mismatch_retained
378,de,en,0.9999954664429244,,en,True,False,automatic_detection,de_en_label_mismatch_retained
380,de,en,0.999997391377603,,en,True,False,automatic_detection,de_en_label_mismatch_retained
385,de,en,0.9999960266717574,,en,True,False,automatic_detection,de_en_label_mismatch_retained
402,de,en,0.9999978713137726,,en,True,False,automatic_detection,de_en_label_mismatch_retained
428,de,en,0.9999966214852826,,en,True,False,automatic_detection,de_en_label_mismatch_retained
444,de,en,0.9999951350788974,,en,True,False,automatic_detection,de_en_label_mismatch_retained
446,de,en,0.9999964813298566,,en,True,False,automatic_detection,de_en_label_mismatch_retained
447,de,en,0.9999957726611339,,en,True,False,automatic_detection,de_en_label_mismatch_retained
451,de,en,0.9999978583369192,,en,True,False,automatic_detection,de_en_label_mismatch_retained
458,de,en,0.9999979841171422,,en,True,False,automatic_detection,de_en_label_mismatch_retained
459,de,en,0.999996113126869,,en,True,False,automatic_detection,de_en_label_mismatch_retained
469,de,en,0.9999960748221879,,en,True,False,automatic_detection,de_en_label_mismatch_retained
488,de,en,0.9999971655115659,,en,True,False,automatic_detection,de_en_label_mismatch_retained
508,de,en,0.9999968820168128,,en,True,False,automatic_detection,de_en_label_mismatch_retained
514,de,en,0.999998734074111,,en,True,False,automatic_detection,de_en_label_mismatch_retained
543,de,en,0.9999960857541987,,en,True,False,automatic_detection,de_en_label_mismatch_retained
544,de,en,0.9999949517097403,,en,True,False,automatic_detection,de_en_label_mismatch_retained
557,de,en,0.9999976742571428,,en,True,False,automatic_detection,de_en_label_mismatch_retained
558,de,en,0.9999950005445144,,en,True,False,automatic_detection,de_en_label_mismatch_retained
569,de,en,0.9999971776824209,,en,True,False,automatic_detection,de_en_label_mismatch_retained
571,de,en,0.9999976125111099,,en,True,False,automatic_detection,de_en_label_mismatch_retained
592,de,en,0.9999975004779049,,en,True,False,automatic_detection,de_en_label_mismatch_retained
595,de,en,0.9999958340999611,,en,True,False,automatic_detection,de_en_label_mismatch_retained
598,de,en,0.9999969385052412,,en,True,False,automatic_detection,de_en_label_mismatch_retained
606,de,en,0.9999962219097127,en,en,True,False,manual_review,target_language_confirmed_manually
623,de,en,0.9999944921224136,,en,True,False,automatic_detection,de_en_label_mismatch_retained
635,de,en,0.9999964003145743,,en,True,False,automatic_detection,de_en_label_mismatch_retained
650,de,en,0.9999961674705599,,en,True,False,automatic_detection,de_en_label_mismatch_retained
662,de,en,0.9999966932511366,,en,True,False,automatic_detection,de_en_label_mismatch_retained
664,de,en,0.9999979276804952,,en,True,False,automatic_detection,de_en_label_mismatch_retained
703,de,en,0.9999950215957236,,en,True,False,automatic_detection,de_en_label_mismatch_retained
713,de,en,0.9999973268256734,,en,True,False,automatic_detection,de_en_label_mismatch_retained
722,de,en,0.9999968876300778,,en,True,False,automatic_detection,de_en_label_mismatch_retained
728,de,en,0.9999973630491154,,en,True,False,automatic_detection,de_en_label_mismatch_retained
729,de,en,0.9999978847328268,,en,True,False,automatic_detection,de_en_label_mismatch_retained
739,de,en,0.9999973476170666,,en,True,False,automatic_detection,de_en_label_mismatch_retained
756,de,en,0.9999972383985818,,en,True,False,automatic_detection,de_en_label_mismatch_retained
778,de,en,0.999996601257609,,en,True,False,automatic_detection,de_en_label_mismatch_retained
800,de,en,0.9999956034431103,,en,True,False,automatic_detection,de_en_label_mismatch_retained
808,de,en,0.9999966827837825,,en,True,False,automatic_detection,de_en_label_mismatch_retained
818,de,en,0.9999959350811256,,en,True,False,automatic_detection,de_en_label_mismatch_retained
819,de,en,0.9999970463419027,,en,True,False,automatic_detection,de_en_label_mismatch_retained
826,de,en,0.9999960413414031,,en,True,False,automatic_detection,de_en_label_mismatch_retained
857,de,en,0.9999963793552898,en,en,True,False,manual_review,target_language_confirmed_manually
879,de,en,0.9999964617066327,,en,True,False,automatic_detection,de_en_label_mismatch_retained
898,de,en,0.9999966098282542,,en,True,False,automatic_detection,de_en_label_mismatch_retained
899,de,en,0.9999955269803765,,en,True,False,automatic_detection,de_en_label_mismatch_retained
905,de,en,0.999996730096484,,en,True,False,automatic_detection,de_en_label_mismatch_retained
929,de,en,0.9999968512076707,,en,True,False,automatic_detection,de_en_label_mismatch_retained
932,de,en,0.9999959361812853,,en,True,False,automatic_detection,de_en_label_mismatch_retained
984,de,en,0.9999959538559812,,en,True,False,automatic_detection,de_en_label_mismatch_retained
988,de,en,0.9999972440668895,,en,True,False,automatic_detection,de_en_label_mismatch_retained
992,de,en,0.9999970128201556,,en,True,False,automatic_detection,de_en_label_mismatch_retained
1005,de,en,0.9999958205163805,,en,True,False,automatic_detection,de_en_label_mismatch_retained
1016,de,en,0.9999971856883569,,en,True,False,automatic_detection,de_en_label_mismatch_retained
1035,de,en,0.999997347914025,,en,True,False,automatic_detection,de_en_label_mismatch_retained
1036,de,en,0.999997235832046,,en,True,False,automatic_detection,de_en_label_mismatch_retained
1041,de,en,0.9999965558701149,,en,True,False,automatic_detection,de_en_label_mismatch_retained
1042,de,en,0.9999965746015926,,en,True,False,automatic_detection,de_en_label_mismatch_retained
1060,de,en,0.999996302563829,,en,True,False,automatic_detection,de_en_label_mismatch_retained
1107,de,en,0.9999979740573135,,en,True,False,automatic_detection,de_en_label_mismatch_retained
1119,de,en,0.9999972908765947,,en,True,False,automatic_detection,de_en_label_mismatch_retained
1131,de,en,0.9999967743050795,,en,True,False,automatic_detection,de_en_label_mismatch_retained
1156,de,en,0.9999951574817654,,en,True,False,automatic_detection,de_en_label_mismatch_retained
1157,de,en,0.9999963501860964,,en,True,False,automatic_detection,de_en_label_mismatch_retained
1169,en,fr,0.5714265487808022,,en,False,False,declared_label_fallback_uncertain_detection,language_detection_uncertain
1186,de,en,0.9999952980561987,,en,True,False,automatic_detection,de_en_label_mismatch_retained
1188,de,en,0.9999956213982277,,en,True,False,automatic_detection,de_en_label_mismatch_retained
1204,de,en,0.9999964370377183,,en,True,False,automatic_detection,de_en_label_mismatch_retained
1206,de,en,0.9999976257042903,,en,True,False,automatic_detection,de_en_label_mismatch_retained
1208,de,en,0.9999961562552407,,en,True,False,automatic_detection,de_en_label_mismatch_retained
1224,de,en,0.9999978261669822,,en,True,False,automatic_detection,de_en_label_mismatch_retained
1244,de,en,0.9999951200429701,,en,True,False,automatic_detection,de_en_label_mismatch_retained
1246,de,en,0.9999967484049685,,en,True,False,automatic_detection,de_en_label_mismatch_retained
1255,de,en,0.9999939199423569,,en,True,False,automatic_detection,de_en_label_mismatch_retained
1272,de,en,0.9999953823415897,,en,True,False,automatic_detection,de_en_label_mismatch_retained
1277,de,en,0.9999976599737681,,en,True,False,automatic_detection,de_en_label_mismatch_retained
1284,de,en,0.9999977301124897,,en,True,False,automatic_detection,de_en_label_mismatch_retained
1293,de,en,0.9999980595197422,,en,True,False,automatic_detection,de_en_label_mismatch_retained
1322,de,en,0.9999985261629843,,en,True,False,automatic_detection,de_en_label_mismatch_retained
1324,de,en,0.9999974615615941,,en,True,False,automatic_detection,de_en_label_mismatch_retained
1328,de,en,0.9999969552212229,,en,True,False,automatic_detection,de_en_label_mismatch_retained
1337,de,en,0.9999944793590618,,en,True,False,automatic_detection,de_en_label_mismatch_retained
1341,de,en,0.9999961987778219,,en,True,False,automatic_detection,de_en_label_mismatch_retained
1344,de,en,0.9999969645604578,,en,True,False,automatic_detection,de_en_label_mismatch_retained
1347,de,en,0.9999974169829446,,en,True,False,automatic_detection,de_en_label_mismatch_retained
1366,de,en,0.9999969371332225,,en,True,False,automatic_detection,de_en_label_mismatch_retained
1378,de,en,0.9999956488567011,,en,True,False,automatic_detection,de_en_label_mismatch_retained
1382,de,en,0.9999961770942363,,en,True,False,automatic_detection,de_en_label_mismatch_retained
1402,de,en,0.9999974516750025,,en,True,False,automatic_detection,de_en_label_mismatch_retained
1426,de,en,0.9999970090915833,,en,True,False,automatic_detection,de_en_label_mismatch_retained
1428,de,en,0.9999968764134017,,en,True,False,automatic_detection,de_en_label_mismatch_retained
1431,de,en,0.9999971914505691,,en,True,False,automatic_detection,de_en_label_mismatch_retained
1433,de,en,0.9999968484858861,,en,True,False,automatic_detection,de_en_label_mismatch_retained
1439,de,en,0.9999969992845471,,en,True,False,automatic_detection,de_en_label_mismatch_retained
1442,de,en,0.9999963034173099,,en,True,False,automatic_detection,de_en_label_mismatch_retained
1451,de,en,0.999998185443645,,en,True,False,automatic_detection,de_en_label_mismatch_retained
1452,de,en,0.9999962639629815,,en,True,False,automatic_detection,de_en_label_mismatch_retained
1453,de,en,0.9999982514990846,,en,True,False,automatic_detection,de_en_label_mismatch_retained
1479,de,en,0.9999979053744428,,en,True,False,automatic_detection,de_en_label_mismatch_retained
1483,de,en,0.9999940615236151,,en,True,False,automatic_detection,de_en_label_mismatch_retained
1484,de,en,0.9999948578097331,,en,True,False,automatic_detection,de_en_label_mismatch_retained
1485,de,en,0.9999976187253603,,en,True,False,automatic_detection,de_en_label_mismatch_retained
1494,de,en,0.999997221889928,,en,True,False,automatic_detection,de_en_label_mismatch_retained
1499,de,en,0.9999971555801617,,en,True,False,automatic_detection,de_en_label_mismatch_retained
1500,de,en,0.9999978989093921,,en,True,False,automatic_detection,de_en_label_mismatch_retained
1510,de,en,0.9999971915488541,,en,True,False,automatic_detection,de_en_label_mismatch_retained
1536,de,en,0.9999970116947382,,en,True,False,automatic_detection,de_en_label_mismatch_retained
1537,de,en,0.9999949808333173,,en,True,False,automatic_detection,de_en_label_mismatch_retained
1545,de,en,0.9999959542194005,,en,True,False,automatic_detection,de_en_label_mismatch_retained
1550,de,en,0.9999946133609898,,en,True,False,automatic_detection,de_en_label_mismatch_retained
1571,de,en,0.9999978484016908,,en,True,False,automatic_detection,de_en_label_mismatch_retained
1574,de,en,0.9999971751545425,,en,True,False,automatic_detection,de_en_label_mismatch_retained
1578,de,en,0.9999968574610066,en,en,True,False,manual_review,target_language_confirmed_manually
1591,de,en,0.9999970429339605,,en,True,False,automatic_detection,de_en_label_mismatch_retained
1599,de,en,0.9999972477344516,,en,True,False,automatic_detection,de_en_label_mismatch_retained
1601,de,en,0.9999961388560671,,en,True,False,automatic_detection,de_en_label_mismatch_retained
1607,de,en,0.9999960470148287,,en,True,False,automatic_detection,de_en_label_mismatch_retained
1618,de,en,0.9999966009859724,,en,True,False,automatic_detection,de_en_label_mismatch_retained
1642,de,it,0.4289349381403187,,de,False,False,declared_label_fallback_uncertain_detection,language_detection_uncertain
1645,de,en,0.9999954529858031,,en,True,False,automatic_detection,de_en_label_mismatch_retained
1652,de,en,0.9999971021068226,,en,True,False,automatic_detection,de_en_label_mismatch_retained
1662,de,en,0.9999958343312204,,en,True,False,automatic_detection,de_en_label_mismatch_retained
1673,de,en,0.999995941343732,,en,True,False,automatic_detection,de_en_label_mismatch_retained
1679,de,en,0.9999954243680091,,en,True,False,automatic_detection,de_en_label_mismatch_retained
1699,de,en,0.9999955390723199,,en,True,False,automatic_detection,de_en_label_mismatch_retained
1717,de,en,0.9999977995419236,,en,True,False,automatic_detection,de_en_label_mismatch_retained
1719,de,en,0.9999981432414087,,en,True,False,automatic_detection,de_en_label_mismatch_retained
1742,de,en,0.9999976541243965,,en,True,False,automatic_detection,de_en_label_mismatch_retained
1756,de,en,0.9999967213641723,,en,True,False,automatic_detection,de_en_label_mismatch_retained
1761,de,en,0.9999954118826611,,en,True,False,automatic_detection,de_en_label_mismatch_retained
1781,de,en,0.9999961216720789,,en,True,False,automatic_detection,de_en_label_mismatch_retained
1789,de,en,0.9999948672413104,,en,True,False,automatic_detection,de_en_label_mismatch_retained
1803,de,en,0.9999970570525225,,en,True,False,automatic_detection,de_en_label_mismatch_retained
1816,de,en,0.9999979583716998,,en,True,False,automatic_detection,de_en_label_mismatch_retained
1823,de,en,0.999993811295715,,en,True,False,automatic_detection,de_en_label_mismatch_retained
1827,de,en,0.9999950982874002,,en,True,False,automatic_detection,de_en_label_mismatch_retained
1837,de,en,0.999993547755354,,en,True,False,automatic_detection,de_en_label_mismatch_retained
1845,de,en,0.9999966549030398,,en,True,False,automatic_detection,de_en_label_mismatch_retained
1857,de,en,0.9999961923751627,,en,True,False,automatic_detection,de_en_label_mismatch_retained
1869,en,en,0.5714275689429917,,en,False,False,declared_label_fallback_uncertain_detection,language_detection_uncertain
1873,de,en,0.9999953001221483,,en,True,False,automatic_detection,de_en_label_mismatch_retained
1882,de,en,0.9999976773418823,,en,True,False,automatic_detection,de_en_label_mismatch_retained
1893,de,en,0.9999967290520514,,en,True,False,automatic_detection,de_en_label_mismatch_retained
1901,de,en,0.9999963735431971,,en,True,False,automatic_detection,de_en_label_mismatch_retained
1903,de,en,0.9999961662478438,,en,True,False,automatic_detection,de_en_label_mismatch_retained
1910,de,en,0.9999963830235552,,en,True,False,automatic_detection,de_en_label_mismatch_retained
1917,de,en,0.999997423514382,,en,True,False,automatic_detection,de_en_label_mismatch_retained
1956,de,en,0.9999964807286866,,en,True,False,automatic_detection,de_en_label_mismatch_retained
1985,de,en,0.9999970511337423,,en,True,False,automatic_detection,de_en_label_mismatch_retained
2005,de,en,0.9999968663699774,,en,True,False,automatic_detection,de_en_label_mismatch_retained
2009,de,en,0.9999967666640042,,en,True,False,automatic_detection,de_en_label_mismatch_retained
2018,de,en,0.9999965192997787,,en,True,False,automatic_detection,de_en_label_mismatch_retained
2019,de,en,0.9999947736713596,,en,True,False,automatic_detection,de_en_label_mismatch_retained
2033,de,en,0.999996756013422,,en,True,False,automatic_detection,de_en_label_mismatch_retained
2037,de,en,0.9999980896672442,,en,True,False,automatic_detection,de_en_label_mismatch_retained
2040,de,en,0.9999955146232439,,en,True,False,automatic_detection,de_en_label_mismatch_retained
2044,de,en,0.9999970782275835,,en,True,False,automatic_detection,de_en_label_mismatch_retained
2052,de,en,0.9999974576855055,,en,True,False,automatic_detection,de_en_label_mismatch_retained
2072,de,en,0.9999991457490389,,en,True,False,automatic_detection,de_en_label_mismatch_retained
2096,de,en,0.9999967069627728,,en,True,False,automatic_detection,de_en_label_mismatch_retained
2112,de,en,0.9999975500114426,,en,True,False,automatic_detection,de_en_label_mismatch_retained
2117,de,en,0.9999971674692079,,en,True,False,automatic_detection,de_en_label_mismatch_retained
2118,de,en,0.9999966106851174,,en,True,False,automatic_detection,de_en_label_mismatch_retained
2140,de,en,0.9999971258517174,,en,True,False,automatic_detection,de_en_label_mismatch_retained
2144,de,en,0.9999956341988904,,en,True,False,automatic_detection,de_en_label_mismatch_retained
2159,de,en,0.9999959272686203,,en,True,False,automatic_detection,de_en_label_mismatch_retained
2160,de,en,0.9999972429352026,,en,True,False,automatic_detection,de_en_label_mismatch_retained
2187,de,en,0.9999974038946672,,en,True,False,automatic_detection,de_en_label_mismatch_retained
2193,de,en,0.9999961379682519,,en,True,False,automatic_detection,de_en_label_mismatch_retained
2199,de,en,0.999995926875657,,en,True,False,automatic_detection,de_en_label_mismatch_retained
2204,de,en,0.9999981290079546,,en,True,False,automatic_detection,de_en_label_mismatch_retained
2219,de,en,0.9999968146119195,,en,True,False,automatic_detection,de_en_label_mismatch_retained
2220,de,en,0.9999953777383989,,en,True,False,automatic_detection,de_en_label_mismatch_retained
2223,de,en,0.9999966596651854,,en,True,False,automatic_detection,de_en_label_mismatch_retained
2250,de,en,0.9999962343589306,,en,True,False,automatic_detection,de_en_label_mismatch_retained
2276,de,en,0.9999960412507336,,en,True,False,automatic_detection,de_en_label_mismatch_retained
2285,de,en,0.9999960656003378,,en,True,False,automatic_detection,de_en_label_mismatch_retained
2293,de,es,0.9999976061113304,es,de,False,True,excluded_non_target_language,non_target_language_confirmed_manually
2310,de,en,0.9999982049197679,,en,True,False,automatic_detection,de_en_label_mismatch_retained
2345,de,en,0.99999747729405,,en,True,False,automatic_detection,de_en_label_mismatch_retained
2358,de,en,0.9999962050559493,,en,True,False,automatic_detection,de_en_label_mismatch_retained
2365,de,en,0.9999966835106263,,en,True,False,automatic_detection,de_en_label_mismatch_retained
2366,de,en,0.9999945721751176,,en,True,False,automatic_detection,de_en_label_mismatch_retained
2373,de,en,0.9999958390145096,,en,True,False,automatic_detection,de_en_label_mismatch_retained
2381,de,en,0.9999957243565093,,en,True,False,automatic_detection,de_en_label_mismatch_retained
2383,de,en,0.9999961583114987,,en,True,False,automatic_detection,de_en_label_mismatch_retained
2398,de,en,0.9999958703585745,,en,True,False,automatic_detection,de_en_label_mismatch_retained
2399,de,en,0.9999960092296233,,en,True,False,automatic_detection,de_en_label_mismatch_retained
2406,de,en,0.9999970520873442,,en,True,False,automatic_detection,de_en_label_mismatch_retained
2417,de,en,0.9999979945551365,,en,True,False,automatic_detection,de_en_label_mismatch_retained
2427,de,en,0.999995840219688,,en,True,False,automatic_detection,de_en_label_mismatch_retained
2437,de,en,0.9999961675633875,,en,True,False,automatic_detection,de_en_label_mismatch_retained
2450,de,en,0.9999958131957277,,en,True,False,automatic_detection,de_en_label_mismatch_retained
2455,de,en,0.9999944240931733,,en,True,False,automatic_detection,de_en_label_mismatch_retained
2466,de,en,0.9999977312130632,,en,True,False,automatic_detection,de_en_label_mismatch_retained
2468,de,en,0.9999975178772688,,en,True,False,automatic_detection,de_en_label_mismatch_retained
2477,de,en,0.9999979894775606,,en,True,False,automatic_detection,de_en_label_mismatch_retained
2480,de,en,0.9999963174712645,,en,True,False,automatic_detection,de_en_label_mismatch_retained
2490,de,en,0.9999969275349273,,en,True,False,automatic_detection,de_en_label_mismatch_retained
2500,de,en,0.9999972596813729,,en,True,False,automatic_detection,de_en_label_mismatch_retained
2506,de,en,0.9999968261930267,,en,True,False,automatic_detection,de_en_label_mismatch_retained
2523,de,en,0.9999961524259959,,en,True,False,automatic_detection,de_en_label_mismatch_retained
2530,de,en,0.9999975801920438,,en,True,False,automatic_detection,de_en_label_mismatch_retained
2531,de,en,0.9999963001469229,,en,True,False,automatic_detection,de_en_label_mismatch_retained
2551,de,en,0.9999953322147856,,en,True,False,automatic_detection,de_en_label_mismatch_retained
2558,de,en,0.999997178014344,,en,True,False,automatic_detection,de_en_label_mismatch_retained
2570,de,en,0.999993250548154,,en,True,False,automatic_detection,de_en_label_mismatch_retained
2571,de,en,0.9999969531771885,,en,True,False,automatic_detection,de_en_label_mismatch_retained
2575,de,en,0.9999957494705645,,en,True,False,automatic_detection,de_en_label_mismatch_retained
2592,de,en,0.9999958712602984,,en,True,False,automatic_detection,de_en_label_mismatch_retained
2596,de,en,0.9999968535165689,,en,True,False,automatic_detection,de_en_label_mismatch_retained
2599,de,en,0.9999979754591775,,en,True,False,automatic_detection,de_en_label_mismatch_retained
2604,de,en,0.9999960736042478,,en,True,False,automatic_detection,de_en_label_mismatch_retained
2618,de,en,0.9999973704799813,,en,True,False,automatic_detection,de_en_label_mismatch_retained
2626,de,en,0.9999965352557493,,en,True,False,automatic_detection,de_en_label_mismatch_retained
2659,de,en,0.9999965252854559,,en,True,False,automatic_detection,de_en_label_mismatch_retained
2674,de,en,0.9999972775926492,,en,True,False,automatic_detection,de_en_label_mismatch_retained
2678,de,en,0.9999971680388979,,en,True,False,automatic_detection,de_en_label_mismatch_retained
2682,de,en,0.9999983573327994,,en,True,False,automatic_detection,de_en_label_mismatch_retained
2702,de,en,0.9999956973206896,,en,True,False,automatic_detection,de_en_label_mismatch_retained
2705,de,en,0.9999974155926818,,en,True,False,automatic_detection,de_en_label_mismatch_retained
2716,de,en,0.9999962522739312,,en,True,False,automatic_detection,de_en_label_mismatch_retained
2738,de,en,0.9999950561824267,,en,True,False,automatic_detection,de_en_label_mismatch_retained
2743,de,en,0.9999967585392314,,en,True,False,automatic_detection,de_en_label_mismatch_retained
2755,de,en,0.9999984383880354,,en,True,False,automatic_detection,de_en_label_mismatch_retained
2757,de,en,0.9999967147273799,,en,True,False,automatic_detection,de_en_label_mismatch_retained
2770,de,en,0.9999979920605528,,en,True,False,automatic_detection,de_en_label_mismatch_retained
2771,de,en,0.9999954782366025,,en,True,False,automatic_detection,de_en_label_mismatch_retained
2772,de,en,0.9999968024845753,,en,True,False,automatic_detection,de_en_label_mismatch_retained
2788,de,en,0.9999954522247677,,en,True,False,automatic_detection,de_en_label_mismatch_retained
2794,de,en,0.9999976783770427,,en,True,False,automatic_detection,de_en_label_mismatch_retained
2832,de,en,0.9999954256416304,,en,True,False,automatic_detection,de_en_label_mismatch_retained
2840,de,en,0.999997640354816,,en,True,False,automatic_detection,de_en_label_mismatch_retained
2842,de,en,0.9999963413923173,,en,True,False,automatic_detection,de_en_label_mismatch_retained
2876,de,en,0.9999964861624996,,en,True,False,automatic_detection,de_en_label_mismatch_retained
2888,de,en,0.9999966930614501,,en,True,False,automatic_detection,de_en_label_mismatch_retained
2895,de,en,0.9999971620957286,,en,True,False,automatic_detection,de_en_label_mismatch_retained
2910,de,en,0.8571387685692665,,en,True,False,automatic_detection,de_en_label_mismatch_retained
2919,de,en,0.9999960010418063,,en,True,False,automatic_detection,de_en_label_mismatch_retained
2927,de,en,0.9999972352899342,,en,True,False,automatic_detection,de_en_label_mismatch_retained
2945,de,en,0.9999956469709238,,en,True,False,automatic_detection,de_en_label_mismatch_retained
2952,de,en,0.9999972445297485,,en,True,False,automatic_detection,de_en_label_mismatch_retained
2979,de,en,0.999995416607282,,en,True,False,automatic_detection,de_en_label_mismatch_retained
3006,de,en,0.9999963230361474,,en,True,False,automatic_detection,de_en_label_mismatch_retained
3010,de,en,0.999997067525588,,en,True,False,automatic_detection,de_en_label_mismatch_retained
3023,de,en,0.9999959297841349,,en,True,False,automatic_detection,de_en_label_mismatch_retained
3038,de,en,0.9999970601138487,,en,True,False,automatic_detection,de_en_label_mismatch_retained
3060,de,en,0.9999985025601552,,en,True,False,automatic_detection,de_en_label_mismatch_retained
3067,de,en,0.9999959660475013,,en,True,False,automatic_detection,de_en_label_mismatch_retained
3069,de,en,0.9999951767077594,,en,True,False,automatic_detection,de_en_label_mismatch_retained
3075,de,en,0.9999972787520645,,en,True,False,automatic_detection,de_en_label_mismatch_retained
3085,de,en,0.9999952509109109,,en,True,False,automatic_detection,de_en_label_mismatch_retained
3099,de,en,0.9999975261450258,,en,True,False,automatic_detection,de_en_label_mismatch_retained
3109,de,en,0.9999965282729172,,en,True,False,automatic_detection,de_en_label_mismatch_retained
3128,de,en,0.999996403483235,,en,True,False,automatic_detection,de_en_label_mismatch_retained
3145,de,en,0.9999971123855533,,en,True,False,automatic_detection,de_en_label_mismatch_retained
3146,de,en,0.8571379809228414,,en,True,False,automatic_detection,de_en_label_mismatch_retained
3163,de,en,0.9999983074891525,,en,True,False,automatic_detection,de_en_label_mismatch_retained
3174,de,en,0.9999952405231919,,en,True,False,automatic_detection,de_en_label_mismatch_retained
3177,de,en,0.9999974442570165,,en,True,False,automatic_detection,de_en_label_mismatch_retained
3189,de,en,0.9999968760443758,,en,True,False,automatic_detection,de_en_label_mismatch_retained
3191,de,en,0.9999980148428073,,en,True,False,automatic_detection,de_en_label_mismatch_retained
3229,de,en,0.9999985333667563,,en,True,False,automatic_detection,de_en_label_mismatch_retained
3286,de,en,0.9999974667377354,,en,True,False,automatic_detection,de_en_label_mismatch_retained
3289,de,en,0.9999969500585603,,en,True,False,automatic_detection,de_en_label_mismatch_retained
3292,de,en,0.9999954307841716,,en,True,False,automatic_detection,de_en_label_mismatch_retained
3303,de,en,0.9999973244396426,,en,True,False,automatic_detection,de_en_label_mismatch_retained
3313,de,en,0.9999967063612145,,en,True,False,automatic_detection,de_en_label_mismatch_retained
3318,de,en,0.9999955253363615,,en,True,False,automatic_detection,de_en_label_mismatch_retained
3327,de,en,0.9999962393051166,,en,True,False,automatic_detection,de_en_label_mismatch_retained
3329,de,en,0.999998144757029,,en,True,False,automatic_detection,de_en_label_mismatch_retained
3334,de,en,0.9999959429808427,,en,True,False,automatic_detection,de_en_label_mismatch_retained
3336,de,en,0.9999980394737968,,en,True,False,automatic_detection,de_en_label_mismatch_retained
3342,de,en,0.8571426606955521,,en,True,False,automatic_detection,de_en_label_mismatch_retained
3345,de,en,0.9999962556876051,,en,True,False,automatic_detection,de_en_label_mismatch_retained
3353,de,en,0.9999980940330948,,en,True,False,automatic_detection,de_en_label_mismatch_retained
3358,de,en,0.9999967531652767,,en,True,False,automatic_detection,de_en_label_mismatch_retained
3362,de,en,0.9999977020224492,,en,True,False,automatic_detection,de_en_label_mismatch_retained
3366,de,en,0.9999954510435451,,en,True,False,automatic_detection,de_en_label_mismatch_retained
3367,de,en,0.9999942500438451,,en,True,False,automatic_detection,de_en_label_mismatch_retained
3396,de,en,0.9999965821980207,,en,True,False,automatic_detection,de_en_label_mismatch_retained
3397,de,en,0.9999976538425175,,en,True,False,automatic_detection,de_en_label_mismatch_retained
3399,de,en,0.9999970084283458,,en,True,False,automatic_detection,de_en_label_mismatch_retained
3409,de,en,0.999995379991889,,en,True,False,automatic_detection,de_en_label_mismatch_retained
3415,de,en,0.9999964228060376,,en,True,False,automatic_detection,de_en_label_mismatch_retained
3423,de,en,0.9999965259373502,,en,True,False,automatic_detection,de_en_label_mismatch_retained
3443,de,en,0.9999961793994239,,en,True,False,automatic_detection,de_en_label_mismatch_retained
3449,de,en,0.9999970717548206,,en,True,False,automatic_detection,de_en_label_mismatch_retained
3455,de,en,0.9999962401402027,,en,True,False,automatic_detection,de_en_label_mismatch_retained
3456,de,en,0.999997606762721,,en,True,False,automatic_detection,de_en_label_mismatch_retained
3460,de,en,0.9999992940678674,,en,True,False,automatic_detection,de_en_label_mismatch_retained
3498,de,en,0.9999957336005716,,en,True,False,automatic_detection,de_en_label_mismatch_retained
3539,de,en,0.9999957920538882,,en,True,False,automatic_detection,de_en_label_mismatch_retained
3565,de,en,0.9999978314191562,,en,True,False,automatic_detection,de_en_label_mismatch_retained
3574,de,en,0.9999981027049414,,en,True,False,automatic_detection,de_en_label_mismatch_retained
3584,de,en,0.999995111744878,,en,True,False,automatic_detection,de_en_label_mismatch_retained
3591,de,en,0.999996557794709,,en,True,False,automatic_detection,de_en_label_mismatch_retained
3598,de,en,0.9999954008918077,,en,True,False,automatic_detection,de_en_label_mismatch_retained
3602,de,en,0.9999960760232965,,en,True,False,automatic_detection,de_en_label_mismatch_retained
3618,de,en,0.9999960681782222,,en,True,False,automatic_detection,de_en_label_mismatch_retained
3620,de,en,0.9999960158222403,,en,True,False,automatic_detection,de_en_label_mismatch_retained
3636,de,en,0.9999950140723273,,en,True,False,automatic_detection,de_en_label_mismatch_retained
3676,de,en,0.9999952052655834,,en,True,False,automatic_detection,de_en_label_mismatch_retained
3700,de,en,0.999996892347043,,en,True,False,automatic_detection,de_en_label_mismatch_retained
3701,de,en,0.9999972757227391,,en,True,False,automatic_detection,de_en_label_mismatch_retained
3727,de,en,0.9999957917184619,,en,True,False,automatic_detection,de_en_label_mismatch_retained
3729,de,en,0.9999941208354597,,en,True,False,automatic_detection,de_en_label_mismatch_retained
3755,de,en,0.9999968592153803,,en,True,False,automatic_detection,de_en_label_mismatch_retained
3767,de,en,0.9999966828703848,,en,True,False,automatic_detection,de_en_label_mismatch_retained
3788,de,en,0.9999972807779083,,en,True,False,automatic_detection,de_en_label_mismatch_retained
3795,de,en,0.9999966580067357,,en,True,False,automatic_detection,de_en_label_mismatch_retained
3799,de,en,0.9999953538915394,,en,True,False,automatic_detection,de_en_label_mismatch_retained
3801,de,en,0.9999963701612058,,en,True,False,automatic_detection,de_en_label_mismatch_retained
3803,de,en,0.9999969036772843,,en,True,False,automatic_detection,de_en_label_mismatch_retained
3835,de,en,0.9999960602914613,,en,True,False,automatic_detection,de_en_label_mismatch_retained
3844,de,en,0.9999945415354935,,en,True,False,automatic_detection,de_en_label_mismatch_retained
3848,de,en,0.9999966034555611,,en,True,False,automatic_detection,de_en_label_mismatch_retained
3851,de,en,0.9999978416859469,,en,True,False,automatic_detection,de_en_label_mismatch_retained
3856,de,en,0.9999970074494653,,en,True,False,automatic_detection,de_en_label_mismatch_retained
3865,de,en,0.9999973361480249,,en,True,False,automatic_detection,de_en_label_mismatch_retained
3866,de,en,0.9999958280839881,,en,True,False,automatic_detection,de_en_label_mismatch_retained
3876,de,en,0.9999965232856216,,en,True,False,automatic_detection,de_en_label_mismatch_retained
3890,de,en,0.9999976785328938,,en,True,False,automatic_detection,de_en_label_mismatch_retained
3907,de,en,0.9999972511738437,,en,True,False,automatic_detection,de_en_label_mismatch_retained
3908,de,en,0.9999979789859601,,en,True,False,automatic_detection,de_en_label_mismatch_retained
3916,de,en,0.9999962918850096,,en,True,False,automatic_detection,de_en_label_mismatch_retained
3927,de,en,0.9999986462780239,,en,True,False,automatic_detection,de_en_label_mismatch_retained
3934,de,en,0.9999965495390566,,en,True,False,automatic_detection,de_en_label_mismatch_retained
3946,de,en,0.9999950607914101,,en,True,False,automatic_detection,de_en_label_mismatch_retained
3949,de,en,0.9999961871995521,,en,True,False,automatic_detection,de_en_label_mismatch_retained
3952,de,en,0.9999978579435469,,en,True,False,automatic_detection,de_en_label_mismatch_retained
3970,de,en,0.9999971638265202,,en,True,False,automatic_detection,de_en_label_mismatch_retained
3978,de,en,0.9999969258718274,,en,True,False,automatic_detection,de_en_label_mismatch_retained
3998,de,en,0.9999977339544772,,en,True,False,automatic_detection,de_en_label_mismatch_retained
4010,de,en,0.9999964513469917,,en,True,False,automatic_detection,de_en_label_mismatch_retained
4020,de,en,0.9999956687892483,,en,True,False,automatic_detection,de_en_label_mismatch_retained
4026,de,en,0.9999977910786837,,en,True,False,automatic_detection,de_en_label_mismatch_retained
4031,de,en,0.9999989887829264,,en,True,False,automatic_detection,de_en_label_mismatch_retained
4068,de,en,0.9999970722051224,,en,True,False,automatic_detection,de_en_label_mismatch_retained
4097,de,en,0.9999975861356349,,en,True,False,automatic_detection,de_en_label_mismatch_retained
4102,de,en,0.9999972703080169,,en,True,False,automatic_detection,de_en_label_mismatch_retained
4112,de,en,0.9999969632845824,,en,True,False,automatic_detection,de_en_label_mismatch_retained
4124,de,en,0.9999971412327736,,en,True,False,automatic_detection,de_en_label_mismatch_retained
4127,de,en,0.9999980713788069,,en,True,False,automatic_detection,de_en_label_mismatch_retained
4158,de,en,0.9999975574199463,,en,True,False,automatic_detection,de_en_label_mismatch_retained
4165,de,en,0.9999982240157088,,en,True,False,automatic_detection,de_en_label_mismatch_retained
4169,de,en,0.9999964017139523,,en,True,False,automatic_detection,de_en_label_mismatch_retained
4192,de,en,0.9999975544852236,,en,True,False,automatic_detection,de_en_label_mismatch_retained
4205,de,en,0.9999959013418438,,en,True,False,automatic_detection,de_en_label_mismatch_retained
4206,de,en,0.9999984788145095,,en,True,False,automatic_detection,de_en_label_mismatch_retained
4215,de,en,0.9999961602877151,,en,True,False,automatic_detection,de_en_label_mismatch_retained
4256,de,en,0.9999961208030956,,en,True,False,automatic_detection,de_en_label_mismatch_retained
4270,en,en,0.7142836136387232,en,en,False,False,manual_review,target_language_confirmed_manually
4305,de,en,0.9999968211376933,,en,True,False,automatic_detection,de_en_label_mismatch_retained
4309,de,en,0.999997223221119,,en,True,False,automatic_detection,de_en_label_mismatch_retained
4319,de,en,0.9999963714079292,,en,True,False,automatic_detection,de_en_label_mismatch_retained
4329,de,en,0.9999966268159775,,en,True,False,automatic_detection,de_en_label_mismatch_retained
4330,de,en,0.9999938173710994,,en,True,False,automatic_detection,de_en_label_mismatch_retained
4332,de,en,0.9999981746892226,,en,True,False,automatic_detection,de_en_label_mismatch_retained
4389,de,en,0.9999978751524002,,en,True,False,automatic_detection,de_en_label_mismatch_retained
4404,de,en,0.9999962308659629,,en,True,False,automatic_detection,de_en_label_mismatch_retained
4415,de,en,0.9999971061300252,,en,True,False,automatic_detection,de_en_label_mismatch_retained
4426,de,en,0.9999956096477943,,en,True,False,automatic_detection,de_en_label_mismatch_retained
4428,de,en,0.9999979832668431,,en,True,False,automatic_detection,de_en_label_mismatch_retained
4437,de,en,0.9999941538209909,,en,True,False,automatic_detection,de_en_label_mismatch_retained
4442,de,en,0.9999968614984913,,en,True,False,automatic_detection,de_en_label_mismatch_retained
4447,de,en,0.9999971580496214,,en,True,False,automatic_detection,de_en_label_mismatch_retained
4448,de,en,0.9999968035973552,,en,True,False,automatic_detection,de_en_label_mismatch_retained
4504,de,en,0.9999973590130479,,en,True,False,automatic_detection,de_en_label_mismatch_retained
4505,de,en,0.9999966945554002,,en,True,False,automatic_detection,de_en_label_mismatch_retained
4508,de,en,0.9999954986751111,en,en,True,False,manual_review,target_language_confirmed_manually
4510,de,en,0.9999965013764529,,en,True,False,automatic_detection,de_en_label_mismatch_retained
4513,de,en,0.9999959483941346,,en,True,False,automatic_detection,de_en_label_mismatch_retained
4523,de,en,0.9999962503921259,,en,True,False,automatic_detection,de_en_label_mismatch_retained
4531,de,en,0.9999951006291063,,en,True,False,automatic_detection,de_en_label_mismatch_retained
4534,de,en,0.9999971101807181,,en,True,False,automatic_detection,de_en_label_mismatch_retained
4546,de,en,0.999995004132919,,en,True,False,automatic_detection,de_en_label_mismatch_retained
4549,de,en,0.9999958111038245,,en,True,False,automatic_detection,de_en_label_mismatch_retained
4562,de,en,0.9999956623050419,,en,True,False,automatic_detection,de_en_label_mismatch_retained
4564,de,en,0.9999964975859585,,en,True,False,automatic_detection,de_en_label_mismatch_retained
4594,de,en,0.9999978588076183,,en,True,False,automatic_detection,de_en_label_mismatch_retained
4595,de,en,0.9999973630207857,,en,True,False,automatic_detection,de_en_label_mismatch_retained
4597,de,en,0.9999972910648606,,en,True,False,automatic_detection,de_en_label_mismatch_retained
4602,de,en,0.999996443027884,,en,True,False,automatic_detection,de_en_label_mismatch_retained
4614,de,en,0.9999980467713117,,en,True,False,automatic_detection,de_en_label_mismatch_retained
4621,de,en,0.9999983133492625,,en,True,False,automatic_detection,de_en_label_mismatch_retained
4624,de,en,0.9999964259676464,,en,True,False,automatic_detection,de_en_label_mismatch_retained
4650,de,en,0.9999977299061895,,en,True,False,automatic_detection,de_en_label_mismatch_retained
4663,de,en,0.9999938491582585,,en,True,False,automatic_detection,de_en_label_mismatch_retained
4673,de,en,0.9999974422180222,,en,True,False,automatic_detection,de_en_label_mismatch_retained
4680,de,en,0.9999974334324366,,en,True,False,automatic_detection,de_en_label_mismatch_retained
4689,de,en,0.9999967641980516,,en,True,False,automatic_detection,de_en_label_mismatch_retained
4693,de,en,0.9999951696756887,,en,True,False,automatic_detection,de_en_label_mismatch_retained
4705,de,en,0.9999956185094958,,en,True,False,automatic_detection,de_en_label_mismatch_retained
4709,de,en,0.9999961896975548,,en,True,False,automatic_detection,de_en_label_mismatch_retained
4740,de,en,0.9999972623037259,,en,True,False,automatic_detection,de_en_label_mismatch_retained
4753,de,en,0.9999988098644427,,en,True,False,automatic_detection,de_en_label_mismatch_retained
4754,de,en,0.9999958476523997,,en,True,False,automatic_detection,de_en_label_mismatch_retained
4767,de,en,0.9999978520076446,,en,True,False,automatic_detection,de_en_label_mismatch_retained
4775,de,en,0.9999971422142233,,en,True,False,automatic_detection,de_en_label_mismatch_retained
4776,de,en,0.9999973141785148,,en,True,False,automatic_detection,de_en_label_mismatch_retained
4787,de,en,0.999997221311891,,en,True,False,automatic_detection,de_en_label_mismatch_retained
4807,de,en,0.9999980146215902,,en,True,False,automatic_detection,de_en_label_mismatch_retained
4816,de,en,0.9999982285579678,,en,True,False,automatic_detection,de_en_label_mismatch_retained
4843,de,en,0.9999986247588963,,en,True,False,automatic_detection,de_en_label_mismatch_retained
4855,de,en,0.9999978344135956,,en,True,False,automatic_detection,de_en_label_mismatch_retained
4857,de,en,0.9999959816473538,,en,True,False,automatic_detection,de_en_label_mismatch_retained
4859,de,en,0.9999975564561003,en,en,True,False,manual_review,target_language_confirmed_manually
4863,de,en,0.9999978917458476,,en,True,False,automatic_detection,de_en_label_mismatch_retained
4864,de,en,0.999997717645011,,en,True,False,automatic_detection,de_en_label_mismatch_retained
4872,de,en,0.9999943438864152,,en,True,False,automatic_detection,de_en_label_mismatch_retained
4879,de,en,0.9999977116890326,,en,True,False,automatic_detection,de_en_label_mismatch_retained
4914,de,en,0.9999940142634531,,en,True,False,automatic_detection,de_en_label_mismatch_retained
4922,de,en,0.9999952311592865,,en,True,False,automatic_detection,de_en_label_mismatch_retained
4923,de,en,0.9999954521646244,,en,True,False,automatic_detection,de_en_label_mismatch_retained
4929,de,en,0.9999966810549614,,en,True,False,automatic_detection,de_en_label_mismatch_retained
4957,de,en,0.9999968659173678,,en,True,False,automatic_detection,de_en_label_mismatch_retained
4959,de,en,0.9999964817579017,,en,True,False,automatic_detection,de_en_label_mismatch_retained
4972,de,en,0.7142836809635775,en,en,True,False,manual_review,target_language_confirmed_manually
5000,de,en,0.999996933767282,,en,True,False,automatic_detection,de_en_label_mismatch_retained
5001,de,en,0.9999970416917984,,en,True,False,automatic_detection,de_en_label_mismatch_retained
5007,de,en,0.999998423765848,,en,True,False,automatic_detection,de_en_label_mismatch_retained
5017,de,en,0.9999964736957707,,en,True,False,automatic_detection,de_en_label_mismatch_retained
5028,de,en,0.9999958046739599,,en,True,False,automatic_detection,de_en_label_mismatch_retained
5051,de,en,0.9999967171116313,,en,True,False,automatic_detection,de_en_label_mismatch_retained
5080,de,en,0.9999968708040645,,en,True,False,automatic_detection,de_en_label_mismatch_retained
5099,de,en,0.9999978524903257,,en,True,False,automatic_detection,de_en_label_mismatch_retained
5104,de,en,0.99999573179265,,en,True,False,automatic_detection,de_en_label_mismatch_retained
5127,de,en,0.9999959547946004,,en,True,False,automatic_detection,de_en_label_mismatch_retained
5130,de,en,0.9999936633996558,,en,True,False,automatic_detection,de_en_label_mismatch_retained
5132,de,en,0.9999950952762018,,en,True,False,automatic_detection,de_en_label_mismatch_retained
5133,de,en,0.9999962514126595,,en,True,False,automatic_detection,de_en_label_mismatch_retained
5150,de,en,0.9999976831249254,,en,True,False,automatic_detection,de_en_label_mismatch_retained
5154,de,en,0.9999951200804116,,en,True,False,automatic_detection,de_en_label_mismatch_retained
5175,de,en,0.7142828058463582,en,en,True,False,manual_review,target_language_confirmed_manually
5180,de,en,0.9999957229713728,,en,True,False,automatic_detection,de_en_label_mismatch_retained
5193,de,en,0.999993982388006,en,en,True,False,manual_review,target_language_confirmed_manually
5202,de,en,0.9999975535273494,,en,True,False,automatic_detection,de_en_label_mismatch_retained
5215,de,en,0.9999964727949147,,en,True,False,automatic_detection,de_en_label_mismatch_retained
5227,de,en,0.9999965488178081,,en,True,False,automatic_detection,de_en_label_mismatch_retained
5234,de,en,0.9999966036776606,,en,True,False,automatic_detection,de_en_label_mismatch_retained
5243,de,en,0.999996339053186,,en,True,False,automatic_detection,de_en_label_mismatch_retained
5246,de,en,0.9999981121533654,,en,True,False,automatic_detection,de_en_label_mismatch_retained
5271,de,en,0.9999965583657651,,en,True,False,automatic_detection,de_en_label_mismatch_retained
5274,de,en,0.999996577411849,,en,True,False,automatic_detection,de_en_label_mismatch_retained
5290,de,en,0.99999632972494,,en,True,False,automatic_detection,de_en_label_mismatch_retained
5291,de,en,0.9999965687874341,,en,True,False,automatic_detection,de_en_label_mismatch_retained
5295,de,en,0.9999970882183031,,en,True,False,automatic_detection,de_en_label_mismatch_retained
5299,de,en,0.9999943116630499,,en,True,False,automatic_detection,de_en_label_mismatch_retained
5321,de,en,0.9999964731631942,,en,True,False,automatic_detection,de_en_label_mismatch_retained
5329,de,en,0.9999945854027025,,en,True,False,automatic_detection,de_en_label_mismatch_retained
5330,de,en,0.9999972253775089,,en,True,False,automatic_detection,de_en_label_mismatch_retained
5334,de,en,0.8571407661259136,,en,True,False,automatic_detection,de_en_label_mismatch_retained
5338,de,en,0.9999968139980606,,en,True,False,automatic_detection,de_en_label_mismatch_retained
5344,de,en,0.9999944779056651,,en,True,False,automatic_detection,de_en_label_mismatch_retained
5357,de,en,0.9999961165521616,,en,True,False,automatic_detection,de_en_label_mismatch_retained
5360,de,en,0.9999967762539745,,en,True,False,automatic_detection,de_en_label_mismatch_retained
5364,de,en,0.999997897396762,,en,True,False,automatic_detection,de_en_label_mismatch_retained
5376,de,en,0.9999984363160921,,en,True,False,automatic_detection,de_en_label_mismatch_retained
5382,de,en,0.9999965745358368,,en,True,False,automatic_detection,de_en_label_mismatch_retained
5384,de,en,0.9999971935621091,,en,True,False,automatic_detection,de_en_label_mismatch_retained
5392,de,en,0.9999962208995251,,en,True,False,automatic_detection,de_en_label_mismatch_retained
5396,de,en,0.857141411271243,,en,True,False,automatic_detection,de_en_label_mismatch_retained
5397,de,en,0.9999946075717856,,en,True,False,automatic_detection,de_en_label_mismatch_retained
5413,de,en,0.9999962777832275,,en,True,False,automatic_detection,de_en_label_mismatch_retained
5423,de,en,0.999997388498629,,en,True,False,automatic_detection,de_en_label_mismatch_retained
5433,de,en,0.9999983795808386,,en,True,False,automatic_detection,de_en_label_mismatch_retained
5444,de,en,0.9999957635118473,,en,True,False,automatic_detection,de_en_label_mismatch_retained
5445,de,en,0.999998218904963,,en,True,False,automatic_detection,de_en_label_mismatch_retained
5453,de,en,0.9999955712670578,,en,True,False,automatic_detection,de_en_label_mismatch_retained
5455,de,en,0.9999968185692409,,en,True,False,automatic_detection,de_en_label_mismatch_retained
5457,de,en,0.9999975045959076,,en,True,False,automatic_detection,de_en_label_mismatch_retained
5480,de,en,0.9999970965576457,,en,True,False,automatic_detection,de_en_label_mismatch_retained
5517,de,en,0.9999962843900413,,en,True,False,automatic_detection,de_en_label_mismatch_retained
5520,de,en,0.9999960826068515,,en,True,False,automatic_detection,de_en_label_mismatch_retained
5522,de,en,0.9999972029310098,,en,True,False,automatic_detection,de_en_label_mismatch_retained
5536,de,en,0.9999981233904044,,en,True,False,automatic_detection,de_en_label_mismatch_retained
5537,de,en,0.9999949917397835,,en,True,False,automatic_detection,de_en_label_mismatch_retained
5543,de,en,0.9999963201212323,,en,True,False,automatic_detection,de_en_label_mismatch_retained
5561,de,en,0.9999968743558993,,en,True,False,automatic_detection,de_en_label_mismatch_retained
5571,de,en,0.9999970830545776,,en,True,False,automatic_detection,de_en_label_mismatch_retained
5582,de,en,0.9999969573543227,,en,True,False,automatic_detection,de_en_label_mismatch_retained
5587,de,en,0.9999983030717599,,en,True,False,automatic_detection,de_en_label_mismatch_retained
5590,de,en,0.9999974845566713,,en,True,False,automatic_detection,de_en_label_mismatch_retained
5600,de,en,0.9999958579243142,,en,True,False,automatic_detection,de_en_label_mismatch_retained
5608,de,en,0.999996474941848,,en,True,False,automatic_detection,de_en_label_mismatch_retained
5629,de,en,0.9999986316276915,,en,True,False,automatic_detection,de_en_label_mismatch_retained
5633,de,en,0.9999971350943923,,en,True,False,automatic_detection,de_en_label_mismatch_retained
5650,de,en,0.9999969842031405,,en,True,False,automatic_detection,de_en_label_mismatch_retained
5658,de,en,0.9999975471070208,,en,True,False,automatic_detection,de_en_label_mismatch_retained
5688,de,en,0.9999966750640712,,en,True,False,automatic_detection,de_en_label_mismatch_retained
5690,de,en,0.9999960671171305,,en,True,False,automatic_detection,de_en_label_mismatch_retained
5691,de,en,0.9999967341620335,,en,True,False,automatic_detection,de_en_label_mismatch_retained
5703,de,en,0.9999976007756535,,en,True,False,automatic_detection,de_en_label_mismatch_retained
5710,de,en,0.9999970544146581,,en,True,False,automatic_detection,de_en_label_mismatch_retained
5720,de,en,0.857138830706258,,en,True,False,automatic_detection,de_en_label_mismatch_retained
5725,de,en,0.9999952207934725,,en,True,False,automatic_detection,de_en_label_mismatch_retained
5753,de,en,0.9999970542269352,,en,True,False,automatic_detection,de_en_label_mismatch_retained
5779,de,en,0.9999952849944975,,en,True,False,automatic_detection,de_en_label_mismatch_retained
5783,de,en,0.99999804860024,,en,True,False,automatic_detection,de_en_label_mismatch_retained
5784,de,en,0.999994945770971,,en,True,False,automatic_detection,de_en_label_mismatch_retained
5803,de,en,0.9999986871685351,,en,True,False,automatic_detection,de_en_label_mismatch_retained
5826,de,en,0.9999965046055387,,en,True,False,automatic_detection,de_en_label_mismatch_retained
5827,de,en,0.9999979307850818,,en,True,False,automatic_detection,de_en_label_mismatch_retained
5844,de,en,0.9999954523614412,,en,True,False,automatic_detection,de_en_label_mismatch_retained
5851,de,en,0.9999969320397217,,en,True,False,automatic_detection,de_en_label_mismatch_retained
5856,de,en,0.9999958125992432,,en,True,False,automatic_detection,de_en_label_mismatch_retained
5864,de,en,0.9999956026368755,,en,True,False,automatic_detection,de_en_label_mismatch_retained
5867,de,en,0.9999963706160693,,en,True,False,automatic_detection,de_en_label_mismatch_retained
5874,de,en,0.9999965858041775,,en,True,False,automatic_detection,de_en_label_mismatch_retained
5875,de,en,0.9999972615123257,,en,True,False,automatic_detection,de_en_label_mismatch_retained
5932,de,en,0.999997479214199,,en,True,False,automatic_detection,de_en_label_mismatch_retained
5938,de,en,0.9999952425730714,,en,True,False,automatic_detection,de_en_label_mismatch_retained
5967,de,en,0.9999955284114254,,en,True,False,automatic_detection,de_en_label_mismatch_retained
5973,de,en,0.999997373470664,,en,True,False,automatic_detection,de_en_label_mismatch_retained
5975,de,en,0.9999953549910039,,en,True,False,automatic_detection,de_en_label_mismatch_retained
5998,de,en,0.9999959647483971,,en,True,False,automatic_detection,de_en_label_mismatch_retained
6033,de,en,0.9999956779757163,,en,True,False,automatic_detection,de_en_label_mismatch_retained
6036,de,en,0.9999956058113749,,en,True,False,automatic_detection,de_en_label_mismatch_retained
6052,de,en,0.999997165095683,,en,True,False,automatic_detection,de_en_label_mismatch_retained
6062,de,en,0.999995588054536,,en,True,False,automatic_detection,de_en_label_mismatch_retained
6077,de,en,0.9999968470542089,,en,True,False,automatic_detection,de_en_label_mismatch_retained
6081,de,en,0.9999968970925174,,en,True,False,automatic_detection,de_en_label_mismatch_retained
6091,de,en,0.9999976003389235,,en,True,False,automatic_detection,de_en_label_mismatch_retained
6095,de,en,0.9999968101774459,,en,True,False,automatic_detection,de_en_label_mismatch_retained
6136,de,en,0.999995469722039,,en,True,False,automatic_detection,de_en_label_mismatch_retained
6144,de,en,0.9999972108539379,,en,True,False,automatic_detection,de_en_label_mismatch_retained
6157,de,en,0.9999962957837345,,en,True,False,automatic_detection,de_en_label_mismatch_retained
6163,de,en,0.9999963227425553,,en,True,False,automatic_detection,de_en_label_mismatch_retained
6183,de,en,0.9999961090798347,,en,True,False,automatic_detection,de_en_label_mismatch_retained
6185,de,en,0.9999965931754131,,en,True,False,automatic_detection,de_en_label_mismatch_retained
6190,de,en,0.9999954179146807,,en,True,False,automatic_detection,de_en_label_mismatch_retained
6191,de,en,0.9999981433925115,,en,True,False,automatic_detection,de_en_label_mismatch_retained
6196,de,en,0.9999965611096819,,en,True,False,automatic_detection,de_en_label_mismatch_retained
6197,de,en,0.9999973465044774,,en,True,False,automatic_detection,de_en_label_mismatch_retained
6212,de,en,0.9999958849254296,,en,True,False,automatic_detection,de_en_label_mismatch_retained
6224,de,en,0.9999962562754102,,en,True,False,automatic_detection,de_en_label_mismatch_retained
6227,de,en,0.9999964492554535,,en,True,False,automatic_detection,de_en_label_mismatch_retained
6243,de,en,0.9999954831386049,,en,True,False,automatic_detection,de_en_label_mismatch_retained
6250,de,en,0.9999977775266503,,en,True,False,automatic_detection,de_en_label_mismatch_retained
6256,de,en,0.9999964637439002,,en,True,False,automatic_detection,de_en_label_mismatch_retained
6263,de,en,0.9999968095204694,,en,True,False,automatic_detection,de_en_label_mismatch_retained
6267,de,en,0.9999967708460287,,en,True,False,automatic_detection,de_en_label_mismatch_retained
6272,de,en,0.9999962626502474,,en,True,False,automatic_detection,de_en_label_mismatch_retained
6293,de,en,0.9999966041382837,,en,True,False,automatic_detection,de_en_label_mismatch_retained
6319,de,en,0.9999958454354534,,en,True,False,automatic_detection,de_en_label_mismatch_retained
6324,de,en,0.9999962301927496,,en,True,False,automatic_detection,de_en_label_mismatch_retained
6327,de,en,0.9999986488022478,,en,True,False,automatic_detection,de_en_label_mismatch_retained
6329,de,en,0.8571390083904964,,en,True,False,automatic_detection,de_en_label_mismatch_retained
6342,de,en,0.9999957838026601,,en,True,False,automatic_detection,de_en_label_mismatch_retained
6361,de,en,0.9999958870884442,,en,True,False,automatic_detection,de_en_label_mismatch_retained
6366,de,en,0.9999968730997398,,en,True,False,automatic_detection,de_en_label_mismatch_retained
6372,de,en,0.9999977823414496,,en,True,False,automatic_detection,de_en_label_mismatch_retained
6378,de,en,0.9999973339100712,,en,True,False,automatic_detection,de_en_label_mismatch_retained
6426,de,en,0.9999962981767866,,en,True,False,automatic_detection,de_en_label_mismatch_retained
6427,de,en,0.9999962263617197,,en,True,False,automatic_detection,de_en_label_mismatch_retained
6439,de,en,0.9999974668890288,,en,True,False,automatic_detection,de_en_label_mismatch_retained
6478,de,en,0.9999978346788836,,en,True,False,automatic_detection,de_en_label_mismatch_retained
6487,de,en,0.9999972478437114,,en,True,False,automatic_detection,de_en_label_mismatch_retained
6489,de,en,0.9999966889194203,,en,True,False,automatic_detection,de_en_label_mismatch_retained
6492,de,en,0.9999974749093201,,en,True,False,automatic_detection,de_en_label_mismatch_retained
6502,de,en,0.9999974990443885,,en,True,False,automatic_detection,de_en_label_mismatch_retained
6517,de,en,0.9999966295676482,,en,True,False,automatic_detection,de_en_label_mismatch_retained
6519,de,en,0.999997839682312,,en,True,False,automatic_detection,de_en_label_mismatch_retained
6527,de,en,0.999996189319675,,en,True,False,automatic_detection,de_en_label_mismatch_retained
6536,de,en,0.9999945839293489,,en,True,False,automatic_detection,de_en_label_mismatch_retained
6552,de,en,0.9999961934110095,,en,True,False,automatic_detection,de_en_label_mismatch_retained
6560,de,en,0.9999970696555134,,en,True,False,automatic_detection,de_en_label_mismatch_retained
6563,en,en,0.5714273092838673,,en,False,False,declared_label_fallback_uncertain_detection,language_detection_uncertain
6574,de,en,0.9999962591226162,,en,True,False,automatic_detection,de_en_label_mismatch_retained
6577,de,en,0.9999968687452514,,en,True,False,automatic_detection,de_en_label_mismatch_retained
6591,de,en,0.9999980775936197,,en,True,False,automatic_detection,de_en_label_mismatch_retained
6632,de,en,0.9999948606008024,,en,True,False,automatic_detection,de_en_label_mismatch_retained
6637,de,en,0.9999974134220803,,en,True,False,automatic_detection,de_en_label_mismatch_retained
6647,de,en,0.9999946114529574,,en,True,False,automatic_detection,de_en_label_mismatch_retained
6701,de,en,0.9999972716130441,,en,True,False,automatic_detection,de_en_label_mismatch_retained
6722,de,en,0.9999975084298032,,en,True,False,automatic_detection,de_en_label_mismatch_retained
6739,de,en,0.9999957971593298,,en,True,False,automatic_detection,de_en_label_mismatch_retained
6744,de,en,0.9999975576522253,en,en,True,False,manual_review,target_language_confirmed_manually
6772,de,en,0.9999957731774038,,en,True,False,automatic_detection,de_en_label_mismatch_retained
6784,de,en,0.9999959568543519,,en,True,False,automatic_detection,de_en_label_mismatch_retained
6790,de,en,0.9999965429571077,,en,True,False,automatic_detection,de_en_label_mismatch_retained
6800,de,en,0.9999970075700029,,en,True,False,automatic_detection,de_en_label_mismatch_retained
6808,de,en,0.9999976557122864,,en,True,False,automatic_detection,de_en_label_mismatch_retained
6821,de,en,0.9999973258998717,,en,True,False,automatic_detection,de_en_label_mismatch_retained
6829,de,en,0.9999959044473941,,en,True,False,automatic_detection,de_en_label_mismatch_retained
6835,de,en,0.999996152418261,,en,True,False,automatic_detection,de_en_label_mismatch_retained
6843,de,en,0.9999979624102022,,en,True,False,automatic_detection,de_en_label_mismatch_retained
6854,de,en,0.999995855996555,,en,True,False,automatic_detection,de_en_label_mismatch_retained
6855,de,en,0.9999947006209697,,en,True,False,automatic_detection,de_en_label_mismatch_retained
6857,de,en,0.9999973819961474,,en,True,False,automatic_detection,de_en_label_mismatch_retained
6859,de,en,0.9999971455463316,,en,True,False,automatic_detection,de_en_label_mismatch_retained
6877,de,en,0.9999974367971738,,en,True,False,automatic_detection,de_en_label_mismatch_retained
6879,de,en,0.9999962196620846,,en,True,False,automatic_detection,de_en_label_mismatch_retained
6901,de,en,0.999997384883103,,en,True,False,automatic_detection,de_en_label_mismatch_retained
6904,de,en,0.9999971780484185,,en,True,False,automatic_detection,de_en_label_mismatch_retained
6916,de,en,0.999997184789339,,en,True,False,automatic_detection,de_en_label_mismatch_retained
6926,de,en,0.9999940418360198,,en,True,False,automatic_detection,de_en_label_mismatch_retained
6927,de,en,0.9999974058530647,,en,True,False,automatic_detection,de_en_label_mismatch_retained
6937,de,en,0.9999937476593632,,en,True,False,automatic_detection,de_en_label_mismatch_retained
6959,de,en,0.9999991231364153,,en,True,False,automatic_detection,de_en_label_mismatch_retained
6960,de,en,0.9999968448880907,,en,True,False,automatic_detection,de_en_label_mismatch_retained
6965,de,en,0.9999959449299894,,en,True,False,automatic_detection,de_en_label_mismatch_retained
6967,de,en,0.999997002533522,,en,True,False,automatic_detection,de_en_label_mismatch_retained
6981,de,en,0.9999951481717214,,en,True,False,automatic_detection,de_en_label_mismatch_retained
6982,de,en,0.9999977077597384,,en,True,False,automatic_detection,de_en_label_mismatch_retained
6997,de,en,0.999998015235227,,en,True,False,automatic_detection,de_en_label_mismatch_retained
7002,de,en,0.9999974426276392,,en,True,False,automatic_detection,de_en_label_mismatch_retained
7051,de,en,0.9999988017075805,,en,True,False,automatic_detection,de_en_label_mismatch_retained
7054,de,en,0.9999979965021177,,en,True,False,automatic_detection,de_en_label_mismatch_retained
7055,de,en,0.9999968496806817,,en,True,False,automatic_detection,de_en_label_mismatch_retained
7071,de,en,0.9999957530552424,,en,True,False,automatic_detection,de_en_label_mismatch_retained
7083,de,en,0.9999971489087478,,en,True,False,automatic_detection,de_en_label_mismatch_retained
7088,de,en,0.9999969783508393,,en,True,False,automatic_detection,de_en_label_mismatch_retained
7093,de,en,0.9999967788796607,,en,True,False,automatic_detection,de_en_label_mismatch_retained
7113,de,en,0.9999964159799357,,en,True,False,automatic_detection,de_en_label_mismatch_retained
7126,de,en,0.9999977258617583,,en,True,False,automatic_detection,de_en_label_mismatch_retained
7144,de,en,0.9999965788032854,,en,True,False,automatic_detection,de_en_label_mismatch_retained
7150,de,en,0.9999957244179367,,en,True,False,automatic_detection,de_en_label_mismatch_retained
7155,de,en,0.9999962199018547,,en,True,False,automatic_detection,de_en_label_mismatch_retained
7162,de,en,0.9999970168328409,,en,True,False,automatic_detection,de_en_label_mismatch_retained
7172,de,en,0.9999979497804369,,en,True,False,automatic_detection,de_en_label_mismatch_retained
7182,de,en,0.9999981441709815,,en,True,False,automatic_detection,de_en_label_mismatch_retained
7184,de,en,0.9999976674122824,,en,True,False,automatic_detection,de_en_label_mismatch_retained
7189,de,en,0.9999971467023978,,en,True,False,automatic_detection,de_en_label_mismatch_retained
7205,de,en,0.9999968624598782,,en,True,False,automatic_detection,de_en_label_mismatch_retained
7225,de,en,0.999996485203589,,en,True,False,automatic_detection,de_en_label_mismatch_retained
7237,de,en,0.9999953148591748,,en,True,False,automatic_detection,de_en_label_mismatch_retained
7249,de,en,0.9999976190800581,,en,True,False,automatic_detection,de_en_label_mismatch_retained
7251,de,en,0.999997908451526,,en,True,False,automatic_detection,de_en_label_mismatch_retained
7254,de,en,0.999999091458307,,en,True,False,automatic_detection,de_en_label_mismatch_retained
7265,de,en,0.9999982407580478,,en,True,False,automatic_detection,de_en_label_mismatch_retained
7274,de,en,0.9999975561086276,,en,True,False,automatic_detection,de_en_label_mismatch_retained
7278,de,en,0.9999943069486736,,en,True,False,automatic_detection,de_en_label_mismatch_retained
7302,de,en,0.9999965995819031,,en,True,False,automatic_detection,de_en_label_mismatch_retained
7305,de,en,0.9999979000575102,,en,True,False,automatic_detection,de_en_label_mismatch_retained
7318,de,en,0.9999961539125082,,en,True,False,automatic_detection,de_en_label_mismatch_retained
7321,de,en,0.9999958008728618,,en,True,False,automatic_detection,de_en_label_mismatch_retained
7354,de,en,0.9999954861354843,,en,True,False,automatic_detection,de_en_label_mismatch_retained
7445,de,en,0.9999964667018991,,en,True,False,automatic_detection,de_en_label_mismatch_retained
7476,de,en,0.9999969859920785,,en,True,False,automatic_detection,de_en_label_mismatch_retained
7488,de,en,0.9999970824451514,,en,True,False,automatic_detection,de_en_label_mismatch_retained
7497,de,en,0.9999958291995525,,en,True,False,automatic_detection,de_en_label_mismatch_retained
7499,de,en,0.9999958563877532,,en,True,False,automatic_detection,de_en_label_mismatch_retained
7506,de,en,0.9999950144371168,,en,True,False,automatic_detection,de_en_label_mismatch_retained
7519,de,en,0.9999981379540486,,en,True,False,automatic_detection,de_en_label_mismatch_retained
7521,de,en,0.99999699343148,,en,True,False,automatic_detection,de_en_label_mismatch_retained
7522,en,en,0.7142839036122213,,en,False,False,declared_label_fallback_uncertain_detection,language_detection_uncertain
7523,de,en,0.9999958826419687,,en,True,False,automatic_detection,de_en_label_mismatch_retained
7538,de,en,0.9999952360844122,,en,True,False,automatic_detection,de_en_label_mismatch_retained
7545,de,en,0.9999974470858044,,en,True,False,automatic_detection,de_en_label_mismatch_retained
7546,de,en,0.9999967598806394,,en,True,False,automatic_detection,de_en_label_mismatch_retained
7555,de,en,0.857139742220809,,en,True,False,automatic_detection,de_en_label_mismatch_retained
7577,de,en,0.9999956422833594,,en,True,False,automatic_detection,de_en_label_mismatch_retained
7579,de,en,0.9999970503735959,,en,True,False,automatic_detection,de_en_label_mismatch_retained
7591,de,en,0.9999955995002515,,en,True,False,automatic_detection,de_en_label_mismatch_retained
7599,de,en,0.9999963347992371,,en,True,False,automatic_detection,de_en_label_mismatch_retained
7614,de,en,0.999995589465039,,en,True,False,automatic_detection,de_en_label_mismatch_retained
7615,de,en,0.9999961578426912,,en,True,False,automatic_detection,de_en_label_mismatch_retained
7629,de,en,0.999994890325141,,en,True,False,automatic_detection,de_en_label_mismatch_retained
7655,de,en,0.9999964629365189,,en,True,False,automatic_detection,de_en_label_mismatch_retained
7669,de,en,0.9999967519337658,,en,True,False,automatic_detection,de_en_label_mismatch_retained
7670,de,en,0.9999957113271407,,en,True,False,automatic_detection,de_en_label_mismatch_retained
7673,de,en,0.9999956466970872,,en,True,False,automatic_detection,de_en_label_mismatch_retained
7718,de,en,0.9999960042891223,,en,True,False,automatic_detection,de_en_label_mismatch_retained
7736,de,en,0.9999961735184675,,en,True,False,automatic_detection,de_en_label_mismatch_retained
7749,de,en,0.9999947727530081,,en,True,False,automatic_detection,de_en_label_mismatch_retained
7775,de,en,0.9999975459094167,,en,True,False,automatic_detection,de_en_label_mismatch_retained
7783,de,en,0.9999971361964003,,en,True,False,automatic_detection,de_en_label_mismatch_retained
7789,de,en,0.9999950257653557,,en,True,False,automatic_detection,de_en_label_mismatch_retained
7798,de,en,0.9999956442891299,,en,True,False,automatic_detection,de_en_label_mismatch_retained
7820,de,en,0.9999981732052299,,en,True,False,automatic_detection,de_en_label_mismatch_retained
7827,de,en,0.9999974728869798,,en,True,False,automatic_detection,de_en_label_mismatch_retained
7831,de,en,0.9999977298235918,,en,True,False,automatic_detection,de_en_label_mismatch_retained
7839,de,en,0.9999961685248937,,en,True,False,automatic_detection,de_en_label_mismatch_retained
7845,de,en,0.9999962999810478,,en,True,False,automatic_detection,de_en_label_mismatch_retained
7846,de,en,0.9999968797279808,,en,True,False,automatic_detection,de_en_label_mismatch_retained
7847,de,en,0.999997874020027,,en,True,False,automatic_detection,de_en_label_mismatch_retained
7849,de,en,0.9999962473835569,,en,True,False,automatic_detection,de_en_label_mismatch_retained
7850,de,en,0.9999968390327035,,en,True,False,automatic_detection,de_en_label_mismatch_retained
7854,de,en,0.9999973029232098,,en,True,False,automatic_detection,de_en_label_mismatch_retained
7860,de,en,0.999996467897106,,en,True,False,automatic_detection,de_en_label_mismatch_retained
7871,de,en,0.9999958743508246,,en,True,False,automatic_detection,de_en_label_mismatch_retained
7873,de,en,0.9999945560777996,,en,True,False,automatic_detection,de_en_label_mismatch_retained
7883,de,en,0.9999964350391805,,en,True,False,automatic_detection,de_en_label_mismatch_retained
7886,de,en,0.9999954402800085,,en,True,False,automatic_detection,de_en_label_mismatch_retained
7898,de,en,0.9999962733217318,,en,True,False,automatic_detection,de_en_label_mismatch_retained
7902,de,en,0.9999939575390626,,en,True,False,automatic_detection,de_en_label_mismatch_retained
7909,de,en,0.999998318854745,,en,True,False,automatic_detection,de_en_label_mismatch_retained
7917,de,en,0.9999952938140364,,en,True,False,automatic_detection,de_en_label_mismatch_retained
7921,de,en,0.9999975304308053,,en,True,False,automatic_detection,de_en_label_mismatch_retained
7929,de,en,0.9999963776489272,,en,True,False,automatic_detection,de_en_label_mismatch_retained
7942,de,en,0.9999967191692157,,en,True,False,automatic_detection,de_en_label_mismatch_retained
7957,de,en,0.9999981423552844,,en,True,False,automatic_detection,de_en_label_mismatch_retained
7974,de,en,0.9999971153100561,,en,True,False,automatic_detection,de_en_label_mismatch_retained
7976,de,en,0.9999983396595707,,en,True,False,automatic_detection,de_en_label_mismatch_retained
7977,de,en,0.9999965023820129,,en,True,False,automatic_detection,de_en_label_mismatch_retained
7988,de,en,0.9999955207330675,,en,True,False,automatic_detection,de_en_label_mismatch_retained
7990,de,en,0.9999961130029223,,en,True,False,automatic_detection,de_en_label_mismatch_retained
7992,de,en,0.9999974058678902,,en,True,False,automatic_detection,de_en_label_mismatch_retained
8021,de,en,0.9999958674690544,,en,True,False,automatic_detection,de_en_label_mismatch_retained
8023,de,en,0.9999964942209745,,en,True,False,automatic_detection,de_en_label_mismatch_retained
8030,de,en,0.9999953278960201,,en,True,False,automatic_detection,de_en_label_mismatch_retained
8054,de,en,0.9999967487460124,,en,True,False,automatic_detection,de_en_label_mismatch_retained
8075,de,en,0.9999982773852599,,en,True,False,automatic_detection,de_en_label_mismatch_retained
8077,de,it,0.7142845750787092,,de,False,False,declared_label_fallback_uncertain_detection,language_detection_uncertain
8087,de,en,0.9999987523633835,,en,True,False,automatic_detection,de_en_label_mismatch_retained
8107,de,en,0.9999974450469518,,en,True,False,automatic_detection,de_en_label_mismatch_retained
8108,de,en,0.999995656762483,,en,True,False,automatic_detection,de_en_label_mismatch_retained
8109,de,en,0.9999978320349749,,en,True,False,automatic_detection,de_en_label_mismatch_retained
8110,de,en,0.9999967792825395,,en,True,False,automatic_detection,de_en_label_mismatch_retained
8159,de,en,0.9999968825553716,,en,True,False,automatic_detection,de_en_label_mismatch_retained
8161,de,en,0.9999949978587963,,en,True,False,automatic_detection,de_en_label_mismatch_retained
8162,de,en,0.9999957992279246,,en,True,False,automatic_detection,de_en_label_mismatch_retained
8163,de,en,0.9999957418343306,,en,True,False,automatic_detection,de_en_label_mismatch_retained
8197,de,en,0.999997264204433,,en,True,False,automatic_detection,de_en_label_mismatch_retained
8207,de,en,0.9999980411537961,,en,True,False,automatic_detection,de_en_label_mismatch_retained
8264,de,en,0.9999980470313062,,en,True,False,automatic_detection,de_en_label_mismatch_retained
8265,de,en,0.9999973433022087,,en,True,False,automatic_detection,de_en_label_mismatch_retained
8287,de,en,0.9999980541482394,,en,True,False,automatic_detection,de_en_label_mismatch_retained
8290,de,en,0.9999974610562176,,en,True,False,automatic_detection,de_en_label_mismatch_retained
8310,de,en,0.9999963588134911,,en,True,False,automatic_detection,de_en_label_mismatch_retained
8324,de,en,0.9999968365058335,,en,True,False,automatic_detection,de_en_label_mismatch_retained
8331,de,en,0.9999954546413531,,en,True,False,automatic_detection,de_en_label_mismatch_retained
8336,de,en,0.9999973977986947,,en,True,False,automatic_detection,de_en_label_mismatch_retained
8382,de,en,0.9999981389262778,,en,True,False,automatic_detection,de_en_label_mismatch_retained
8404,de,en,0.9999958005151411,,en,True,False,automatic_detection,de_en_label_mismatch_retained
8422,de,en,0.9999970807504447,,en,True,False,automatic_detection,de_en_label_mismatch_retained
8432,de,en,0.9999971956673912,,en,True,False,automatic_detection,de_en_label_mismatch_retained
8452,de,en,0.9999963968618546,,en,True,False,automatic_detection,de_en_label_mismatch_retained
8456,de,en,0.9999967477403691,,en,True,False,automatic_detection,de_en_label_mismatch_retained
8477,de,en,0.9999966432437895,,en,True,False,automatic_detection,de_en_label_mismatch_retained
8484,de,en,0.9999975053110698,,en,True,False,automatic_detection,de_en_label_mismatch_retained
8502,de,en,0.9999981189048581,,en,True,False,automatic_detection,de_en_label_mismatch_retained
8521,de,en,0.9999952302402113,,en,True,False,automatic_detection,de_en_label_mismatch_retained
8524,de,en,0.9999982570990132,,en,True,False,automatic_detection,de_en_label_mismatch_retained
8528,de,en,0.9999972926784964,,en,True,False,automatic_detection,de_en_label_mismatch_retained
8546,de,en,0.9999948781666883,,en,True,False,automatic_detection,de_en_label_mismatch_retained
8547,de,en,0.9999974605520603,,en,True,False,automatic_detection,de_en_label_mismatch_retained
8564,de,en,0.9999962743370341,,en,True,False,automatic_detection,de_en_label_mismatch_retained
8574,de,en,0.9999965553362811,,en,True,False,automatic_detection,de_en_label_mismatch_retained
8580,de,en,0.9999961852012105,,en,True,False,automatic_detection,de_en_label_mismatch_retained
8602,de,en,0.9999957986559529,,en,True,False,automatic_detection,de_en_label_mismatch_retained
8611,de,en,0.9999956083290222,,en,True,False,automatic_detection,de_en_label_mismatch_retained
8618,de,en,0.9999967118818747,,en,True,False,automatic_detection,de_en_label_mismatch_retained
8635,de,en,0.999995490744678,,en,True,False,automatic_detection,de_en_label_mismatch_retained
8638,de,en,0.9999969332709601,,en,True,False,automatic_detection,de_en_label_mismatch_retained
8659,de,en,0.9999955939513926,,en,True,False,automatic_detection,de_en_label_mismatch_retained
8665,de,en,0.9999977218967468,,en,True,False,automatic_detection,de_en_label_mismatch_retained
8685,de,en,0.9999934162150352,,en,True,False,automatic_detection,de_en_label_mismatch_retained
8716,de,en,0.9999983198723494,,en,True,False,automatic_detection,de_en_label_mismatch_retained
8720,de,en,0.9999965489428846,,en,True,False,automatic_detection,de_en_label_mismatch_retained
8724,de,en,0.9999959376797093,,en,True,False,automatic_detection,de_en_label_mismatch_retained
8728,de,en,0.9999955896669924,,en,True,False,automatic_detection,de_en_label_mismatch_retained
8729,de,en,0.9999964221398497,,en,True,False,automatic_detection,de_en_label_mismatch_retained
8752,de,en,0.9999962537467177,,en,True,False,automatic_detection,de_en_label_mismatch_retained
8760,de,en,0.9999960532965619,,en,True,False,automatic_detection,de_en_label_mismatch_retained
8762,de,en,0.9999952081763064,,en,True,False,automatic_detection,de_en_label_mismatch_retained
8766,de,en,0.7142829719388314,,de,False,False,declared_label_fallback_uncertain_detection,language_detection_uncertain
8783,de,en,0.9999961828442008,,en,True,False,automatic_detection,de_en_label_mismatch_retained
8793,de,en,0.9999956896700037,,en,True,False,automatic_detection,de_en_label_mismatch_retained
8794,de,en,0.9999955606096813,,en,True,False,automatic_detection,de_en_label_mismatch_retained
8806,de,en,0.9999964991872867,,en,True,False,automatic_detection,de_en_label_mismatch_retained
8815,de,en,0.9999959441497058,,en,True,False,automatic_detection,de_en_label_mismatch_retained
8822,de,en,0.999997792545342,,en,True,False,automatic_detection,de_en_label_mismatch_retained
8824,de,en,0.8571399322307426,,en,True,False,automatic_detection,de_en_label_mismatch_retained
8854,de,en,0.9999960149654734,,en,True,False,automatic_detection,de_en_label_mismatch_retained
8881,de,en,0.9999948181502158,,en,True,False,automatic_detection,de_en_label_mismatch_retained
8884,de,en,0.9999970002257066,,en,True,False,automatic_detection,de_en_label_mismatch_retained
8890,de,en,0.9999970229120332,,en,True,False,automatic_detection,de_en_label_mismatch_retained
8917,de,en,0.999994849972793,,en,True,False,automatic_detection,de_en_label_mismatch_retained
8924,de,en,0.9999961535073554,,en,True,False,automatic_detection,de_en_label_mismatch_retained
8928,de,en,0.9999948532486276,,en,True,False,automatic_detection,de_en_label_mismatch_retained
8942,de,en,0.9999958203589578,,en,True,False,automatic_detection,de_en_label_mismatch_retained
8948,de,en,0.9999957741435707,,en,True,False,automatic_detection,de_en_label_mismatch_retained
8959,de,en,0.99999708039895,,en,True,False,automatic_detection,de_en_label_mismatch_retained
8968,de,en,0.9999972822227908,,en,True,False,automatic_detection,de_en_label_mismatch_retained
8987,de,en,0.9999963056461476,,en,True,False,automatic_detection,de_en_label_mismatch_retained
8997,de,en,0.9999960853364576,,en,True,False,automatic_detection,de_en_label_mismatch_retained
9008,de,en,0.9999951890987888,,en,True,False,automatic_detection,de_en_label_mismatch_retained
9010,de,en,0.9999985572511803,,en,True,False,automatic_detection,de_en_label_mismatch_retained
9047,de,en,0.9999972908391834,,en,True,False,automatic_detection,de_en_label_mismatch_retained
9049,de,en,0.9999968522806312,,en,True,False,automatic_detection,de_en_label_mismatch_retained
9058,de,en,0.9999976623586162,,en,True,False,automatic_detection,de_en_label_mismatch_retained
9069,de,en,0.9999956324967573,,en,True,False,automatic_detection,de_en_label_mismatch_retained
9071,de,en,0.9999981604280095,,en,True,False,automatic_detection,de_en_label_mismatch_retained
9074,de,en,0.9999970437422727,,en,True,False,automatic_detection,de_en_label_mismatch_retained
9077,de,en,0.9999952207722853,,en,True,False,automatic_detection,de_en_label_mismatch_retained
9108,de,en,0.9999965100995931,,en,True,False,automatic_detection,de_en_label_mismatch_retained
9116,de,en,0.9999971205624885,,en,True,False,automatic_detection,de_en_label_mismatch_retained
9121,de,en,0.999997179167971,,en,True,False,automatic_detection,de_en_label_mismatch_retained
9142,de,en,0.9999958014566488,,en,True,False,automatic_detection,de_en_label_mismatch_retained
9164,de,en,0.9999979259021885,,en,True,False,automatic_detection,de_en_label_mismatch_retained
9169,de,en,0.9999980258959047,,en,True,False,automatic_detection,de_en_label_mismatch_retained
9192,de,en,0.9999961624764112,,en,True,False,automatic_detection,de_en_label_mismatch_retained
9206,de,en,0.9999948753417864,,en,True,False,automatic_detection,de_en_label_mismatch_retained
9216,de,en,0.999998051293177,,en,True,False,automatic_detection,de_en_label_mismatch_retained
9225,de,en,0.9999959909865526,,en,True,False,automatic_detection,de_en_label_mismatch_retained
9235,de,en,0.9999969942968225,,en,True,False,automatic_detection,de_en_label_mismatch_retained
9254,de,en,0.9999964776104604,,en,True,False,automatic_detection,de_en_label_mismatch_retained
9257,de,en,0.9999968732640514,,en,True,False,automatic_detection,de_en_label_mismatch_retained
9261,de,en,0.9999960818932851,,en,True,False,automatic_detection,de_en_label_mismatch_retained
9269,de,en,0.9999974783591221,,en,True,False,automatic_detection,de_en_label_mismatch_retained
9281,de,en,0.9999958608201118,,en,True,False,automatic_detection,de_en_label_mismatch_retained
9289,de,es,0.9999982371489985,es,de,False,True,excluded_non_target_language,non_target_language_confirmed_manually
9303,de,en,0.9999945912286952,,en,True,False,automatic_detection,de_en_label_mismatch_retained
9318,de,en,0.9999992199693458,,en,True,False,automatic_detection,de_en_label_mismatch_retained
9326,de,en,0.9999972288578892,,en,True,False,automatic_detection,de_en_label_mismatch_retained
9330,de,en,0.9999981604161394,,en,True,False,automatic_detection,de_en_label_mismatch_retained
9346,de,en,0.9999954481707132,,en,True,False,automatic_detection,de_en_label_mismatch_retained
9348,de,en,0.9999971099717927,,en,True,False,automatic_detection,de_en_label_mismatch_retained
9351,de,en,0.9999950522746067,,en,True,False,automatic_detection,de_en_label_mismatch_retained
9355,de,en,0.9999968995130509,,en,True,False,automatic_detection,de_en_label_mismatch_retained
9364,de,en,0.9999979587443704,,en,True,False,automatic_detection,de_en_label_mismatch_retained
9369,de,en,0.9999978871213504,,en,True,False,automatic_detection,de_en_label_mismatch_retained
9378,de,en,0.9999983984122677,,en,True,False,automatic_detection,de_en_label_mismatch_retained
9404,de,en,0.9999946709172802,,en,True,False,automatic_detection,de_en_label_mismatch_retained
9438,de,en,0.9999949802705674,,en,True,False,automatic_detection,de_en_label_mismatch_retained
9440,de,en,0.9999959703081809,,en,True,False,automatic_detection,de_en_label_mismatch_retained
9442,de,en,0.9999968131007624,,en,True,False,automatic_detection,de_en_label_mismatch_retained
9448,de,en,0.9999958447921939,,en,True,False,automatic_detection,de_en_label_mismatch_retained
9458,de,en,0.9999964158574205,,en,True,False,automatic_detection,de_en_label_mismatch_retained
9460,de,en,0.9999975294396842,,en,True,False,automatic_detection,de_en_label_mismatch_retained
9463,de,en,0.9999966338201279,,en,True,False,automatic_detection,de_en_label_mismatch_retained
9469,de,de,0.7142844310039599,de,de,False,False,manual_review,target_language_confirmed_manually
9481,de,en,0.9999961628763598,,en,True,False,automatic_detection,de_en_label_mismatch_retained
9482,de,en,0.9999961142528214,,en,True,False,automatic_detection,de_en_label_mismatch_retained
9496,de,en,0.9999962695100225,,en,True,False,automatic_detection,de_en_label_mismatch_retained
9501,de,en,0.9999983766231866,,en,True,False,automatic_detection,de_en_label_mismatch_retained
9505,de,en,0.9999937036197994,,en,True,False,automatic_detection,de_en_label_mismatch_retained
9508,de,en,0.9999991704563839,,en,True,False,automatic_detection,de_en_label_mismatch_retained
9511,de,en,0.999997982853244,,en,True,False,automatic_detection,de_en_label_mismatch_retained
9514,de,en,0.9999973434408274,,en,True,False,automatic_detection,de_en_label_mismatch_retained
9518,de,en,0.9999978937203133,,en,True,False,automatic_detection,de_en_label_mismatch_retained
9529,de,en,0.9999963164900305,,en,True,False,automatic_detection,de_en_label_mismatch_retained
9543,de,en,0.9999965695397611,,en,True,False,automatic_detection,de_en_label_mismatch_retained
9547,de,en,0.9999968005499233,,en,True,False,automatic_detection,de_en_label_mismatch_retained
9548,de,en,0.9999944380065618,,en,True,False,automatic_detection,de_en_label_mismatch_retained
9565,de,en,0.999996759830666,,en,True,False,automatic_detection,de_en_label_mismatch_retained
9575,de,en,0.9999984645991373,,en,True,False,automatic_detection,de_en_label_mismatch_retained
9584,de,en,0.9999952781472431,,en,True,False,automatic_detection,de_en_label_mismatch_retained
9594,de,en,0.9999965457687485,,en,True,False,automatic_detection,de_en_label_mismatch_retained
9602,de,en,0.9999977714683903,,en,True,False,automatic_detection,de_en_label_mismatch_retained
9626,de,en,0.9999960018498802,,en,True,False,automatic_detection,de_en_label_mismatch_retained
9628,de,en,0.9999967509649332,,en,True,False,automatic_detection,de_en_label_mismatch_retained
9632,de,en,0.9999988901422896,,en,True,False,automatic_detection,de_en_label_mismatch_retained
9643,de,en,0.9999970806428018,,en,True,False,automatic_detection,de_en_label_mismatch_retained
9646,de,en,0.9999955987862088,,en,True,False,automatic_detection,de_en_label_mismatch_retained
9655,de,en,0.9999976722640559,,en,True,False,automatic_detection,de_en_label_mismatch_retained
9656,de,en,0.9999967025644448,,en,True,False,automatic_detection,de_en_label_mismatch_retained
9688,de,en,0.9999960917591229,,en,True,False,automatic_detection,de_en_label_mismatch_retained
9689,de,en,0.9999958340387002,,en,True,False,automatic_detection,de_en_label_mismatch_retained
9690,de,en,0.99999659531147,,en,True,False,automatic_detection,de_en_label_mismatch_retained
9703,de,en,0.9999970479473271,,en,True,False,automatic_detection,de_en_label_mismatch_retained
9706,de,en,0.999996130967278,,en,True,False,automatic_detection,de_en_label_mismatch_retained
9725,de,en,0.999997080555548,,en,True,False,automatic_detection,de_en_label_mismatch_retained
9733,de,en,0.9999964874402493,,en,True,False,automatic_detection,de_en_label_mismatch_retained
9747,de,en,0.9999973713195422,,en,True,False,automatic_detection,de_en_label_mismatch_retained
9751,de,en,0.9999975986665219,,en,True,False,automatic_detection,de_en_label_mismatch_retained
9758,de,en,0.999995635011938,,en,True,False,automatic_detection,de_en_label_mismatch_retained
9772,de,en,0.9999958732667374,,en,True,False,automatic_detection,de_en_label_mismatch_retained
9794,de,en,0.9999958089648102,,en,True,False,automatic_detection,de_en_label_mismatch_retained
9796,de,en,0.9999963479297801,,en,True,False,automatic_detection,de_en_label_mismatch_retained
9817,de,en,0.9999984447244599,,en,True,False,automatic_detection,de_en_label_mismatch_retained
9823,de,en,0.9999977007722376,,en,True,False,automatic_detection,de_en_label_mismatch_retained
9830,de,en,0.9999959948677817,,en,True,False,automatic_detection,de_en_label_mismatch_retained
9839,de,en,0.9999954597700119,,en,True,False,automatic_detection,de_en_label_mismatch_retained
9847,de,en,0.9999985021702527,,en,True,False,automatic_detection,de_en_label_mismatch_retained
9853,de,en,0.9999960168256464,,en,True,False,automatic_detection,de_en_label_mismatch_retained
9855,de,en,0.9999971561246992,,en,True,False,automatic_detection,de_en_label_mismatch_retained
9857,de,en,0.999996806120351,,en,True,False,automatic_detection,de_en_label_mismatch_retained
9868,de,en,0.9999958155422825,,en,True,False,automatic_detection,de_en_label_mismatch_retained
9878,de,en,0.9999969308790224,,en,True,False,automatic_detection,de_en_label_mismatch_retained
9894,de,en,0.9999973172054253,,en,True,False,automatic_detection,de_en_label_mismatch_retained
9899,de,de,0.4645389106081329,,de,False,False,declared_label_fallback_uncertain_detection,language_detection_uncertain
9900,de,en,0.9999961835175727,,en,True,False,automatic_detection,de_en_label_mismatch_retained
9909,de,en,0.999996043613553,,en,True,False,automatic_detection,de_en_label_mismatch_retained
9910,de,en,0.9999968034382734,,en,True,False,automatic_detection,de_en_label_mismatch_retained
9913,de,en,0.9999953742419423,,en,True,False,automatic_detection,de_en_label_mismatch_retained
9928,de,en,0.9999952072215168,,en,True,False,automatic_detection,de_en_label_mismatch_retained
9947,de,en,0.9999970475458164,,en,True,False,automatic_detection,de_en_label_mismatch_retained
9948,de,en,0.9999951098950368,,en,True,False,automatic_detection,de_en_label_mismatch_retained
9953,de,en,0.9999961121158534,,en,True,False,automatic_detection,de_en_label_mismatch_retained
9969,de,en,0.9999980770330126,,en,True,False,automatic_detection,de_en_label_mismatch_retained
9973,de,en,0.999996177163,,en,True,False,automatic_detection,de_en_label_mismatch_retained
10001,de,en,0.9999950808464881,,en,True,False,automatic_detection,de_en_label_mismatch_retained
10002,de,en,0.9999950040468683,,en,True,False,automatic_detection,de_en_label_mismatch_retained
10007,de,en,0.9999966798899456,,en,True,False,automatic_detection,de_en_label_mismatch_retained
10011,de,en,0.9999938312658376,,en,True,False,automatic_detection,de_en_label_mismatch_retained
10024,de,en,0.9999962819072116,,en,True,False,automatic_detection,de_en_label_mismatch_retained
10050,de,en,0.9999949348436232,,en,True,False,automatic_detection,de_en_label_mismatch_retained
10064,de,en,0.9999977029102605,,en,True,False,automatic_detection,de_en_label_mismatch_retained
10072,de,en,0.9999980810275241,,en,True,False,automatic_detection,de_en_label_mismatch_retained
10086,de,en,0.9999952419796819,,en,True,False,automatic_detection,de_en_label_mismatch_retained
10092,de,en,0.9999981557748665,,en,True,False,automatic_detection,de_en_label_mismatch_retained
10096,de,en,0.9999964863186416,,en,True,False,automatic_detection,de_en_label_mismatch_retained
10102,de,en,0.9999978683383298,,en,True,False,automatic_detection,de_en_label_mismatch_retained
10106,de,en,0.9999971590513972,,en,True,False,automatic_detection,de_en_label_mismatch_retained
10116,de,en,0.9999965340923241,,en,True,False,automatic_detection,de_en_label_mismatch_retained
10119,de,en,0.9999940829350962,,en,True,False,automatic_detection,de_en_label_mismatch_retained
10133,de,en,0.9999974678797041,,en,True,False,automatic_detection,de_en_label_mismatch_retained
10136,de,en,0.9999964715722258,,en,True,False,automatic_detection,de_en_label_mismatch_retained
10137,de,en,0.9999986156035083,,en,True,False,automatic_detection,de_en_label_mismatch_retained
10152,de,en,0.999995613463599,,en,True,False,automatic_detection,de_en_label_mismatch_retained
10154,de,en,0.9999971194837743,,en,True,False,automatic_detection,de_en_label_mismatch_retained
10159,en,en,0.5714269836637489,,en,False,False,declared_label_fallback_uncertain_detection,language_detection_uncertain
10160,en,ca,0.5714279931733778,,en,False,False,declared_label_fallback_uncertain_detection,language_detection_uncertain
10170,de,en,0.9999970456974414,,en,True,False,automatic_detection,de_en_label_mismatch_retained
10197,de,en,0.999997163404093,,en,True,False,automatic_detection,de_en_label_mismatch_retained
10200,de,en,0.9999972096210634,,en,True,False,automatic_detection,de_en_label_mismatch_retained
10202,de,en,0.9999957479949908,,en,True,False,automatic_detection,de_en_label_mismatch_retained
10219,de,en,0.9999954205048949,,en,True,False,automatic_detection,de_en_label_mismatch_retained
10225,de,en,0.9999947866188348,,en,True,False,automatic_detection,de_en_label_mismatch_retained
10230,de,en,0.999997397411395,,en,True,False,automatic_detection,de_en_label_mismatch_retained
10268,de,en,0.9999945535730115,,en,True,False,automatic_detection,de_en_label_mismatch_retained
10270,de,en,0.9999965959325803,,en,True,False,automatic_detection,de_en_label_mismatch_retained
10279,de,en,0.9999978101913302,,en,True,False,automatic_detection,de_en_label_mismatch_retained
10291,de,en,0.9999967850101058,,en,True,False,automatic_detection,de_en_label_mismatch_retained
10293,de,en,0.9999964889856016,,en,True,False,automatic_detection,de_en_label_mismatch_retained
10298,de,en,0.9999968905222157,,en,True,False,automatic_detection,de_en_label_mismatch_retained
10320,de,en,0.9999961109948479,,en,True,False,automatic_detection,de_en_label_mismatch_retained
10323,de,en,0.9999953938550983,,en,True,False,automatic_detection,de_en_label_mismatch_retained
10326,de,en,0.99999489291773,,en,True,False,automatic_detection,de_en_label_mismatch_retained
10339,de,en,0.9999956613597526,,en,True,False,automatic_detection,de_en_label_mismatch_retained
10357,de,en,0.9999977965297356,,en,True,False,automatic_detection,de_en_label_mismatch_retained
10363,de,en,0.9999962228555883,,en,True,False,automatic_detection,de_en_label_mismatch_retained
10370,de,en,0.9999976898744392,,en,True,False,automatic_detection,de_en_label_mismatch_retained
10395,de,en,0.9999960858400163,,en,True,False,automatic_detection,de_en_label_mismatch_retained
10396,de,en,0.9999961481791872,,en,True,False,automatic_detection,de_en_label_mismatch_retained
10399,de,en,0.9999949493756957,,en,True,False,automatic_detection,de_en_label_mismatch_retained
10401,de,en,0.9999938466655692,,en,True,False,automatic_detection,de_en_label_mismatch_retained
10419,de,en,0.9999960974669666,,en,True,False,automatic_detection,de_en_label_mismatch_retained
10423,de,en,0.9999964716126604,,en,True,False,automatic_detection,de_en_label_mismatch_retained
10440,de,en,0.9999967273689443,en,en,True,False,manual_review,target_language_confirmed_manually
10454,de,en,0.9999958294524866,,en,True,False,automatic_detection,de_en_label_mismatch_retained
10456,de,en,0.9999965058724825,,en,True,False,automatic_detection,de_en_label_mismatch_retained
10464,de,en,0.9999979318750863,,en,True,False,automatic_detection,de_en_label_mismatch_retained
10468,de,en,0.999996753856302,en,en,True,False,manual_review,target_language_confirmed_manually
10482,de,en,0.9999968488876791,,en,True,False,automatic_detection,de_en_label_mismatch_retained
10488,de,en,0.9999956215543582,,en,True,False,automatic_detection,de_en_label_mismatch_retained
10489,de,en,0.9999979066965379,,en,True,False,automatic_detection,de_en_label_mismatch_retained
10495,de,en,0.9999936058256764,,en,True,False,automatic_detection,de_en_label_mismatch_retained
10498,de,en,0.9999980385343132,,en,True,False,automatic_detection,de_en_label_mismatch_retained
10500,de,en,0.9999965486375367,,en,True,False,automatic_detection,de_en_label_mismatch_retained
10520,de,en,0.9999956279906841,,en,True,False,automatic_detection,de_en_label_mismatch_retained
10521,de,en,0.99999785847437,,en,True,False,automatic_detection,de_en_label_mismatch_retained
10527,de,en,0.9999968448921625,,en,True,False,automatic_detection,de_en_label_mismatch_retained
10532,de,en,0.9999955815798922,,en,True,False,automatic_detection,de_en_label_mismatch_retained
10552,de,en,0.9999974887987582,,en,True,False,automatic_detection,de_en_label_mismatch_retained
10557,de,en,0.9999958772123387,,en,True,False,automatic_detection,de_en_label_mismatch_retained
10564,de,en,0.9999959432581493,,en,True,False,automatic_detection,de_en_label_mismatch_retained
10569,de,en,0.9999973233623287,,en,True,False,automatic_detection,de_en_label_mismatch_retained
10582,de,en,0.9999962186593578,,en,True,False,automatic_detection,de_en_label_mismatch_retained
10584,de,en,0.9999960633525613,,en,True,False,automatic_detection,de_en_label_mismatch_retained
10586,de,en,0.9999978475495749,,en,True,False,automatic_detection,de_en_label_mismatch_retained
10592,de,en,0.9999960725550255,,en,True,False,automatic_detection,de_en_label_mismatch_retained
10598,de,en,0.9999969324500237,,en,True,False,automatic_detection,de_en_label_mismatch_retained
10604,de,en,0.9999968077473358,,en,True,False,automatic_detection,de_en_label_mismatch_retained
10608,de,en,0.9999969151487424,,en,True,False,automatic_detection,de_en_label_mismatch_retained
10626,de,en,0.9999974206666037,,en,True,False,automatic_detection,de_en_label_mismatch_retained
10627,de,en,0.9999979595759327,,en,True,False,automatic_detection,de_en_label_mismatch_retained
10655,de,en,0.9999997401190414,,en,True,False,automatic_detection,de_en_label_mismatch_retained
10658,de,en,0.9999981152250152,,en,True,False,automatic_detection,de_en_label_mismatch_retained
10668,de,en,0.999996888600098,,en,True,False,automatic_detection,de_en_label_mismatch_retained
10676,de,en,0.9999963532614305,,en,True,False,automatic_detection,de_en_label_mismatch_retained
10680,de,en,0.9999935548601053,,en,True,False,automatic_detection,de_en_label_mismatch_retained
10688,de,en,0.9999973387860197,,en,True,False,automatic_detection,de_en_label_mismatch_retained
10697,de,en,0.9999978256010855,,en,True,False,automatic_detection,de_en_label_mismatch_retained
10703,de,en,0.9999978857505387,,en,True,False,automatic_detection,de_en_label_mismatch_retained
10708,de,en,0.9999969793465149,,en,True,False,automatic_detection,de_en_label_mismatch_retained
10724,de,en,0.9999957369149186,,en,True,False,automatic_detection,de_en_label_mismatch_retained
10756,de,en,0.9999984559128373,,en,True,False,automatic_detection,de_en_label_mismatch_retained
10772,de,en,0.9999973250995666,,en,True,False,automatic_detection,de_en_label_mismatch_retained
10784,de,en,0.9999958073513922,,en,True,False,automatic_detection,de_en_label_mismatch_retained
10785,de,en,0.9999969636916779,,en,True,False,automatic_detection,de_en_label_mismatch_retained
10788,de,fr,0.9999966634368638,fr,de,False,True,excluded_non_target_language,non_target_language_confirmed_manually
10807,de,en,0.9999971755125809,,en,True,False,automatic_detection,de_en_label_mismatch_retained
10810,de,en,0.9999979054179451,,en,True,False,automatic_detection,de_en_label_mismatch_retained
10817,de,en,0.9999974809832811,,en,True,False,automatic_detection,de_en_label_mismatch_retained
10820,de,en,0.9999959736855915,,en,True,False,automatic_detection,de_en_label_mismatch_retained
10825,de,en,0.9999975616795597,,en,True,False,automatic_detection,de_en_label_mismatch_retained
10833,de,en,0.999996998505623,,en,True,False,automatic_detection,de_en_label_mismatch_retained
10854,de,en,0.9999964246702879,,en,True,False,automatic_detection,de_en_label_mismatch_retained
10866,de,en,0.9999985642657903,,en,True,False,automatic_detection,de_en_label_mismatch_retained
10877,de,en,0.9999955123971916,,en,True,False,automatic_detection,de_en_label_mismatch_retained
10881,de,en,0.9999971338608248,,en,True,False,automatic_detection,de_en_label_mismatch_retained
10885,de,en,0.9999958055662789,,en,True,False,automatic_detection,de_en_label_mismatch_retained
10916,de,en,0.9999977290442246,,en,True,False,automatic_detection,de_en_label_mismatch_retained
10945,de,en,0.9999943960093534,,en,True,False,automatic_detection,de_en_label_mismatch_retained
10960,de,en,0.9999953891464076,,en,True,False,automatic_detection,de_en_label_mismatch_retained
10978,de,en,0.9999959570999823,,en,True,False,automatic_detection,de_en_label_mismatch_retained
10980,de,en,0.99999792352012,,en,True,False,automatic_detection,de_en_label_mismatch_retained
10997,de,en,0.999996772225194,en,en,True,False,manual_review,target_language_confirmed_manually
11002,de,en,0.9999953704329573,,en,True,False,automatic_detection,de_en_label_mismatch_retained
11025,de,en,0.9999978990110241,,en,True,False,automatic_detection,de_en_label_mismatch_retained
11034,de,en,0.9999971667030361,,en,True,False,automatic_detection,de_en_label_mismatch_retained
11036,de,en,0.9999946323582549,,en,True,False,automatic_detection,de_en_label_mismatch_retained
11037,de,en,0.9999961101617774,,en,True,False,automatic_detection,de_en_label_mismatch_retained
11042,de,en,0.9999988119842398,,en,True,False,automatic_detection,de_en_label_mismatch_retained
11045,de,en,0.9999953489973005,,en,True,False,automatic_detection,de_en_label_mismatch_retained
11053,de,en,0.9999967709043197,,en,True,False,automatic_detection,de_en_label_mismatch_retained
11054,de,en,0.9999956440088928,,en,True,False,automatic_detection,de_en_label_mismatch_retained
11056,de,en,0.9999962601986792,,en,True,False,automatic_detection,de_en_label_mismatch_retained
11075,de,en,0.9999956690021152,,en,True,False,automatic_detection,de_en_label_mismatch_retained
11076,de,en,0.99999415778996,,en,True,False,automatic_detection,de_en_label_mismatch_retained
11088,de,en,0.9999969202721948,,en,True,False,automatic_detection,de_en_label_mismatch_retained
11092,de,en,0.9999948794981397,,en,True,False,automatic_detection,de_en_label_mismatch_retained
11095,de,en,0.9999984005035789,,en,True,False,automatic_detection,de_en_label_mismatch_retained
11097,de,en,0.9999970176029798,,en,True,False,automatic_detection,de_en_label_mismatch_retained
11104,de,en,0.9999970621781586,,en,True,False,automatic_detection,de_en_label_mismatch_retained
11118,de,en,0.9999976649731802,,en,True,False,automatic_detection,de_en_label_mismatch_retained
11119,de,en,0.9999962138246427,,en,True,False,automatic_detection,de_en_label_mismatch_retained
11120,de,en,0.99999660485574,,en,True,False,automatic_detection,de_en_label_mismatch_retained
11125,de,en,0.9999975249832413,,en,True,False,automatic_detection,de_en_label_mismatch_retained
11130,de,en,0.9999962053735044,,en,True,False,automatic_detection,de_en_label_mismatch_retained
11135,de,en,0.9999962764142166,,en,True,False,automatic_detection,de_en_label_mismatch_retained
11136,de,en,0.9999975665568521,,en,True,False,automatic_detection,de_en_label_mismatch_retained
11138,de,en,0.9999948932244471,,en,True,False,automatic_detection,de_en_label_mismatch_retained
11166,de,en,0.9999975851902907,,en,True,False,automatic_detection,de_en_label_mismatch_retained
11172,de,en,0.9999969661147788,,en,True,False,automatic_detection,de_en_label_mismatch_retained
11203,de,en,0.9999958229700385,,en,True,False,automatic_detection,de_en_label_mismatch_retained
11206,de,en,0.9999961727347413,,en,True,False,automatic_detection,de_en_label_mismatch_retained
11211,de,en,0.9999965061394672,,en,True,False,automatic_detection,de_en_label_mismatch_retained
11212,de,en,0.8571388500329794,en,en,True,False,manual_review,target_language_confirmed_manually
11216,de,en,0.9999976959444463,,en,True,False,automatic_detection,de_en_label_mismatch_retained
11218,de,en,0.9999968601067992,,en,True,False,automatic_detection,de_en_label_mismatch_retained
11233,de,en,0.9999986699268928,,en,True,False,automatic_detection,de_en_label_mismatch_retained
11243,de,en,0.9999968131998881,,en,True,False,automatic_detection,de_en_label_mismatch_retained
11249,de,en,0.999996473899188,,en,True,False,automatic_detection,de_en_label_mismatch_retained
11256,de,en,0.9999962951165322,,en,True,False,automatic_detection,de_en_label_mismatch_retained
11257,de,en,0.9999944562142538,,en,True,False,automatic_detection,de_en_label_mismatch_retained
11258,de,en,0.9999964189782047,,en,True,False,automatic_detection,de_en_label_mismatch_retained
11289,de,en,0.9999983884138447,,en,True,False,automatic_detection,de_en_label_mismatch_retained
11294,de,en,0.9999959573601123,,en,True,False,automatic_detection,de_en_label_mismatch_retained
11295,de,es,0.999992723786132,,de,False,True,excluded_non_target_language,non_target_language_detected_automatically
11301,de,en,0.9999990642868805,,en,True,False,automatic_detection,de_en_label_mismatch_retained
11303,de,en,0.9999974245548843,,en,True,False,automatic_detection,de_en_label_mismatch_retained
11309,de,en,0.999997688011828,,en,True,False,automatic_detection,de_en_label_mismatch_retained
11310,de,en,0.9999953509793963,,en,True,False,automatic_detection,de_en_label_mismatch_retained
11312,de,en,0.999994717004902,,en,True,False,automatic_detection,de_en_label_mismatch_retained
11316,de,en,0.9999975103360532,,en,True,False,automatic_detection,de_en_label_mismatch_retained
11322,de,en,0.9999970249677302,,en,True,False,automatic_detection,de_en_label_mismatch_retained
11329,de,en,0.999997369226569,,en,True,False,automatic_detection,de_en_label_mismatch_retained
11342,de,en,0.9999955134909216,,en,True,False,automatic_detection,de_en_label_mismatch_retained
11346,de,en,0.9999941046909576,,en,True,False,automatic_detection,de_en_label_mismatch_retained
11351,de,en,0.9999982940055434,en,en,True,False,manual_review,target_language_confirmed_manually
11359,de,en,0.999997950485029,,en,True,False,automatic_detection,de_en_label_mismatch_retained
11373,de,en,0.9999932226463296,,en,True,False,automatic_detection,de_en_label_mismatch_retained
11381,de,en,0.9999964971328121,,en,True,False,automatic_detection,de_en_label_mismatch_retained
11384,de,en,0.9999983036792983,,en,True,False,automatic_detection,de_en_label_mismatch_retained
11400,de,en,0.9999982065788526,,en,True,False,automatic_detection,de_en_label_mismatch_retained
11401,de,en,0.9999978561948109,,en,True,False,automatic_detection,de_en_label_mismatch_retained
11405,de,en,0.9999985622901058,,en,True,False,automatic_detection,de_en_label_mismatch_retained
11406,de,en,0.9999983672396043,,en,True,False,automatic_detection,de_en_label_mismatch_retained
11418,de,en,0.9999977367714543,,en,True,False,automatic_detection,de_en_label_mismatch_retained
11441,de,en,0.9999971047704639,,en,True,False,automatic_detection,de_en_label_mismatch_retained
11459,de,en,0.9999967466775588,,en,True,False,automatic_detection,de_en_label_mismatch_retained
11462,de,en,0.9999979000641868,,en,True,False,automatic_detection,de_en_label_mismatch_retained
11464,de,en,0.9999973386904365,,en,True,False,automatic_detection,de_en_label_mismatch_retained
11465,de,en,0.9999960553870526,,en,True,False,automatic_detection,de_en_label_mismatch_retained
11466,de,en,0.9999976517805208,,en,True,False,automatic_detection,de_en_label_mismatch_retained
11467,de,en,0.9999960333263921,,en,True,False,automatic_detection,de_en_label_mismatch_retained
11468,de,en,0.999997348309937,,en,True,False,automatic_detection,de_en_label_mismatch_retained
11471,de,en,0.9999963193463262,,en,True,False,automatic_detection,de_en_label_mismatch_retained
11485,de,en,0.9999980722834796,,en,True,False,automatic_detection,de_en_label_mismatch_retained
11487,de,en,0.9999961891251998,,en,True,False,automatic_detection,de_en_label_mismatch_retained
11488,de,en,0.9999975985996667,,en,True,False,automatic_detection,de_en_label_mismatch_retained
11498,de,en,0.9999966132663333,,en,True,False,automatic_detection,de_en_label_mismatch_retained
11506,de,en,0.9999967293359974,,en,True,False,automatic_detection,de_en_label_mismatch_retained
11521,de,en,0.9999966137818981,,en,True,False,automatic_detection,de_en_label_mismatch_retained
11528,de,en,0.9999960130534038,,en,True,False,automatic_detection,de_en_label_mismatch_retained
11531,de,en,0.9999968415222783,,en,True,False,automatic_detection,de_en_label_mismatch_retained
11537,de,en,0.9999958869208743,,en,True,False,automatic_detection,de_en_label_mismatch_retained
11539,de,en,0.9999962657594109,,en,True,False,automatic_detection,de_en_label_mismatch_retained
11540,de,en,0.9999978603523876,,en,True,False,automatic_detection,de_en_label_mismatch_retained
11545,de,en,0.9999960284522044,,en,True,False,automatic_detection,de_en_label_mismatch_retained
11555,de,en,0.9999962509613751,,en,True,False,automatic_detection,de_en_label_mismatch_retained
11557,de,en,0.9999956297300778,,en,True,False,automatic_detection,de_en_label_mismatch_retained
11559,de,en,0.9999968437083435,,en,True,False,automatic_detection,de_en_label_mismatch_retained
11582,de,en,0.9999974417102118,,en,True,False,automatic_detection,de_en_label_mismatch_retained
11621,de,en,0.9999991450297432,,en,True,False,automatic_detection,de_en_label_mismatch_retained
11626,de,en,0.9999943638231679,,en,True,False,automatic_detection,de_en_label_mismatch_retained
11640,de,en,0.9999950941443021,,en,True,False,automatic_detection,de_en_label_mismatch_retained
11643,de,en,0.9999985724569066,,en,True,False,automatic_detection,de_en_label_mismatch_retained
11661,de,en,0.9999971282789086,,en,True,False,automatic_detection,de_en_label_mismatch_retained
11662,de,en,0.9999960310918298,,en,True,False,automatic_detection,de_en_label_mismatch_retained
11696,de,en,0.9999984502277536,,en,True,False,automatic_detection,de_en_label_mismatch_retained
11714,de,en,0.9999979009462879,,en,True,False,automatic_detection,de_en_label_mismatch_retained
11722,de,en,0.9999977444756032,,en,True,False,automatic_detection,de_en_label_mismatch_retained
11775,de,en,0.9999973419858508,,en,True,False,automatic_detection,de_en_label_mismatch_retained
11776,de,en,0.9999972861610231,,en,True,False,automatic_detection,de_en_label_mismatch_retained
11777,de,en,0.9999938531102377,,en,True,False,automatic_detection,de_en_label_mismatch_retained
11779,de,en,0.9999961883042865,,en,True,False,automatic_detection,de_en_label_mismatch_retained
11792,de,en,0.999995267864697,,en,True,False,automatic_detection,de_en_label_mismatch_retained
11801,de,en,0.9999969965527054,,en,True,False,automatic_detection,de_en_label_mismatch_retained
11806,de,en,0.9999956091926245,,en,True,False,automatic_detection,de_en_label_mismatch_retained
11815,de,en,0.9999979997419957,,en,True,False,automatic_detection,de_en_label_mismatch_retained
11816,de,en,0.9999971509784659,,en,True,False,automatic_detection,de_en_label_mismatch_retained
11836,de,en,0.9999961590740236,,en,True,False,automatic_detection,de_en_label_mismatch_retained
11839,de,en,0.9999980084386864,,en,True,False,automatic_detection,de_en_label_mismatch_retained
11840,de,en,0.9999963979261375,,en,True,False,automatic_detection,de_en_label_mismatch_retained
11850,de,en,0.999997888769639,,en,True,False,automatic_detection,de_en_label_mismatch_retained
11861,de,en,0.9999953551828761,,en,True,False,automatic_detection,de_en_label_mismatch_retained
11863,de,en,0.9999975808597892,,en,True,False,automatic_detection,de_en_label_mismatch_retained
11864,de,en,0.9999984170207804,,en,True,False,automatic_detection,de_en_label_mismatch_retained
11865,en,en,0.5714266625967845,en,en,False,False,manual_review,target_language_confirmed_manually
11882,de,en,0.9999979605343746,,en,True,False,automatic_detection,de_en_label_mismatch_retained
11910,de,da,0.5714277734661407,,de,False,False,declared_label_fallback_uncertain_detection,language_detection_uncertain
11911,de,en,0.9999962308057201,,en,True,False,automatic_detection,de_en_label_mismatch_retained
11918,de,en,0.9999955350053927,,en,True,False,automatic_detection,de_en_label_mismatch_retained
11923,de,en,0.9999952193000317,,en,True,False,automatic_detection,de_en_label_mismatch_retained
11927,de,en,0.9999972770964619,,en,True,False,automatic_detection,de_en_label_mismatch_retained
11931,de,en,0.9999970590018984,,en,True,False,automatic_detection,de_en_label_mismatch_retained
11938,de,en,0.9999968153427601,,en,True,False,automatic_detection,de_en_label_mismatch_retained
11943,de,en,0.9999968905700486,,en,True,False,automatic_detection,de_en_label_mismatch_retained
11946,de,en,0.999996679362751,,en,True,False,automatic_detection,de_en_label_mismatch_retained
11949,de,en,0.9999967251901869,,en,True,False,automatic_detection,de_en_label_mismatch_retained
11951,de,en,0.9999985388509621,,en,True,False,automatic_detection,de_en_label_mismatch_retained
11955,de,en,0.9999970782411254,,en,True,False,automatic_detection,de_en_label_mismatch_retained
11967,de,en,0.9999968001376771,,en,True,False,automatic_detection,de_en_label_mismatch_retained
11969,de,en,0.9999977341972558,,en,True,False,automatic_detection,de_en_label_mismatch_retained
11975,de,en,0.9999962758189306,,en,True,False,automatic_detection,de_en_label_mismatch_retained
11976,de,en,0.9999954550003818,,en,True,False,automatic_detection,de_en_label_mismatch_retained
11982,de,en,0.9999972936801932,,en,True,False,automatic_detection,de_en_label_mismatch_retained
11994,de,en,0.9999969846692174,,en,True,False,automatic_detection,de_en_label_mismatch_retained
11995,de,en,0.9999971593459498,,en,True,False,automatic_detection,de_en_label_mismatch_retained
11998,de,en,0.9999958142063965,,en,True,False,automatic_detection,de_en_label_mismatch_retained
12009,de,en,0.9999950149541696,,en,True,False,automatic_detection,de_en_label_mismatch_retained
12023,de,en,0.9999966261901557,,en,True,False,automatic_detection,de_en_label_mismatch_retained
12030,de,en,0.9999961927155598,,en,True,False,automatic_detection,de_en_label_mismatch_retained
12037,de,en,0.9999975230533436,,en,True,False,automatic_detection,de_en_label_mismatch_retained
12051,de,en,0.999997144145733,,en,True,False,automatic_detection,de_en_label_mismatch_retained
12054,de,en,0.9999970621197694,,en,True,False,automatic_detection,de_en_label_mismatch_retained
12064,de,en,0.9999950569433139,,en,True,False,automatic_detection,de_en_label_mismatch_retained
12065,de,en,0.9999972932124807,,en,True,False,automatic_detection,de_en_label_mismatch_retained
12070,de,en,0.9999969367255978,,en,True,False,automatic_detection,de_en_label_mismatch_retained
12072,de,en,0.9999948997326276,,en,True,False,automatic_detection,de_en_label_mismatch_retained
12077,de,en,0.9999986326613992,,en,True,False,automatic_detection,de_en_label_mismatch_retained
12096,de,en,0.9999967947154907,,en,True,False,automatic_detection,de_en_label_mismatch_retained
12101,de,en,0.9999953464764311,,en,True,False,automatic_detection,de_en_label_mismatch_retained
12108,de,en,0.9999959977794962,,en,True,False,automatic_detection,de_en_label_mismatch_retained
12113,de,en,0.999996026090344,,en,True,False,automatic_detection,de_en_label_mismatch_retained
12120,de,en,0.9999973236216237,,en,True,False,automatic_detection,de_en_label_mismatch_retained
12147,de,en,0.999997342927717,,en,True,False,automatic_detection,de_en_label_mismatch_retained
12155,de,en,0.9999950252239929,,en,True,False,automatic_detection,de_en_label_mismatch_retained
12159,de,en,0.999998457613732,,en,True,False,automatic_detection,de_en_label_mismatch_retained
12162,de,en,0.9999965258638761,,en,True,False,automatic_detection,de_en_label_mismatch_retained
12170,de,en,0.9999978660507721,,en,True,False,automatic_detection,de_en_label_mismatch_retained
12182,de,en,0.9999967798540368,,en,True,False,automatic_detection,de_en_label_mismatch_retained
12183,de,en,0.999997312776425,,en,True,False,automatic_detection,de_en_label_mismatch_retained
12188,de,en,0.9999964492796647,,en,True,False,automatic_detection,de_en_label_mismatch_retained
12189,de,en,0.9999969670620921,,en,True,False,automatic_detection,de_en_label_mismatch_retained
12205,de,en,0.9999970478151889,,en,True,False,automatic_detection,de_en_label_mismatch_retained
12213,de,en,0.9999976377854596,,en,True,False,automatic_detection,de_en_label_mismatch_retained
12216,de,en,0.9999968120702261,,en,True,False,automatic_detection,de_en_label_mismatch_retained
12223,de,en,0.9999945557110903,,en,True,False,automatic_detection,de_en_label_mismatch_retained
12248,de,en,0.9999956707996163,,en,True,False,automatic_detection,de_en_label_mismatch_retained
12268,de,en,0.9999959305249055,,en,True,False,automatic_detection,de_en_label_mismatch_retained
12270,en,de,0.9999955050097089,,de,True,False,automatic_detection,de_en_label_mismatch_retained
12277,de,en,0.9999957182655246,,en,True,False,automatic_detection,de_en_label_mismatch_retained
12285,de,en,0.999997486540162,,en,True,False,automatic_detection,de_en_label_mismatch_retained
12286,de,en,0.9999966805289895,,en,True,False,automatic_detection,de_en_label_mismatch_retained
12287,de,en,0.999995963489295,,en,True,False,automatic_detection,de_en_label_mismatch_retained
12304,en,fr,0.5714275757623932,,en,False,False,declared_label_fallback_uncertain_detection,language_detection_uncertain
12307,de,en,0.9999983467876833,,en,True,False,automatic_detection,de_en_label_mismatch_retained
12308,de,en,0.9999967908500929,,en,True,False,automatic_detection,de_en_label_mismatch_retained
12310,de,en,0.9999967612048322,,en,True,False,automatic_detection,de_en_label_mismatch_retained
12320,de,en,0.8571386836247212,,en,True,False,automatic_detection,de_en_label_mismatch_retained
12327,de,en,0.9999961956165583,,en,True,False,automatic_detection,de_en_label_mismatch_retained
12328,de,en,0.9999961237921082,,en,True,False,automatic_detection,de_en_label_mismatch_retained
12330,de,en,0.9999966010143385,,en,True,False,automatic_detection,de_en_label_mismatch_retained
12334,de,en,0.9999961379276281,,en,True,False,automatic_detection,de_en_label_mismatch_retained
12343,de,en,0.9999981572412184,,en,True,False,automatic_detection,de_en_label_mismatch_retained
12349,de,en,0.9999961905673324,,en,True,False,automatic_detection,de_en_label_mismatch_retained
12377,de,en,0.9999960934611251,,en,True,False,automatic_detection,de_en_label_mismatch_retained
12394,de,en,0.9999965784148723,,en,True,False,automatic_detection,de_en_label_mismatch_retained
12396,de,en,0.9999949878196841,,en,True,False,automatic_detection,de_en_label_mismatch_retained
12407,de,en,0.9999969009145402,,en,True,False,automatic_detection,de_en_label_mismatch_retained
12422,de,en,0.9999935130882833,,en,True,False,automatic_detection,de_en_label_mismatch_retained
12424,de,en,0.9999971218568351,,en,True,False,automatic_detection,de_en_label_mismatch_retained
12428,de,en,0.9999954719159929,,en,True,False,automatic_detection,de_en_label_mismatch_retained
12468,de,en,0.9999976986241458,,en,True,False,automatic_detection,de_en_label_mismatch_retained
12469,de,en,0.999997186280629,,en,True,False,automatic_detection,de_en_label_mismatch_retained
12475,de,en,0.9999984510297171,,en,True,False,automatic_detection,de_en_label_mismatch_retained
12477,de,en,0.9999949170446856,,en,True,False,automatic_detection,de_en_label_mismatch_retained
12487,de,en,0.9999962245700145,,en,True,False,automatic_detection,de_en_label_mismatch_retained
12492,de,en,0.9999970960959924,,en,True,False,automatic_detection,de_en_label_mismatch_retained
12508,de,en,0.9999966203315656,,en,True,False,automatic_detection,de_en_label_mismatch_retained
12515,de,en,0.9999979733322872,,en,True,False,automatic_detection,de_en_label_mismatch_retained
12520,de,en,0.9999951432244004,,en,True,False,automatic_detection,de_en_label_mismatch_retained
12522,de,en,0.9999963909338855,,en,True,False,automatic_detection,de_en_label_mismatch_retained
12529,de,en,0.9999973811840892,,en,True,False,automatic_detection,de_en_label_mismatch_retained
12530,de,en,0.9999973495115602,,en,True,False,automatic_detection,de_en_label_mismatch_retained
12536,de,en,0.9999953965064482,,en,True,False,automatic_detection,de_en_label_mismatch_retained
12540,de,en,0.9999967297610027,,en,True,False,automatic_detection,de_en_label_mismatch_retained
12541,de,en,0.9999962128777435,,en,True,False,automatic_detection,de_en_label_mismatch_retained
12547,de,en,0.9999980421936557,,en,True,False,automatic_detection,de_en_label_mismatch_retained
12575,de,en,0.9999961357734831,,en,True,False,automatic_detection,de_en_label_mismatch_retained
12577,de,en,0.9999959091459703,,en,True,False,automatic_detection,de_en_label_mismatch_retained
12591,de,en,0.9999955066808197,,en,True,False,automatic_detection,de_en_label_mismatch_retained
12603,de,en,0.9999946227852853,,en,True,False,automatic_detection,de_en_label_mismatch_retained
12604,de,en,0.9999985275816562,,en,True,False,automatic_detection,de_en_label_mismatch_retained
12615,de,en,0.9999987846868418,,en,True,False,automatic_detection,de_en_label_mismatch_retained
12624,de,en,0.9999939266405318,,en,True,False,automatic_detection,de_en_label_mismatch_retained
12640,de,en,0.9999971788792813,,en,True,False,automatic_detection,de_en_label_mismatch_retained
12645,de,en,0.9999973020819023,,en,True,False,automatic_detection,de_en_label_mismatch_retained
12651,de,en,0.9999961361618479,,en,True,False,automatic_detection,de_en_label_mismatch_retained
12658,de,en,0.9999953901568245,,en,True,False,automatic_detection,de_en_label_mismatch_retained
12671,de,en,0.9999975958208847,,en,True,False,automatic_detection,de_en_label_mismatch_retained
12673,de,en,0.9999973395267956,,en,True,False,automatic_detection,de_en_label_mismatch_retained
12675,de,en,0.9999963595381909,,en,True,False,automatic_detection,de_en_label_mismatch_retained
12677,de,en,0.9999946623468041,,en,True,False,automatic_detection,de_en_label_mismatch_retained
12701,de,en,0.9999969351928388,,en,True,False,automatic_detection,de_en_label_mismatch_retained
12707,de,en,0.99999589396969,,en,True,False,automatic_detection,de_en_label_mismatch_retained
12717,de,en,0.9999959215089314,en,en,True,False,manual_review,target_language_confirmed_manually
12726,de,en,0.9999955136777514,,en,True,False,automatic_detection,de_en_label_mismatch_retained
12730,de,en,0.9999968323901365,,en,True,False,automatic_detection,de_en_label_mismatch_retained
12740,de,en,0.9999962397013764,,en,True,False,automatic_detection,de_en_label_mismatch_retained
12754,de,en,0.9999965168850958,,en,True,False,automatic_detection,de_en_label_mismatch_retained
12761,de,en,0.9999970547964401,,en,True,False,automatic_detection,de_en_label_mismatch_retained
12763,de,en,0.9999956287251995,,en,True,False,automatic_detection,de_en_label_mismatch_retained
12765,de,en,0.9999947633763427,,en,True,False,automatic_detection,de_en_label_mismatch_retained
12769,de,en,0.9999967879538839,,en,True,False,automatic_detection,de_en_label_mismatch_retained
12777,de,en,0.9999977222212603,,en,True,False,automatic_detection,de_en_label_mismatch_retained
12798,de,en,0.9999969197693416,,en,True,False,automatic_detection,de_en_label_mismatch_retained
12799,en,en,0.7142835373497249,,en,False,False,declared_label_fallback_uncertain_detection,language_detection_uncertain
12803,de,en,0.9999959671739775,,en,True,False,automatic_detection,de_en_label_mismatch_retained
12814,de,en,0.9999959802169083,,en,True,False,automatic_detection,de_en_label_mismatch_retained
12822,de,en,0.999996793253866,,en,True,False,automatic_detection,de_en_label_mismatch_retained
12827,de,en,0.999995894802895,,en,True,False,automatic_detection,de_en_label_mismatch_retained
12833,de,en,0.999996313707683,,en,True,False,automatic_detection,de_en_label_mismatch_retained
12842,de,en,0.99999513640325,,en,True,False,automatic_detection,de_en_label_mismatch_retained
12852,de,en,0.9999967758651604,,en,True,False,automatic_detection,de_en_label_mismatch_retained
12855,de,en,0.9999952036614197,,en,True,False,automatic_detection,de_en_label_mismatch_retained
12879,de,en,0.9999972277671653,,en,True,False,automatic_detection,de_en_label_mismatch_retained
12880,de,en,0.9999968850205585,,en,True,False,automatic_detection,de_en_label_mismatch_retained
12884,de,en,0.9999969216912625,,en,True,False,automatic_detection,de_en_label_mismatch_retained
12899,de,en,0.9999960312285822,,en,True,False,automatic_detection,de_en_label_mismatch_retained
12907,de,en,0.999995336169811,,en,True,False,automatic_detection,de_en_label_mismatch_retained
12916,de,en,0.999996746946955,,en,True,False,automatic_detection,de_en_label_mismatch_retained
12923,de,en,0.9999962062391305,,en,True,False,automatic_detection,de_en_label_mismatch_retained
12928,de,en,0.9999961824408526,,en,True,False,automatic_detection,de_en_label_mismatch_retained
12940,de,en,0.9999970641264995,,en,True,False,automatic_detection,de_en_label_mismatch_retained
12941,de,en,0.9999951480816599,,en,True,False,automatic_detection,de_en_label_mismatch_retained
12951,de,en,0.9999967559997371,,en,True,False,automatic_detection,de_en_label_mismatch_retained
12954,de,en,0.9999954253737902,,en,True,False,automatic_detection,de_en_label_mismatch_retained
12978,de,en,0.9999988334053262,,en,True,False,automatic_detection,de_en_label_mismatch_retained
12982,de,en,0.9999958029019903,,en,True,False,automatic_detection,de_en_label_mismatch_retained
12984,de,en,0.9999976835948814,,en,True,False,automatic_detection,de_en_label_mismatch_retained
12999,de,en,0.9999957623238845,,en,True,False,automatic_detection,de_en_label_mismatch_retained
13000,de,en,0.9999978466849666,,en,True,False,automatic_detection,de_en_label_mismatch_retained
13010,de,en,0.9999957758998482,,en,True,False,automatic_detection,de_en_label_mismatch_retained
13021,de,en,0.9999966662374624,,en,True,False,automatic_detection,de_en_label_mismatch_retained
13024,de,en,0.9999978819276554,,en,True,False,automatic_detection,de_en_label_mismatch_retained
13027,de,en,0.9999959487646779,,en,True,False,automatic_detection,de_en_label_mismatch_retained
13028,de,en,0.9999972104898944,,en,True,False,automatic_detection,de_en_label_mismatch_retained
13029,de,en,0.9999957535437629,,en,True,False,automatic_detection,de_en_label_mismatch_retained
13040,de,en,0.9999971818584061,,en,True,False,automatic_detection,de_en_label_mismatch_retained
13044,de,en,0.9999960356439106,,en,True,False,automatic_detection,de_en_label_mismatch_retained
13066,de,en,0.9999967322062233,,en,True,False,automatic_detection,de_en_label_mismatch_retained
13069,de,en,0.9999955619677364,,en,True,False,automatic_detection,de_en_label_mismatch_retained
13071,de,en,0.9999991913193411,,en,True,False,automatic_detection,de_en_label_mismatch_retained
13080,de,en,0.9999972921934366,,en,True,False,automatic_detection,de_en_label_mismatch_retained
13092,de,en,0.999994892680967,,en,True,False,automatic_detection,de_en_label_mismatch_retained
13106,de,en,0.9999993418339364,,en,True,False,automatic_detection,de_en_label_mismatch_retained
13107,de,en,0.9999970472470531,,en,True,False,automatic_detection,de_en_label_mismatch_retained
13121,de,en,0.9999964796224396,,en,True,False,automatic_detection,de_en_label_mismatch_retained
13129,de,en,0.9999968060024078,,en,True,False,automatic_detection,de_en_label_mismatch_retained
13135,de,en,0.9999970005059283,,en,True,False,automatic_detection,de_en_label_mismatch_retained
13139,de,en,0.9999981069825488,,en,True,False,automatic_detection,de_en_label_mismatch_retained
13149,de,en,0.999997111529793,,en,True,False,automatic_detection,de_en_label_mismatch_retained
13157,de,en,0.9999966282088762,,en,True,False,automatic_detection,de_en_label_mismatch_retained
13158,de,en,0.9999965663488092,,en,True,False,automatic_detection,de_en_label_mismatch_retained
13174,de,en,0.9999983162675126,,en,True,False,automatic_detection,de_en_label_mismatch_retained
13180,de,en,0.9999965573537237,,en,True,False,automatic_detection,de_en_label_mismatch_retained
13203,de,en,0.9999947869089243,,en,True,False,automatic_detection,de_en_label_mismatch_retained
13204,de,en,0.999996218077491,,en,True,False,automatic_detection,de_en_label_mismatch_retained
13208,de,en,0.9999953275170641,,en,True,False,automatic_detection,de_en_label_mismatch_retained
13211,de,en,0.9999971319991217,,en,True,False,automatic_detection,de_en_label_mismatch_retained
13216,de,en,0.9999976969086392,,en,True,False,automatic_detection,de_en_label_mismatch_retained
13217,de,en,0.9999968237110419,,en,True,False,automatic_detection,de_en_label_mismatch_retained
13220,de,en,0.999995264321243,,en,True,False,automatic_detection,de_en_label_mismatch_retained
13228,de,en,0.9999962559729232,,en,True,False,automatic_detection,de_en_label_mismatch_retained
13234,de,en,0.9999980705653708,,en,True,False,automatic_detection,de_en_label_mismatch_retained
13238,de,en,0.9999935537866776,,en,True,False,automatic_detection,de_en_label_mismatch_retained
13251,de,en,0.999997709555415,,en,True,False,automatic_detection,de_en_label_mismatch_retained
13268,de,en,0.9999949680698597,,en,True,False,automatic_detection,de_en_label_mismatch_retained
13278,de,en,0.999997815860635,,en,True,False,automatic_detection,de_en_label_mismatch_retained
13285,de,en,0.9999980080783338,,en,True,False,automatic_detection,de_en_label_mismatch_retained
13288,de,en,0.9999966034249654,,en,True,False,automatic_detection,de_en_label_mismatch_retained
13289,de,en,0.9999936545975682,,en,True,False,automatic_detection,de_en_label_mismatch_retained
13305,de,en,0.999995770311739,,en,True,False,automatic_detection,de_en_label_mismatch_retained
13306,de,en,0.9999961108292236,,en,True,False,automatic_detection,de_en_label_mismatch_retained
13310,de,en,0.9999959645666255,,en,True,False,automatic_detection,de_en_label_mismatch_retained
13327,de,en,0.9999980098603753,,en,True,False,automatic_detection,de_en_label_mismatch_retained
13332,de,en,0.99999566458207,,en,True,False,automatic_detection,de_en_label_mismatch_retained
13345,de,en,0.9999973450059254,,en,True,False,automatic_detection,de_en_label_mismatch_retained
13349,de,en,0.999996062415513,,en,True,False,automatic_detection,de_en_label_mismatch_retained
13352,de,en,0.9999978310149277,,en,True,False,automatic_detection,de_en_label_mismatch_retained
13355,de,en,0.9999974201535634,,en,True,False,automatic_detection,de_en_label_mismatch_retained
13360,de,en,0.9999981016901217,,en,True,False,automatic_detection,de_en_label_mismatch_retained
13365,de,en,0.9999966932661613,,en,True,False,automatic_detection,de_en_label_mismatch_retained
13366,de,en,0.9999962568942817,,en,True,False,automatic_detection,de_en_label_mismatch_retained
13367,de,en,0.9999968271293747,,en,True,False,automatic_detection,de_en_label_mismatch_retained
13376,de,en,0.9999970543028245,,en,True,False,automatic_detection,de_en_label_mismatch_retained
13378,de,en,0.9999964831080638,,en,True,False,automatic_detection,de_en_label_mismatch_retained
13382,de,en,0.9999982694799532,,en,True,False,automatic_detection,de_en_label_mismatch_retained
13391,de,en,0.9999975706292394,,en,True,False,automatic_detection,de_en_label_mismatch_retained
13400,de,en,0.9999977894804093,,en,True,False,automatic_detection,de_en_label_mismatch_retained
13405,de,en,0.9999949550622427,,en,True,False,automatic_detection,de_en_label_mismatch_retained
13418,de,en,0.9999969359663794,,en,True,False,automatic_detection,de_en_label_mismatch_retained
13423,de,en,0.9999957075928069,,en,True,False,automatic_detection,de_en_label_mismatch_retained
13427,de,en,0.9999986385328894,,en,True,False,automatic_detection,de_en_label_mismatch_retained
13452,de,en,0.9999984983032412,,en,True,False,automatic_detection,de_en_label_mismatch_retained
13454,de,en,0.9999979301580046,,en,True,False,automatic_detection,de_en_label_mismatch_retained
13459,de,en,0.999998778113655,,en,True,False,automatic_detection,de_en_label_mismatch_retained
13475,en,en,0.42857009125020934,,en,False,False,declared_label_fallback_uncertain_detection,language_detection_uncertain
13477,de,en,0.9999980757772223,,en,True,False,automatic_detection,de_en_label_mismatch_retained
13484,de,en,0.9999961771163959,,en,True,False,automatic_detection,de_en_label_mismatch_retained
13500,de,en,0.9999961340177728,,en,True,False,automatic_detection,de_en_label_mismatch_retained
13505,de,en,0.9999970594842805,,en,True,False,automatic_detection,de_en_label_mismatch_retained
13522,de,en,0.9999957175938224,,en,True,False,automatic_detection,de_en_label_mismatch_retained
13524,de,en,0.9999968877334428,,en,True,False,automatic_detection,de_en_label_mismatch_retained
13536,de,en,0.9999952910600098,,en,True,False,automatic_detection,de_en_label_mismatch_retained
13539,de,en,0.9999960500355418,,en,True,False,automatic_detection,de_en_label_mismatch_retained
13540,de,en,0.9999963708931804,,en,True,False,automatic_detection,de_en_label_mismatch_retained
13556,de,en,0.9999947213139287,,en,True,False,automatic_detection,de_en_label_mismatch_retained
13558,de,en,0.9999959807297176,,en,True,False,automatic_detection,de_en_label_mismatch_retained
13572,de,en,0.9999965160278926,,en,True,False,automatic_detection,de_en_label_mismatch_retained
13573,de,en,0.9999957661308368,,en,True,False,automatic_detection,de_en_label_mismatch_retained
13583,de,en,0.999995940786887,,en,True,False,automatic_detection,de_en_label_mismatch_retained
13584,de,pt,0.9999953474519998,pt,de,False,True,excluded_non_target_language,non_target_language_confirmed_manually
13591,de,en,0.9999986699622389,,en,True,False,automatic_detection,de_en_label_mismatch_retained
13599,de,en,0.9999961037449203,,en,True,False,automatic_detection,de_en_label_mismatch_retained
13627,de,en,0.9999983925739874,en,en,True,False,manual_review,target_language_confirmed_manually
13634,de,en,0.8571400778695882,,en,True,False,automatic_detection,de_en_label_mismatch_retained
13648,de,en,0.9999941857573108,,en,True,False,automatic_detection,de_en_label_mismatch_retained
13653,de,en,0.9999968867022677,,en,True,False,automatic_detection,de_en_label_mismatch_retained
13659,de,en,0.9999971775496517,,en,True,False,automatic_detection,de_en_label_mismatch_retained
13661,de,en,0.9999966136932681,,en,True,False,automatic_detection,de_en_label_mismatch_retained
13683,de,en,0.9999964360732316,,en,True,False,automatic_detection,de_en_label_mismatch_retained
13686,de,en,0.9999956980036131,,en,True,False,automatic_detection,de_en_label_mismatch_retained
13687,de,en,0.9999972975882037,,en,True,False,automatic_detection,de_en_label_mismatch_retained
13701,de,en,0.9999968498945231,,en,True,False,automatic_detection,de_en_label_mismatch_retained
13707,de,en,0.9999959856604439,,en,True,False,automatic_detection,de_en_label_mismatch_retained
13714,de,en,0.9999964643795829,,en,True,False,automatic_detection,de_en_label_mismatch_retained
13719,de,en,0.9999964398655212,,en,True,False,automatic_detection,de_en_label_mismatch_retained
13721,de,en,0.9999949811921555,,en,True,False,automatic_detection,de_en_label_mismatch_retained
13725,de,en,0.9999977304799851,,en,True,False,automatic_detection,de_en_label_mismatch_retained
13736,de,en,0.9999976786600241,,en,True,False,automatic_detection,de_en_label_mismatch_retained
13743,de,en,0.9999967635132263,,en,True,False,automatic_detection,de_en_label_mismatch_retained
13745,de,en,0.9999956419433957,,en,True,False,automatic_detection,de_en_label_mismatch_retained
13746,de,en,0.9999971098262761,,en,True,False,automatic_detection,de_en_label_mismatch_retained
13750,de,en,0.9999962548256794,,en,True,False,automatic_detection,de_en_label_mismatch_retained
13760,de,en,0.9999969474118857,,en,True,False,automatic_detection,de_en_label_mismatch_retained
13775,de,en,0.9999952790941473,,en,True,False,automatic_detection,de_en_label_mismatch_retained
13781,de,en,0.9999974584229254,,en,True,False,automatic_detection,de_en_label_mismatch_retained
13783,de,en,0.9999962055341874,,en,True,False,automatic_detection,de_en_label_mismatch_retained
13799,de,en,0.9999958216856895,,en,True,False,automatic_detection,de_en_label_mismatch_retained
13819,de,en,0.9999970890372668,,en,True,False,automatic_detection,de_en_label_mismatch_retained
13821,de,en,0.9999953125830148,,en,True,False,automatic_detection,de_en_label_mismatch_retained
13836,de,en,0.9999982992453598,,en,True,False,automatic_detection,de_en_label_mismatch_retained
13838,de,en,0.9999959914346495,,en,True,False,automatic_detection,de_en_label_mismatch_retained
13846,de,en,0.9999971296740612,,en,True,False,automatic_detection,de_en_label_mismatch_retained
13849,de,en,0.9999958980296089,,en,True,False,automatic_detection,de_en_label_mismatch_retained
13893,de,en,0.9999977905881346,,en,True,False,automatic_detection,de_en_label_mismatch_retained
13897,de,en,0.999995710640767,,en,True,False,automatic_detection,de_en_label_mismatch_retained
13905,de,en,0.9999977737980036,,en,True,False,automatic_detection,de_en_label_mismatch_retained
13908,de,en,0.9999968749184485,,en,True,False,automatic_detection,de_en_label_mismatch_retained
13916,de,en,0.9999964047871801,,en,True,False,automatic_detection,de_en_label_mismatch_retained
13922,de,en,0.9999982328656338,,en,True,False,automatic_detection,de_en_label_mismatch_retained
13928,de,en,0.9999981891801787,,en,True,False,automatic_detection,de_en_label_mismatch_retained
13950,de,en,0.9999979986639561,,en,True,False,automatic_detection,de_en_label_mismatch_retained
13955,de,en,0.9999968731988396,,en,True,False,automatic_detection,de_en_label_mismatch_retained
13958,de,en,0.9999978814629795,,en,True,False,automatic_detection,de_en_label_mismatch_retained
13959,de,en,0.9999962392138664,,en,True,False,automatic_detection,de_en_label_mismatch_retained
13983,de,en,0.9999982956673492,,en,True,False,automatic_detection,de_en_label_mismatch_retained
13991,de,en,0.9999971977833725,,en,True,False,automatic_detection,de_en_label_mismatch_retained
14025,de,en,0.9999962004382608,,en,True,False,automatic_detection,de_en_label_mismatch_retained
14026,de,en,0.9999956888118411,,en,True,False,automatic_detection,de_en_label_mismatch_retained
14034,de,en,0.9999974907718265,,en,True,False,automatic_detection,de_en_label_mismatch_retained
14035,de,en,0.9999967800725942,,en,True,False,automatic_detection,de_en_label_mismatch_retained
14053,de,en,0.9999976415480047,,en,True,False,automatic_detection,de_en_label_mismatch_retained
14061,de,en,0.9999951271830422,,en,True,False,automatic_detection,de_en_label_mismatch_retained
14075,de,en,0.9999970452086003,,en,True,False,automatic_detection,de_en_label_mismatch_retained
14079,de,en,0.9999960789339539,,en,True,False,automatic_detection,de_en_label_mismatch_retained
14083,de,en,0.9999965255519151,,en,True,False,automatic_detection,de_en_label_mismatch_retained
14086,de,en,0.9999965812266531,,en,True,False,automatic_detection,de_en_label_mismatch_retained
14104,de,en,0.9999967779510525,,en,True,False,automatic_detection,de_en_label_mismatch_retained
14108,de,en,0.9999963403129496,,en,True,False,automatic_detection,de_en_label_mismatch_retained
14112,de,en,0.9999970296378794,,en,True,False,automatic_detection,de_en_label_mismatch_retained
14113,de,en,0.9999944099441924,,en,True,False,automatic_detection,de_en_label_mismatch_retained
14116,de,en,0.9999969002287541,,en,True,False,automatic_detection,de_en_label_mismatch_retained
14120,de,en,0.9999951186236877,,en,True,False,automatic_detection,de_en_label_mismatch_retained
14143,de,en,0.9999961217340567,,en,True,False,automatic_detection,de_en_label_mismatch_retained
14149,de,en,0.9999977479515563,,en,True,False,automatic_detection,de_en_label_mismatch_retained
14152,de,en,0.9999954202673019,,en,True,False,automatic_detection,de_en_label_mismatch_retained
14156,de,en,0.9999958471335619,,en,True,False,automatic_detection,de_en_label_mismatch_retained
14157,de,en,0.999997408322315,,en,True,False,automatic_detection,de_en_label_mismatch_retained
14159,de,en,0.9999948989970064,,en,True,False,automatic_detection,de_en_label_mismatch_retained
14175,de,en,0.999995378508159,,en,True,False,automatic_detection,de_en_label_mismatch_retained
14187,de,en,0.9999955984798502,,en,True,False,automatic_detection,de_en_label_mismatch_retained
14188,de,en,0.9999965737221392,,en,True,False,automatic_detection,de_en_label_mismatch_retained
14189,de,en,0.9999969366030712,,en,True,False,automatic_detection,de_en_label_mismatch_retained
14190,de,en,0.9999953853532967,,en,True,False,automatic_detection,de_en_label_mismatch_retained
14196,de,en,0.9999940522662176,,en,True,False,automatic_detection,de_en_label_mismatch_retained
14201,de,en,0.9999972759594584,,en,True,False,automatic_detection,de_en_label_mismatch_retained
14205,de,en,0.9999961642028505,,en,True,False,automatic_detection,de_en_label_mismatch_retained
14218,de,en,0.9999970739341855,,en,True,False,automatic_detection,de_en_label_mismatch_retained
14223,de,en,0.9999962216054193,,en,True,False,automatic_detection,de_en_label_mismatch_retained
14225,de,en,0.9999951562378435,,en,True,False,automatic_detection,de_en_label_mismatch_retained
14229,de,en,0.9999974162715349,,en,True,False,automatic_detection,de_en_label_mismatch_retained
14236,de,en,0.9999968179526916,,en,True,False,automatic_detection,de_en_label_mismatch_retained
14245,de,en,0.9999946860889778,,en,True,False,automatic_detection,de_en_label_mismatch_retained
14247,de,en,0.9999976541905334,,en,True,False,automatic_detection,de_en_label_mismatch_retained
14249,de,en,0.9999958662110524,,en,True,False,automatic_detection,de_en_label_mismatch_retained
14263,de,en,0.9999964916499156,,en,True,False,automatic_detection,de_en_label_mismatch_retained
14269,de,en,0.9999935720328998,,en,True,False,automatic_detection,de_en_label_mismatch_retained
14274,de,en,0.9999962359921999,,en,True,False,automatic_detection,de_en_label_mismatch_retained
14281,de,en,0.9999975248883556,,en,True,False,automatic_detection,de_en_label_mismatch_retained
14284,de,en,0.9999970727669485,,en,True,False,automatic_detection,de_en_label_mismatch_retained
14291,de,en,0.9999958035452446,,en,True,False,automatic_detection,de_en_label_mismatch_retained
14294,de,pt,0.9999974363182407,,de,False,True,excluded_non_target_language,non_target_language_detected_automatically
14302,de,en,0.9999967424021221,,en,True,False,automatic_detection,de_en_label_mismatch_retained
14312,de,en,0.9999983159508187,,en,True,False,automatic_detection,de_en_label_mismatch_retained
14320,de,en,0.999998342106807,,en,True,False,automatic_detection,de_en_label_mismatch_retained
14324,de,en,0.9999939345052354,,en,True,False,automatic_detection,de_en_label_mismatch_retained
14327,de,en,0.9999978611747823,,en,True,False,automatic_detection,de_en_label_mismatch_retained
14338,de,en,0.9999950215183524,,en,True,False,automatic_detection,de_en_label_mismatch_retained
14341,de,en,0.9999985267626728,,en,True,False,automatic_detection,de_en_label_mismatch_retained
14343,de,en,0.9999948497021032,,en,True,False,automatic_detection,de_en_label_mismatch_retained
14351,de,en,0.99999747588541,,en,True,False,automatic_detection,de_en_label_mismatch_retained
14356,de,en,0.9999971152637395,,en,True,False,automatic_detection,de_en_label_mismatch_retained
14361,de,en,0.9999985332361998,,en,True,False,automatic_detection,de_en_label_mismatch_retained
14367,de,en,0.9999969101806354,,en,True,False,automatic_detection,de_en_label_mismatch_retained
14372,de,es,0.9999982240772494,de-es,de,False,True,excluded_non_target_language,non_target_language_confirmed_manually
14375,de,en,0.9999957994539104,,en,True,False,automatic_detection,de_en_label_mismatch_retained
14381,de,en,0.9999970632884698,,en,True,False,automatic_detection,de_en_label_mismatch_retained
14385,de,en,0.9999979058535672,,en,True,False,automatic_detection,de_en_label_mismatch_retained
14388,de,en,0.9999961240831073,,en,True,False,automatic_detection,de_en_label_mismatch_retained
14401,de,en,0.9999954260343179,,en,True,False,automatic_detection,de_en_label_mismatch_retained
14402,de,en,0.9999967148128233,,en,True,False,automatic_detection,de_en_label_mismatch_retained
14403,de,en,0.9999961830501156,,en,True,False,automatic_detection,de_en_label_mismatch_retained
14440,de,en,0.9999982450652077,,en,True,False,automatic_detection,de_en_label_mismatch_retained
14449,de,en,0.9999971136858505,,en,True,False,automatic_detection,de_en_label_mismatch_retained
14458,de,en,0.9999974129710072,,en,True,False,automatic_detection,de_en_label_mismatch_retained
14459,de,en,0.9999970863060926,,en,True,False,automatic_detection,de_en_label_mismatch_retained
14461,de,en,0.9999965597465426,,en,True,False,automatic_detection,de_en_label_mismatch_retained
14462,de,en,0.9999965250017675,,en,True,False,automatic_detection,de_en_label_mismatch_retained
14464,en,en,0.4285700744585974,,en,False,False,declared_label_fallback_uncertain_detection,language_detection_uncertain
14470,de,en,0.9999964717140823,,en,True,False,automatic_detection,de_en_label_mismatch_retained
14474,de,en,0.999995962965117,,en,True,False,automatic_detection,de_en_label_mismatch_retained
14479,de,en,0.9999958940039306,,en,True,False,automatic_detection,de_en_label_mismatch_retained
14486,de,en,0.9999965828118939,,en,True,False,automatic_detection,de_en_label_mismatch_retained
14491,de,en,0.9999975821453109,,en,True,False,automatic_detection,de_en_label_mismatch_retained
14492,de,en,0.9999962863161832,,en,True,False,automatic_detection,de_en_label_mismatch_retained
14500,de,en,0.9999977787919595,,en,True,False,automatic_detection,de_en_label_mismatch_retained
14520,de,en,0.9999982272236939,,en,True,False,automatic_detection,de_en_label_mismatch_retained
14534,de,en,0.9999973121366063,,en,True,False,automatic_detection,de_en_label_mismatch_retained
14538,de,en,0.9999970699269358,,en,True,False,automatic_detection,de_en_label_mismatch_retained
14549,de,en,0.9999955795345892,,en,True,False,automatic_detection,de_en_label_mismatch_retained
14552,de,en,0.9999986026398004,,en,True,False,automatic_detection,de_en_label_mismatch_retained
14557,de,en,0.9999955937119986,,en,True,False,automatic_detection,de_en_label_mismatch_retained
14561,de,en,0.9999973405129945,,en,True,False,automatic_detection,de_en_label_mismatch_retained
14566,de,en,0.9999973607543339,,en,True,False,automatic_detection,de_en_label_mismatch_retained
14572,de,en,0.9999956748733314,,en,True,False,automatic_detection,de_en_label_mismatch_retained
14578,de,en,0.9999960649083796,,en,True,False,automatic_detection,de_en_label_mismatch_retained
14579,de,en,0.9999969120675525,,en,True,False,automatic_detection,de_en_label_mismatch_retained
14580,de,en,0.9999970185223708,,en,True,False,automatic_detection,de_en_label_mismatch_retained
14584,de,en,0.9999946287199104,,en,True,False,automatic_detection,de_en_label_mismatch_retained
14585,de,en,0.9999975757574613,,en,True,False,automatic_detection,de_en_label_mismatch_retained
14588,de,en,0.99999519106,,en,True,False,automatic_detection,de_en_label_mismatch_retained
14590,de,en,0.9999949417949812,,en,True,False,automatic_detection,de_en_label_mismatch_retained
14593,de,en,0.9999975481769252,,en,True,False,automatic_detection,de_en_label_mismatch_retained
14595,de,en,0.9999973132652304,,en,True,False,automatic_detection,de_en_label_mismatch_retained
14608,de,en,0.9999964366955161,,en,True,False,automatic_detection,de_en_label_mismatch_retained
14610,de,en,0.9999972208566386,,en,True,False,automatic_detection,de_en_label_mismatch_retained
14613,de,en,0.99999695017703,,en,True,False,automatic_detection,de_en_label_mismatch_retained
14619,de,en,0.9999957173517126,,en,True,False,automatic_detection,de_en_label_mismatch_retained
14624,de,en,0.9999965657064592,,en,True,False,automatic_detection,de_en_label_mismatch_retained
14627,de,en,0.9999963033706756,,en,True,False,automatic_detection,de_en_label_mismatch_retained
14640,de,en,0.9999959316490092,,en,True,False,automatic_detection,de_en_label_mismatch_retained
14657,de,de,0.5714265127826377,,de,False,False,declared_label_fallback_uncertain_detection,language_detection_uncertain
14665,de,en,0.9999979573090816,,en,True,False,automatic_detection,de_en_label_mismatch_retained
14673,de,en,0.9999977585137863,,en,True,False,automatic_detection,de_en_label_mismatch_retained
14674,de,en,0.9999973284720742,,en,True,False,automatic_detection,de_en_label_mismatch_retained
14677,de,en,0.999998509284281,,en,True,False,automatic_detection,de_en_label_mismatch_retained
14699,de,en,0.9999966467027056,,en,True,False,automatic_detection,de_en_label_mismatch_retained
14706,de,en,0.9999968745740773,,en,True,False,automatic_detection,de_en_label_mismatch_retained
14715,de,en,0.9999973631447638,,en,True,False,automatic_detection,de_en_label_mismatch_retained
14736,de,en,0.9999959048864079,,en,True,False,automatic_detection,de_en_label_mismatch_retained
14744,de,en,0.999997198753149,,en,True,False,automatic_detection,de_en_label_mismatch_retained
14752,de,en,0.9999944620787772,,en,True,False,automatic_detection,de_en_label_mismatch_retained
14773,de,en,0.9999969163425815,,en,True,False,automatic_detection,de_en_label_mismatch_retained
14794,de,en,0.999997594012521,,en,True,False,automatic_detection,de_en_label_mismatch_retained
14809,de,en,0.999998002505994,,en,True,False,automatic_detection,de_en_label_mismatch_retained
14822,de,en,0.999995613502663,,en,True,False,automatic_detection,de_en_label_mismatch_retained
14838,de,en,0.9999955499971676,,en,True,False,automatic_detection,de_en_label_mismatch_retained
14841,de,en,0.9999973065022191,,en,True,False,automatic_detection,de_en_label_mismatch_retained
14848,de,en,0.9999935015446801,,en,True,False,automatic_detection,de_en_label_mismatch_retained
14854,de,en,0.9999968466651855,,en,True,False,automatic_detection,de_en_label_mismatch_retained
14900,de,en,0.9999955735300456,,en,True,False,automatic_detection,de_en_label_mismatch_retained
14910,de,en,0.9999965933046655,,en,True,False,automatic_detection,de_en_label_mismatch_retained
14924,de,en,0.9999963121561397,,en,True,False,automatic_detection,de_en_label_mismatch_retained
14928,de,en,0.9999952651923014,,en,True,False,automatic_detection,de_en_label_mismatch_retained
14940,de,en,0.999997420805578,,en,True,False,automatic_detection,de_en_label_mismatch_retained
14957,de,en,0.9999964116322755,,en,True,False,automatic_detection,de_en_label_mismatch_retained
14961,de,en,0.9999952243559765,,en,True,False,automatic_detection,de_en_label_mismatch_retained
14992,de,en,0.9999973264101314,,en,True,False,automatic_detection,de_en_label_mismatch_retained
14993,de,en,0.999997933550884,,en,True,False,automatic_detection,de_en_label_mismatch_retained
15001,de,en,0.999997492816153,,en,True,False,automatic_detection,de_en_label_mismatch_retained
15014,de,en,0.9999981177333521,,en,True,False,automatic_detection,de_en_label_mismatch_retained
15015,de,en,0.9999953492170244,,en,True,False,automatic_detection,de_en_label_mismatch_retained
15028,de,en,0.9999971117007294,,en,True,False,automatic_detection,de_en_label_mismatch_retained
15029,de,en,0.9999981499324821,,en,True,False,automatic_detection,de_en_label_mismatch_retained
15031,de,en,0.9999954372717423,,en,True,False,automatic_detection,de_en_label_mismatch_retained
15034,de,en,0.999994175644991,,en,True,False,automatic_detection,de_en_label_mismatch_retained
15045,de,en,0.9999975651172797,,en,True,False,automatic_detection,de_en_label_mismatch_retained
15048,de,en,0.999998103501109,,en,True,False,automatic_detection,de_en_label_mismatch_retained
15068,de,en,0.9999948220831034,,en,True,False,automatic_detection,de_en_label_mismatch_retained
15085,de,en,0.9999961866285079,,en,True,False,automatic_detection,de_en_label_mismatch_retained
15088,de,en,0.9999959865924205,,en,True,False,automatic_detection,de_en_label_mismatch_retained
15094,de,en,0.9999960337678813,,en,True,False,automatic_detection,de_en_label_mismatch_retained
15106,de,en,0.9999977756122455,,en,True,False,automatic_detection,de_en_label_mismatch_retained
15107,de,en,0.9999963729862935,,en,True,False,automatic_detection,de_en_label_mismatch_retained
15109,de,en,0.9999978494910937,,en,True,False,automatic_detection,de_en_label_mismatch_retained
15112,de,en,0.9999964830193112,,en,True,False,automatic_detection,de_en_label_mismatch_retained
15115,de,en,0.9999965301797984,,en,True,False,automatic_detection,de_en_label_mismatch_retained
15122,de,en,0.9999964720756764,,en,True,False,automatic_detection,de_en_label_mismatch_retained
15127,de,en,0.99999527196447,,en,True,False,automatic_detection,de_en_label_mismatch_retained
15134,de,en,0.9999965693014701,,en,True,False,automatic_detection,de_en_label_mismatch_retained
15147,de,en,0.999997232692977,,en,True,False,automatic_detection,de_en_label_mismatch_retained
15176,de,en,0.9999967978497316,,en,True,False,automatic_detection,de_en_label_mismatch_retained
15193,de,en,0.9999948151870208,,en,True,False,automatic_detection,de_en_label_mismatch_retained
15194,de,en,0.9999976563003982,,en,True,False,automatic_detection,de_en_label_mismatch_retained
15197,de,en,0.9999973463352934,,en,True,False,automatic_detection,de_en_label_mismatch_retained
15199,de,en,0.9999975191277821,,en,True,False,automatic_detection,de_en_label_mismatch_retained
15200,de,en,0.9999956231759338,,en,True,False,automatic_detection,de_en_label_mismatch_retained
15224,de,en,0.9999954388538365,,en,True,False,automatic_detection,de_en_label_mismatch_retained
15238,de,en,0.9999975117787051,,en,True,False,automatic_detection,de_en_label_mismatch_retained
15241,de,en,0.9999968301204266,,en,True,False,automatic_detection,de_en_label_mismatch_retained
15254,de,en,0.9999947677180703,,en,True,False,automatic_detection,de_en_label_mismatch_retained
15283,de,en,0.9999983884598147,,en,True,False,automatic_detection,de_en_label_mismatch_retained
15284,de,en,0.9999977720208997,,en,True,False,automatic_detection,de_en_label_mismatch_retained
15288,de,en,0.9999939638819015,,en,True,False,automatic_detection,de_en_label_mismatch_retained
15308,de,en,0.9999959005720138,,en,True,False,automatic_detection,de_en_label_mismatch_retained
15320,de,af,0.9999950986624185,,de,False,True,excluded_non_target_language,non_target_language_detected_automatically
15328,de,en,0.9999960185324209,,en,True,False,automatic_detection,de_en_label_mismatch_retained
15331,de,en,0.9999961353554738,,en,True,False,automatic_detection,de_en_label_mismatch_retained
15345,de,en,0.9999978880121125,,en,True,False,automatic_detection,de_en_label_mismatch_retained
15351,de,en,0.9999963848640024,,en,True,False,automatic_detection,de_en_label_mismatch_retained
15352,de,en,0.9999987570638105,,en,True,False,automatic_detection,de_en_label_mismatch_retained
15367,de,en,0.9999946314181912,,en,True,False,automatic_detection,de_en_label_mismatch_retained
15375,de,en,0.9999957103939945,,en,True,False,automatic_detection,de_en_label_mismatch_retained
15386,de,en,0.9999980905774877,,en,True,False,automatic_detection,de_en_label_mismatch_retained
15388,de,en,0.9999970221909226,,en,True,False,automatic_detection,de_en_label_mismatch_retained
15390,de,en,0.999995897134825,,en,True,False,automatic_detection,de_en_label_mismatch_retained
15395,de,en,0.9999951547828732,,en,True,False,automatic_detection,de_en_label_mismatch_retained
15399,de,en,0.9999977960993026,,en,True,False,automatic_detection,de_en_label_mismatch_retained
15401,de,en,0.9999974516917258,,en,True,False,automatic_detection,de_en_label_mismatch_retained
15410,de,en,0.9999962836061294,,en,True,False,automatic_detection,de_en_label_mismatch_retained
15414,de,en,0.9999950707174333,,en,True,False,automatic_detection,de_en_label_mismatch_retained
15416,de,en,0.9999959583293871,,en,True,False,automatic_detection,de_en_label_mismatch_retained
15428,de,en,0.9999959258221855,,en,True,False,automatic_detection,de_en_label_mismatch_retained
15439,de,en,0.9999966541969457,,en,True,False,automatic_detection,de_en_label_mismatch_retained
15441,de,en,0.9999956690644641,,en,True,False,automatic_detection,de_en_label_mismatch_retained
15451,de,en,0.9999963598061292,,en,True,False,automatic_detection,de_en_label_mismatch_retained
15455,de,en,0.9999967057693264,,en,True,False,automatic_detection,de_en_label_mismatch_retained
15464,de,en,0.9999975453269674,,en,True,False,automatic_detection,de_en_label_mismatch_retained
15468,de,en,0.9999955024724644,,en,True,False,automatic_detection,de_en_label_mismatch_retained
15470,de,en,0.9999952898714035,,en,True,False,automatic_detection,de_en_label_mismatch_retained
15475,de,en,0.9999977092266366,,en,True,False,automatic_detection,de_en_label_mismatch_retained
15476,de,en,0.9999954770483529,,en,True,False,automatic_detection,de_en_label_mismatch_retained
15480,de,en,0.9999969153822783,,en,True,False,automatic_detection,de_en_label_mismatch_retained
15496,de,en,0.9999957007108835,,en,True,False,automatic_detection,de_en_label_mismatch_retained
15497,de,en,0.9999973341425714,,en,True,False,automatic_detection,de_en_label_mismatch_retained
15515,de,en,0.9999950032704419,,en,True,False,automatic_detection,de_en_label_mismatch_retained
15516,de,en,0.9999963058824805,,en,True,False,automatic_detection,de_en_label_mismatch_retained
15518,de,en,0.9999961058149118,,en,True,False,automatic_detection,de_en_label_mismatch_retained
15531,de,en,0.9999967612097085,,en,True,False,automatic_detection,de_en_label_mismatch_retained
15534,de,en,0.9999965766029526,,en,True,False,automatic_detection,de_en_label_mismatch_retained
15536,de,en,0.9999939659551661,,en,True,False,automatic_detection,de_en_label_mismatch_retained
15537,de,en,0.9999971364942555,,en,True,False,automatic_detection,de_en_label_mismatch_retained
15546,de,en,0.9999980530543751,en,en,True,False,manual_review,target_language_confirmed_manually
15547,de,en,0.9999963017222627,,en,True,False,automatic_detection,de_en_label_mismatch_retained
15553,de,en,0.9999975948552291,,en,True,False,automatic_detection,de_en_label_mismatch_retained
15557,de,en,0.9999973537502805,,en,True,False,automatic_detection,de_en_label_mismatch_retained
15563,de,en,0.9999976779822843,,en,True,False,automatic_detection,de_en_label_mismatch_retained
15588,de,en,0.9999967339441752,,en,True,False,automatic_detection,de_en_label_mismatch_retained
15590,de,en,0.9999967263001733,,en,True,False,automatic_detection,de_en_label_mismatch_retained
15595,de,en,0.99999646582582,,en,True,False,automatic_detection,de_en_label_mismatch_retained
15597,de,en,0.9999977988023001,,en,True,False,automatic_detection,de_en_label_mismatch_retained
15602,de,en,0.9999970646311671,,en,True,False,automatic_detection,de_en_label_mismatch_retained
15614,de,en,0.9999988283563226,,en,True,False,automatic_detection,de_en_label_mismatch_retained
15615,de,en,0.9999969326938656,,en,True,False,automatic_detection,de_en_label_mismatch_retained
15623,de,en,0.9999973410981553,,en,True,False,automatic_detection,de_en_label_mismatch_retained
15626,de,en,0.9999984150878258,,en,True,False,automatic_detection,de_en_label_mismatch_retained
15634,de,en,0.9999967535490331,,en,True,False,automatic_detection,de_en_label_mismatch_retained
15638,de,en,0.9999976054192465,,en,True,False,automatic_detection,de_en_label_mismatch_retained
15639,de,en,0.9999972276399167,,en,True,False,automatic_detection,de_en_label_mismatch_retained
15644,de,en,0.9999934123067913,,en,True,False,automatic_detection,de_en_label_mismatch_retained
15646,de,en,0.9999965582173957,,en,True,False,automatic_detection,de_en_label_mismatch_retained
15650,de,en,0.999997871109613,,en,True,False,automatic_detection,de_en_label_mismatch_retained
15651,de,en,0.9999969523917065,,en,True,False,automatic_detection,de_en_label_mismatch_retained
15653,de,en,0.9999967753764607,,en,True,False,automatic_detection,de_en_label_mismatch_retained
15657,de,en,0.9999981143367882,,en,True,False,automatic_detection,de_en_label_mismatch_retained
15667,de,en,0.9999966745740071,,en,True,False,automatic_detection,de_en_label_mismatch_retained
15675,de,en,0.9999942870152227,,en,True,False,automatic_detection,de_en_label_mismatch_retained
15678,de,en,0.9999980802853933,,en,True,False,automatic_detection,de_en_label_mismatch_retained
15693,de,en,0.9999968137960313,,en,True,False,automatic_detection,de_en_label_mismatch_retained
15700,de,en,0.9999973695447646,,en,True,False,automatic_detection,de_en_label_mismatch_retained
15704,de,en,0.9999971060098725,,en,True,False,automatic_detection,de_en_label_mismatch_retained
15705,de,en,0.9999965961603009,,en,True,False,automatic_detection,de_en_label_mismatch_retained
15714,de,en,0.8571389289764522,,en,True,False,automatic_detection,de_en_label_mismatch_retained
15717,de,en,0.9999959011918325,,en,True,False,automatic_detection,de_en_label_mismatch_retained
15722,de,en,0.9999939683358516,,en,True,False,automatic_detection,de_en_label_mismatch_retained
15731,de,en,0.9999972519679836,,en,True,False,automatic_detection,de_en_label_mismatch_retained
15734,de,en,0.9999967160730203,,en,True,False,automatic_detection,de_en_label_mismatch_retained
15741,de,en,0.9999955583175006,,en,True,False,automatic_detection,de_en_label_mismatch_retained
15743,de,en,0.9999957404904327,,en,True,False,automatic_detection,de_en_label_mismatch_retained
15752,de,en,0.857139752959769,,en,True,False,automatic_detection,de_en_label_mismatch_retained
15764,de,en,0.9999973456144331,,en,True,False,automatic_detection,de_en_label_mismatch_retained
15774,de,en,0.999994669759081,,en,True,False,automatic_detection,de_en_label_mismatch_retained
15776,de,en,0.9999970298330144,,en,True,False,automatic_detection,de_en_label_mismatch_retained
15782,de,en,0.9999969847708499,,en,True,False,automatic_detection,de_en_label_mismatch_retained
15810,de,en,0.9999953182972321,,en,True,False,automatic_detection,de_en_label_mismatch_retained
15813,de,en,0.9999954462734167,,en,True,False,automatic_detection,de_en_label_mismatch_retained
15820,de,en,0.9999971929961646,,en,True,False,automatic_detection,de_en_label_mismatch_retained
15830,de,en,0.9999961742278521,,en,True,False,automatic_detection,de_en_label_mismatch_retained
15837,de,en,0.9999952450299975,,en,True,False,automatic_detection,de_en_label_mismatch_retained
15843,de,en,0.9999959161661591,,en,True,False,automatic_detection,de_en_label_mismatch_retained
15866,de,en,0.9999949518741635,,en,True,False,automatic_detection,de_en_label_mismatch_retained
15867,de,en,0.9999968583427504,,en,True,False,automatic_detection,de_en_label_mismatch_retained
15871,de,en,0.9999949560324123,,en,True,False,automatic_detection,de_en_label_mismatch_retained
15875,de,en,0.9999982875261734,,en,True,False,automatic_detection,de_en_label_mismatch_retained
15880,de,en,0.9999955624309166,,en,True,False,automatic_detection,de_en_label_mismatch_retained
15883,de,en,0.9999956367814358,,en,True,False,automatic_detection,de_en_label_mismatch_retained
15885,de,en,0.9999973612370687,,en,True,False,automatic_detection,de_en_label_mismatch_retained
15896,de,en,0.9999953723053682,,en,True,False,automatic_detection,de_en_label_mismatch_retained
15903,de,en,0.9999974591371142,,en,True,False,automatic_detection,de_en_label_mismatch_retained
15920,de,en,0.999996734442157,,en,True,False,automatic_detection,de_en_label_mismatch_retained
15923,de,en,0.9999972275808853,,en,True,False,automatic_detection,de_en_label_mismatch_retained
15942,de,en,0.9999974653125262,,en,True,False,automatic_detection,de_en_label_mismatch_retained
15949,de,en,0.9999980488292501,,en,True,False,automatic_detection,de_en_label_mismatch_retained
15959,de,en,0.9999964436868201,,en,True,False,automatic_detection,de_en_label_mismatch_retained
15967,de,en,0.9999946254632784,,en,True,False,automatic_detection,de_en_label_mismatch_retained
15974,de,en,0.9999983686593341,,en,True,False,automatic_detection,de_en_label_mismatch_retained
15985,de,en,0.9999965099946501,,en,True,False,automatic_detection,de_en_label_mismatch_retained
16001,de,en,0.9999971201154013,,en,True,False,automatic_detection,de_en_label_mismatch_retained
16003,de,en,0.9999968564459316,,en,True,False,automatic_detection,de_en_label_mismatch_retained
16004,de,en,0.9999964713037748,,en,True,False,automatic_detection,de_en_label_mismatch_retained
16020,de,en,0.9999976937340244,,en,True,False,automatic_detection,de_en_label_mismatch_retained
16036,de,en,0.9999963926713287,,en,True,False,automatic_detection,de_en_label_mismatch_retained
16037,de,en,0.9999966436166254,,en,True,False,automatic_detection,de_en_label_mismatch_retained
16042,de,en,0.9999974223555385,,en,True,False,automatic_detection,de_en_label_mismatch_retained
16060,de,en,0.999996104163593,,en,True,False,automatic_detection,de_en_label_mismatch_retained
16063,de,en,0.9999954767347558,,en,True,False,automatic_detection,de_en_label_mismatch_retained
16064,de,en,0.9999956312095815,,en,True,False,automatic_detection,de_en_label_mismatch_retained
16085,de,en,0.9999958785972031,,en,True,False,automatic_detection,de_en_label_mismatch_retained
16116,de,en,0.9999978075664262,,en,True,False,automatic_detection,de_en_label_mismatch_retained
16130,de,en,0.9999953080248248,,en,True,False,automatic_detection,de_en_label_mismatch_retained
16131,de,en,0.85714035427471,,en,True,False,automatic_detection,de_en_label_mismatch_retained
16136,de,en,0.9999976687207052,,en,True,False,automatic_detection,de_en_label_mismatch_retained
16143,de,en,0.9999954076713621,,en,True,False,automatic_detection,de_en_label_mismatch_retained
16150,de,en,0.9999965175561414,,en,True,False,automatic_detection,de_en_label_mismatch_retained
16154,de,en,0.9999985585709144,,en,True,False,automatic_detection,de_en_label_mismatch_retained
16161,de,en,0.9999959042491579,,en,True,False,automatic_detection,de_en_label_mismatch_retained
16167,de,en,0.9999968347204821,,en,True,False,automatic_detection,de_en_label_mismatch_retained
16174,de,en,0.9999972351381133,,en,True,False,automatic_detection,de_en_label_mismatch_retained
16176,de,en,0.9999963905992748,,en,True,False,automatic_detection,de_en_label_mismatch_retained
16178,de,en,0.9999954247424542,,en,True,False,automatic_detection,de_en_label_mismatch_retained
16189,de,en,0.9999945100369387,,en,True,False,automatic_detection,de_en_label_mismatch_retained
16193,de,en,0.9999951789030497,,en,True,False,automatic_detection,de_en_label_mismatch_retained
16199,de,en,0.9999968444659888,,en,True,False,automatic_detection,de_en_label_mismatch_retained
16212,de,en,0.9999977021847226,,en,True,False,automatic_detection,de_en_label_mismatch_retained
16230,de,en,0.9999981871958712,,en,True,False,automatic_detection,de_en_label_mismatch_retained
16233,de,en,0.9999984939526712,,en,True,False,automatic_detection,de_en_label_mismatch_retained
16240,de,en,0.9999977878303392,,en,True,False,automatic_detection,de_en_label_mismatch_retained
16250,de,en,0.9999957325344504,,en,True,False,automatic_detection,de_en_label_mismatch_retained
16252,de,en,0.9999972789299428,,en,True,False,automatic_detection,de_en_label_mismatch_retained
16263,de,en,0.9999945444338361,,en,True,False,automatic_detection,de_en_label_mismatch_retained
16265,de,en,0.9999950553932078,,en,True,False,automatic_detection,de_en_label_mismatch_retained
16266,de,en,0.9999955320906964,,en,True,False,automatic_detection,de_en_label_mismatch_retained
16268,de,en,0.9999975997932959,,en,True,False,automatic_detection,de_en_label_mismatch_retained
16272,de,en,0.9999968306491827,,en,True,False,automatic_detection,de_en_label_mismatch_retained
16273,de,en,0.9999946798367867,,en,True,False,automatic_detection,de_en_label_mismatch_retained
16276,de,en,0.9999952631054934,,en,True,False,automatic_detection,de_en_label_mismatch_retained
16278,de,en,0.9999976885811228,,en,True,False,automatic_detection,de_en_label_mismatch_retained
16291,de,en,0.9999962912338686,,en,True,False,automatic_detection,de_en_label_mismatch_retained
16313,de,en,0.9999965017962157,,en,True,False,automatic_detection,de_en_label_mismatch_retained
16328,de,en,0.9999945957063828,,en,True,False,automatic_detection,de_en_label_mismatch_retained
16347,de,en,0.9999982703931114,,en,True,False,automatic_detection,de_en_label_mismatch_retained
16348,de,en,0.9999950636257361,,en,True,False,automatic_detection,de_en_label_mismatch_retained
16353,de,en,0.999996407907092,,en,True,False,automatic_detection,de_en_label_mismatch_retained
16356,de,en,0.9999966351258528,,en,True,False,automatic_detection,de_en_label_mismatch_retained
16361,de,en,0.9999972060450604,,en,True,False,automatic_detection,de_en_label_mismatch_retained
16373,de,en,0.9999962674904642,,en,True,False,automatic_detection,de_en_label_mismatch_retained
16375,de,en,0.9999961139581692,,en,True,False,automatic_detection,de_en_label_mismatch_retained
16376,de,en,0.9999971028458742,,en,True,False,automatic_detection,de_en_label_mismatch_retained
16379,de,en,0.9999972308345957,,en,True,False,automatic_detection,de_en_label_mismatch_retained
16381,de,en,0.9999945860175894,,en,True,False,automatic_detection,de_en_label_mismatch_retained
16393,de,en,0.9999964244629505,,en,True,False,automatic_detection,de_en_label_mismatch_retained
16398,de,en,0.9999966360300467,,en,True,False,automatic_detection,de_en_label_mismatch_retained
16403,de,en,0.9999976518587341,,en,True,False,automatic_detection,de_en_label_mismatch_retained
16410,de,en,0.9999958548607917,,en,True,False,automatic_detection,de_en_label_mismatch_retained
16412,de,en,0.9999957002882156,,en,True,False,automatic_detection,de_en_label_mismatch_retained
16415,de,en,0.9999953236957215,,en,True,False,automatic_detection,de_en_label_mismatch_retained
16418,de,en,0.999998643670428,,en,True,False,automatic_detection,de_en_label_mismatch_retained
16422,de,en,0.9999974768156752,,en,True,False,automatic_detection,de_en_label_mismatch_retained
16425,de,en,0.9999950134396725,,en,True,False,automatic_detection,de_en_label_mismatch_retained
16427,de,en,0.9999965691986592,,en,True,False,automatic_detection,de_en_label_mismatch_retained
16431,de,en,0.9999965343141035,,en,True,False,automatic_detection,de_en_label_mismatch_retained
16446,de,en,0.9999939158846013,,en,True,False,automatic_detection,de_en_label_mismatch_retained
16447,de,en,0.9999973734906399,,en,True,False,automatic_detection,de_en_label_mismatch_retained
16465,de,en,0.9999978596195207,,en,True,False,automatic_detection,de_en_label_mismatch_retained
16474,de,en,0.9999978519073537,,en,True,False,automatic_detection,de_en_label_mismatch_retained
16478,de,en,0.9999978264174241,,en,True,False,automatic_detection,de_en_label_mismatch_retained
16481,de,en,0.9999970227209787,,en,True,False,automatic_detection,de_en_label_mismatch_retained
16503,de,en,0.999995834102264,,en,True,False,automatic_detection,de_en_label_mismatch_retained
16505,de,en,0.9999968198503245,,en,True,False,automatic_detection,de_en_label_mismatch_retained
16516,de,en,0.9999973466669697,,en,True,False,automatic_detection,de_en_label_mismatch_retained
16518,de,en,0.9999966253427409,,en,True,False,automatic_detection,de_en_label_mismatch_retained
16528,de,en,0.9999967057281947,,en,True,False,automatic_detection,de_en_label_mismatch_retained
16530,de,en,0.9999984659592522,,en,True,False,automatic_detection,de_en_label_mismatch_retained
16550,de,en,0.9999954183493558,,en,True,False,automatic_detection,de_en_label_mismatch_retained
16568,de,en,0.9999962813559855,,en,True,False,automatic_detection,de_en_label_mismatch_retained
16571,de,en,0.9999970442152484,,en,True,False,automatic_detection,de_en_label_mismatch_retained
16575,de,en,0.9999975171219848,,en,True,False,automatic_detection,de_en_label_mismatch_retained
16585,de,en,0.9999984108746218,,en,True,False,automatic_detection,de_en_label_mismatch_retained
16588,de,en,0.9999974930183685,,en,True,False,automatic_detection,de_en_label_mismatch_retained
16590,de,en,0.9999972805431033,,en,True,False,automatic_detection,de_en_label_mismatch_retained
16616,de,en,0.9999945891977409,,en,True,False,automatic_detection,de_en_label_mismatch_retained
16617,de,en,0.9999971530036662,,en,True,False,automatic_detection,de_en_label_mismatch_retained
16620,de,en,0.9999961948667213,,en,True,False,automatic_detection,de_en_label_mismatch_retained
16622,de,en,0.9999968517295881,,en,True,False,automatic_detection,de_en_label_mismatch_retained
16624,de,en,0.9999957411279276,,en,True,False,automatic_detection,de_en_label_mismatch_retained
16640,de,en,0.8571403115020821,,en,True,False,automatic_detection,de_en_label_mismatch_retained
16641,de,en,0.9999949551938955,,en,True,False,automatic_detection,de_en_label_mismatch_retained
16644,de,en,0.9999951035963126,,en,True,False,automatic_detection,de_en_label_mismatch_retained
16653,de,en,0.9999968411023521,,en,True,False,automatic_detection,de_en_label_mismatch_retained
16657,de,en,0.9999969922028693,,en,True,False,automatic_detection,de_en_label_mismatch_retained
16659,de,en,0.999997371145771,,en,True,False,automatic_detection,de_en_label_mismatch_retained
16666,de,en,0.9999966724073601,,en,True,False,automatic_detection,de_en_label_mismatch_retained
16667,de,en,0.9999965893931893,,en,True,False,automatic_detection,de_en_label_mismatch_retained
16669,de,en,0.9999975018744998,,en,True,False,automatic_detection,de_en_label_mismatch_retained
16670,de,en,0.9999992018005799,,en,True,False,automatic_detection,de_en_label_mismatch_retained
16677,en,en,0.5714267483492088,,en,False,False,declared_label_fallback_uncertain_detection,language_detection_uncertain
16678,de,en,0.9999984676760973,,en,True,False,automatic_detection,de_en_label_mismatch_retained
16691,de,en,0.9999964461316644,,en,True,False,automatic_detection,de_en_label_mismatch_retained
16697,de,en,0.9999974301825398,,en,True,False,automatic_detection,de_en_label_mismatch_retained
16708,de,en,0.9999957681309352,,en,True,False,automatic_detection,de_en_label_mismatch_retained
16721,de,en,0.9999954009037858,,en,True,False,automatic_detection,de_en_label_mismatch_retained
16723,de,en,0.9999947136946019,,en,True,False,automatic_detection,de_en_label_mismatch_retained
16730,de,en,0.9999978917318149,,en,True,False,automatic_detection,de_en_label_mismatch_retained
16739,de,en,0.9999966976617842,,en,True,False,automatic_detection,de_en_label_mismatch_retained
16741,de,en,0.9999974144101313,,en,True,False,automatic_detection,de_en_label_mismatch_retained
16744,de,en,0.9999960747625425,,en,True,False,automatic_detection,de_en_label_mismatch_retained
16751,de,en,0.9999958807824428,,en,True,False,automatic_detection,de_en_label_mismatch_retained
16772,de,en,0.9999945703746319,,en,True,False,automatic_detection,de_en_label_mismatch_retained
16775,de,en,0.9999968187636263,,en,True,False,automatic_detection,de_en_label_mismatch_retained
16788,de,en,0.9999975818588916,,en,True,False,automatic_detection,de_en_label_mismatch_retained
16794,de,en,0.9999955532380737,,en,True,False,automatic_detection,de_en_label_mismatch_retained
16807,de,en,0.9999970471397348,,en,True,False,automatic_detection,de_en_label_mismatch_retained
16824,en,en,0.5714276828818995,,en,False,False,declared_label_fallback_uncertain_detection,language_detection_uncertain
16828,de,en,0.9999977330266253,,en,True,False,automatic_detection,de_en_label_mismatch_retained
16833,de,en,0.9999965872579368,,en,True,False,automatic_detection,de_en_label_mismatch_retained
16840,de,en,0.9999971224022965,,en,True,False,automatic_detection,de_en_label_mismatch_retained
16843,de,en,0.9999964065625541,,en,True,False,automatic_detection,de_en_label_mismatch_retained
16844,de,en,0.9999969132793196,,en,True,False,automatic_detection,de_en_label_mismatch_retained
16846,de,en,0.9999953356743412,,en,True,False,automatic_detection,de_en_label_mismatch_retained
16855,de,en,0.9999963717273143,,en,True,False,automatic_detection,de_en_label_mismatch_retained
16857,de,en,0.9999964910808666,,en,True,False,automatic_detection,de_en_label_mismatch_retained
16865,de,en,0.9999949336234265,,en,True,False,automatic_detection,de_en_label_mismatch_retained
16874,de,en,0.9999963069602513,,en,True,False,automatic_detection,de_en_label_mismatch_retained
16878,de,en,0.9999924362154697,,en,True,False,automatic_detection,de_en_label_mismatch_retained
16885,de,en,0.9999960791099318,,en,True,False,automatic_detection,de_en_label_mismatch_retained
16890,de,en,0.999998095771212,,en,True,False,automatic_detection,de_en_label_mismatch_retained
16891,de,en,0.9999967397883616,,en,True,False,automatic_detection,de_en_label_mismatch_retained
16896,de,en,0.9999966354543065,,en,True,False,automatic_detection,de_en_label_mismatch_retained
16903,de,en,0.9999961500696982,,en,True,False,automatic_detection,de_en_label_mismatch_retained
16917,de,en,0.9999968710204588,,en,True,False,automatic_detection,de_en_label_mismatch_retained
16919,de,en,0.9999954019390757,,en,True,False,automatic_detection,de_en_label_mismatch_retained
16922,de,en,0.9999965870271654,,en,True,False,automatic_detection,de_en_label_mismatch_retained
16926,de,en,0.9999964288665549,,en,True,False,automatic_detection,de_en_label_mismatch_retained
16957,de,en,0.9999972214929971,,en,True,False,automatic_detection,de_en_label_mismatch_retained
16959,de,en,0.9999985458654995,,en,True,False,automatic_detection,de_en_label_mismatch_retained
16965,de,en,0.9999978673842549,,en,True,False,automatic_detection,de_en_label_mismatch_retained
16970,de,en,0.9999978123198566,,en,True,False,automatic_detection,de_en_label_mismatch_retained
16991,de,en,0.9999971117661619,,en,True,False,automatic_detection,de_en_label_mismatch_retained
16997,de,en,0.9999970943609191,,en,True,False,automatic_detection,de_en_label_mismatch_retained
17005,de,en,0.9999951725472969,,en,True,False,automatic_detection,de_en_label_mismatch_retained
17011,de,en,0.9999934766678111,,en,True,False,automatic_detection,de_en_label_mismatch_retained
17017,de,en,0.9999982419875861,,en,True,False,automatic_detection,de_en_label_mismatch_retained
17020,de,en,0.9999980330258894,,en,True,False,automatic_detection,de_en_label_mismatch_retained
17031,de,en,0.9999967928333675,,en,True,False,automatic_detection,de_en_label_mismatch_retained
17049,de,en,0.9999960971340125,,en,True,False,automatic_detection,de_en_label_mismatch_retained
17052,de,en,0.9999944432806721,,en,True,False,automatic_detection,de_en_label_mismatch_retained
17055,de,en,0.9999951343059172,,en,True,False,automatic_detection,de_en_label_mismatch_retained
17078,de,en,0.9999990495890362,,en,True,False,automatic_detection,de_en_label_mismatch_retained
17082,de,en,0.9999975217660142,,en,True,False,automatic_detection,de_en_label_mismatch_retained
17084,de,en,0.9999973537596477,,en,True,False,automatic_detection,de_en_label_mismatch_retained
17096,de,en,0.9999978737937824,,en,True,False,automatic_detection,de_en_label_mismatch_retained
17123,de,en,0.9999965682138776,,en,True,False,automatic_detection,de_en_label_mismatch_retained
17126,de,en,0.9999967567926917,,en,True,False,automatic_detection,de_en_label_mismatch_retained
17128,de,en,0.9999967251578388,,en,True,False,automatic_detection,de_en_label_mismatch_retained
17135,de,en,0.9999971790025035,,en,True,False,automatic_detection,de_en_label_mismatch_retained
17140,de,en,0.9999965881718752,,en,True,False,automatic_detection,de_en_label_mismatch_retained
17146,de,en,0.999997136681814,,en,True,False,automatic_detection,de_en_label_mismatch_retained
17147,de,en,0.9999974141796346,,en,True,False,automatic_detection,de_en_label_mismatch_retained
17149,de,en,0.9999973029295868,,en,True,False,automatic_detection,de_en_label_mismatch_retained
17151,de,en,0.9999968165096607,,en,True,False,automatic_detection,de_en_label_mismatch_retained
17152,de,en,0.9999964832387189,,en,True,False,automatic_detection,de_en_label_mismatch_retained
17160,de,en,0.9999977248808488,,en,True,False,automatic_detection,de_en_label_mismatch_retained
17171,de,en,0.9999948773158083,,en,True,False,automatic_detection,de_en_label_mismatch_retained
17174,de,en,0.9999956846681047,,en,True,False,automatic_detection,de_en_label_mismatch_retained
17175,de,en,0.9999956154249858,,en,True,False,automatic_detection,de_en_label_mismatch_retained
17177,de,en,0.9999968564451727,,en,True,False,automatic_detection,de_en_label_mismatch_retained
17182,de,en,0.9999959284938749,,en,True,False,automatic_detection,de_en_label_mismatch_retained
17199,de,en,0.9999968370411663,,en,True,False,automatic_detection,de_en_label_mismatch_retained
17204,de,en,0.9999983333445335,,en,True,False,automatic_detection,de_en_label_mismatch_retained
17208,de,en,0.9999967369609466,,en,True,False,automatic_detection,de_en_label_mismatch_retained
17213,de,en,0.9999971966852139,,en,True,False,automatic_detection,de_en_label_mismatch_retained
17226,de,en,0.9999963779003755,,en,True,False,automatic_detection,de_en_label_mismatch_retained
17227,de,en,0.9999967428275472,,en,True,False,automatic_detection,de_en_label_mismatch_retained
17238,de,en,0.9999971357144315,,en,True,False,automatic_detection,de_en_label_mismatch_retained
17245,de,en,0.9999955442693155,,en,True,False,automatic_detection,de_en_label_mismatch_retained
17247,de,en,0.9999973183863751,,en,True,False,automatic_detection,de_en_label_mismatch_retained
17250,de,en,0.99999596693132,,en,True,False,automatic_detection,de_en_label_mismatch_retained
17252,de,en,0.9999969718658986,,en,True,False,automatic_detection,de_en_label_mismatch_retained
17253,de,en,0.9999980387558616,,en,True,False,automatic_detection,de_en_label_mismatch_retained
17273,de,en,0.999997492951779,,en,True,False,automatic_detection,de_en_label_mismatch_retained
17278,de,en,0.9999962674073108,,en,True,False,automatic_detection,de_en_label_mismatch_retained
17279,de,en,0.9999982112594689,,en,True,False,automatic_detection,de_en_label_mismatch_retained
17286,de,en,0.9999957047838028,,en,True,False,automatic_detection,de_en_label_mismatch_retained
17289,en,nl,0.7142841861590672,en,en,False,False,manual_review,target_language_confirmed_manually
17290,de,en,0.9999965965649085,,en,True,False,automatic_detection,de_en_label_mismatch_retained
17294,de,en,0.9999953963487953,,en,True,False,automatic_detection,de_en_label_mismatch_retained
17296,de,en,0.9999969974344427,,en,True,False,automatic_detection,de_en_label_mismatch_retained
17311,en,fr,0.5714264610648141,en,en,False,False,manual_review,target_language_confirmed_manually
17328,de,en,0.9999942181091648,,en,True,False,automatic_detection,de_en_label_mismatch_retained
17346,de,en,0.99999595896931,,en,True,False,automatic_detection,de_en_label_mismatch_retained
17352,de,en,0.9999962429038682,,en,True,False,automatic_detection,de_en_label_mismatch_retained
17353,de,en,0.999996098790887,,en,True,False,automatic_detection,de_en_label_mismatch_retained
17360,de,en,0.9999971975467561,,en,True,False,automatic_detection,de_en_label_mismatch_retained
17374,de,en,0.9999972294666926,,en,True,False,automatic_detection,de_en_label_mismatch_retained
17384,de,en,0.9999963628473335,,en,True,False,automatic_detection,de_en_label_mismatch_retained
17386,de,en,0.9999962984465258,,en,True,False,automatic_detection,de_en_label_mismatch_retained
17390,de,en,0.9999967769938075,,en,True,False,automatic_detection,de_en_label_mismatch_retained
17429,de,en,0.999996800226199,,en,True,False,automatic_detection,de_en_label_mismatch_retained
17430,de,en,0.9999968908506311,,en,True,False,automatic_detection,de_en_label_mismatch_retained
17432,de,en,0.9999962159003213,,en,True,False,automatic_detection,de_en_label_mismatch_retained
17434,de,en,0.9999948274792053,,en,True,False,automatic_detection,de_en_label_mismatch_retained
17447,de,en,0.9999944166434231,,en,True,False,automatic_detection,de_en_label_mismatch_retained
17461,de,en,0.9999953949036984,,en,True,False,automatic_detection,de_en_label_mismatch_retained
17466,de,en,0.9999968075038307,,en,True,False,automatic_detection,de_en_label_mismatch_retained
17468,de,en,0.9999984772475596,,en,True,False,automatic_detection,de_en_label_mismatch_retained
17479,de,en,0.9999953783588601,,en,True,False,automatic_detection,de_en_label_mismatch_retained
17483,de,en,0.9999967939966343,,en,True,False,automatic_detection,de_en_label_mismatch_retained
17486,de,en,0.9999958638058208,,en,True,False,automatic_detection,de_en_label_mismatch_retained
17488,de,en,0.9999965170112053,,en,True,False,automatic_detection,de_en_label_mismatch_retained
17507,de,en,0.9999943573879349,,en,True,False,automatic_detection,de_en_label_mismatch_retained
17519,de,en,0.9999967697558991,,en,True,False,automatic_detection,de_en_label_mismatch_retained
17522,de,en,0.999996744885066,,en,True,False,automatic_detection,de_en_label_mismatch_retained
17530,de,en,0.9999971610317936,,en,True,False,automatic_detection,de_en_label_mismatch_retained
17531,de,en,0.9999981817352647,,en,True,False,automatic_detection,de_en_label_mismatch_retained
17546,de,en,0.9999961986381253,,en,True,False,automatic_detection,de_en_label_mismatch_retained
17559,de,en,0.9999971293470279,,en,True,False,automatic_detection,de_en_label_mismatch_retained
17560,de,en,0.9999981529107907,,en,True,False,automatic_detection,de_en_label_mismatch_retained
17569,de,en,0.9999959555864586,,en,True,False,automatic_detection,de_en_label_mismatch_retained
17575,de,en,0.9999954776202624,,en,True,False,automatic_detection,de_en_label_mismatch_retained
17583,de,en,0.9999965182931398,,en,True,False,automatic_detection,de_en_label_mismatch_retained
17588,de,en,0.9999951092395594,,en,True,False,automatic_detection,de_en_label_mismatch_retained
17589,de,en,0.9999961035524978,,en,True,False,automatic_detection,de_en_label_mismatch_retained
17591,de,en,0.9999969746437997,,en,True,False,automatic_detection,de_en_label_mismatch_retained
17603,de,en,0.9999967628557545,,en,True,False,automatic_detection,de_en_label_mismatch_retained
17632,de,en,0.9999951032863554,,en,True,False,automatic_detection,de_en_label_mismatch_retained
17634,de,en,0.9999944812179523,,en,True,False,automatic_detection,de_en_label_mismatch_retained
17635,de,en,0.9999961955613184,,en,True,False,automatic_detection,de_en_label_mismatch_retained
17645,de,en,0.9999958114266909,,en,True,False,automatic_detection,de_en_label_mismatch_retained
17652,de,en,0.9999962548363168,,en,True,False,automatic_detection,de_en_label_mismatch_retained
17653,de,en,0.9999969116742613,,en,True,False,automatic_detection,de_en_label_mismatch_retained
17654,de,en,0.9999955225033905,,en,True,False,automatic_detection,de_en_label_mismatch_retained
17665,de,en,0.9999966686607582,,en,True,False,automatic_detection,de_en_label_mismatch_retained
17668,de,en,0.9999956109552034,,en,True,False,automatic_detection,de_en_label_mismatch_retained
17672,de,en,0.9999974875173923,,en,True,False,automatic_detection,de_en_label_mismatch_retained
17677,de,en,0.9999957352874804,,en,True,False,automatic_detection,de_en_label_mismatch_retained
17683,de,en,0.9999968442987127,,en,True,False,automatic_detection,de_en_label_mismatch_retained
17700,de,en,0.9999971078435674,,en,True,False,automatic_detection,de_en_label_mismatch_retained
17711,de,en,0.9999960471919007,,en,True,False,automatic_detection,de_en_label_mismatch_retained
17717,de,en,0.9999956628031892,,en,True,False,automatic_detection,de_en_label_mismatch_retained
17729,de,en,0.9999971746384905,,en,True,False,automatic_detection,de_en_label_mismatch_retained
17734,de,en,0.9999964175739877,,en,True,False,automatic_detection,de_en_label_mismatch_retained
17749,de,en,0.9999966981990424,,en,True,False,automatic_detection,de_en_label_mismatch_retained
17754,de,en,0.9999959115819864,,en,True,False,automatic_detection,de_en_label_mismatch_retained
17764,de,en,0.9999981024009731,,en,True,False,automatic_detection,de_en_label_mismatch_retained
17770,de,en,0.9999978303271343,,en,True,False,automatic_detection,de_en_label_mismatch_retained
17771,de,en,0.9999971528309454,,en,True,False,automatic_detection,de_en_label_mismatch_retained
17774,de,en,0.9999964101330199,,en,True,False,automatic_detection,de_en_label_mismatch_retained
17797,de,en,0.999995612796645,,en,True,False,automatic_detection,de_en_label_mismatch_retained
17801,de,en,0.9999962235906075,,en,True,False,automatic_detection,de_en_label_mismatch_retained
17804,de,en,0.9999961189057974,,en,True,False,automatic_detection,de_en_label_mismatch_retained
17808,de,en,0.999997008473895,,en,True,False,automatic_detection,de_en_label_mismatch_retained
17824,de,en,0.9999945763124785,,en,True,False,automatic_detection,de_en_label_mismatch_retained
17837,de,en,0.9999947117823925,,en,True,False,automatic_detection,de_en_label_mismatch_retained
17846,de,en,0.9999976489313348,,en,True,False,automatic_detection,de_en_label_mismatch_retained
17857,de,en,0.9999958293379414,,en,True,False,automatic_detection,de_en_label_mismatch_retained
17863,de,en,0.9999952546239184,,en,True,False,automatic_detection,de_en_label_mismatch_retained
17871,de,en,0.9999968156730401,,en,True,False,automatic_detection,de_en_label_mismatch_retained
17872,de,en,0.9999975000060861,,en,True,False,automatic_detection,de_en_label_mismatch_retained
17876,de,en,0.9999966299810354,,en,True,False,automatic_detection,de_en_label_mismatch_retained
17889,de,en,0.9999948643399067,,en,True,False,automatic_detection,de_en_label_mismatch_retained
17894,de,en,0.9999966317468738,,en,True,False,automatic_detection,de_en_label_mismatch_retained
17912,de,en,0.9999946613513143,,en,True,False,automatic_detection,de_en_label_mismatch_retained
17923,de,en,0.9999979956251525,,en,True,False,automatic_detection,de_en_label_mismatch_retained
17929,de,en,0.9999969771549764,,en,True,False,automatic_detection,de_en_label_mismatch_retained
17935,de,en,0.9999953805227154,,en,True,False,automatic_detection,de_en_label_mismatch_retained
17940,de,en,0.9999962084109384,,en,True,False,automatic_detection,de_en_label_mismatch_retained
17952,de,en,0.9999966396328914,,en,True,False,automatic_detection,de_en_label_mismatch_retained
17966,de,en,0.9999970540707367,,en,True,False,automatic_detection,de_en_label_mismatch_retained
17970,en,ca,0.5714272698223019,en,en,False,False,manual_review,target_language_confirmed_manually
17974,de,en,0.9999944545689753,,en,True,False,automatic_detection,de_en_label_mismatch_retained
17977,de,en,0.9999953828964099,,en,True,False,automatic_detection,de_en_label_mismatch_retained
17996,de,en,0.8571388994545173,,en,True,False,automatic_detection,de_en_label_mismatch_retained
17997,de,en,0.9999971972062198,,en,True,False,automatic_detection,de_en_label_mismatch_retained
18002,de,en,0.9999975368382333,,en,True,False,automatic_detection,de_en_label_mismatch_retained
18005,de,en,0.999996958627312,,en,True,False,automatic_detection,de_en_label_mismatch_retained
18019,de,en,0.999996378073546,,en,True,False,automatic_detection,de_en_label_mismatch_retained
18027,de,en,0.9999975284191157,,en,True,False,automatic_detection,de_en_label_mismatch_retained
18033,de,en,0.9999969563238704,,en,True,False,automatic_detection,de_en_label_mismatch_retained
18035,de,en,0.9999973107136461,,en,True,False,automatic_detection,de_en_label_mismatch_retained
18039,de,en,0.9999971354759437,,en,True,False,automatic_detection,de_en_label_mismatch_retained
18041,de,en,0.999995921699547,,en,True,False,automatic_detection,de_en_label_mismatch_retained
18047,de,en,0.9999971950444843,,en,True,False,automatic_detection,de_en_label_mismatch_retained
18053,de,en,0.999996232597872,,en,True,False,automatic_detection,de_en_label_mismatch_retained
18054,de,en,0.9999987253369562,,en,True,False,automatic_detection,de_en_label_mismatch_retained
18069,de,en,0.9999967447279567,,en,True,False,automatic_detection,de_en_label_mismatch_retained
18070,de,en,0.9999967148480475,,en,True,False,automatic_detection,de_en_label_mismatch_retained
18075,de,en,0.9999961982739025,,en,True,False,automatic_detection,de_en_label_mismatch_retained
18076,de,en,0.9999947750528876,,en,True,False,automatic_detection,de_en_label_mismatch_retained
18102,de,en,0.9999964347884519,,en,True,False,automatic_detection,de_en_label_mismatch_retained
18111,de,en,0.9999971541547287,,en,True,False,automatic_detection,de_en_label_mismatch_retained
18112,de,en,0.9999952434403431,,en,True,False,automatic_detection,de_en_label_mismatch_retained
18119,de,en,0.9999974436217698,,en,True,False,automatic_detection,de_en_label_mismatch_retained
18121,de,en,0.9999974749823792,,en,True,False,automatic_detection,de_en_label_mismatch_retained
18126,de,en,0.9999980209335811,,en,True,False,automatic_detection,de_en_label_mismatch_retained
18134,de,en,0.9999975696767036,,en,True,False,automatic_detection,de_en_label_mismatch_retained
18139,de,en,0.9999975530556874,,en,True,False,automatic_detection,de_en_label_mismatch_retained
18162,de,en,0.999998199780236,,en,True,False,automatic_detection,de_en_label_mismatch_retained
18173,de,en,0.9999956723137332,,en,True,False,automatic_detection,de_en_label_mismatch_retained
18175,de,en,0.9999959276593711,,en,True,False,automatic_detection,de_en_label_mismatch_retained
18182,de,en,0.9999953319924413,,en,True,False,automatic_detection,de_en_label_mismatch_retained
18183,de,en,0.9999991146942719,,en,True,False,automatic_detection,de_en_label_mismatch_retained
18185,de,en,0.9999966839932504,,en,True,False,automatic_detection,de_en_label_mismatch_retained
18194,de,en,0.9999971222058635,,en,True,False,automatic_detection,de_en_label_mismatch_retained
18196,de,en,0.9999977651682235,,en,True,False,automatic_detection,de_en_label_mismatch_retained
18208,de,en,0.9999956046877895,,en,True,False,automatic_detection,de_en_label_mismatch_retained
18209,de,en,0.9999970917296206,,en,True,False,automatic_detection,de_en_label_mismatch_retained
18222,de,en,0.9999951002626247,,en,True,False,automatic_detection,de_en_label_mismatch_retained
18223,de,en,0.9999968311984895,,en,True,False,automatic_detection,de_en_label_mismatch_retained
18233,de,en,0.9999945812130294,,en,True,False,automatic_detection,de_en_label_mismatch_retained
18235,de,en,0.9999936519919199,,en,True,False,automatic_detection,de_en_label_mismatch_retained
18236,de,en,0.9999946215411528,,en,True,False,automatic_detection,de_en_label_mismatch_retained
18243,de,en,0.9999966864018115,,en,True,False,automatic_detection,de_en_label_mismatch_retained
18258,de,en,0.999997613453557,,en,True,False,automatic_detection,de_en_label_mismatch_retained
18263,de,en,0.9999976685021413,,en,True,False,automatic_detection,de_en_label_mismatch_retained
18266,de,en,0.9999984512609112,,en,True,False,automatic_detection,de_en_label_mismatch_retained
18268,de,en,0.9999979968171642,,en,True,False,automatic_detection,de_en_label_mismatch_retained
18292,de,en,0.9999969463734342,,en,True,False,automatic_detection,de_en_label_mismatch_retained
18294,de,en,0.9999948120928193,,en,True,False,automatic_detection,de_en_label_mismatch_retained
18296,de,en,0.9999969546990951,,en,True,False,automatic_detection,de_en_label_mismatch_retained
18303,de,en,0.999995411226996,,en,True,False,automatic_detection,de_en_label_mismatch_retained
18305,de,en,0.9999965174135514,,en,True,False,automatic_detection,de_en_label_mismatch_retained
18309,de,en,0.999998140453291,,en,True,False,automatic_detection,de_en_label_mismatch_retained
18310,de,en,0.9999958172279724,,en,True,False,automatic_detection,de_en_label_mismatch_retained
18313,de,en,0.9999968664038138,,en,True,False,automatic_detection,de_en_label_mismatch_retained
18316,de,en,0.9999964112307813,,en,True,False,automatic_detection,de_en_label_mismatch_retained
18319,de,en,0.9999962355602517,,en,True,False,automatic_detection,de_en_label_mismatch_retained
18320,de,en,0.99999581376257,,en,True,False,automatic_detection,de_en_label_mismatch_retained
18326,de,en,0.999996906246721,,en,True,False,automatic_detection,de_en_label_mismatch_retained
18332,de,en,0.9999979162264495,,en,True,False,automatic_detection,de_en_label_mismatch_retained
18334,de,en,0.9999941365867674,,en,True,False,automatic_detection,de_en_label_mismatch_retained
18346,de,en,0.9999981358467459,,en,True,False,automatic_detection,de_en_label_mismatch_retained
18350,de,en,0.9999965527165448,,en,True,False,automatic_detection,de_en_label_mismatch_retained
18361,de,en,0.9999956616626352,,en,True,False,automatic_detection,de_en_label_mismatch_retained
18370,de,en,0.9999982419199291,,en,True,False,automatic_detection,de_en_label_mismatch_retained
18373,de,en,0.99999805569856,,en,True,False,automatic_detection,de_en_label_mismatch_retained
18394,de,en,0.9999973461019852,,en,True,False,automatic_detection,de_en_label_mismatch_retained
18415,de,en,0.9999945392533016,,en,True,False,automatic_detection,de_en_label_mismatch_retained
18419,de,en,0.9999947598283461,,en,True,False,automatic_detection,de_en_label_mismatch_retained
18431,de,en,0.9999976845825044,,en,True,False,automatic_detection,de_en_label_mismatch_retained
18434,de,en,0.9999968830878267,,en,True,False,automatic_detection,de_en_label_mismatch_retained
18436,de,en,0.9999949582388223,,en,True,False,automatic_detection,de_en_label_mismatch_retained
18453,de,en,0.9999949024192374,,en,True,False,automatic_detection,de_en_label_mismatch_retained
18470,de,en,0.9999970598363799,,en,True,False,automatic_detection,de_en_label_mismatch_retained
18486,de,en,0.9999937847346831,,en,True,False,automatic_detection,de_en_label_mismatch_retained
18493,de,en,0.9999966802604212,,en,True,False,automatic_detection,de_en_label_mismatch_retained
18512,de,en,0.9999957539014017,,en,True,False,automatic_detection,de_en_label_mismatch_retained
18514,de,en,0.9999988591442257,,en,True,False,automatic_detection,de_en_label_mismatch_retained
18521,en,fr,0.999997685591522,,en,False,True,excluded_non_target_language,non_target_language_detected_automatically
18531,de,en,0.9999966717133703,,en,True,False,automatic_detection,de_en_label_mismatch_retained
18540,de,en,0.9999952416972075,,en,True,False,automatic_detection,de_en_label_mismatch_retained
18544,de,en,0.9999963206869973,,en,True,False,automatic_detection,de_en_label_mismatch_retained
18551,de,en,0.9999972635890125,,en,True,False,automatic_detection,de_en_label_mismatch_retained
18568,de,en,0.9999975825810732,,en,True,False,automatic_detection,de_en_label_mismatch_retained
18572,de,en,0.9999966788184946,,en,True,False,automatic_detection,de_en_label_mismatch_retained
18586,de,en,0.9999967369272251,,en,True,False,automatic_detection,de_en_label_mismatch_retained
18591,de,en,0.9999957830485044,,en,True,False,automatic_detection,de_en_label_mismatch_retained
18596,de,en,0.9999970049617152,,en,True,False,automatic_detection,de_en_label_mismatch_retained
18611,de,en,0.9999974625916648,,en,True,False,automatic_detection,de_en_label_mismatch_retained
18617,de,en,0.9999971469709199,,en,True,False,automatic_detection,de_en_label_mismatch_retained
18618,de,en,0.9999980387243967,,en,True,False,automatic_detection,de_en_label_mismatch_retained
18623,de,en,0.9999970140984084,,en,True,False,automatic_detection,de_en_label_mismatch_retained
18640,de,en,0.9999982751658097,,en,True,False,automatic_detection,de_en_label_mismatch_retained
18642,de,en,0.9999948568148018,,en,True,False,automatic_detection,de_en_label_mismatch_retained
18644,de,en,0.9999945725647107,,en,True,False,automatic_detection,de_en_label_mismatch_retained
18650,de,en,0.9999976918998714,,en,True,False,automatic_detection,de_en_label_mismatch_retained
18656,de,en,0.9999972541200578,,en,True,False,automatic_detection,de_en_label_mismatch_retained
18680,de,en,0.9999961215054327,,en,True,False,automatic_detection,de_en_label_mismatch_retained
18682,de,en,0.9999969852776315,,en,True,False,automatic_detection,de_en_label_mismatch_retained
18689,de,en,0.9999961661200656,,en,True,False,automatic_detection,de_en_label_mismatch_retained
18698,de,en,0.9999962609170969,,en,True,False,automatic_detection,de_en_label_mismatch_retained
18711,de,en,0.999999134838305,,en,True,False,automatic_detection,de_en_label_mismatch_retained
18724,de,en,0.9999983634691013,,en,True,False,automatic_detection,de_en_label_mismatch_retained
18726,de,en,0.9999984611539505,,en,True,False,automatic_detection,de_en_label_mismatch_retained
18768,de,en,0.999997795703608,,en,True,False,automatic_detection,de_en_label_mismatch_retained
18777,de,en,0.9999946836113692,,en,True,False,automatic_detection,de_en_label_mismatch_retained
18781,de,en,0.9999973173733354,,en,True,False,automatic_detection,de_en_label_mismatch_retained
18782,de,en,0.9999974099191861,,en,True,False,automatic_detection,de_en_label_mismatch_retained
18807,de,en,0.9999959187101306,,en,True,False,automatic_detection,de_en_label_mismatch_retained
18810,de,en,0.999996033865525,,en,True,False,automatic_detection,de_en_label_mismatch_retained
18814,de,en,0.9999969510020105,,en,True,False,automatic_detection,de_en_label_mismatch_retained
18817,de,en,0.9999957767856731,,en,True,False,automatic_detection,de_en_label_mismatch_retained
18830,en,en,0.5714275111335598,,en,False,False,declared_label_fallback_uncertain_detection,language_detection_uncertain
18833,de,en,0.9999967714435531,,en,True,False,automatic_detection,de_en_label_mismatch_retained
18851,de,en,0.9999961852683044,,en,True,False,automatic_detection,de_en_label_mismatch_retained
18859,de,en,0.9999971218583041,,en,True,False,automatic_detection,de_en_label_mismatch_retained
18876,de,en,0.9999964381048643,,en,True,False,automatic_detection,de_en_label_mismatch_retained
18904,de,en,0.9999949345087855,,en,True,False,automatic_detection,de_en_label_mismatch_retained
18908,de,en,0.9999972553102535,,en,True,False,automatic_detection,de_en_label_mismatch_retained
18914,de,en,0.9999954599218102,,en,True,False,automatic_detection,de_en_label_mismatch_retained
18915,de,en,0.9999980551488714,,en,True,False,automatic_detection,de_en_label_mismatch_retained
18922,de,en,0.9999954933075945,,en,True,False,automatic_detection,de_en_label_mismatch_retained
18926,de,en,0.9999961529998909,,en,True,False,automatic_detection,de_en_label_mismatch_retained
18928,de,en,0.9999959961135515,,en,True,False,automatic_detection,de_en_label_mismatch_retained
18932,de,en,0.9999963213063312,,en,True,False,automatic_detection,de_en_label_mismatch_retained
18948,de,en,0.9999965167828442,,en,True,False,automatic_detection,de_en_label_mismatch_retained
18955,de,en,0.9999971472831657,,en,True,False,automatic_detection,de_en_label_mismatch_retained
18965,en,en,0.7142828838363913,en,en,False,False,manual_review,target_language_confirmed_manually
18974,de,en,0.9999969537960329,,en,True,False,automatic_detection,de_en_label_mismatch_retained
18975,de,en,0.9999975599603945,,en,True,False,automatic_detection,de_en_label_mismatch_retained
18982,de,en,0.9999978491415812,,en,True,False,automatic_detection,de_en_label_mismatch_retained
18989,de,en,0.999996277746623,,en,True,False,automatic_detection,de_en_label_mismatch_retained
18993,de,en,0.9999982439809998,,en,True,False,automatic_detection,de_en_label_mismatch_retained
19002,de,en,0.9999944887308062,,en,True,False,automatic_detection,de_en_label_mismatch_retained
19007,de,en,0.9999959563075104,,en,True,False,automatic_detection,de_en_label_mismatch_retained
19016,de,en,0.9999981242373358,,en,True,False,automatic_detection,de_en_label_mismatch_retained
19039,de,en,0.9999961093373886,,en,True,False,automatic_detection,de_en_label_mismatch_retained
19041,de,en,0.9999971911414812,,en,True,False,automatic_detection,de_en_label_mismatch_retained
19042,de,en,0.9999972105464443,,en,True,False,automatic_detection,de_en_label_mismatch_retained
19053,de,en,0.999996637769915,,en,True,False,automatic_detection,de_en_label_mismatch_retained
19056,de,en,0.9999965059435787,,en,True,False,automatic_detection,de_en_label_mismatch_retained
19058,de,en,0.9999968102352466,,en,True,False,automatic_detection,de_en_label_mismatch_retained
19070,de,en,0.9999972251586828,,en,True,False,automatic_detection,de_en_label_mismatch_retained
19072,de,en,0.9999974029550899,,en,True,False,automatic_detection,de_en_label_mismatch_retained
19073,de,en,0.9999965101580428,,en,True,False,automatic_detection,de_en_label_mismatch_retained
19075,de,en,0.9999966302769718,,en,True,False,automatic_detection,de_en_label_mismatch_retained
19089,de,en,0.9999966130818666,,en,True,False,automatic_detection,de_en_label_mismatch_retained
19090,de,en,0.9999974132677754,,en,True,False,automatic_detection,de_en_label_mismatch_retained
19096,de,en,0.9999977271865939,,en,True,False,automatic_detection,de_en_label_mismatch_retained
19108,de,en,0.999997574027983,,en,True,False,automatic_detection,de_en_label_mismatch_retained
19116,de,en,0.999998179278818,,en,True,False,automatic_detection,de_en_label_mismatch_retained
19117,de,en,0.9999976078370025,,en,True,False,automatic_detection,de_en_label_mismatch_retained
19130,de,en,0.999996126098029,,en,True,False,automatic_detection,de_en_label_mismatch_retained
19137,de,en,0.999995804239125,,en,True,False,automatic_detection,de_en_label_mismatch_retained
19147,de,en,0.999997289147547,,en,True,False,automatic_detection,de_en_label_mismatch_retained
19176,de,en,0.9999972117373968,,en,True,False,automatic_detection,de_en_label_mismatch_retained
19185,de,en,0.9999976637153442,,en,True,False,automatic_detection,de_en_label_mismatch_retained
19188,de,en,0.9999983804223085,,en,True,False,automatic_detection,de_en_label_mismatch_retained
19198,de,en,0.9999967139304431,,en,True,False,automatic_detection,de_en_label_mismatch_retained
19204,de,en,0.9999964924575557,,en,True,False,automatic_detection,de_en_label_mismatch_retained
19205,de,en,0.9999964703770908,,en,True,False,automatic_detection,de_en_label_mismatch_retained
19220,de,en,0.9999970196718656,,en,True,False,automatic_detection,de_en_label_mismatch_retained
19233,de,en,0.9999966359626365,,en,True,False,automatic_detection,de_en_label_mismatch_retained
19234,de,en,0.9999952490248691,,en,True,False,automatic_detection,de_en_label_mismatch_retained
19265,de,en,0.9999959070013296,,en,True,False,automatic_detection,de_en_label_mismatch_retained
19278,de,en,0.9999958569232485,,en,True,False,automatic_detection,de_en_label_mismatch_retained
19281,de,en,0.9999950417658338,,en,True,False,automatic_detection,de_en_label_mismatch_retained
19299,de,en,0.9999966795648682,,en,True,False,automatic_detection,de_en_label_mismatch_retained
19302,de,en,0.8571392677006759,,en,True,False,automatic_detection,de_en_label_mismatch_retained
19310,de,en,0.9999972374765207,,en,True,False,automatic_detection,de_en_label_mismatch_retained
19320,de,en,0.9999933054639626,,en,True,False,automatic_detection,de_en_label_mismatch_retained
19324,de,en,0.9999959692020342,,en,True,False,automatic_detection,de_en_label_mismatch_retained
19327,de,en,0.9999960771440888,,en,True,False,automatic_detection,de_en_label_mismatch_retained
19348,de,en,0.9999981117215208,,en,True,False,automatic_detection,de_en_label_mismatch_retained
19360,de,en,0.9999971315788831,,en,True,False,automatic_detection,de_en_label_mismatch_retained
19374,de,en,0.9999965332448673,,en,True,False,automatic_detection,de_en_label_mismatch_retained
19378,de,en,0.9999971231450979,,en,True,False,automatic_detection,de_en_label_mismatch_retained
19380,de,en,0.9999965093756437,,en,True,False,automatic_detection,de_en_label_mismatch_retained
19381,de,en,0.9999970012462507,,en,True,False,automatic_detection,de_en_label_mismatch_retained
19386,de,en,0.9999951991932708,,en,True,False,automatic_detection,de_en_label_mismatch_retained
19425,de,en,0.9999966493384602,,en,True,False,automatic_detection,de_en_label_mismatch_retained
19435,de,en,0.999996330502726,,en,True,False,automatic_detection,de_en_label_mismatch_retained
19437,de,en,0.9999960671458037,,en,True,False,automatic_detection,de_en_label_mismatch_retained
19442,de,en,0.9999959484305625,,en,True,False,automatic_detection,de_en_label_mismatch_retained
19444,de,en,0.9999950157302896,,en,True,False,automatic_detection,de_en_label_mismatch_retained
19450,de,en,0.9999973679656565,,en,True,False,automatic_detection,de_en_label_mismatch_retained
19474,de,en,0.9999962566575656,,en,True,False,automatic_detection,de_en_label_mismatch_retained
19479,de,en,0.9999964766744021,,en,True,False,automatic_detection,de_en_label_mismatch_retained
19483,de,en,0.9999969470230767,,en,True,False,automatic_detection,de_en_label_mismatch_retained
19492,de,en,0.9999978521660671,,en,True,False,automatic_detection,de_en_label_mismatch_retained
19497,de,en,0.9999970064223973,,en,True,False,automatic_detection,de_en_label_mismatch_retained
19498,de,en,0.9999943483662461,,en,True,False,automatic_detection,de_en_label_mismatch_retained
19503,de,en,0.9999963829051087,,en,True,False,automatic_detection,de_en_label_mismatch_retained
19505,de,en,0.9999967614366201,,en,True,False,automatic_detection,de_en_label_mismatch_retained
19506,de,en,0.9999959760977899,,en,True,False,automatic_detection,de_en_label_mismatch_retained
19507,de,en,0.999996931682133,,en,True,False,automatic_detection,de_en_label_mismatch_retained
19513,de,en,0.9999964733550954,,en,True,False,automatic_detection,de_en_label_mismatch_retained
19519,de,en,0.9999972179716748,,en,True,False,automatic_detection,de_en_label_mismatch_retained
19525,de,de,0.5714302424404297,,de,False,False,declared_label_fallback_uncertain_detection,language_detection_uncertain
19531,de,en,0.9999954861006409,,en,True,False,automatic_detection,de_en_label_mismatch_retained
19532,de,en,0.9999960138570576,,en,True,False,automatic_detection,de_en_label_mismatch_retained
19534,de,en,0.9999948295196657,,en,True,False,automatic_detection,de_en_label_mismatch_retained
19536,de,en,0.9999966847490056,,en,True,False,automatic_detection,de_en_label_mismatch_retained
19545,de,en,0.9999970833488154,,en,True,False,automatic_detection,de_en_label_mismatch_retained
19550,de,en,0.9999978067562207,,en,True,False,automatic_detection,de_en_label_mismatch_retained
19557,de,en,0.9999974530874433,,en,True,False,automatic_detection,de_en_label_mismatch_retained
19559,de,en,0.9999945587097114,,en,True,False,automatic_detection,de_en_label_mismatch_retained
19560,de,en,0.9999951989700855,,en,True,False,automatic_detection,de_en_label_mismatch_retained
19575,de,en,0.9999958787136428,,en,True,False,automatic_detection,de_en_label_mismatch_retained
19577,de,en,0.9999965064517116,,en,True,False,automatic_detection,de_en_label_mismatch_retained
19579,de,es,0.9999973114199181,,de,False,True,excluded_non_target_language,non_target_language_detected_automatically
19580,de,en,0.9999963053906623,,en,True,False,automatic_detection,de_en_label_mismatch_retained
19582,de,en,0.9999977111193805,,en,True,False,automatic_detection,de_en_label_mismatch_retained
19587,de,en,0.9999956155865671,,en,True,False,automatic_detection,de_en_label_mismatch_retained
19591,de,en,0.9999954355109344,,en,True,False,automatic_detection,de_en_label_mismatch_retained
19601,de,en,0.9999975773662625,,en,True,False,automatic_detection,de_en_label_mismatch_retained
19602,de,en,0.9999985721385025,,en,True,False,automatic_detection,de_en_label_mismatch_retained
19623,de,en,0.999996530488551,,en,True,False,automatic_detection,de_en_label_mismatch_retained
19624,de,en,0.9999967549743,,en,True,False,automatic_detection,de_en_label_mismatch_retained
19635,de,en,0.9999959816590276,,en,True,False,automatic_detection,de_en_label_mismatch_retained
19654,de,en,0.9999972503976329,,en,True,False,automatic_detection,de_en_label_mismatch_retained
19671,de,en,0.9999945794477738,,en,True,False,automatic_detection,de_en_label_mismatch_retained
19676,de,en,0.9999974123474908,,en,True,False,automatic_detection,de_en_label_mismatch_retained
19678,de,en,0.9999962266076452,,en,True,False,automatic_detection,de_en_label_mismatch_retained
19679,de,en,0.9999955911662066,,en,True,False,automatic_detection,de_en_label_mismatch_retained
19680,de,en,0.9999969075175059,,en,True,False,automatic_detection,de_en_label_mismatch_retained
19684,de,en,0.999996331992458,,en,True,False,automatic_detection,de_en_label_mismatch_retained
19699,de,en,0.9999962519587773,,en,True,False,automatic_detection,de_en_label_mismatch_retained
19718,de,en,0.9999972427581243,,en,True,False,automatic_detection,de_en_label_mismatch_retained
19734,de,en,0.9999963434433903,,en,True,False,automatic_detection,de_en_label_mismatch_retained
19742,de,en,0.9999968188979341,,en,True,False,automatic_detection,de_en_label_mismatch_retained
19752,de,en,0.9999950272993087,,en,True,False,automatic_detection,de_en_label_mismatch_retained
19758,de,en,0.9999960999216497,,en,True,False,automatic_detection,de_en_label_mismatch_retained
19759,de,en,0.7142821116597373,,de,False,False,declared_label_fallback_uncertain_detection,language_detection_uncertain
19780,de,en,0.9999965308295427,,en,True,False,automatic_detection,de_en_label_mismatch_retained
19785,de,en,0.9999974949197598,,en,True,False,automatic_detection,de_en_label_mismatch_retained
19795,de,en,0.9999963548099026,,en,True,False,automatic_detection,de_en_label_mismatch_retained
19796,de,en,0.9999972995162456,,en,True,False,automatic_detection,de_en_label_mismatch_retained
19797,de,en,0.9999972934716361,,en,True,False,automatic_detection,de_en_label_mismatch_retained
19799,de,en,0.9999958812904743,,en,True,False,automatic_detection,de_en_label_mismatch_retained
19802,de,en,0.9999961819404731,,en,True,False,automatic_detection,de_en_label_mismatch_retained
19814,de,en,0.999995462493458,,en,True,False,automatic_detection,de_en_label_mismatch_retained
19824,de,en,0.9999963327164558,,en,True,False,automatic_detection,de_en_label_mismatch_retained
19854,de,en,0.9999956635369784,,en,True,False,automatic_detection,de_en_label_mismatch_retained
19859,de,en,0.9999961286682622,,en,True,False,automatic_detection,de_en_label_mismatch_retained
19867,de,en,0.9999965836091456,,en,True,False,automatic_detection,de_en_label_mismatch_retained
19875,de,en,0.9999980809487965,,en,True,False,automatic_detection,de_en_label_mismatch_retained
19876,de,en,0.9999975762382528,,en,True,False,automatic_detection,de_en_label_mismatch_retained
19877,de,en,0.9999961656860642,,en,True,False,automatic_detection,de_en_label_mismatch_retained
19891,de,en,0.9999949906688431,,en,True,False,automatic_detection,de_en_label_mismatch_retained
19919,de,en,0.9999949547345075,,en,True,False,automatic_detection,de_en_label_mismatch_retained
19924,de,en,0.9999963730799495,,en,True,False,automatic_detection,de_en_label_mismatch_retained
19937,de,en,0.9999973977491705,,en,True,False,automatic_detection,de_en_label_mismatch_retained
19938,de,en,0.9999953320788041,,en,True,False,automatic_detection,de_en_label_mismatch_retained
19944,de,en,0.9999966864486016,,en,True,False,automatic_detection,de_en_label_mismatch_retained
19952,de,en,0.9999981266941677,,en,True,False,automatic_detection,de_en_label_mismatch_retained
19965,de,en,0.999995681075406,,en,True,False,automatic_detection,de_en_label_mismatch_retained
19971,de,en,0.9999971358912965,,en,True,False,automatic_detection,de_en_label_mismatch_retained
19980,de,en,0.9999981521285077,,en,True,False,automatic_detection,de_en_label_mismatch_retained
19984,de,en,0.9999954470752357,,en,True,False,automatic_detection,de_en_label_mismatch_retained
20016,de,en,0.9999958477163824,,en,True,False,automatic_detection,de_en_label_mismatch_retained
20028,de,en,0.8571395371061616,,en,True,False,automatic_detection,de_en_label_mismatch_retained
20035,de,en,0.9999976495350499,,en,True,False,automatic_detection,de_en_label_mismatch_retained
20043,de,en,0.9999949711085654,,en,True,False,automatic_detection,de_en_label_mismatch_retained
20050,de,en,0.9999976207935342,,en,True,False,automatic_detection,de_en_label_mismatch_retained
20059,de,en,0.9999974565879746,,en,True,False,automatic_detection,de_en_label_mismatch_retained
20067,de,en,0.9999947323437388,,en,True,False,automatic_detection,de_en_label_mismatch_retained
20078,de,en,0.9999967409255299,,en,True,False,automatic_detection,de_en_label_mismatch_retained
20079,de,en,0.9999952524259117,,en,True,False,automatic_detection,de_en_label_mismatch_retained
20086,de,en,0.9999986507280824,,en,True,False,automatic_detection,de_en_label_mismatch_retained
20087,de,en,0.5714278983497751,en,en,True,False,manual_review,target_language_confirmed_manually
20091,de,en,0.9999957287127809,,en,True,False,automatic_detection,de_en_label_mismatch_retained
20093,de,en,0.999995146459505,,en,True,False,automatic_detection,de_en_label_mismatch_retained
20101,de,en,0.9999961283239275,,en,True,False,automatic_detection,de_en_label_mismatch_retained
20121,de,en,0.9999973768522967,,en,True,False,automatic_detection,de_en_label_mismatch_retained
20130,de,en,0.9999971094993663,,en,True,False,automatic_detection,de_en_label_mismatch_retained
20133,de,en,0.9999979534871934,,en,True,False,automatic_detection,de_en_label_mismatch_retained
20135,de,en,0.9999970160614845,,en,True,False,automatic_detection,de_en_label_mismatch_retained
20165,de,en,0.9999980320515909,,en,True,False,automatic_detection,de_en_label_mismatch_retained
20171,de,en,0.9999950842455557,,en,True,False,automatic_detection,de_en_label_mismatch_retained
20187,de,en,0.9999957375780565,,en,True,False,automatic_detection,de_en_label_mismatch_retained
20218,de,en,0.9999946476545019,,en,True,False,automatic_detection,de_en_label_mismatch_retained
20220,de,en,0.9999958739896874,,en,True,False,automatic_detection,de_en_label_mismatch_retained
20221,de,en,0.9999964094074467,,en,True,False,automatic_detection,de_en_label_mismatch_retained
20241,de,en,0.999997020456036,,en,True,False,automatic_detection,de_en_label_mismatch_retained
20249,de,en,0.9999935041358218,,en,True,False,automatic_detection,de_en_label_mismatch_retained
20259,de,en,0.9999934306119321,,en,True,False,automatic_detection,de_en_label_mismatch_retained
20265,de,en,0.9999945436173413,en,en,True,False,manual_review,target_language_confirmed_manually
20267,de,en,0.9999973339094204,,en,True,False,automatic_detection,de_en_label_mismatch_retained
20281,de,en,0.9999967288428985,,en,True,False,automatic_detection,de_en_label_mismatch_retained
20287,de,en,0.9999955105911882,,en,True,False,automatic_detection,de_en_label_mismatch_retained
20290,de,en,0.7142840082025277,,de,False,False,declared_label_fallback_uncertain_detection,language_detection_uncertain
20291,de,en,0.9999962111570679,,en,True,False,automatic_detection,de_en_label_mismatch_retained
20293,de,en,0.9999981640628712,,en,True,False,automatic_detection,de_en_label_mismatch_retained
20298,de,en,0.9999978237939513,,en,True,False,automatic_detection,de_en_label_mismatch_retained
20300,de,en,0.9999970521240078,,en,True,False,automatic_detection,de_en_label_mismatch_retained
20301,de,en,0.9999987929436689,,en,True,False,automatic_detection,de_en_label_mismatch_retained
20304,de,en,0.9999957674812325,,en,True,False,automatic_detection,de_en_label_mismatch_retained
20319,de,en,0.9999958826096871,,en,True,False,automatic_detection,de_en_label_mismatch_retained
20323,de,en,0.9999947728389236,,en,True,False,automatic_detection,de_en_label_mismatch_retained
20357,de,en,0.9999969145734742,,en,True,False,automatic_detection,de_en_label_mismatch_retained
20359,de,en,0.9999954557886892,,en,True,False,automatic_detection,de_en_label_mismatch_retained
20376,de,en,0.9999977930877723,,en,True,False,automatic_detection,de_en_label_mismatch_retained
20377,de,en,0.9999969925129546,,en,True,False,automatic_detection,de_en_label_mismatch_retained
20381,de,en,0.9999969480001856,,en,True,False,automatic_detection,de_en_label_mismatch_retained
20389,de,en,0.9999986337762227,,en,True,False,automatic_detection,de_en_label_mismatch_retained
20392,de,en,0.9999979931172673,,en,True,False,automatic_detection,de_en_label_mismatch_retained
20410,de,en,0.9999963408790417,,en,True,False,automatic_detection,de_en_label_mismatch_retained
20415,de,en,0.9999982034883477,,en,True,False,automatic_detection,de_en_label_mismatch_retained
20419,de,en,0.9999983548340208,,en,True,False,automatic_detection,de_en_label_mismatch_retained
20426,de,en,0.9999963200795635,,en,True,False,automatic_detection,de_en_label_mismatch_retained
20441,de,en,0.9999968867276487,,en,True,False,automatic_detection,de_en_label_mismatch_retained
20448,de,en,0.999995273009836,,en,True,False,automatic_detection,de_en_label_mismatch_retained
20455,de,en,0.9999941331299371,,en,True,False,automatic_detection,de_en_label_mismatch_retained
20461,de,en,0.99999708194317,,en,True,False,automatic_detection,de_en_label_mismatch_retained
20473,de,en,0.9999972170754783,,en,True,False,automatic_detection,de_en_label_mismatch_retained
20477,de,en,0.999995810652957,,en,True,False,automatic_detection,de_en_label_mismatch_retained
20483,de,en,0.9999956501188811,,en,True,False,automatic_detection,de_en_label_mismatch_retained
20486,de,en,0.9999957685194274,,en,True,False,automatic_detection,de_en_label_mismatch_retained
20487,de,en,0.9999970852278346,,en,True,False,automatic_detection,de_en_label_mismatch_retained
20508,de,en,0.9999983698374814,,en,True,False,automatic_detection,de_en_label_mismatch_retained
20523,de,en,0.9999952102324916,,en,True,False,automatic_detection,de_en_label_mismatch_retained
20525,de,en,0.9999966491005954,,en,True,False,automatic_detection,de_en_label_mismatch_retained
20527,de,en,0.9999971169079307,,en,True,False,automatic_detection,de_en_label_mismatch_retained
20529,de,en,0.9999959634765883,,en,True,False,automatic_detection,de_en_label_mismatch_retained
20536,de,en,0.9999967343267655,,en,True,False,automatic_detection,de_en_label_mismatch_retained
20539,de,en,0.9999971528431932,,en,True,False,automatic_detection,de_en_label_mismatch_retained
20546,de,en,0.9999968963921138,,en,True,False,automatic_detection,de_en_label_mismatch_retained
20564,de,en,0.9999975780912075,,en,True,False,automatic_detection,de_en_label_mismatch_retained
20586,de,en,0.9999976875131349,,en,True,False,automatic_detection,de_en_label_mismatch_retained
20588,de,en,0.9999967410452512,,en,True,False,automatic_detection,de_en_label_mismatch_retained
20593,de,en,0.9999969370400272,,en,True,False,automatic_detection,de_en_label_mismatch_retained
20594,de,en,0.9999976424905994,,en,True,False,automatic_detection,de_en_label_mismatch_retained
20595,de,en,0.9999952553728251,,en,True,False,automatic_detection,de_en_label_mismatch_retained
20596,de,en,0.999997192995651,,en,True,False,automatic_detection,de_en_label_mismatch_retained
20601,de,en,0.9999965422453229,,en,True,False,automatic_detection,de_en_label_mismatch_retained
20616,de,en,0.9999975587377116,,en,True,False,automatic_detection,de_en_label_mismatch_retained
20619,de,en,0.9999973803995381,,en,True,False,automatic_detection,de_en_label_mismatch_retained
20627,de,en,0.999997254947483,,en,True,False,automatic_detection,de_en_label_mismatch_retained
20630,de,en,0.9999959848089733,,en,True,False,automatic_detection,de_en_label_mismatch_retained
20632,de,en,0.9999968448336845,,en,True,False,automatic_detection,de_en_label_mismatch_retained
20636,de,en,0.999994791183301,,en,True,False,automatic_detection,de_en_label_mismatch_retained
20645,de,en,0.9999966965399529,,en,True,False,automatic_detection,de_en_label_mismatch_retained
20647,de,en,0.9999959527569015,,en,True,False,automatic_detection,de_en_label_mismatch_retained
20650,de,en,0.9999969263761834,,en,True,False,automatic_detection,de_en_label_mismatch_retained
20656,de,en,0.9999967312736658,,en,True,False,automatic_detection,de_en_label_mismatch_retained
20659,de,en,0.9999991084205014,,en,True,False,automatic_detection,de_en_label_mismatch_retained
20660,de,en,0.9999949356187541,,en,True,False,automatic_detection,de_en_label_mismatch_retained
20662,de,en,0.9999964901131865,,en,True,False,automatic_detection,de_en_label_mismatch_retained
20669,de,en,0.9999962261211297,,en,True,False,automatic_detection,de_en_label_mismatch_retained
20691,de,en,0.99999671882184,,en,True,False,automatic_detection,de_en_label_mismatch_retained
20695,de,en,0.9999977355361267,,en,True,False,automatic_detection,de_en_label_mismatch_retained
20726,de,en,0.9999965906765946,,en,True,False,automatic_detection,de_en_label_mismatch_retained
20745,de,en,0.9999973206678336,,en,True,False,automatic_detection,de_en_label_mismatch_retained
20747,de,en,0.9999951743857814,,en,True,False,automatic_detection,de_en_label_mismatch_retained
20750,de,en,0.9999978584897252,,en,True,False,automatic_detection,de_en_label_mismatch_retained
20752,de,en,0.9999975066835239,,en,True,False,automatic_detection,de_en_label_mismatch_retained
20756,de,en,0.9999955581878466,,en,True,False,automatic_detection,de_en_label_mismatch_retained
20761,de,en,0.9999961817817506,,en,True,False,automatic_detection,de_en_label_mismatch_retained
20784,de,en,0.9999964698716906,,en,True,False,automatic_detection,de_en_label_mismatch_retained
20785,de,en,0.9999951677298993,,en,True,False,automatic_detection,de_en_label_mismatch_retained
20803,en,nl,0.5714291795758659,en,en,False,False,manual_review,target_language_confirmed_manually
20813,de,en,0.9999947537422706,,en,True,False,automatic_detection,de_en_label_mismatch_retained
20814,de,en,0.9999966095536208,,en,True,False,automatic_detection,de_en_label_mismatch_retained
20816,de,en,0.9999983509454294,,en,True,False,automatic_detection,de_en_label_mismatch_retained
20828,de,en,0.9999946432134851,,en,True,False,automatic_detection,de_en_label_mismatch_retained
20833,de,en,0.9999957492006337,,en,True,False,automatic_detection,de_en_label_mismatch_retained
20834,de,en,0.9999964447474786,,en,True,False,automatic_detection,de_en_label_mismatch_retained
20837,de,en,0.9999973174288299,,en,True,False,automatic_detection,de_en_label_mismatch_retained
20838,de,en,0.9999969333705294,,en,True,False,automatic_detection,de_en_label_mismatch_retained
20849,de,en,0.9999965537788238,,en,True,False,automatic_detection,de_en_label_mismatch_retained
20852,de,en,0.9999949856859126,,en,True,False,automatic_detection,de_en_label_mismatch_retained
20863,de,en,0.9999984735020323,,en,True,False,automatic_detection,de_en_label_mismatch_retained
20864,de,en,0.9999972736622466,,en,True,False,automatic_detection,de_en_label_mismatch_retained
20869,de,en,0.9999951224021244,,en,True,False,automatic_detection,de_en_label_mismatch_retained
20876,de,en,0.9999967210019194,,en,True,False,automatic_detection,de_en_label_mismatch_retained
20884,de,en,0.9999965484375322,,en,True,False,automatic_detection,de_en_label_mismatch_retained
20888,de,en,0.9999947416103186,,en,True,False,automatic_detection,de_en_label_mismatch_retained
20898,de,en,0.9999976224291829,,en,True,False,automatic_detection,de_en_label_mismatch_retained
20899,de,en,0.9999957218995509,,en,True,False,automatic_detection,de_en_label_mismatch_retained
20901,de,en,0.9999972035048666,,en,True,False,automatic_detection,de_en_label_mismatch_retained
20904,de,en,0.9999953798804863,,en,True,False,automatic_detection,de_en_label_mismatch_retained
20915,de,en,0.9999977583657795,,en,True,False,automatic_detection,de_en_label_mismatch_retained
20926,de,en,0.9999979382394149,,en,True,False,automatic_detection,de_en_label_mismatch_retained
20946,de,en,0.9999976678478097,,en,True,False,automatic_detection,de_en_label_mismatch_retained
20950,de,en,0.9999961723211109,,en,True,False,automatic_detection,de_en_label_mismatch_retained
20953,de,en,0.999998217046397,,en,True,False,automatic_detection,de_en_label_mismatch_retained
20954,de,en,0.9999964178200145,,en,True,False,automatic_detection,de_en_label_mismatch_retained
20955,de,en,0.9999967355951372,,en,True,False,automatic_detection,de_en_label_mismatch_retained
20960,de,en,0.9999965078384399,,en,True,False,automatic_detection,de_en_label_mismatch_retained
20964,de,en,0.9999962604242565,,en,True,False,automatic_detection,de_en_label_mismatch_retained
20966,de,en,0.9999987531593617,,en,True,False,automatic_detection,de_en_label_mismatch_retained
20983,de,en,0.9999968300521438,,en,True,False,automatic_detection,de_en_label_mismatch_retained
20988,de,en,0.9999968999677125,,en,True,False,automatic_detection,de_en_label_mismatch_retained
20989,de,en,0.9999965807284695,,en,True,False,automatic_detection,de_en_label_mismatch_retained
20997,de,en,0.9999979185492669,,en,True,False,automatic_detection,de_en_label_mismatch_retained
20999,de,en,0.9999987794242793,,en,True,False,automatic_detection,de_en_label_mismatch_retained
21011,de,en,0.9999982801449876,,en,True,False,automatic_detection,de_en_label_mismatch_retained
21022,de,en,0.9999974585637929,,en,True,False,automatic_detection,de_en_label_mismatch_retained
21023,de,en,0.9999983269147896,,en,True,False,automatic_detection,de_en_label_mismatch_retained
21027,de,en,0.9999974114808287,,en,True,False,automatic_detection,de_en_label_mismatch_retained
21029,de,en,0.9999963631311491,,en,True,False,automatic_detection,de_en_label_mismatch_retained
21038,de,en,0.9999975929627476,,en,True,False,automatic_detection,de_en_label_mismatch_retained
21059,de,en,0.9999946635341492,,en,True,False,automatic_detection,de_en_label_mismatch_retained
21062,de,en,0.9999930829592016,,en,True,False,automatic_detection,de_en_label_mismatch_retained
21066,de,en,0.9999955164622756,,en,True,False,automatic_detection,de_en_label_mismatch_retained
21093,de,en,0.999997527013992,,en,True,False,automatic_detection,de_en_label_mismatch_retained
21105,de,en,0.99999763185483,,en,True,False,automatic_detection,de_en_label_mismatch_retained
21121,de,en,0.9999947859676099,,en,True,False,automatic_detection,de_en_label_mismatch_retained
21123,de,en,0.9999941005919406,,en,True,False,automatic_detection,de_en_label_mismatch_retained
21131,de,en,0.9999966337853887,,en,True,False,automatic_detection,de_en_label_mismatch_retained
21133,de,en,0.9999957893252406,,en,True,False,automatic_detection,de_en_label_mismatch_retained
21139,de,en,0.9999965852853794,,en,True,False,automatic_detection,de_en_label_mismatch_retained
21141,de,en,0.999997950733513,,en,True,False,automatic_detection,de_en_label_mismatch_retained
21151,de,en,0.9999951508297538,,en,True,False,automatic_detection,de_en_label_mismatch_retained
21152,de,en,0.999996732191077,,en,True,False,automatic_detection,de_en_label_mismatch_retained
21179,de,en,0.9999949512868012,,en,True,False,automatic_detection,de_en_label_mismatch_retained
21180,de,en,0.9999962293866111,,en,True,False,automatic_detection,de_en_label_mismatch_retained
21181,de,en,0.9999976734100761,,en,True,False,automatic_detection,de_en_label_mismatch_retained
21212,de,en,0.9999965315069907,,en,True,False,automatic_detection,de_en_label_mismatch_retained
21217,de,en,0.9999952570531954,,en,True,False,automatic_detection,de_en_label_mismatch_retained
21225,de,en,0.9999971089704086,,en,True,False,automatic_detection,de_en_label_mismatch_retained
21237,de,en,0.9999987018199297,,en,True,False,automatic_detection,de_en_label_mismatch_retained
21246,de,en,0.9999964075850224,,en,True,False,automatic_detection,de_en_label_mismatch_retained
21260,de,en,0.999995418545221,,en,True,False,automatic_detection,de_en_label_mismatch_retained
21272,de,en,0.9999971847559669,,en,True,False,automatic_detection,de_en_label_mismatch_retained
21283,de,en,0.9999965862300897,,en,True,False,automatic_detection,de_en_label_mismatch_retained
21287,de,en,0.999996180391499,,en,True,False,automatic_detection,de_en_label_mismatch_retained
21291,de,en,0.9999935016459116,,en,True,False,automatic_detection,de_en_label_mismatch_retained
21295,de,en,0.9999976387993821,,en,True,False,automatic_detection,de_en_label_mismatch_retained
21296,de,en,0.9999967538608592,,en,True,False,automatic_detection,de_en_label_mismatch_retained
21302,de,en,0.9999968182113368,,en,True,False,automatic_detection,de_en_label_mismatch_retained
21307,de,en,0.9999952057028357,,en,True,False,automatic_detection,de_en_label_mismatch_retained
21308,de,en,0.9999962848740281,,en,True,False,automatic_detection,de_en_label_mismatch_retained
21318,de,en,0.9999956135745006,,en,True,False,automatic_detection,de_en_label_mismatch_retained
21324,de,en,0.9999964971428702,,en,True,False,automatic_detection,de_en_label_mismatch_retained
21339,de,en,0.9999978110745915,,en,True,False,automatic_detection,de_en_label_mismatch_retained
21352,de,en,0.9999952850409688,,en,True,False,automatic_detection,de_en_label_mismatch_retained
21363,de,en,0.9999975112752282,,en,True,False,automatic_detection,de_en_label_mismatch_retained
21367,de,en,0.9999965937863172,,en,True,False,automatic_detection,de_en_label_mismatch_retained
21370,de,en,0.9999957426183261,,en,True,False,automatic_detection,de_en_label_mismatch_retained
21382,de,en,0.9999956421547864,,en,True,False,automatic_detection,de_en_label_mismatch_retained
21388,de,en,0.9999960707316559,,en,True,False,automatic_detection,de_en_label_mismatch_retained
21390,de,en,0.999997987451875,,en,True,False,automatic_detection,de_en_label_mismatch_retained
21397,de,en,0.9999969530546357,,en,True,False,automatic_detection,de_en_label_mismatch_retained
21415,de,en,0.9999976157084751,,en,True,False,automatic_detection,de_en_label_mismatch_retained
21416,de,en,0.99999710811119,,en,True,False,automatic_detection,de_en_label_mismatch_retained
21423,de,en,0.9999968638541169,,en,True,False,automatic_detection,de_en_label_mismatch_retained
21431,de,en,0.9999984666395263,,en,True,False,automatic_detection,de_en_label_mismatch_retained
21445,de,en,0.9999946966049738,,en,True,False,automatic_detection,de_en_label_mismatch_retained
21451,de,en,0.9999948124225494,,en,True,False,automatic_detection,de_en_label_mismatch_retained
21472,de,en,0.999995645671526,,en,True,False,automatic_detection,de_en_label_mismatch_retained
21481,de,en,0.9999956318657255,,en,True,False,automatic_detection,de_en_label_mismatch_retained
21484,de,en,0.9999955332659285,,en,True,False,automatic_detection,de_en_label_mismatch_retained
21492,de,en,0.9999959012151418,,en,True,False,automatic_detection,de_en_label_mismatch_retained
21496,de,en,0.9999952133043786,,en,True,False,automatic_detection,de_en_label_mismatch_retained
21503,de,en,0.9999961442340111,,en,True,False,automatic_detection,de_en_label_mismatch_retained
21505,de,en,0.9999991439504696,,en,True,False,automatic_detection,de_en_label_mismatch_retained
21507,de,en,0.9999984482024733,,en,True,False,automatic_detection,de_en_label_mismatch_retained
21519,de,en,0.999995573333592,,en,True,False,automatic_detection,de_en_label_mismatch_retained
21521,de,en,0.9999969168287607,,en,True,False,automatic_detection,de_en_label_mismatch_retained
21522,de,en,0.9999960518650334,,en,True,False,automatic_detection,de_en_label_mismatch_retained
21523,de,en,0.9999972401277675,,en,True,False,automatic_detection,de_en_label_mismatch_retained
21545,de,en,0.9999965961951727,,en,True,False,automatic_detection,de_en_label_mismatch_retained
21546,de,en,0.9999978629381401,,en,True,False,automatic_detection,de_en_label_mismatch_retained
21552,de,en,0.9999951410609335,,en,True,False,automatic_detection,de_en_label_mismatch_retained
21555,de,en,0.9999973918677092,,en,True,False,automatic_detection,de_en_label_mismatch_retained
21565,de,en,0.9999980773810698,,en,True,False,automatic_detection,de_en_label_mismatch_retained
21567,de,en,0.9999980630571615,,en,True,False,automatic_detection,de_en_label_mismatch_retained
21568,de,en,0.999995766857145,,en,True,False,automatic_detection,de_en_label_mismatch_retained
21582,de,en,0.9999971467330856,,en,True,False,automatic_detection,de_en_label_mismatch_retained
21597,de,en,0.9999961455011322,,en,True,False,automatic_detection,de_en_label_mismatch_retained
21598,de,en,0.9999955554620683,,en,True,False,automatic_detection,de_en_label_mismatch_retained
21607,de,en,0.999996762914914,,en,True,False,automatic_detection,de_en_label_mismatch_retained
21621,de,en,0.9999972400831363,,en,True,False,automatic_detection,de_en_label_mismatch_retained
21647,de,en,0.9999959328778225,,en,True,False,automatic_detection,de_en_label_mismatch_retained
21656,de,en,0.9999939787512687,,en,True,False,automatic_detection,de_en_label_mismatch_retained
21672,de,en,0.999997026524192,,en,True,False,automatic_detection,de_en_label_mismatch_retained
21673,de,en,0.9999961099638234,,en,True,False,automatic_detection,de_en_label_mismatch_retained
21674,de,en,0.9999961172418572,,en,True,False,automatic_detection,de_en_label_mismatch_retained
21677,de,en,0.9999972038447997,,en,True,False,automatic_detection,de_en_label_mismatch_retained
21691,de,en,0.999995005296286,,en,True,False,automatic_detection,de_en_label_mismatch_retained
21695,de,en,0.9999962097260788,,en,True,False,automatic_detection,de_en_label_mismatch_retained
21701,de,en,0.9999947877320402,,en,True,False,automatic_detection,de_en_label_mismatch_retained
21710,de,en,0.9999954841063334,,en,True,False,automatic_detection,de_en_label_mismatch_retained
21714,de,en,0.9999962831345244,,en,True,False,automatic_detection,de_en_label_mismatch_retained
21718,de,en,0.9999982306394813,,en,True,False,automatic_detection,de_en_label_mismatch_retained
21719,de,en,0.9999957819476568,,en,True,False,automatic_detection,de_en_label_mismatch_retained
21720,de,en,0.9999947768822596,,en,True,False,automatic_detection,de_en_label_mismatch_retained
21730,de,en,0.9999963187669592,,en,True,False,automatic_detection,de_en_label_mismatch_retained
21740,de,en,0.9999962742593667,,en,True,False,automatic_detection,de_en_label_mismatch_retained
21746,de,en,0.9999972051067337,,en,True,False,automatic_detection,de_en_label_mismatch_retained
21752,de,en,0.9999956101697722,,en,True,False,automatic_detection,de_en_label_mismatch_retained
21770,de,en,0.9999954008527017,,en,True,False,automatic_detection,de_en_label_mismatch_retained
21776,de,en,0.9999985632613438,,en,True,False,automatic_detection,de_en_label_mismatch_retained
21782,de,en,0.9999959244329512,,en,True,False,automatic_detection,de_en_label_mismatch_retained
21792,de,en,0.9999956273352677,,en,True,False,automatic_detection,de_en_label_mismatch_retained
21798,de,en,0.99999466504764,,en,True,False,automatic_detection,de_en_label_mismatch_retained
21802,de,en,0.9999977786805536,,en,True,False,automatic_detection,de_en_label_mismatch_retained
21809,de,en,0.8571393889286284,,en,True,False,automatic_detection,de_en_label_mismatch_retained
21810,de,en,0.9999969186254943,,en,True,False,automatic_detection,de_en_label_mismatch_retained
21814,de,en,0.9999979258444532,,en,True,False,automatic_detection,de_en_label_mismatch_retained
21815,de,en,0.9999953541284754,,en,True,False,automatic_detection,de_en_label_mismatch_retained
21818,de,en,0.9999965197112708,,en,True,False,automatic_detection,de_en_label_mismatch_retained
21823,de,en,0.9999978682296248,,en,True,False,automatic_detection,de_en_label_mismatch_retained
21832,de,en,0.9999955209002536,,en,True,False,automatic_detection,de_en_label_mismatch_retained
21837,de,en,0.9999970310169026,,en,True,False,automatic_detection,de_en_label_mismatch_retained
21839,de,en,0.9999971443279129,,en,True,False,automatic_detection,de_en_label_mismatch_retained
21844,de,en,0.9999974752520413,,en,True,False,automatic_detection,de_en_label_mismatch_retained
21863,de,en,0.9999960534052482,,en,True,False,automatic_detection,de_en_label_mismatch_retained
21864,de,en,0.9999980472471426,,en,True,False,automatic_detection,de_en_label_mismatch_retained
21871,de,en,0.9999971929786914,,en,True,False,automatic_detection,de_en_label_mismatch_retained
21876,de,en,0.9999970518623276,,en,True,False,automatic_detection,de_en_label_mismatch_retained
21877,de,en,0.9999974123561632,,en,True,False,automatic_detection,de_en_label_mismatch_retained
21883,de,en,0.999996244143525,,en,True,False,automatic_detection,de_en_label_mismatch_retained
21888,de,en,0.9999957021781483,,en,True,False,automatic_detection,de_en_label_mismatch_retained
21896,de,en,0.9999985917612393,,en,True,False,automatic_detection,de_en_label_mismatch_retained
21897,de,en,0.9999967171764803,,en,True,False,automatic_detection,de_en_label_mismatch_retained
21912,de,en,0.9999953162014892,,en,True,False,automatic_detection,de_en_label_mismatch_retained
21921,de,en,0.9999925931322192,,en,True,False,automatic_detection,de_en_label_mismatch_retained
21941,de,en,0.9999964589551218,,en,True,False,automatic_detection,de_en_label_mismatch_retained
21944,de,en,0.9999964780787169,,en,True,False,automatic_detection,de_en_label_mismatch_retained
21950,de,en,0.9999956329506672,,en,True,False,automatic_detection,de_en_label_mismatch_retained
21959,de,en,0.999995804434659,,en,True,False,automatic_detection,de_en_label_mismatch_retained
21979,de,en,0.9999952844756016,,en,True,False,automatic_detection,de_en_label_mismatch_retained
21985,de,en,0.9999973007994696,,en,True,False,automatic_detection,de_en_label_mismatch_retained
22001,de,en,0.9999966453791856,,en,True,False,automatic_detection,de_en_label_mismatch_retained
22002,de,en,0.9999980496214191,,en,True,False,automatic_detection,de_en_label_mismatch_retained
22011,de,en,0.9999970880567091,,en,True,False,automatic_detection,de_en_label_mismatch_retained
22012,de,en,0.9999972656644257,,en,True,False,automatic_detection,de_en_label_mismatch_retained
22018,de,en,0.9999960042748222,,en,True,False,automatic_detection,de_en_label_mismatch_retained
22028,de,en,0.9999961209658003,,en,True,False,automatic_detection,de_en_label_mismatch_retained
22035,de,en,0.9999946588859105,,en,True,False,automatic_detection,de_en_label_mismatch_retained
22038,de,en,0.9999963345029395,,en,True,False,automatic_detection,de_en_label_mismatch_retained
22039,de,en,0.9999962992581232,,en,True,False,automatic_detection,de_en_label_mismatch_retained
22062,de,en,0.9999980200265445,,en,True,False,automatic_detection,de_en_label_mismatch_retained
22065,de,en,0.9999946309940065,,en,True,False,automatic_detection,de_en_label_mismatch_retained
22070,de,en,0.9999969343958859,,en,True,False,automatic_detection,de_en_label_mismatch_retained
22090,de,en,0.9999990099649272,,en,True,False,automatic_detection,de_en_label_mismatch_retained
22095,de,en,0.9999954688241919,,en,True,False,automatic_detection,de_en_label_mismatch_retained
22096,de,en,0.9999982382850476,,en,True,False,automatic_detection,de_en_label_mismatch_retained
22099,de,en,0.9999990824350022,,en,True,False,automatic_detection,de_en_label_mismatch_retained
22116,de,en,0.9999963867752291,,en,True,False,automatic_detection,de_en_label_mismatch_retained
22128,de,en,0.9999943877141916,,en,True,False,automatic_detection,de_en_label_mismatch_retained
22131,de,en,0.9999969063789365,,en,True,False,automatic_detection,de_en_label_mismatch_retained
22132,de,en,0.9999968742662506,,en,True,False,automatic_detection,de_en_label_mismatch_retained
22133,de,en,0.9999965757929179,,en,True,False,automatic_detection,de_en_label_mismatch_retained
22138,de,en,0.9999944841152938,,en,True,False,automatic_detection,de_en_label_mismatch_retained
22143,de,en,0.9999961695566698,,en,True,False,automatic_detection,de_en_label_mismatch_retained
22144,de,en,0.9999953797403044,,en,True,False,automatic_detection,de_en_label_mismatch_retained
22146,de,en,0.9999984973834515,,en,True,False,automatic_detection,de_en_label_mismatch_retained
22149,de,en,0.9999978431130186,,en,True,False,automatic_detection,de_en_label_mismatch_retained
22155,de,en,0.999997980076806,,en,True,False,automatic_detection,de_en_label_mismatch_retained
22157,de,en,0.9999969654815775,,en,True,False,automatic_detection,de_en_label_mismatch_retained
22176,de,en,0.9999945385116054,,en,True,False,automatic_detection,de_en_label_mismatch_retained
22185,de,en,0.9999960994248943,,en,True,False,automatic_detection,de_en_label_mismatch_retained
22200,de,en,0.9999986235465024,,en,True,False,automatic_detection,de_en_label_mismatch_retained
22206,de,en,0.9999964521470317,,en,True,False,automatic_detection,de_en_label_mismatch_retained
22212,de,en,0.9999957332968079,,en,True,False,automatic_detection,de_en_label_mismatch_retained
22219,de,en,0.9999976588681194,,en,True,False,automatic_detection,de_en_label_mismatch_retained
22226,de,en,0.9999957797899482,,en,True,False,automatic_detection,de_en_label_mismatch_retained
22233,de,en,0.9999979231540442,,en,True,False,automatic_detection,de_en_label_mismatch_retained
22236,de,en,0.9999966868317979,,en,True,False,automatic_detection,de_en_label_mismatch_retained
22241,de,en,0.9999960440823348,,en,True,False,automatic_detection,de_en_label_mismatch_retained
22243,de,en,0.9999965057149028,,en,True,False,automatic_detection,de_en_label_mismatch_retained
22250,de,en,0.999996497603802,,en,True,False,automatic_detection,de_en_label_mismatch_retained
22253,de,en,0.9999972194751037,,en,True,False,automatic_detection,de_en_label_mismatch_retained
22259,de,fr,0.9999961906242576,fr,de,False,True,excluded_non_target_language,non_target_language_confirmed_manually
22261,de,en,0.9999971828465304,,en,True,False,automatic_detection,de_en_label_mismatch_retained
22274,de,en,0.9999959460222463,,en,True,False,automatic_detection,de_en_label_mismatch_retained
22275,de,en,0.9999966179755029,,en,True,False,automatic_detection,de_en_label_mismatch_retained
22277,de,en,0.9999963427220749,,en,True,False,automatic_detection,de_en_label_mismatch_retained
22280,de,en,0.9999970811067993,,en,True,False,automatic_detection,de_en_label_mismatch_retained
22288,de,en,0.999994895812251,,en,True,False,automatic_detection,de_en_label_mismatch_retained
22292,de,en,0.9999965747820476,,en,True,False,automatic_detection,de_en_label_mismatch_retained
22297,de,en,0.9999963204491961,,en,True,False,automatic_detection,de_en_label_mismatch_retained
22302,de,en,0.9999956595621924,,en,True,False,automatic_detection,de_en_label_mismatch_retained
22304,de,en,0.9999974504605409,,en,True,False,automatic_detection,de_en_label_mismatch_retained
22307,de,en,0.9999968204411636,,en,True,False,automatic_detection,de_en_label_mismatch_retained
22313,de,en,0.99999448033896,,en,True,False,automatic_detection,de_en_label_mismatch_retained
22336,de,en,0.9999969836153811,,en,True,False,automatic_detection,de_en_label_mismatch_retained
22342,de,en,0.9999964785065656,,en,True,False,automatic_detection,de_en_label_mismatch_retained
22347,de,en,0.9999971902950131,,en,True,False,automatic_detection,de_en_label_mismatch_retained
22350,de,en,0.9999958617594704,,en,True,False,automatic_detection,de_en_label_mismatch_retained
22353,de,en,0.999996441747188,,en,True,False,automatic_detection,de_en_label_mismatch_retained
22354,de,en,0.9999958432565175,,en,True,False,automatic_detection,de_en_label_mismatch_retained
22357,de,en,0.9999959001417579,,en,True,False,automatic_detection,de_en_label_mismatch_retained
22403,de,en,0.9999946233563397,,en,True,False,automatic_detection,de_en_label_mismatch_retained
22407,de,en,0.999997310620452,,en,True,False,automatic_detection,de_en_label_mismatch_retained
22408,de,en,0.9999959371865974,,en,True,False,automatic_detection,de_en_label_mismatch_retained
22422,de,en,0.9999958311858492,,en,True,False,automatic_detection,de_en_label_mismatch_retained
22430,de,en,0.9999979603695353,,en,True,False,automatic_detection,de_en_label_mismatch_retained
22460,de,en,0.9999977936459427,,en,True,False,automatic_detection,de_en_label_mismatch_retained
22464,de,en,0.9999968990784732,,en,True,False,automatic_detection,de_en_label_mismatch_retained
22467,de,en,0.9999969088584912,,en,True,False,automatic_detection,de_en_label_mismatch_retained
22469,de,en,0.9999955781731013,,en,True,False,automatic_detection,de_en_label_mismatch_retained
22478,de,en,0.9999944706099432,,en,True,False,automatic_detection,de_en_label_mismatch_retained
22487,de,en,0.9999971187571315,,en,True,False,automatic_detection,de_en_label_mismatch_retained
22508,de,en,0.999994109429708,,en,True,False,automatic_detection,de_en_label_mismatch_retained
22514,de,en,0.9999950754305107,,en,True,False,automatic_detection,de_en_label_mismatch_retained
22521,de,en,0.9999951432415277,,en,True,False,automatic_detection,de_en_label_mismatch_retained
22522,de,en,0.9999969590618294,,en,True,False,automatic_detection,de_en_label_mismatch_retained
22526,de,en,0.9999958709168907,,en,True,False,automatic_detection,de_en_label_mismatch_retained
22531,de,en,0.999997699313054,,en,True,False,automatic_detection,de_en_label_mismatch_retained
22532,de,en,0.9999962305151173,,en,True,False,automatic_detection,de_en_label_mismatch_retained
22536,de,en,0.9999976242166372,,en,True,False,automatic_detection,de_en_label_mismatch_retained
22557,de,en,0.9999956111869175,,en,True,False,automatic_detection,de_en_label_mismatch_retained
22566,de,en,0.9999966348317462,,en,True,False,automatic_detection,de_en_label_mismatch_retained
22576,de,en,0.9999965779143647,,en,True,False,automatic_detection,de_en_label_mismatch_retained
22578,de,en,0.9999981622087784,,en,True,False,automatic_detection,de_en_label_mismatch_retained
22599,de,en,0.9999960088191551,,en,True,False,automatic_detection,de_en_label_mismatch_retained
22604,de,en,0.9999962366211326,,en,True,False,automatic_detection,de_en_label_mismatch_retained
22608,de,en,0.9999970756774025,,en,True,False,automatic_detection,de_en_label_mismatch_retained
22617,de,en,0.9999961898404272,,en,True,False,automatic_detection,de_en_label_mismatch_retained
22629,de,en,0.9999955154752683,,en,True,False,automatic_detection,de_en_label_mismatch_retained
22635,de,en,0.9999955371954516,,en,True,False,automatic_detection,de_en_label_mismatch_retained
22643,de,en,0.9999946103732902,,en,True,False,automatic_detection,de_en_label_mismatch_retained
22646,de,en,0.9999981989050458,,en,True,False,automatic_detection,de_en_label_mismatch_retained
22651,de,en,0.9999970725513204,,en,True,False,automatic_detection,de_en_label_mismatch_retained
22657,de,en,0.99999733813596,,en,True,False,automatic_detection,de_en_label_mismatch_retained
22660,de,en,0.9999966533262563,,en,True,False,automatic_detection,de_en_label_mismatch_retained
22664,de,en,0.9999973784761303,,en,True,False,automatic_detection,de_en_label_mismatch_retained
22670,de,en,0.9999975233393639,,en,True,False,automatic_detection,de_en_label_mismatch_retained
22672,de,en,0.9999978156789577,,en,True,False,automatic_detection,de_en_label_mismatch_retained
22678,de,en,0.9999958467797946,,en,True,False,automatic_detection,de_en_label_mismatch_retained
22696,de,en,0.9999959466982611,,en,True,False,automatic_detection,de_en_label_mismatch_retained
22712,de,en,0.9999957361175195,,en,True,False,automatic_detection,de_en_label_mismatch_retained
22735,de,en,0.9999958035652915,,en,True,False,automatic_detection,de_en_label_mismatch_retained
22753,de,en,0.999997107985094,,en,True,False,automatic_detection,de_en_label_mismatch_retained
22757,de,en,0.999996257848039,,en,True,False,automatic_detection,de_en_label_mismatch_retained
22766,de,en,0.999995698104299,,en,True,False,automatic_detection,de_en_label_mismatch_retained
22791,de,en,0.999995399834134,en,en,True,False,manual_review,target_language_confirmed_manually
22795,de,it,0.5714260213057796,,de,False,False,declared_label_fallback_uncertain_detection,language_detection_uncertain
22802,de,en,0.9999955575569581,,en,True,False,automatic_detection,de_en_label_mismatch_retained
22805,de,en,0.9999952473676054,,en,True,False,automatic_detection,de_en_label_mismatch_retained
22816,de,en,0.9999962017075228,,en,True,False,automatic_detection,de_en_label_mismatch_retained
22822,de,en,0.9999965429236035,,en,True,False,automatic_detection,de_en_label_mismatch_retained
22824,de,en,0.9999972972215956,,en,True,False,automatic_detection,de_en_label_mismatch_retained
22826,de,en,0.9999969364528318,,en,True,False,automatic_detection,de_en_label_mismatch_retained
22836,de,en,0.9999968024337078,,en,True,False,automatic_detection,de_en_label_mismatch_retained
22845,de,en,0.9999960065355249,,en,True,False,automatic_detection,de_en_label_mismatch_retained
22857,de,en,0.9999978948830119,,en,True,False,automatic_detection,de_en_label_mismatch_retained
22858,de,en,0.9999973430530659,,en,True,False,automatic_detection,de_en_label_mismatch_retained
22863,de,en,0.9999961416080485,,en,True,False,automatic_detection,de_en_label_mismatch_retained
22871,de,en,0.9999973443902221,,en,True,False,automatic_detection,de_en_label_mismatch_retained
22873,de,en,0.9999969688152689,,en,True,False,automatic_detection,de_en_label_mismatch_retained
22892,de,en,0.9999963956554365,,en,True,False,automatic_detection,de_en_label_mismatch_retained
22910,de,en,0.9999968551275821,,en,True,False,automatic_detection,de_en_label_mismatch_retained
22913,de,en,0.9999940887686466,,en,True,False,automatic_detection,de_en_label_mismatch_retained
22928,de,en,0.9999974042024498,,en,True,False,automatic_detection,de_en_label_mismatch_retained
22937,de,en,0.9999968634781324,,en,True,False,automatic_detection,de_en_label_mismatch_retained
22947,de,pt,0.9999979775776057,,de,False,True,excluded_non_target_language,non_target_language_detected_automatically
22957,de,en,0.9999980090527789,,en,True,False,automatic_detection,de_en_label_mismatch_retained
22976,de,en,0.9999971679933095,,en,True,False,automatic_detection,de_en_label_mismatch_retained
22979,de,en,0.9999974911533224,,en,True,False,automatic_detection,de_en_label_mismatch_retained
22984,de,en,0.9999954282818936,,en,True,False,automatic_detection,de_en_label_mismatch_retained
22986,de,en,0.999997205878324,,en,True,False,automatic_detection,de_en_label_mismatch_retained
22987,de,en,0.9999962035019341,,en,True,False,automatic_detection,de_en_label_mismatch_retained
22989,de,en,0.999997162847447,,en,True,False,automatic_detection,de_en_label_mismatch_retained
22991,de,en,0.9999995070548957,,en,True,False,automatic_detection,de_en_label_mismatch_retained
22999,de,en,0.9999965444769562,,en,True,False,automatic_detection,de_en_label_mismatch_retained
23004,de,en,0.999998061929838,,en,True,False,automatic_detection,de_en_label_mismatch_retained
23014,de,en,0.9999977710953845,,en,True,False,automatic_detection,de_en_label_mismatch_retained
23039,de,en,0.9999951663867875,,en,True,False,automatic_detection,de_en_label_mismatch_retained
23040,de,en,0.9999949096178522,,en,True,False,automatic_detection,de_en_label_mismatch_retained
23048,de,en,0.9999977599966575,,en,True,False,automatic_detection,de_en_label_mismatch_retained
23067,de,en,0.9999960371876995,,en,True,False,automatic_detection,de_en_label_mismatch_retained
23081,de,en,0.9999956745295047,,en,True,False,automatic_detection,de_en_label_mismatch_retained
23097,de,en,0.9999966121818182,,en,True,False,automatic_detection,de_en_label_mismatch_retained
23108,de,en,0.9999976437195198,,en,True,False,automatic_detection,de_en_label_mismatch_retained
23125,de,en,0.9999976417373306,,en,True,False,automatic_detection,de_en_label_mismatch_retained
23128,de,en,0.9999976180477489,,en,True,False,automatic_detection,de_en_label_mismatch_retained
23129,de,en,0.9999972642688614,,en,True,False,automatic_detection,de_en_label_mismatch_retained
23130,de,en,0.9999967690776222,,en,True,False,automatic_detection,de_en_label_mismatch_retained
23139,de,en,0.9999969562559912,,en,True,False,automatic_detection,de_en_label_mismatch_retained
23149,de,en,0.9999961247468708,,en,True,False,automatic_detection,de_en_label_mismatch_retained
23158,de,en,0.9999984891575783,,en,True,False,automatic_detection,de_en_label_mismatch_retained
23159,de,en,0.9999972948170719,,en,True,False,automatic_detection,de_en_label_mismatch_retained
23179,de,en,0.9999965094082046,,en,True,False,automatic_detection,de_en_label_mismatch_retained
23194,de,en,0.9999965377355812,,en,True,False,automatic_detection,de_en_label_mismatch_retained
23198,de,en,0.9999985337887799,,en,True,False,automatic_detection,de_en_label_mismatch_retained
23205,de,en,0.9999954939491222,,en,True,False,automatic_detection,de_en_label_mismatch_retained
23206,de,en,0.9999970214474412,,en,True,False,automatic_detection,de_en_label_mismatch_retained
23208,de,en,0.9999970451251667,,en,True,False,automatic_detection,de_en_label_mismatch_retained
23213,de,en,0.9999961962366881,,en,True,False,automatic_detection,de_en_label_mismatch_retained
23215,de,en,0.9999961597232508,,en,True,False,automatic_detection,de_en_label_mismatch_retained
23219,de,en,0.9999977836961043,,en,True,False,automatic_detection,de_en_label_mismatch_retained
23227,de,en,0.9999969522800394,,en,True,False,automatic_detection,de_en_label_mismatch_retained
23242,de,en,0.9999968658394629,,en,True,False,automatic_detection,de_en_label_mismatch_retained
23254,de,en,0.9999979711745262,,en,True,False,automatic_detection,de_en_label_mismatch_retained
23260,de,en,0.9999969336258691,,en,True,False,automatic_detection,de_en_label_mismatch_retained
23268,de,en,0.9999979689341998,,en,True,False,automatic_detection,de_en_label_mismatch_retained
23273,de,en,0.9999960095488505,,en,True,False,automatic_detection,de_en_label_mismatch_retained
23276,de,en,0.9999965693875299,,en,True,False,automatic_detection,de_en_label_mismatch_retained
23277,de,en,0.999998112035879,,en,True,False,automatic_detection,de_en_label_mismatch_retained
23280,de,en,0.9999964237651329,,en,True,False,automatic_detection,de_en_label_mismatch_retained
23283,de,en,0.9999977305558512,,en,True,False,automatic_detection,de_en_label_mismatch_retained
23293,de,en,0.9999969803208744,,en,True,False,automatic_detection,de_en_label_mismatch_retained
23300,de,en,0.9999968529249504,,en,True,False,automatic_detection,de_en_label_mismatch_retained
23316,de,en,0.9999958306231176,,en,True,False,automatic_detection,de_en_label_mismatch_retained
23319,de,en,0.9999962383460868,,en,True,False,automatic_detection,de_en_label_mismatch_retained
23339,de,en,0.9999987387803135,,en,True,False,automatic_detection,de_en_label_mismatch_retained
23349,de,en,0.999994269186558,,en,True,False,automatic_detection,de_en_label_mismatch_retained
23352,de,en,0.9999948258349647,,en,True,False,automatic_detection,de_en_label_mismatch_retained
23354,de,en,0.9999958919246978,,en,True,False,automatic_detection,de_en_label_mismatch_retained
23355,de,en,0.9999963793163537,,en,True,False,automatic_detection,de_en_label_mismatch_retained
23361,de,en,0.9999947160771181,,en,True,False,automatic_detection,de_en_label_mismatch_retained
23363,de,en,0.9999959136881059,,en,True,False,automatic_detection,de_en_label_mismatch_retained
23372,de,en,0.9999945279348956,,en,True,False,automatic_detection,de_en_label_mismatch_retained
23380,de,en,0.9999967924776565,,en,True,False,automatic_detection,de_en_label_mismatch_retained
23387,de,en,0.9999955058551452,,en,True,False,automatic_detection,de_en_label_mismatch_retained
23392,de,en,0.9999954658017184,,en,True,False,automatic_detection,de_en_label_mismatch_retained
23395,de,en,0.9999961248153237,,en,True,False,automatic_detection,de_en_label_mismatch_retained
23414,de,en,0.9999951525903852,,en,True,False,automatic_detection,de_en_label_mismatch_retained
23424,de,en,0.9999969985596626,,en,True,False,automatic_detection,de_en_label_mismatch_retained
23432,de,en,0.999997141485542,,en,True,False,automatic_detection,de_en_label_mismatch_retained
23450,de,en,0.9999961840705426,,en,True,False,automatic_detection,de_en_label_mismatch_retained
23469,de,en,0.9999962993519736,,en,True,False,automatic_detection,de_en_label_mismatch_retained
23491,de,en,0.9999931729859943,,en,True,False,automatic_detection,de_en_label_mismatch_retained
23522,de,en,0.9999974817840052,,en,True,False,automatic_detection,de_en_label_mismatch_retained
23530,de,en,0.9999984762434753,,en,True,False,automatic_detection,de_en_label_mismatch_retained
23537,de,en,0.9999969807563852,,en,True,False,automatic_detection,de_en_label_mismatch_retained
23576,de,en,0.9999987551249212,,en,True,False,automatic_detection,de_en_label_mismatch_retained
23578,de,en,0.9999951210570645,,en,True,False,automatic_detection,de_en_label_mismatch_retained
23583,de,en,0.9999953066256776,,en,True,False,automatic_detection,de_en_label_mismatch_retained
23584,de,en,0.9999981513427758,,en,True,False,automatic_detection,de_en_label_mismatch_retained
23605,de,en,0.9999975667083758,,en,True,False,automatic_detection,de_en_label_mismatch_retained
23606,de,en,0.9999962334472368,,en,True,False,automatic_detection,de_en_label_mismatch_retained
23611,de,en,0.9999980756287594,,en,True,False,automatic_detection,de_en_label_mismatch_retained
23616,de,en,0.9999951711994443,,en,True,False,automatic_detection,de_en_label_mismatch_retained
23624,de,en,0.9999956667263634,,en,True,False,automatic_detection,de_en_label_mismatch_retained
23625,de,en,0.9999984072039967,,en,True,False,automatic_detection,de_en_label_mismatch_retained
23629,de,en,0.9999950524394643,,en,True,False,automatic_detection,de_en_label_mismatch_retained
23638,de,en,0.9999946464856564,,en,True,False,automatic_detection,de_en_label_mismatch_retained
23650,de,en,0.9999942921775749,,en,True,False,automatic_detection,de_en_label_mismatch_retained
23662,de,en,0.999996085133914,,en,True,False,automatic_detection,de_en_label_mismatch_retained
23671,de,en,0.9999976598649006,,en,True,False,automatic_detection,de_en_label_mismatch_retained
23675,de,en,0.9999973937915982,,en,True,False,automatic_detection,de_en_label_mismatch_retained
23686,de,en,0.9999940441120603,,en,True,False,automatic_detection,de_en_label_mismatch_retained
23687,de,en,0.9999957736290458,,en,True,False,automatic_detection,de_en_label_mismatch_retained
23693,de,en,0.9999967786904991,,en,True,False,automatic_detection,de_en_label_mismatch_retained
23694,de,en,0.9999948204710063,,en,True,False,automatic_detection,de_en_label_mismatch_retained
23708,de,en,0.9999950760163997,,en,True,False,automatic_detection,de_en_label_mismatch_retained
23713,de,en,0.9999962539526335,,en,True,False,automatic_detection,de_en_label_mismatch_retained
23714,de,en,0.9999953982355071,,en,True,False,automatic_detection,de_en_label_mismatch_retained
23717,de,en,0.9999956215328698,,en,True,False,automatic_detection,de_en_label_mismatch_retained
23732,de,en,0.9999967841009714,,en,True,False,automatic_detection,de_en_label_mismatch_retained
23736,de,en,0.9999958728270778,,en,True,False,automatic_detection,de_en_label_mismatch_retained
23753,de,en,0.9999958353210562,,en,True,False,automatic_detection,de_en_label_mismatch_retained
23754,de,en,0.9999975908212544,,en,True,False,automatic_detection,de_en_label_mismatch_retained
23759,de,en,0.999994980093825,,en,True,False,automatic_detection,de_en_label_mismatch_retained
23761,de,en,0.9999949859709631,,en,True,False,automatic_detection,de_en_label_mismatch_retained
23777,de,en,0.9999949002209907,,en,True,False,automatic_detection,de_en_label_mismatch_retained
23780,de,en,0.9999958078954909,,en,True,False,automatic_detection,de_en_label_mismatch_retained
23789,de,en,0.9999940875454301,,en,True,False,automatic_detection,de_en_label_mismatch_retained
23813,de,en,0.9999951488881358,,en,True,False,automatic_detection,de_en_label_mismatch_retained
23825,de,en,0.9999961448242043,,en,True,False,automatic_detection,de_en_label_mismatch_retained
23834,de,it,0.8571396193591075,en,en,True,False,manual_review,target_language_confirmed_manually
23836,de,en,0.9999976373935769,,en,True,False,automatic_detection,de_en_label_mismatch_retained
23840,de,en,0.9999977563713933,,en,True,False,automatic_detection,de_en_label_mismatch_retained
23841,de,en,0.9999958225411029,,en,True,False,automatic_detection,de_en_label_mismatch_retained
23848,de,en,0.9999952325161748,,en,True,False,automatic_detection,de_en_label_mismatch_retained
23850,de,en,0.9999951752449339,,en,True,False,automatic_detection,de_en_label_mismatch_retained
23851,de,en,0.9999977385606316,,en,True,False,automatic_detection,de_en_label_mismatch_retained
23855,de,en,0.9999946094334143,,en,True,False,automatic_detection,de_en_label_mismatch_retained
23867,de,en,0.9999963596922868,,en,True,False,automatic_detection,de_en_label_mismatch_retained
23868,de,en,0.9999976621933345,,en,True,False,automatic_detection,de_en_label_mismatch_retained
23876,de,en,0.9999971599904506,,en,True,False,automatic_detection,de_en_label_mismatch_retained
23877,de,en,0.9999956726827852,,en,True,False,automatic_detection,de_en_label_mismatch_retained
23880,de,en,0.9999961916658615,,en,True,False,automatic_detection,de_en_label_mismatch_retained
23885,de,en,0.9999971629057034,,en,True,False,automatic_detection,de_en_label_mismatch_retained
23886,de,en,0.9999972738721928,,en,True,False,automatic_detection,de_en_label_mismatch_retained
23899,de,en,0.9999958684594563,,en,True,False,automatic_detection,de_en_label_mismatch_retained
23905,de,en,0.9999979379334829,,en,True,False,automatic_detection,de_en_label_mismatch_retained
23910,de,en,0.9999956761705624,,en,True,False,automatic_detection,de_en_label_mismatch_retained
23911,de,en,0.9999947014697115,,en,True,False,automatic_detection,de_en_label_mismatch_retained
23915,de,en,0.9999969825040222,,en,True,False,automatic_detection,de_en_label_mismatch_retained
23917,de,en,0.9999967267566728,,en,True,False,automatic_detection,de_en_label_mismatch_retained
23926,de,en,0.9999977266666304,,en,True,False,automatic_detection,de_en_label_mismatch_retained
23932,de,en,0.9999944436557323,,en,True,False,automatic_detection,de_en_label_mismatch_retained
23942,de,en,0.9999950343965168,,en,True,False,automatic_detection,de_en_label_mismatch_retained
23943,de,en,0.9999963708336135,,en,True,False,automatic_detection,de_en_label_mismatch_retained
23956,de,en,0.9999973918934069,,en,True,False,automatic_detection,de_en_label_mismatch_retained
23970,de,en,0.9999975703105001,,en,True,False,automatic_detection,de_en_label_mismatch_retained
23982,de,en,0.9999975354896848,,en,True,False,automatic_detection,de_en_label_mismatch_retained
23988,de,en,0.9999965132441944,,en,True,False,automatic_detection,de_en_label_mismatch_retained
23989,de,en,0.9999957685133155,,en,True,False,automatic_detection,de_en_label_mismatch_retained
23993,de,en,0.9999978322864433,,en,True,False,automatic_detection,de_en_label_mismatch_retained
24006,de,en,0.9999969818416072,,en,True,False,automatic_detection,de_en_label_mismatch_retained
24047,de,en,0.999996491388356,,en,True,False,automatic_detection,de_en_label_mismatch_retained
24063,de,en,0.9999953357621538,,en,True,False,automatic_detection,de_en_label_mismatch_retained
24070,de,en,0.9999962666569704,,en,True,False,automatic_detection,de_en_label_mismatch_retained
24078,de,en,0.9999971700734509,,en,True,False,automatic_detection,de_en_label_mismatch_retained
24089,de,en,0.9999963344252942,,en,True,False,automatic_detection,de_en_label_mismatch_retained
24097,de,en,0.9999977049836017,,en,True,False,automatic_detection,de_en_label_mismatch_retained
24103,de,en,0.9999974758791499,,en,True,False,automatic_detection,de_en_label_mismatch_retained
24113,de,en,0.9999960223372337,,en,True,False,automatic_detection,de_en_label_mismatch_retained
24117,de,en,0.9999961478523007,,en,True,False,automatic_detection,de_en_label_mismatch_retained
24128,de,en,0.9999970376875518,,en,True,False,automatic_detection,de_en_label_mismatch_retained
24130,de,en,0.9999934336894155,,en,True,False,automatic_detection,de_en_label_mismatch_retained
24137,de,en,0.9999987439628222,,en,True,False,automatic_detection,de_en_label_mismatch_retained
24139,de,en,0.9999972298055169,,en,True,False,automatic_detection,de_en_label_mismatch_retained
24141,de,en,0.9999963713893051,,en,True,False,automatic_detection,de_en_label_mismatch_retained
24142,de,en,0.9999989543639958,,en,True,False,automatic_detection,de_en_label_mismatch_retained
24160,de,en,0.9999964840600416,,en,True,False,automatic_detection,de_en_label_mismatch_retained
24177,de,en,0.9999966596604587,,en,True,False,automatic_detection,de_en_label_mismatch_retained
24188,de,en,0.9999952306641862,,en,True,False,automatic_detection,de_en_label_mismatch_retained
24189,de,en,0.9999977763647023,,en,True,False,automatic_detection,de_en_label_mismatch_retained
24193,de,en,0.9999973933034334,,en,True,False,automatic_detection,de_en_label_mismatch_retained
24206,de,en,0.9999944119022383,,en,True,False,automatic_detection,de_en_label_mismatch_retained
24216,de,en,0.9999973037266319,,en,True,False,automatic_detection,de_en_label_mismatch_retained
24219,de,en,0.9999957389373919,,en,True,False,automatic_detection,de_en_label_mismatch_retained
24231,de,en,0.9999962055535132,,en,True,False,automatic_detection,de_en_label_mismatch_retained
24232,de,en,0.999997072721942,,en,True,False,automatic_detection,de_en_label_mismatch_retained
24237,de,en,0.9999962673937448,,en,True,False,automatic_detection,de_en_label_mismatch_retained
24251,de,en,0.9999957184184853,,en,True,False,automatic_detection,de_en_label_mismatch_retained
24258,de,en,0.9999944063344519,,en,True,False,automatic_detection,de_en_label_mismatch_retained
24264,de,en,0.9999981829501134,,en,True,False,automatic_detection,de_en_label_mismatch_retained
24273,de,en,0.9999990070108704,,en,True,False,automatic_detection,de_en_label_mismatch_retained
24275,de,en,0.9999957535643571,,en,True,False,automatic_detection,de_en_label_mismatch_retained
24282,de,en,0.9999974487027741,,en,True,False,automatic_detection,de_en_label_mismatch_retained
24283,de,en,0.9999953019379308,,en,True,False,automatic_detection,de_en_label_mismatch_retained
24297,de,en,0.999998510964313,,en,True,False,automatic_detection,de_en_label_mismatch_retained
24320,de,en,0.9999981058014811,,en,True,False,automatic_detection,de_en_label_mismatch_retained
24322,de,en,0.9999986445541758,,en,True,False,automatic_detection,de_en_label_mismatch_retained
24324,de,en,0.9999968671267041,,en,True,False,automatic_detection,de_en_label_mismatch_retained
24335,de,en,0.999997440035908,,en,True,False,automatic_detection,de_en_label_mismatch_retained
24348,de,en,0.9999941388216083,,en,True,False,automatic_detection,de_en_label_mismatch_retained
24359,de,en,0.9999947902018828,,en,True,False,automatic_detection,de_en_label_mismatch_retained
24365,de,en,0.999997193776134,,en,True,False,automatic_detection,de_en_label_mismatch_retained
24382,de,en,0.999997231726061,,en,True,False,automatic_detection,de_en_label_mismatch_retained
24394,de,en,0.9999971961266579,,en,True,False,automatic_detection,de_en_label_mismatch_retained
24396,de,en,0.9999980981178311,,en,True,False,automatic_detection,de_en_label_mismatch_retained
24399,de,en,0.9999963905958802,,en,True,False,automatic_detection,de_en_label_mismatch_retained
24410,de,en,0.9999969048321752,,en,True,False,automatic_detection,de_en_label_mismatch_retained
24416,de,en,0.9999957742883481,,en,True,False,automatic_detection,de_en_label_mismatch_retained
24429,de,en,0.9999957295021193,,en,True,False,automatic_detection,de_en_label_mismatch_retained
24448,de,en,0.9999975219282351,,en,True,False,automatic_detection,de_en_label_mismatch_retained
24452,de,en,0.9999965237968973,,en,True,False,automatic_detection,de_en_label_mismatch_retained
24454,de,en,0.9999948350030498,,en,True,False,automatic_detection,de_en_label_mismatch_retained
24457,de,pt,0.9999961830240048,,de,False,True,excluded_non_target_language,non_target_language_detected_automatically
24461,de,en,0.9999951325434473,,en,True,False,automatic_detection,de_en_label_mismatch_retained
24467,de,en,0.9999963234044262,,en,True,False,automatic_detection,de_en_label_mismatch_retained
24469,de,en,0.9999986586065195,,en,True,False,automatic_detection,de_en_label_mismatch_retained
24486,de,en,0.9999976167532351,,en,True,False,automatic_detection,de_en_label_mismatch_retained
24491,de,en,0.9999982936303728,,en,True,False,automatic_detection,de_en_label_mismatch_retained
24502,de,en,0.9999958297389261,,en,True,False,automatic_detection,de_en_label_mismatch_retained
24506,de,en,0.9999972753046062,,en,True,False,automatic_detection,de_en_label_mismatch_retained
24511,de,en,0.999996924628921,,en,True,False,automatic_detection,de_en_label_mismatch_retained
24512,de,en,0.9999972255532862,,en,True,False,automatic_detection,de_en_label_mismatch_retained
24515,de,en,0.9999969651385568,,en,True,False,automatic_detection,de_en_label_mismatch_retained
24520,de,en,0.9999955306311734,,en,True,False,automatic_detection,de_en_label_mismatch_retained
24523,de,en,0.999996294202554,,en,True,False,automatic_detection,de_en_label_mismatch_retained
24524,de,en,0.999996772720519,,en,True,False,automatic_detection,de_en_label_mismatch_retained
24526,de,en,0.9999941538176386,,en,True,False,automatic_detection,de_en_label_mismatch_retained
24534,de,en,0.9999950848593783,,en,True,False,automatic_detection,de_en_label_mismatch_retained
24553,de,en,0.9999971779235178,,en,True,False,automatic_detection,de_en_label_mismatch_retained
24569,de,en,0.9999983969024606,,en,True,False,automatic_detection,de_en_label_mismatch_retained
24571,de,en,0.9999973969603608,,en,True,False,automatic_detection,de_en_label_mismatch_retained
24578,de,en,0.999997785996226,,en,True,False,automatic_detection,de_en_label_mismatch_retained
24601,de,en,0.9999965436630045,,en,True,False,automatic_detection,de_en_label_mismatch_retained
24605,de,en,0.9999966308081112,,en,True,False,automatic_detection,de_en_label_mismatch_retained
24608,de,en,0.999995462719473,,en,True,False,automatic_detection,de_en_label_mismatch_retained
24611,de,en,0.9999948557904575,,en,True,False,automatic_detection,de_en_label_mismatch_retained
24622,de,en,0.9999981129867376,,en,True,False,automatic_detection,de_en_label_mismatch_retained
24625,de,en,0.9999960866460315,,en,True,False,automatic_detection,de_en_label_mismatch_retained
24641,de,en,0.9999954591086446,,en,True,False,automatic_detection,de_en_label_mismatch_retained
24658,de,en,0.9999972751901205,,en,True,False,automatic_detection,de_en_label_mismatch_retained
24666,de,en,0.9999965444006991,,en,True,False,automatic_detection,de_en_label_mismatch_retained
24670,de,en,0.9999972138018701,,en,True,False,automatic_detection,de_en_label_mismatch_retained
24691,de,en,0.9999975354033169,,en,True,False,automatic_detection,de_en_label_mismatch_retained
24697,de,en,0.9999978576357174,,en,True,False,automatic_detection,de_en_label_mismatch_retained
24706,de,en,0.9999971971671129,,en,True,False,automatic_detection,de_en_label_mismatch_retained
24721,de,en,0.9999953893557014,,en,True,False,automatic_detection,de_en_label_mismatch_retained
24729,de,en,0.9999973625339484,,en,True,False,automatic_detection,de_en_label_mismatch_retained
24732,de,en,0.9999985489921872,,en,True,False,automatic_detection,de_en_label_mismatch_retained
24735,de,en,0.9999966665292955,,en,True,False,automatic_detection,de_en_label_mismatch_retained
24738,de,en,0.9999937182412961,,en,True,False,automatic_detection,de_en_label_mismatch_retained
24760,de,en,0.9999971467989681,,en,True,False,automatic_detection,de_en_label_mismatch_retained
24776,de,en,0.9999977258953563,,en,True,False,automatic_detection,de_en_label_mismatch_retained
24783,de,en,0.9999962028630268,,en,True,False,automatic_detection,de_en_label_mismatch_retained
24797,de,en,0.9999975304258005,,en,True,False,automatic_detection,de_en_label_mismatch_retained
24798,de,en,0.999996001710122,,en,True,False,automatic_detection,de_en_label_mismatch_retained
24814,de,en,0.9999952910947585,,en,True,False,automatic_detection,de_en_label_mismatch_retained
24827,de,en,0.9999965439777814,,en,True,False,automatic_detection,de_en_label_mismatch_retained
24836,de,en,0.9999966983989614,,en,True,False,automatic_detection,de_en_label_mismatch_retained
24840,de,en,0.999996083646555,,en,True,False,automatic_detection,de_en_label_mismatch_retained
24843,de,en,0.9999963773341787,,en,True,False,automatic_detection,de_en_label_mismatch_retained
24848,de,en,0.9999957883292385,,en,True,False,automatic_detection,de_en_label_mismatch_retained
24851,de,en,0.9999970731766209,,en,True,False,automatic_detection,de_en_label_mismatch_retained
24858,de,en,0.9999971585818785,,en,True,False,automatic_detection,de_en_label_mismatch_retained
24866,de,en,0.9999973598718885,,en,True,False,automatic_detection,de_en_label_mismatch_retained
24878,de,en,0.999997152668265,,en,True,False,automatic_detection,de_en_label_mismatch_retained
24891,de,en,0.9999973773911789,,en,True,False,automatic_detection,de_en_label_mismatch_retained
24898,de,en,0.9999948080080385,,en,True,False,automatic_detection,de_en_label_mismatch_retained
24912,de,en,0.9999971877295385,,en,True,False,automatic_detection,de_en_label_mismatch_retained
24913,de,en,0.9999953550971868,,en,True,False,automatic_detection,de_en_label_mismatch_retained
24915,de,en,0.9999963356966313,,en,True,False,automatic_detection,de_en_label_mismatch_retained
24921,de,en,0.8571412558798106,,en,True,False,automatic_detection,de_en_label_mismatch_retained
24922,de,en,0.999998200818985,,en,True,False,automatic_detection,de_en_label_mismatch_retained
24924,de,en,0.9999970545663956,,en,True,False,automatic_detection,de_en_label_mismatch_retained
24930,de,en,0.9999956301341715,,en,True,False,automatic_detection,de_en_label_mismatch_retained
24934,de,en,0.9999956417055601,,en,True,False,automatic_detection,de_en_label_mismatch_retained
24941,de,en,0.9999972334756966,,en,True,False,automatic_detection,de_en_label_mismatch_retained
24950,de,en,0.9999959321922396,,en,True,False,automatic_detection,de_en_label_mismatch_retained
24953,de,en,0.9999944684533708,,en,True,False,automatic_detection,de_en_label_mismatch_retained
24972,de,en,0.9999972867214646,,en,True,False,automatic_detection,de_en_label_mismatch_retained
24975,de,en,0.9999962474608447,,en,True,False,automatic_detection,de_en_label_mismatch_retained
24986,de,en,0.9999950419441832,,en,True,False,automatic_detection,de_en_label_mismatch_retained
24998,de,en,0.9999957733400078,,en,True,False,automatic_detection,de_en_label_mismatch_retained
25003,de,en,0.9999932951383129,,en,True,False,automatic_detection,de_en_label_mismatch_retained
25012,de,en,0.9999964300165093,,en,True,False,automatic_detection,de_en_label_mismatch_retained
25030,de,en,0.9999957018345035,,en,True,False,automatic_detection,de_en_label_mismatch_retained
25034,de,en,0.9999968474580843,,en,True,False,automatic_detection,de_en_label_mismatch_retained
25038,de,en,0.999996619058559,,en,True,False,automatic_detection,de_en_label_mismatch_retained
25039,de,en,0.9999979474364128,,en,True,False,automatic_detection,de_en_label_mismatch_retained
25057,de,en,0.9999983906683572,,en,True,False,automatic_detection,de_en_label_mismatch_retained
25063,de,en,0.999996137707948,,en,True,False,automatic_detection,de_en_label_mismatch_retained
25069,de,en,0.9999962541130234,,en,True,False,automatic_detection,de_en_label_mismatch_retained
25071,de,en,0.9999958847850263,,en,True,False,automatic_detection,de_en_label_mismatch_retained
25073,de,en,0.99999632345307,,en,True,False,automatic_detection,de_en_label_mismatch_retained
25076,de,ca,0.5714275082783611,,de,False,False,declared_label_fallback_uncertain_detection,language_detection_uncertain
25088,de,en,0.9999967695946885,,en,True,False,automatic_detection,de_en_label_mismatch_retained
25089,de,en,0.999996910997079,,en,True,False,automatic_detection,de_en_label_mismatch_retained
25098,de,en,0.9999960039970597,,en,True,False,automatic_detection,de_en_label_mismatch_retained
25099,de,en,0.9999972123493941,,en,True,False,automatic_detection,de_en_label_mismatch_retained
25103,de,en,0.9999986567791636,,en,True,False,automatic_detection,de_en_label_mismatch_retained
25113,de,en,0.9999974039953016,,en,True,False,automatic_detection,de_en_label_mismatch_retained
25120,de,en,0.9999976382824733,,en,True,False,automatic_detection,de_en_label_mismatch_retained
25129,de,en,0.999996762167449,,en,True,False,automatic_detection,de_en_label_mismatch_retained
25134,de,en,0.9999964847028052,,en,True,False,automatic_detection,de_en_label_mismatch_retained
25146,de,en,0.999995724153851,,en,True,False,automatic_detection,de_en_label_mismatch_retained
25150,de,en,0.9999960569350178,,en,True,False,automatic_detection,de_en_label_mismatch_retained
25154,de,en,0.9999950970675633,,en,True,False,automatic_detection,de_en_label_mismatch_retained
25158,de,en,0.9999983416059252,,en,True,False,automatic_detection,de_en_label_mismatch_retained
25165,de,en,0.9999974303415943,,en,True,False,automatic_detection,de_en_label_mismatch_retained
25180,de,en,0.9999974972170018,,en,True,False,automatic_detection,de_en_label_mismatch_retained
25181,de,en,0.9999968376475031,,en,True,False,automatic_detection,de_en_label_mismatch_retained
25185,de,en,0.9999964526411086,,en,True,False,automatic_detection,de_en_label_mismatch_retained
25190,de,en,0.9999964523317992,,en,True,False,automatic_detection,de_en_label_mismatch_retained
25193,de,en,0.9999950336567967,,en,True,False,automatic_detection,de_en_label_mismatch_retained
25206,de,en,0.9999950593744189,,en,True,False,automatic_detection,de_en_label_mismatch_retained
25209,de,en,0.9999949254726866,,en,True,False,automatic_detection,de_en_label_mismatch_retained
25211,de,en,0.9999964465570734,,en,True,False,automatic_detection,de_en_label_mismatch_retained
25212,de,en,0.9999959049391474,,en,True,False,automatic_detection,de_en_label_mismatch_retained
25220,de,en,0.9999974159141067,,en,True,False,automatic_detection,de_en_label_mismatch_retained
25223,de,en,0.9999955431515067,,en,True,False,automatic_detection,de_en_label_mismatch_retained
25237,de,en,0.9999979398671568,,en,True,False,automatic_detection,de_en_label_mismatch_retained
25243,de,en,0.9999981075929272,,en,True,False,automatic_detection,de_en_label_mismatch_retained
25246,de,en,0.9999955034263364,,en,True,False,automatic_detection,de_en_label_mismatch_retained
25255,de,en,0.9999968099874045,,en,True,False,automatic_detection,de_en_label_mismatch_retained
25256,de,en,0.9999972515262594,,en,True,False,automatic_detection,de_en_label_mismatch_retained
25261,de,en,0.9999976479669704,,en,True,False,automatic_detection,de_en_label_mismatch_retained
25268,de,en,0.9999957321383035,,en,True,False,automatic_detection,de_en_label_mismatch_retained
25270,de,en,0.9999976043786569,,en,True,False,automatic_detection,de_en_label_mismatch_retained
25277,de,en,0.9999972476656611,,en,True,False,automatic_detection,de_en_label_mismatch_retained
25278,de,en,0.999996806056853,,en,True,False,automatic_detection,de_en_label_mismatch_retained
25279,de,en,0.9999969230410587,,en,True,False,automatic_detection,de_en_label_mismatch_retained
25290,de,en,0.999996809252518,,en,True,False,automatic_detection,de_en_label_mismatch_retained
25295,de,en,0.9999955713591635,,en,True,False,automatic_detection,de_en_label_mismatch_retained
25296,de,en,0.9999976190836309,,en,True,False,automatic_detection,de_en_label_mismatch_retained
25297,de,en,0.9999957795800163,,en,True,False,automatic_detection,de_en_label_mismatch_retained
25324,de,en,0.9999977813694227,,en,True,False,automatic_detection,de_en_label_mismatch_retained
25328,de,en,0.9999967254545705,,en,True,False,automatic_detection,de_en_label_mismatch_retained
25334,de,en,0.9999988244397058,,en,True,False,automatic_detection,de_en_label_mismatch_retained
25339,de,en,0.9999961881233608,,en,True,False,automatic_detection,de_en_label_mismatch_retained
25347,de,en,0.9999986456952465,,en,True,False,automatic_detection,de_en_label_mismatch_retained
25348,de,en,0.9999984649265214,,en,True,False,automatic_detection,de_en_label_mismatch_retained
25358,de,en,0.9999972814298698,,en,True,False,automatic_detection,de_en_label_mismatch_retained
25374,de,en,0.999997722325221,,en,True,False,automatic_detection,de_en_label_mismatch_retained
25379,de,en,0.9999984765352495,,en,True,False,automatic_detection,de_en_label_mismatch_retained
25383,de,en,0.9999960939569755,,en,True,False,automatic_detection,de_en_label_mismatch_retained
25390,de,en,0.9999979027355318,,en,True,False,automatic_detection,de_en_label_mismatch_retained
25393,de,en,0.9999971509981038,,en,True,False,automatic_detection,de_en_label_mismatch_retained
25395,de,en,0.9999966314625952,,en,True,False,automatic_detection,de_en_label_mismatch_retained
25407,de,en,0.9999969733695907,,en,True,False,automatic_detection,de_en_label_mismatch_retained
25408,de,en,0.9999967991061698,,en,True,False,automatic_detection,de_en_label_mismatch_retained
25412,de,en,0.9999978144126758,,en,True,False,automatic_detection,de_en_label_mismatch_retained
25426,de,en,0.9999953271377917,,en,True,False,automatic_detection,de_en_label_mismatch_retained
25427,de,en,0.9999969562786627,,en,True,False,automatic_detection,de_en_label_mismatch_retained
25445,de,en,0.9999988188705484,,en,True,False,automatic_detection,de_en_label_mismatch_retained
25462,de,en,0.9999979083834423,,en,True,False,automatic_detection,de_en_label_mismatch_retained
25466,de,en,0.9999965828166858,,en,True,False,automatic_detection,de_en_label_mismatch_retained
25474,de,en,0.9999978778970684,,en,True,False,automatic_detection,de_en_label_mismatch_retained
25495,de,en,0.9999966715786607,,en,True,False,automatic_detection,de_en_label_mismatch_retained
25499,de,en,0.9999971395537528,,en,True,False,automatic_detection,de_en_label_mismatch_retained
25505,de,en,0.9999974910742504,,en,True,False,automatic_detection,de_en_label_mismatch_retained
25508,de,en,0.9999957857187682,,en,True,False,automatic_detection,de_en_label_mismatch_retained
25509,de,en,0.9999971690669226,,en,True,False,automatic_detection,de_en_label_mismatch_retained
25516,de,en,0.9999953266028678,,en,True,False,automatic_detection,de_en_label_mismatch_retained
25518,de,en,0.9999948109452508,,en,True,False,automatic_detection,de_en_label_mismatch_retained
25520,de,en,0.9999962060747787,,en,True,False,automatic_detection,de_en_label_mismatch_retained
25529,de,en,0.9999969279994125,,en,True,False,automatic_detection,de_en_label_mismatch_retained
25537,de,en,0.9999966760636393,,en,True,False,automatic_detection,de_en_label_mismatch_retained
25538,de,en,0.9999974144404236,,en,True,False,automatic_detection,de_en_label_mismatch_retained
25561,de,en,0.9999964707571636,,en,True,False,automatic_detection,de_en_label_mismatch_retained
25571,de,en,0.9999967185594602,,en,True,False,automatic_detection,de_en_label_mismatch_retained
25584,de,en,0.9999967729420782,,en,True,False,automatic_detection,de_en_label_mismatch_retained
25585,de,en,0.9999950020016591,,en,True,False,automatic_detection,de_en_label_mismatch_retained
25605,de,en,0.9999968988087983,,en,True,False,automatic_detection,de_en_label_mismatch_retained
25609,de,en,0.9999965244706487,,en,True,False,automatic_detection,de_en_label_mismatch_retained
25610,de,en,0.9999965336842679,,en,True,False,automatic_detection,de_en_label_mismatch_retained
25613,de,en,0.9999976499448202,,en,True,False,automatic_detection,de_en_label_mismatch_retained
25614,de,en,0.9999972643426862,,en,True,False,automatic_detection,de_en_label_mismatch_retained
25629,de,en,0.9999977988212334,,en,True,False,automatic_detection,de_en_label_mismatch_retained
25640,de,en,0.9999982339775277,,en,True,False,automatic_detection,de_en_label_mismatch_retained
25643,de,en,0.9999979865060821,,en,True,False,automatic_detection,de_en_label_mismatch_retained
25644,de,en,0.9999980994395817,,en,True,False,automatic_detection,de_en_label_mismatch_retained
25651,de,en,0.9999944100486734,,en,True,False,automatic_detection,de_en_label_mismatch_retained
25660,de,en,0.9999967902339195,,en,True,False,automatic_detection,de_en_label_mismatch_retained
25674,de,en,0.9999980645342522,,en,True,False,automatic_detection,de_en_label_mismatch_retained
25690,de,en,0.9999966963016166,,en,True,False,automatic_detection,de_en_label_mismatch_retained
25708,de,en,0.999998554480975,,en,True,False,automatic_detection,de_en_label_mismatch_retained
25712,de,en,0.9999962434609952,,en,True,False,automatic_detection,de_en_label_mismatch_retained
25723,de,en,0.9999939854454599,,en,True,False,automatic_detection,de_en_label_mismatch_retained
25724,de,en,0.9999960080360176,,en,True,False,automatic_detection,de_en_label_mismatch_retained
25726,de,en,0.999996143562458,,en,True,False,automatic_detection,de_en_label_mismatch_retained
25734,de,en,0.999995545885313,,en,True,False,automatic_detection,de_en_label_mismatch_retained
25736,de,en,0.9999960040716547,,en,True,False,automatic_detection,de_en_label_mismatch_retained
25738,de,en,0.9999958327452567,,en,True,False,automatic_detection,de_en_label_mismatch_retained
25740,de,en,0.9999972245251156,,en,True,False,automatic_detection,de_en_label_mismatch_retained
25741,de,en,0.9999983055941226,,en,True,False,automatic_detection,de_en_label_mismatch_retained
25743,de,en,0.9999979674800923,,en,True,False,automatic_detection,de_en_label_mismatch_retained
25755,de,en,0.9999974660821844,,en,True,False,automatic_detection,de_en_label_mismatch_retained
25770,de,en,0.999995840710207,,en,True,False,automatic_detection,de_en_label_mismatch_retained
25781,de,en,0.9999960709480847,,en,True,False,automatic_detection,de_en_label_mismatch_retained
25787,de,en,0.9999976938588102,,en,True,False,automatic_detection,de_en_label_mismatch_retained
25792,de,en,0.9999961951453712,,en,True,False,automatic_detection,de_en_label_mismatch_retained
25799,de,en,0.9999954706482097,,en,True,False,automatic_detection,de_en_label_mismatch_retained
25819,de,en,0.9999953134822003,,en,True,False,automatic_detection,de_en_label_mismatch_retained
25828,de,en,0.9999983419812926,,en,True,False,automatic_detection,de_en_label_mismatch_retained
25840,de,en,0.9999957245239146,,en,True,False,automatic_detection,de_en_label_mismatch_retained
25850,de,en,0.714283035016432,en,en,True,False,manual_review,target_language_confirmed_manually
25852,de,en,0.9999966548612244,,en,True,False,automatic_detection,de_en_label_mismatch_retained
25874,de,en,0.9999959616222539,,en,True,False,automatic_detection,de_en_label_mismatch_retained
25877,de,en,0.9999972222241478,,en,True,False,automatic_detection,de_en_label_mismatch_retained
25889,de,en,0.9999955903700591,,en,True,False,automatic_detection,de_en_label_mismatch_retained
25900,de,en,0.9999967395482455,,en,True,False,automatic_detection,de_en_label_mismatch_retained
25910,de,en,0.9999979891269163,,en,True,False,automatic_detection,de_en_label_mismatch_retained
25917,de,en,0.9999974803433437,,en,True,False,automatic_detection,de_en_label_mismatch_retained
25923,de,en,0.9999965537035298,,en,True,False,automatic_detection,de_en_label_mismatch_retained
25924,de,en,0.9999963010008175,,en,True,False,automatic_detection,de_en_label_mismatch_retained
25932,de,en,0.9999960610369241,,en,True,False,automatic_detection,de_en_label_mismatch_retained
25940,de,en,0.9999935886807825,,en,True,False,automatic_detection,de_en_label_mismatch_retained
25949,de,en,0.9999955574098494,,en,True,False,automatic_detection,de_en_label_mismatch_retained
25965,de,en,0.9999981273968288,,en,True,False,automatic_detection,de_en_label_mismatch_retained
25967,de,en,0.9999964780438332,,en,True,False,automatic_detection,de_en_label_mismatch_retained
25978,de,en,0.9999980284127725,,en,True,False,automatic_detection,de_en_label_mismatch_retained
25980,de,en,0.9999957623026863,,en,True,False,automatic_detection,de_en_label_mismatch_retained
25984,de,en,0.9999978641468515,,en,True,False,automatic_detection,de_en_label_mismatch_retained
25987,de,en,0.9999980206659835,,en,True,False,automatic_detection,de_en_label_mismatch_retained
25990,de,en,0.9999955830438659,,en,True,False,automatic_detection,de_en_label_mismatch_retained
25994,de,en,0.9999969758943041,,en,True,False,automatic_detection,de_en_label_mismatch_retained
25997,de,en,0.9999962716269223,,en,True,False,automatic_detection,de_en_label_mismatch_retained
26002,de,en,0.99999590323323,en,en,True,False,manual_review,target_language_confirmed_manually
26013,de,en,0.9999975396004954,,en,True,False,automatic_detection,de_en_label_mismatch_retained
26018,de,en,0.9999964778984405,,en,True,False,automatic_detection,de_en_label_mismatch_retained
26020,de,en,0.99999782763836,,en,True,False,automatic_detection,de_en_label_mismatch_retained
26024,de,en,0.9999972862158107,,en,True,False,automatic_detection,de_en_label_mismatch_retained
26025,de,en,0.9999949846335031,,en,True,False,automatic_detection,de_en_label_mismatch_retained
26030,de,en,0.9999978842480084,,en,True,False,automatic_detection,de_en_label_mismatch_retained
26037,de,en,0.9999945947357132,,en,True,False,automatic_detection,de_en_label_mismatch_retained
26043,de,en,0.999997483872484,,en,True,False,automatic_detection,de_en_label_mismatch_retained
26048,de,en,0.9999953767601872,,en,True,False,automatic_detection,de_en_label_mismatch_retained
26072,de,en,0.9999964343813875,,en,True,False,automatic_detection,de_en_label_mismatch_retained
26078,de,en,0.9999960736854708,,en,True,False,automatic_detection,de_en_label_mismatch_retained
26080,de,en,0.9999965701950669,,en,True,False,automatic_detection,de_en_label_mismatch_retained
26081,de,en,0.9999964290505741,,en,True,False,automatic_detection,de_en_label_mismatch_retained
26082,de,en,0.9999968340494976,,en,True,False,automatic_detection,de_en_label_mismatch_retained
26088,de,en,0.9999970980119384,,en,True,False,automatic_detection,de_en_label_mismatch_retained
26103,de,en,0.9999963696802986,,en,True,False,automatic_detection,de_en_label_mismatch_retained
26108,de,en,0.9999961099236373,,en,True,False,automatic_detection,de_en_label_mismatch_retained
26109,de,en,0.9999953397739009,,en,True,False,automatic_detection,de_en_label_mismatch_retained
26113,de,en,0.9999987067032678,,en,True,False,automatic_detection,de_en_label_mismatch_retained
26119,de,en,0.9999963931393518,,en,True,False,automatic_detection,de_en_label_mismatch_retained
26132,de,en,0.9999987034067062,,en,True,False,automatic_detection,de_en_label_mismatch_retained
26134,de,en,0.999997038402453,,en,True,False,automatic_detection,de_en_label_mismatch_retained
26136,de,en,0.9999961711378447,,en,True,False,automatic_detection,de_en_label_mismatch_retained
26137,de,en,0.999996938841754,,en,True,False,automatic_detection,de_en_label_mismatch_retained
26143,de,en,0.9999965682333168,,en,True,False,automatic_detection,de_en_label_mismatch_retained
26154,de,en,0.9999961188343471,,en,True,False,automatic_detection,de_en_label_mismatch_retained
26160,de,en,0.999997789467375,,en,True,False,automatic_detection,de_en_label_mismatch_retained
26161,de,en,0.9999987054030688,,en,True,False,automatic_detection,de_en_label_mismatch_retained
26175,de,en,0.9999952987607885,,en,True,False,automatic_detection,de_en_label_mismatch_retained
26186,de,en,0.9999958703103722,,en,True,False,automatic_detection,de_en_label_mismatch_retained
26199,de,en,0.9999975526132016,,en,True,False,automatic_detection,de_en_label_mismatch_retained
26204,de,en,0.9999973824806152,,en,True,False,automatic_detection,de_en_label_mismatch_retained
26210,de,en,0.9999975033396853,,en,True,False,automatic_detection,de_en_label_mismatch_retained
26214,de,en,0.9999971959471516,,en,True,False,automatic_detection,de_en_label_mismatch_retained
26216,de,en,0.9999971745720839,,en,True,False,automatic_detection,de_en_label_mismatch_retained
26230,de,en,0.9999957110527545,,en,True,False,automatic_detection,de_en_label_mismatch_retained
26246,de,en,0.9999972750539157,,en,True,False,automatic_detection,de_en_label_mismatch_retained
26247,de,en,0.9999967236504612,,en,True,False,automatic_detection,de_en_label_mismatch_retained
26251,de,en,0.9999963959542046,,en,True,False,automatic_detection,de_en_label_mismatch_retained
26252,de,en,0.9999948741379975,,en,True,False,automatic_detection,de_en_label_mismatch_retained
26271,de,en,0.9999951898963066,,en,True,False,automatic_detection,de_en_label_mismatch_retained
26283,de,en,0.9999968948322588,,en,True,False,automatic_detection,de_en_label_mismatch_retained
26295,de,en,0.9999978074997605,,en,True,False,automatic_detection,de_en_label_mismatch_retained
26299,de,en,0.9999955807489497,,en,True,False,automatic_detection,de_en_label_mismatch_retained
26301,de,en,0.9999984356733773,,en,True,False,automatic_detection,de_en_label_mismatch_retained
26304,de,en,0.9999955540905257,,en,True,False,automatic_detection,de_en_label_mismatch_retained
26311,de,en,0.9999974616239306,,en,True,False,automatic_detection,de_en_label_mismatch_retained
26312,de,en,0.9999966035948836,,en,True,False,automatic_detection,de_en_label_mismatch_retained
26330,de,en,0.9999957977575429,,en,True,False,automatic_detection,de_en_label_mismatch_retained
26331,de,en,0.9999966566301596,,en,True,False,automatic_detection,de_en_label_mismatch_retained
26337,de,en,0.9999958862308134,,en,True,False,automatic_detection,de_en_label_mismatch_retained
26359,de,en,0.9999977183059654,,en,True,False,automatic_detection,de_en_label_mismatch_retained
26378,de,en,0.9999964209254419,,en,True,False,automatic_detection,de_en_label_mismatch_retained
26380,de,en,0.999995653401783,,en,True,False,automatic_detection,de_en_label_mismatch_retained
26382,de,en,0.9999970204988857,,en,True,False,automatic_detection,de_en_label_mismatch_retained
26417,de,en,0.999996608178658,,en,True,False,automatic_detection,de_en_label_mismatch_retained
26424,de,en,0.999997283665117,,en,True,False,automatic_detection,de_en_label_mismatch_retained
26427,de,en,0.9999983916233421,,en,True,False,automatic_detection,de_en_label_mismatch_retained
26436,de,en,0.9999953251111341,,en,True,False,automatic_detection,de_en_label_mismatch_retained
26439,de,en,0.9999957840527454,,en,True,False,automatic_detection,de_en_label_mismatch_retained
26453,de,en,0.9999947042994028,,en,True,False,automatic_detection,de_en_label_mismatch_retained
26455,de,en,0.9999962487331882,,en,True,False,automatic_detection,de_en_label_mismatch_retained
26458,de,en,0.999995883379196,,en,True,False,automatic_detection,de_en_label_mismatch_retained
26459,de,en,0.9999963069244429,,en,True,False,automatic_detection,de_en_label_mismatch_retained
26462,de,en,0.9999973898538882,,en,True,False,automatic_detection,de_en_label_mismatch_retained
26470,de,en,0.9999956409440061,,en,True,False,automatic_detection,de_en_label_mismatch_retained
26472,de,en,0.9999950442840624,,en,True,False,automatic_detection,de_en_label_mismatch_retained
26474,de,en,0.9999966187650523,,en,True,False,automatic_detection,de_en_label_mismatch_retained
26478,de,en,0.9999950672386033,,en,True,False,automatic_detection,de_en_label_mismatch_retained
26482,de,en,0.9999963009843971,,en,True,False,automatic_detection,de_en_label_mismatch_retained
26483,de,en,0.9999970837675431,,en,True,False,automatic_detection,de_en_label_mismatch_retained
26494,de,en,0.9999971531987472,,en,True,False,automatic_detection,de_en_label_mismatch_retained
26495,de,en,0.9999976744292196,,en,True,False,automatic_detection,de_en_label_mismatch_retained
26497,de,en,0.999994456770787,,en,True,False,automatic_detection,de_en_label_mismatch_retained
26501,de,en,0.9999974065333442,,en,True,False,automatic_detection,de_en_label_mismatch_retained
26503,de,en,0.9999976238814899,,en,True,False,automatic_detection,de_en_label_mismatch_retained
26504,de,en,0.9999946722358238,,en,True,False,automatic_detection,de_en_label_mismatch_retained
26511,de,en,0.9999973321350444,,en,True,False,automatic_detection,de_en_label_mismatch_retained
26519,de,en,0.9999969018161099,,en,True,False,automatic_detection,de_en_label_mismatch_retained
26521,de,en,0.9999973936121513,,en,True,False,automatic_detection,de_en_label_mismatch_retained
26523,de,en,0.9999950413093632,,en,True,False,automatic_detection,de_en_label_mismatch_retained
26525,de,en,0.9999980182242699,,en,True,False,automatic_detection,de_en_label_mismatch_retained
26542,de,en,0.9999967556704668,,en,True,False,automatic_detection,de_en_label_mismatch_retained
26544,de,en,0.9999971379658997,,en,True,False,automatic_detection,de_en_label_mismatch_retained
26551,de,en,0.9999955153420986,,en,True,False,automatic_detection,de_en_label_mismatch_retained
26561,de,en,0.9999947305628094,,en,True,False,automatic_detection,de_en_label_mismatch_retained
26562,de,en,0.9999977531666134,,en,True,False,automatic_detection,de_en_label_mismatch_retained
26565,de,en,0.999996037985716,,en,True,False,automatic_detection,de_en_label_mismatch_retained
26590,de,en,0.999997136394863,,en,True,False,automatic_detection,de_en_label_mismatch_retained
26599,de,en,0.9999969770413243,,en,True,False,automatic_detection,de_en_label_mismatch_retained
26601,de,en,0.9999974369441553,,en,True,False,automatic_detection,de_en_label_mismatch_retained
26608,de,en,0.999996705177122,,en,True,False,automatic_detection,de_en_label_mismatch_retained
26612,de,en,0.9999975000229471,,en,True,False,automatic_detection,de_en_label_mismatch_retained
26614,de,en,0.9999966187564386,,en,True,False,automatic_detection,de_en_label_mismatch_retained
26616,de,en,0.9999970383763173,,en,True,False,automatic_detection,de_en_label_mismatch_retained
26641,de,en,0.999996820043521,,en,True,False,automatic_detection,de_en_label_mismatch_retained
26656,de,en,0.9999982182398971,,en,True,False,automatic_detection,de_en_label_mismatch_retained
26659,de,en,0.9999980535555747,,en,True,False,automatic_detection,de_en_label_mismatch_retained
26661,de,en,0.9999950769320926,,en,True,False,automatic_detection,de_en_label_mismatch_retained
26663,de,en,0.9999967468594627,,en,True,False,automatic_detection,de_en_label_mismatch_retained
26665,de,en,0.9999960657828717,,en,True,False,automatic_detection,de_en_label_mismatch_retained
26679,de,en,0.9999974893795429,,en,True,False,automatic_detection,de_en_label_mismatch_retained
26681,de,en,0.9999976080772162,,en,True,False,automatic_detection,de_en_label_mismatch_retained
26687,de,en,0.9999950266151768,,en,True,False,automatic_detection,de_en_label_mismatch_retained
26696,de,en,0.9999966434222503,,en,True,False,automatic_detection,de_en_label_mismatch_retained
26700,de,en,0.9999969757954185,,en,True,False,automatic_detection,de_en_label_mismatch_retained
26708,de,en,0.9999950417870693,,en,True,False,automatic_detection,de_en_label_mismatch_retained
26713,de,en,0.9999959728160561,,en,True,False,automatic_detection,de_en_label_mismatch_retained
26720,de,en,0.9999969489638671,,en,True,False,automatic_detection,de_en_label_mismatch_retained
26730,de,en,0.9999949470546328,,en,True,False,automatic_detection,de_en_label_mismatch_retained
26732,de,en,0.999997845554375,,en,True,False,automatic_detection,de_en_label_mismatch_retained
26734,de,en,0.9999974390431006,,en,True,False,automatic_detection,de_en_label_mismatch_retained
26744,de,en,0.999995113844466,,en,True,False,automatic_detection,de_en_label_mismatch_retained
26749,de,en,0.9999970630429988,,en,True,False,automatic_detection,de_en_label_mismatch_retained
26752,de,en,0.9999966953312749,,en,True,False,automatic_detection,de_en_label_mismatch_retained
26753,de,en,0.9999963524607413,,en,True,False,automatic_detection,de_en_label_mismatch_retained
26763,de,en,0.9999980084910476,,en,True,False,automatic_detection,de_en_label_mismatch_retained
26775,de,en,0.9999984278525551,,en,True,False,automatic_detection,de_en_label_mismatch_retained
26780,de,en,0.9999956313435884,,en,True,False,automatic_detection,de_en_label_mismatch_retained
26785,de,en,0.9999964586478786,,en,True,False,automatic_detection,de_en_label_mismatch_retained
26794,de,en,0.999995031902928,,en,True,False,automatic_detection,de_en_label_mismatch_retained
26811,de,en,0.9999977161993251,,en,True,False,automatic_detection,de_en_label_mismatch_retained
26817,de,en,0.99999450757879,,en,True,False,automatic_detection,de_en_label_mismatch_retained
26823,de,en,0.9999976667563073,,en,True,False,automatic_detection,de_en_label_mismatch_retained
26838,de,en,0.9999972666825185,,en,True,False,automatic_detection,de_en_label_mismatch_retained
26863,de,en,0.999997162479037,,en,True,False,automatic_detection,de_en_label_mismatch_retained
26865,de,en,0.9999959687476956,,en,True,False,automatic_detection,de_en_label_mismatch_retained
26868,de,en,0.9999957633966379,,en,True,False,automatic_detection,de_en_label_mismatch_retained
26874,de,en,0.9999938041407952,,en,True,False,automatic_detection,de_en_label_mismatch_retained
26899,de,en,0.9999973230038817,,en,True,False,automatic_detection,de_en_label_mismatch_retained
26903,de,en,0.9999978410934199,,en,True,False,automatic_detection,de_en_label_mismatch_retained
26904,de,en,0.999996819300728,,en,True,False,automatic_detection,de_en_label_mismatch_retained
26906,de,en,0.9999953443358793,,en,True,False,automatic_detection,de_en_label_mismatch_retained
26925,de,en,0.9999976260425604,,en,True,False,automatic_detection,de_en_label_mismatch_retained
26932,de,en,0.9999968110553801,,en,True,False,automatic_detection,de_en_label_mismatch_retained
26934,de,en,0.9999975349079566,,en,True,False,automatic_detection,de_en_label_mismatch_retained
26943,de,en,0.857166108656551,,en,True,False,automatic_detection,de_en_label_mismatch_retained
26953,de,en,0.9999964874474634,,en,True,False,automatic_detection,de_en_label_mismatch_retained
26954,de,en,0.9999966878624834,,en,True,False,automatic_detection,de_en_label_mismatch_retained
26956,de,en,0.9999958585679423,,en,True,False,automatic_detection,de_en_label_mismatch_retained
26963,de,en,0.9999956317171206,,en,True,False,automatic_detection,de_en_label_mismatch_retained
26971,de,en,0.9999983939999757,,en,True,False,automatic_detection,de_en_label_mismatch_retained
26975,de,en,0.9999965927442037,,en,True,False,automatic_detection,de_en_label_mismatch_retained
26981,de,en,0.999997873502941,,en,True,False,automatic_detection,de_en_label_mismatch_retained
26984,de,en,0.9999968306102082,,en,True,False,automatic_detection,de_en_label_mismatch_retained
26986,de,en,0.9999967607903771,,en,True,False,automatic_detection,de_en_label_mismatch_retained
27000,de,en,0.9999975764661884,,en,True,False,automatic_detection,de_en_label_mismatch_retained
27007,de,en,0.9999978542232024,,en,True,False,automatic_detection,de_en_label_mismatch_retained
27013,de,en,0.999995261457695,,en,True,False,automatic_detection,de_en_label_mismatch_retained
27014,de,en,0.9999965607687382,,en,True,False,automatic_detection,de_en_label_mismatch_retained
27017,de,en,0.9999965466768066,,en,True,False,automatic_detection,de_en_label_mismatch_retained
27018,de,en,0.9999949019805626,,en,True,False,automatic_detection,de_en_label_mismatch_retained
27025,de,en,0.9999969813608668,,en,True,False,automatic_detection,de_en_label_mismatch_retained
27027,de,en,0.9999971382848906,,en,True,False,automatic_detection,de_en_label_mismatch_retained
27036,de,en,0.9999975633966668,,en,True,False,automatic_detection,de_en_label_mismatch_retained
27041,de,en,0.999996295568496,,en,True,False,automatic_detection,de_en_label_mismatch_retained
27044,de,en,0.9999954305711821,,en,True,False,automatic_detection,de_en_label_mismatch_retained
27052,de,en,0.9999965290412529,,en,True,False,automatic_detection,de_en_label_mismatch_retained
27077,de,en,0.9999969310583733,,en,True,False,automatic_detection,de_en_label_mismatch_retained
27086,de,en,0.9999968806237945,,en,True,False,automatic_detection,de_en_label_mismatch_retained
27089,de,en,0.9999964759654018,,en,True,False,automatic_detection,de_en_label_mismatch_retained
27091,de,en,0.999996526986245,,en,True,False,automatic_detection,de_en_label_mismatch_retained
27108,de,en,0.9999960579300282,,en,True,False,automatic_detection,de_en_label_mismatch_retained
27110,de,en,0.9999962542662169,,en,True,False,automatic_detection,de_en_label_mismatch_retained
27117,de,en,0.999997763063496,,en,True,False,automatic_detection,de_en_label_mismatch_retained
27120,de,en,0.9999957599031816,,en,True,False,automatic_detection,de_en_label_mismatch_retained
27121,de,en,0.9999940923822283,,en,True,False,automatic_detection,de_en_label_mismatch_retained
27123,de,en,0.9999982593569625,,en,True,False,automatic_detection,de_en_label_mismatch_retained
27126,de,en,0.9999962985672213,,en,True,False,automatic_detection,de_en_label_mismatch_retained
27129,de,en,0.9999975929480499,,en,True,False,automatic_detection,de_en_label_mismatch_retained
27139,de,en,0.9999950452216199,,en,True,False,automatic_detection,de_en_label_mismatch_retained
27147,de,en,0.9999976838164736,,en,True,False,automatic_detection,de_en_label_mismatch_retained
27163,de,en,0.999997005575338,,en,True,False,automatic_detection,de_en_label_mismatch_retained
27173,de,en,0.9999947672472926,,en,True,False,automatic_detection,de_en_label_mismatch_retained
27179,de,en,0.999995392362339,,en,True,False,automatic_detection,de_en_label_mismatch_retained
27201,de,en,0.9999951230979229,,en,True,False,automatic_detection,de_en_label_mismatch_retained
27218,de,en,0.9999971805723585,,en,True,False,automatic_detection,de_en_label_mismatch_retained
27229,de,en,0.9999960241073524,,en,True,False,automatic_detection,de_en_label_mismatch_retained
27238,de,en,0.9999963452818301,,en,True,False,automatic_detection,de_en_label_mismatch_retained
27244,de,en,0.9999961797766062,,en,True,False,automatic_detection,de_en_label_mismatch_retained
27248,de,en,0.9999959659071996,,en,True,False,automatic_detection,de_en_label_mismatch_retained
27253,en,en,0.7142842596311234,,en,False,False,declared_label_fallback_uncertain_detection,language_detection_uncertain
27268,de,en,0.9999970895413408,,en,True,False,automatic_detection,de_en_label_mismatch_retained
27270,de,en,0.9999976278017255,,en,True,False,automatic_detection,de_en_label_mismatch_retained
27275,de,en,0.9999976954979872,,en,True,False,automatic_detection,de_en_label_mismatch_retained
27277,de,en,0.9999952835893333,,en,True,False,automatic_detection,de_en_label_mismatch_retained
27282,de,en,0.9999957910981547,,en,True,False,automatic_detection,de_en_label_mismatch_retained
27286,de,en,0.9999950343627615,,en,True,False,automatic_detection,de_en_label_mismatch_retained
27307,de,en,0.9999968006533579,,en,True,False,automatic_detection,de_en_label_mismatch_retained
27313,de,en,0.9999959901862439,,en,True,False,automatic_detection,de_en_label_mismatch_retained
27328,de,en,0.9999969690149509,,en,True,False,automatic_detection,de_en_label_mismatch_retained
27330,de,en,0.9999965626850971,,en,True,False,automatic_detection,de_en_label_mismatch_retained
27338,de,en,0.9999969682717345,,en,True,False,automatic_detection,de_en_label_mismatch_retained
27341,de,en,0.9999961370314983,,en,True,False,automatic_detection,de_en_label_mismatch_retained
27353,de,en,0.9999974581287883,,en,True,False,automatic_detection,de_en_label_mismatch_retained
27373,de,en,0.9999971976495592,,en,True,False,automatic_detection,de_en_label_mismatch_retained
27382,de,en,0.9999960462839587,,en,True,False,automatic_detection,de_en_label_mismatch_retained
27383,de,en,0.9999957498942692,,en,True,False,automatic_detection,de_en_label_mismatch_retained
27395,de,en,0.999995485726938,,en,True,False,automatic_detection,de_en_label_mismatch_retained
27422,de,en,0.9999969474493665,,en,True,False,automatic_detection,de_en_label_mismatch_retained
27432,de,en,0.999998351105608,,en,True,False,automatic_detection,de_en_label_mismatch_retained
27433,de,en,0.9999956325991785,,en,True,False,automatic_detection,de_en_label_mismatch_retained
27443,de,en,0.9999954518646756,,en,True,False,automatic_detection,de_en_label_mismatch_retained
27454,de,en,0.9999965520400687,,en,True,False,automatic_detection,de_en_label_mismatch_retained
27456,de,en,0.9999956392264912,,en,True,False,automatic_detection,de_en_label_mismatch_retained
27461,de,en,0.9999980227815014,,en,True,False,automatic_detection,de_en_label_mismatch_retained
27466,de,en,0.999997663548058,,en,True,False,automatic_detection,de_en_label_mismatch_retained
27469,de,en,0.9999949245312549,,en,True,False,automatic_detection,de_en_label_mismatch_retained
27482,de,en,0.9999966347729341,,en,True,False,automatic_detection,de_en_label_mismatch_retained
27489,de,en,0.9999974362549409,,en,True,False,automatic_detection,de_en_label_mismatch_retained
27500,de,en,0.9999948468490747,,en,True,False,automatic_detection,de_en_label_mismatch_retained
27502,de,en,0.9999968731744378,,en,True,False,automatic_detection,de_en_label_mismatch_retained
27508,de,en,0.9999947146683723,,en,True,False,automatic_detection,de_en_label_mismatch_retained
27514,de,en,0.9999974431869411,,en,True,False,automatic_detection,de_en_label_mismatch_retained
27517,de,en,0.99999396364162,,en,True,False,automatic_detection,de_en_label_mismatch_retained
27523,de,en,0.9999955893411696,,en,True,False,automatic_detection,de_en_label_mismatch_retained
27526,de,en,0.9999968088178003,,en,True,False,automatic_detection,de_en_label_mismatch_retained
27529,de,en,0.9999984299282848,,en,True,False,automatic_detection,de_en_label_mismatch_retained
27534,de,en,0.9999962590893652,,en,True,False,automatic_detection,de_en_label_mismatch_retained
27543,de,en,0.9999970757134187,,en,True,False,automatic_detection,de_en_label_mismatch_retained
27544,de,en,0.9999953276453722,,en,True,False,automatic_detection,de_en_label_mismatch_retained
27555,de,en,0.999995847657643,,en,True,False,automatic_detection,de_en_label_mismatch_retained
27564,de,en,0.9999975009154918,,en,True,False,automatic_detection,de_en_label_mismatch_retained
27571,de,en,0.9999957272523278,,en,True,False,automatic_detection,de_en_label_mismatch_retained
27593,de,en,0.9999951718267327,,en,True,False,automatic_detection,de_en_label_mismatch_retained
27600,de,en,0.9999963335079165,,en,True,False,automatic_detection,de_en_label_mismatch_retained
27601,de,en,0.9999974308004895,,en,True,False,automatic_detection,de_en_label_mismatch_retained
27602,de,en,0.9999957781371223,,en,True,False,automatic_detection,de_en_label_mismatch_retained
27604,de,en,0.9999969824304542,,en,True,False,automatic_detection,de_en_label_mismatch_retained
27605,de,en,0.9999963790587687,,en,True,False,automatic_detection,de_en_label_mismatch_retained
27608,de,en,0.999996566978798,,en,True,False,automatic_detection,de_en_label_mismatch_retained
27615,de,en,0.9999950550215083,,en,True,False,automatic_detection,de_en_label_mismatch_retained
27616,de,en,0.9999961610936329,,en,True,False,automatic_detection,de_en_label_mismatch_retained
27617,de,en,0.9999964702194643,,en,True,False,automatic_detection,de_en_label_mismatch_retained
27618,de,en,0.9999978300095251,,en,True,False,automatic_detection,de_en_label_mismatch_retained
27620,de,en,0.9999986771092936,,en,True,False,automatic_detection,de_en_label_mismatch_retained
27621,de,en,0.9999981992125112,,en,True,False,automatic_detection,de_en_label_mismatch_retained
27632,de,en,0.9999948551939835,,en,True,False,automatic_detection,de_en_label_mismatch_retained
27639,de,en,0.9999950155868181,,en,True,False,automatic_detection,de_en_label_mismatch_retained
27669,de,en,0.9999971318354768,,en,True,False,automatic_detection,de_en_label_mismatch_retained
27672,de,en,0.9999959723292134,,en,True,False,automatic_detection,de_en_label_mismatch_retained
27674,de,en,0.9999982685112572,,en,True,False,automatic_detection,de_en_label_mismatch_retained
27696,de,en,0.9999968159813859,,en,True,False,automatic_detection,de_en_label_mismatch_retained
27698,de,en,0.9999958781559409,,en,True,False,automatic_detection,de_en_label_mismatch_retained
27699,de,en,0.9999972855378421,,en,True,False,automatic_detection,de_en_label_mismatch_retained
27703,de,en,0.9999985724130116,,en,True,False,automatic_detection,de_en_label_mismatch_retained
27707,de,en,0.9999983214095575,,en,True,False,automatic_detection,de_en_label_mismatch_retained
27713,de,en,0.9999963641736107,,en,True,False,automatic_detection,de_en_label_mismatch_retained
27715,de,en,0.9999948952926907,,en,True,False,automatic_detection,de_en_label_mismatch_retained
27727,de,en,0.9999957867061652,,en,True,False,automatic_detection,de_en_label_mismatch_retained
27736,de,en,0.9999968920046293,,en,True,False,automatic_detection,de_en_label_mismatch_retained
27742,de,en,0.9999966828761181,,en,True,False,automatic_detection,de_en_label_mismatch_retained
27746,de,en,0.9999958542584113,,en,True,False,automatic_detection,de_en_label_mismatch_retained
27747,de,en,0.9999982062749924,,en,True,False,automatic_detection,de_en_label_mismatch_retained
27754,de,en,0.9999973541981506,,en,True,False,automatic_detection,de_en_label_mismatch_retained
27767,de,en,0.9999948637402769,,en,True,False,automatic_detection,de_en_label_mismatch_retained
27776,de,en,0.9999978293342093,,en,True,False,automatic_detection,de_en_label_mismatch_retained
27777,de,en,0.9999984499001713,,en,True,False,automatic_detection,de_en_label_mismatch_retained
27780,de,en,0.9999947628395401,,en,True,False,automatic_detection,de_en_label_mismatch_retained
27783,de,en,0.9999968923282021,,en,True,False,automatic_detection,de_en_label_mismatch_retained
27786,de,en,0.9999957429993008,,en,True,False,automatic_detection,de_en_label_mismatch_retained
27787,de,en,0.9999962192277124,,en,True,False,automatic_detection,de_en_label_mismatch_retained
27788,de,en,0.9999953173394343,,en,True,False,automatic_detection,de_en_label_mismatch_retained
27802,de,en,0.9999962693937188,,en,True,False,automatic_detection,de_en_label_mismatch_retained
27805,de,en,0.9999966732877785,,en,True,False,automatic_detection,de_en_label_mismatch_retained
27806,de,en,0.9999978772436298,,en,True,False,automatic_detection,de_en_label_mismatch_retained
27823,de,en,0.999997067715231,,en,True,False,automatic_detection,de_en_label_mismatch_retained
27834,de,en,0.999996646516915,,en,True,False,automatic_detection,de_en_label_mismatch_retained
27841,de,en,0.9999979693782091,,en,True,False,automatic_detection,de_en_label_mismatch_retained
27848,de,en,0.9999974017751004,,en,True,False,automatic_detection,de_en_label_mismatch_retained
27864,de,en,0.9999967298291679,,en,True,False,automatic_detection,de_en_label_mismatch_retained
27869,de,en,0.9999977192463544,,en,True,False,automatic_detection,de_en_label_mismatch_retained
27873,de,en,0.9999975314752261,,en,True,False,automatic_detection,de_en_label_mismatch_retained
27882,de,en,0.9999938801720057,,en,True,False,automatic_detection,de_en_label_mismatch_retained
27884,de,en,0.9999972105469468,,en,True,False,automatic_detection,de_en_label_mismatch_retained
27899,de,en,0.9999964557850438,,en,True,False,automatic_detection,de_en_label_mismatch_retained
27919,de,en,0.9999980157724008,,en,True,False,automatic_detection,de_en_label_mismatch_retained
27920,de,en,0.9999964865256511,,en,True,False,automatic_detection,de_en_label_mismatch_retained
27925,de,en,0.9999958356147056,,en,True,False,automatic_detection,de_en_label_mismatch_retained
27928,de,en,0.999997319904365,,en,True,False,automatic_detection,de_en_label_mismatch_retained
27936,de,en,0.999997230180084,,en,True,False,automatic_detection,de_en_label_mismatch_retained
27943,de,en,0.9999972415051626,,en,True,False,automatic_detection,de_en_label_mismatch_retained
27944,de,en,0.9999945046387474,,en,True,False,automatic_detection,de_en_label_mismatch_retained
27949,de,en,0.9999985630028727,,en,True,False,automatic_detection,de_en_label_mismatch_retained
27961,de,en,0.9999991868118265,,en,True,False,automatic_detection,de_en_label_mismatch_retained
27970,de,en,0.9999977005984712,,en,True,False,automatic_detection,de_en_label_mismatch_retained
27978,de,en,0.9999963078315528,,en,True,False,automatic_detection,de_en_label_mismatch_retained
27982,de,en,0.9999959192346568,,en,True,False,automatic_detection,de_en_label_mismatch_retained
27985,de,en,0.9999951353792927,,en,True,False,automatic_detection,de_en_label_mismatch_retained
27992,de,en,0.9999967555981197,,en,True,False,automatic_detection,de_en_label_mismatch_retained
28012,de,en,0.9999969657385591,en,en,True,False,manual_review,target_language_confirmed_manually
28036,de,en,0.9999964843285232,,en,True,False,automatic_detection,de_en_label_mismatch_retained
28040,de,en,0.9999963555941352,,en,True,False,automatic_detection,de_en_label_mismatch_retained
28042,de,en,0.9999972137514708,,en,True,False,automatic_detection,de_en_label_mismatch_retained
28043,de,en,0.9999949544981512,,en,True,False,automatic_detection,de_en_label_mismatch_retained
28057,de,en,0.9999951959135511,,en,True,False,automatic_detection,de_en_label_mismatch_retained
28058,de,en,0.9999975829658444,,en,True,False,automatic_detection,de_en_label_mismatch_retained
28072,de,en,0.9999969891302831,,en,True,False,automatic_detection,de_en_label_mismatch_retained
28075,de,en,0.999996229845985,,en,True,False,automatic_detection,de_en_label_mismatch_retained
28118,de,en,0.9999973828654483,,en,True,False,automatic_detection,de_en_label_mismatch_retained
28123,de,en,0.9999971344405107,,en,True,False,automatic_detection,de_en_label_mismatch_retained
28124,de,en,0.9999968635474501,,en,True,False,automatic_detection,de_en_label_mismatch_retained
28125,de,en,0.9999954575086132,,en,True,False,automatic_detection,de_en_label_mismatch_retained
28126,de,en,0.9999972819535264,,en,True,False,automatic_detection,de_en_label_mismatch_retained
28147,de,en,0.9999963458559391,,en,True,False,automatic_detection,de_en_label_mismatch_retained
28151,de,en,0.9999968822092021,,en,True,False,automatic_detection,de_en_label_mismatch_retained
28156,de,en,0.99999616735658,,en,True,False,automatic_detection,de_en_label_mismatch_retained
28158,de,en,0.9999944287650733,,en,True,False,automatic_detection,de_en_label_mismatch_retained
28160,de,en,0.9999976427407529,,en,True,False,automatic_detection,de_en_label_mismatch_retained
28164,de,en,0.9999959860599319,,en,True,False,automatic_detection,de_en_label_mismatch_retained
28169,de,en,0.9999944492996714,,en,True,False,automatic_detection,de_en_label_mismatch_retained
28182,de,en,0.999995930815773,,en,True,False,automatic_detection,de_en_label_mismatch_retained
28188,de,en,0.9999972302178871,,en,True,False,automatic_detection,de_en_label_mismatch_retained
28191,de,en,0.9999948045760509,en,en,True,False,manual_review,target_language_confirmed_manually
28197,de,en,0.9999973581259052,,en,True,False,automatic_detection,de_en_label_mismatch_retained
28199,de,en,0.9999970064319503,,en,True,False,automatic_detection,de_en_label_mismatch_retained
28206,de,en,0.999995017745999,,en,True,False,automatic_detection,de_en_label_mismatch_retained
28210,de,en,0.9999953429494168,,en,True,False,automatic_detection,de_en_label_mismatch_retained
28234,de,en,0.9999963823558763,,en,True,False,automatic_detection,de_en_label_mismatch_retained
28248,de,en,0.9999984328265293,,en,True,False,automatic_detection,de_en_label_mismatch_retained
28263,de,en,0.9999961020298885,,en,True,False,automatic_detection,de_en_label_mismatch_retained
28266,de,en,0.9999971664550998,,en,True,False,automatic_detection,de_en_label_mismatch_retained
28274,de,en,0.9999973862943692,,en,True,False,automatic_detection,de_en_label_mismatch_retained
28280,de,en,0.9999974796676293,,en,True,False,automatic_detection,de_en_label_mismatch_retained
28281,de,en,0.9999967441036814,,en,True,False,automatic_detection,de_en_label_mismatch_retained
28282,de,en,0.8571414017828433,,en,True,False,automatic_detection,de_en_label_mismatch_retained
28285,de,en,0.9999970677770731,,en,True,False,automatic_detection,de_en_label_mismatch_retained
28289,de,en,0.9999979225676416,,en,True,False,automatic_detection,de_en_label_mismatch_retained
28291,de,en,0.99999403196226,,en,True,False,automatic_detection,de_en_label_mismatch_retained
28293,de,en,0.9999947488464835,,en,True,False,automatic_detection,de_en_label_mismatch_retained
28312,de,en,0.9999948585377089,,en,True,False,automatic_detection,de_en_label_mismatch_retained
28315,de,en,0.9999947833074789,,en,True,False,automatic_detection,de_en_label_mismatch_retained
28317,de,en,0.9999965582483417,,en,True,False,automatic_detection,de_en_label_mismatch_retained
28320,de,en,0.9999974893754573,,en,True,False,automatic_detection,de_en_label_mismatch_retained
28322,de,en,0.9999975532902653,,en,True,False,automatic_detection,de_en_label_mismatch_retained
28328,de,en,0.9999976168120305,,en,True,False,automatic_detection,de_en_label_mismatch_retained
28332,de,en,0.9999957830790409,,en,True,False,automatic_detection,de_en_label_mismatch_retained
28336,de,en,0.9999947221739204,,en,True,False,automatic_detection,de_en_label_mismatch_retained
28351,de,en,0.9999991113796931,,en,True,False,automatic_detection,de_en_label_mismatch_retained
28355,de,en,0.999995595578343,,en,True,False,automatic_detection,de_en_label_mismatch_retained
28357,de,en,0.9999967281916522,,en,True,False,automatic_detection,de_en_label_mismatch_retained
28366,de,en,0.999996607130786,,en,True,False,automatic_detection,de_en_label_mismatch_retained
28371,de,en,0.9999962861108951,,en,True,False,automatic_detection,de_en_label_mismatch_retained
28375,de,en,0.9999970608140726,,en,True,False,automatic_detection,de_en_label_mismatch_retained
28379,de,en,0.9999973532683532,,en,True,False,automatic_detection,de_en_label_mismatch_retained
28381,de,en,0.9999957973018314,,en,True,False,automatic_detection,de_en_label_mismatch_retained
28393,de,en,0.9999968836315921,,en,True,False,automatic_detection,de_en_label_mismatch_retained
28400,de,en,0.9999972950038896,,en,True,False,automatic_detection,de_en_label_mismatch_retained
28414,de,en,0.9999975846443561,,en,True,False,automatic_detection,de_en_label_mismatch_retained
28423,de,en,0.9999942813393498,,en,True,False,automatic_detection,de_en_label_mismatch_retained
28436,de,en,0.9999956507979486,,en,True,False,automatic_detection,de_en_label_mismatch_retained
28441,de,en,0.9999945197972677,,en,True,False,automatic_detection,de_en_label_mismatch_retained
28450,de,en,0.9999973510079903,,en,True,False,automatic_detection,de_en_label_mismatch_retained
28456,de,en,0.9999974773956923,,en,True,False,automatic_detection,de_en_label_mismatch_retained
28459,de,en,0.9999960970231214,,en,True,False,automatic_detection,de_en_label_mismatch_retained
28480,de,en,0.9999976814520485,,en,True,False,automatic_detection,de_en_label_mismatch_retained
28482,de,en,0.9999941612041126,,en,True,False,automatic_detection,de_en_label_mismatch_retained
28492,de,en,0.999995359525856,,en,True,False,automatic_detection,de_en_label_mismatch_retained
28494,de,en,0.9999959475288301,,en,True,False,automatic_detection,de_en_label_mismatch_retained
28501,de,en,0.9999958662980051,,en,True,False,automatic_detection,de_en_label_mismatch_retained
28511,de,en,0.9999957788991006,,en,True,False,automatic_detection,de_en_label_mismatch_retained
28516,de,en,0.9999986242884709,,en,True,False,automatic_detection,de_en_label_mismatch_retained
28517,de,en,0.9999968991313293,,en,True,False,automatic_detection,de_en_label_mismatch_retained
28531,de,en,0.9999959282369474,,en,True,False,automatic_detection,de_en_label_mismatch_retained
28532,de,en,0.9999960588580267,,en,True,False,automatic_detection,de_en_label_mismatch_retained
28540,de,en,0.9999969286114396,,en,True,False,automatic_detection,de_en_label_mismatch_retained
28541,de,en,0.999997118065824,,en,True,False,automatic_detection,de_en_label_mismatch_retained
28545,de,en,0.9999982075837284,,en,True,False,automatic_detection,de_en_label_mismatch_retained
28548,de,en,0.9999968276828177,,en,True,False,automatic_detection,de_en_label_mismatch_retained
28561,de,en,0.999995907368425,,en,True,False,automatic_detection,de_en_label_mismatch_retained
28563,de,en,0.9999933232021463,,en,True,False,automatic_detection,de_en_label_mismatch_retained
28565,de,en,0.999997713100672,,en,True,False,automatic_detection,de_en_label_mismatch_retained
28580,de,en,0.9999972279101005,,en,True,False,automatic_detection,de_en_label_mismatch_retained
