semantic_group_id,records,pair_count,pair_similarity_min,pair_similarity_p05,pair_similarity_median,pair_similarity_mean,share_pairs_at_or_ab_threshold
5c1adc7aa2813d400ebf30ac65484e8b7383ede9,2,1,0.951055109500885,0.951055109500885,0.951055109500885,0.951055109500885,1.0
603bad4fb32412c241eb808c11ebbed03382c1de,2,1,0.9639968276023865,0.9639968276023865,0.9639968276023865,0.9639968276023865,1.0
4d637febf3a753f81a7856ea8ecbb63fe8eaea4c,2,1,0.9684081077575684,0.9684081077575684,0.9684081077575684,0.9684081077575684,1.0
b44c4542066104f8a1de1e1dfa8c5b4613814077,2,1,0.9681786298751831,0.9681786298751831,0.9681786298751831,0.9681786298751831,1.0
51e14e092aa39b34c1201a6e83c2cc3d3281d667,2,1,0.9812754392623901,0.9812754392623901,0.9812754392623901,0.9812754392623901,1.0
de1f211d7fb1dd53f830f716d9499d66d3b65ee1,2,1,0.9775987863540649,0.9775987863540649,0.9775987863540649,0.9775987863540649,1.0
e6993512194e1cb4efa0af2217ada91e61cda6a3,2,1,0.9581819176673889,0.9581819176673889,0.9581819176673889,0.9581819176673889,1.0
124adb24f32e182d767741896237fcfe47ba84b4,2,1,0.9672408699989319,0.9672408699989319,0.9672408699989319,0.9672408699989319,1.0
3154ff4c45bcb59bc5b839fbb341a71def216a27,2,1,0.9804043769836426,0.9804043769836426,0.9804043769836426,0.9804043769836426,1.0
c2268e03a03f75088eb1878356a600368d12fa1e,2,1,0.9689223766326904,0.9689223766326904,0.9689223766326904,0.9689223766326904,1.0
dc865c1c7bda2052fe8a732838a28c81c05704a7,2,1,0.9649034738540649,0.9649034738540649,0.9649034738540649,0.9649034738540649,1.0
eefbe4006a89d11396b8018ebf183d39c8df0354,2,1,0.9612696170806885,0.9612696170806885,0.9612696170806885,0.9612696170806885,1.0
bfe5302a6bc9da30c1b1ef73c96b12c54192eb5d,2,1,0.979658842086792,0.979658842086792,0.979658842086792,0.979658842086792,1.0
8480d8b828c3abe3cf5458a73cdaa96c929d3f9a,2,1,0.967212975025177,0.967212975025177,0.967212975025177,0.967212975025177,1.0
7768a6e9b993d2b4914a9bf01cc93baecd5f05bd,2,1,0.9662948250770569,0.9662948250770569,0.9662948250770569,0.9662948250770569,1.0
eb25235b1f19336c9c7a0c91a4dbbad8dd1d71d6,2,1,0.9507488012313843,0.9507488012313843,0.9507488012313843,0.9507488012313843,1.0
376ac691447b719fb88874161cf8b013ed443398,2,1,0.9621202945709229,0.9621202945709229,0.9621202945709229,0.9621202945709229,1.0
3c04fe7bab0dc573b91ccf7bddfb0ea3872ef3aa,2,1,0.9501791000366211,0.9501791000366211,0.9501791000366211,0.9501791000366211,1.0
3f0fa4f267d7b7c2fe1565e92278d2d0a578c8c2,2,1,0.986952006816864,0.986952006816864,0.986952006816864,0.986952006816864,1.0
94cd4018331ce595b8b3cf71f7e63d007b14c4ff,2,1,0.988721489906311,0.988721489906311,0.988721489906311,0.988721489906311,1.0
2f2257d323a5eb592a393300fbb271f7216091f7,2,1,0.9646470546722412,0.9646470546722412,0.9646470546722412,0.9646470546722412,1.0
1d0ecaa168031286d54c4e3665614d07c9a328ad,2,1,0.9670953750610352,0.9670953750610352,0.9670953750610352,0.9670953750610352,1.0
aed726468f5b09e58f49a3594d68dcd76f374d43,2,1,0.9518523216247559,0.9518523216247559,0.9518523216247559,0.9518523216247559,1.0
dd2547c176064611e278aeb40f9c5f5b46b1e0b7,2,1,0.9591519832611084,0.9591519832611084,0.9591519832611084,0.9591519832611084,1.0
54b6d3d40772e8daf24df1475f02b91ddceaf2f9,2,1,0.9683858156204224,0.9683858156204224,0.9683858156204224,0.9683858156204224,1.0
d75bc96c4f62113cbb0018121031dbab9502cdd9,2,1,0.9927113056182861,0.9927113056182861,0.9927113056182861,0.9927113056182861,1.0
4b0de79813ce272641e07c9a64617670607de617,2,1,0.9827516078948975,0.9827516078948975,0.9827516078948975,0.9827516078948975,1.0
43f3296ccedf145488e8efbd9d9546367aa96ffa,2,1,0.9588779211044312,0.9588779211044312,0.9588779211044312,0.9588779211044312,1.0
5eb1ac771f3cf58752ef80af5e2d954bf81b5e2f,2,1,0.9501848220825195,0.9501848220825195,0.9501848220825195,0.9501848220825195,1.0
4906b3bdbb103d49ca5d6144645012f17940b973,2,1,0.9769293069839478,0.9769293069839478,0.9769293069839478,0.9769293069839478,1.0
ea7d13739ad6f6721153e200434a19c1421d5c39,2,1,0.9773420095443726,0.9773420095443726,0.9773420095443726,0.9773420095443726,1.0
c0273ca98a5e7885a94a7f2f016287bded4f9284,3,3,0.9543901681900024,0.9549862742424011,0.9603513479232788,0.9700385928153992,1.0
61309273c1d5586331575113dffa997ce83bb602,2,1,0.9816175699234009,0.9816175699234009,0.9816175699234009,0.9816175699234009,1.0
f51d7647dea81155f4e36587259426d4ec2f73cd,2,1,0.9613456726074219,0.9613456726074219,0.9613456726074219,0.9613456726074219,1.0
b6f7afd85ab041a72c38717bc4a1b0e301908211,2,1,0.9939863085746765,0.9939863085746765,0.9939863085746765,0.9939863085746765,1.0
c34e243b0082a80a5b981a0076b97ebf12f2d396,2,1,0.9543682336807251,0.9543682336807251,0.9543682336807251,0.9543682336807251,1.0
69176b50f1727d36b1acc881c56c5a3aed34f28a,2,1,0.9687994122505188,0.9687994122505188,0.9687994122505188,0.9687994122505188,1.0
7d560e703cf4230fa631190497112e307d1e3a79,2,1,0.9629454016685486,0.9629454016685486,0.9629454016685486,0.9629454016685486,1.0
3fb624a87c51ba390e9c1c710a4e2b36315b01ef,2,1,0.9880567789077759,0.9880567789077759,0.9880567789077759,0.9880567789077759,1.0
284a85cbbc74236f90460f27e16926e96517325f,2,1,0.9700500965118408,0.9700500965118408,0.9700500965118408,0.9700500965118408,1.0
0c2079bf65ab9f400fcfd1ce48c76111ea2cde06,3,3,0.9549296498298645,0.9550740718841553,0.9563740491867065,0.9643086791038513,1.0
a5cdab9ce47ecc962c478746d94d8adde1f1488c,2,1,0.9658612012863159,0.9658612012863159,0.9658612012863159,0.9658612012863159,1.0
40b435ed697e1adab0f87896e4a8fa403495f9d9,2,1,0.9665253758430481,0.9665253758430481,0.9665253758430481,0.9665253758430481,1.0
6cc3efd0593b13c27feba010abfbf804676bee2e,2,1,0.9567672610282898,0.9567672610282898,0.9567672610282898,0.9567672610282898,1.0
27809c9154405d87e8f6ef910b1e1291a3a902b8,2,1,0.9782922267913818,0.9782922267913818,0.9782922267913818,0.9782922267913818,1.0
2789b95ca47818e88e263d69fd76d8564b8bda79,2,1,0.9686439037322998,0.9686439037322998,0.9686439037322998,0.9686439037322998,1.0
6c57aa6b9112ce42034b1ac1d93478afa1a0884f,2,1,0.9533180594444275,0.9533180594444275,0.9533180594444275,0.9533180594444275,1.0
3321f3ac9f85dd9e5ac0f65aa192638d6be3a676,2,1,0.986405611038208,0.986405611038208,0.986405611038208,0.986405611038208,1.0
c9d8bc239fb3414a2a1649ca3aea523c4e7652ac,2,1,0.9593019485473633,0.9593019485473633,0.9593019485473633,0.9593019485473633,1.0
d5cd3ad6107f275ed5385191e3c20c01cc905273,2,1,0.9753674268722534,0.9753674268722534,0.9753674268722534,0.9753674268722534,1.0
e5444dc6cd534ef8fd707a3d4053a8cd8d5513c2,2,1,0.9761594533920288,0.9761594533920288,0.9761594533920288,0.9761594533920288,1.0
77cc9f4e0a6bc4f1c36a6f7e3b41679cf295f770,2,1,0.9776544570922852,0.9776544570922852,0.9776544570922852,0.9776544570922852,1.0
84a802cdfbb434d13ef54eb8791bcf6d54630169,2,1,0.9682392477989197,0.9682392477989197,0.9682392477989197,0.9682392477989197,1.0
6b81a84d9608816b64d3d8b4b710a30c7733146c,2,1,0.968026340007782,0.968026340007782,0.968026340007782,0.968026340007782,1.0
302e66b60b568eab89b5614b7ba69c36b8da91d5,2,1,0.9754246473312378,0.9754246473312378,0.9754246473312378,0.9754246473312378,1.0
63c863d8b89e15386657e96be4280e18d9b01aa6,2,1,0.9566903710365295,0.9566903710365295,0.9566903710365295,0.9566903710365295,1.0
0cd37604e47385d29eb6c3b39f4e142a4ea39a0a,2,1,0.9650573134422302,0.9650573134422302,0.9650573134422302,0.9650573134422302,1.0
7420cf7df8a32c469cd6b3d6004b0274d60621f3,2,1,0.9705992937088013,0.9705992937088013,0.9705992937088013,0.9705992937088013,1.0
31a57ce6faa24606a8c221cfa1191729e0e36e22,2,1,0.9899097681045532,0.9899097681045532,0.9899097681045532,0.9899097681045532,1.0
d3ec2e8dc8b4cea2a1de0a3b3edd6427e461cac1,2,1,0.9584094285964966,0.9584094285964966,0.9584094285964966,0.9584094285964966,1.0
57209ea128d52265ffa20bc0c8560a0d7de259d9,2,1,0.9873206615447998,0.9873206615447998,0.9873206615447998,0.9873206615447998,1.0
0fe9ac82d9eaf6dbdc3b9141a59016703d7b6fef,2,1,0.971757709980011,0.971757709980011,0.971757709980011,0.971757709980011,1.0
568ccb53a8a49f65dfda70aaf6aac59cd1a8f599,2,1,0.9924376010894775,0.9924376010894775,0.9924376010894775,0.9924376010894775,1.0
f41c3b7db8e75297590dc4c1eac233ce2dc0dd06,2,1,0.970453679561615,0.970453679561615,0.970453679561615,0.970453679561615,1.0
0f2a153fccab10446eaaad143d689532c73f8a89,2,1,0.9654746055603027,0.9654746055603027,0.9654746055603027,0.9654746055603027,1.0
069a2aaf92c41ba1601829fe1b085a41974323a2,2,1,0.9506094455718994,0.9506094455718994,0.9506094455718994,0.9506094455718994,1.0
dc58edd44b2e771f11954bb44d4ba5c19fc3c2f1,2,1,0.9842134714126587,0.9842134714126587,0.9842134714126587,0.9842134714126587,1.0
781ad0ceff516f9e7f8e14e9e56adecb5fc3c11a,2,1,0.9667638540267944,0.9667638540267944,0.9667638540267944,0.9667638540267944,1.0
d52aef27b929e9d0c0c58afd6ded70d7b8007281,2,1,0.9850136041641235,0.9850136041641235,0.9850136041641235,0.9850136041641235,1.0
6cf7c6fc75909a493144e33206571ee6ae6ae6c9,2,1,0.9624935388565063,0.9624935388565063,0.9624935388565063,0.9624935388565063,1.0
221f22e0dffeddaf3a97755f4ca66702f16f72ce,2,1,0.9523620009422302,0.9523620009422302,0.9523620009422302,0.9523620009422302,1.0
6d8ae4227cb2e0fdd1405d37610237d741b2a7ac,2,1,0.951552152633667,0.951552152633667,0.951552152633667,0.951552152633667,1.0
28cbd259952c3bb606db1cb0180e5c75aa226c51,2,1,0.9810003042221069,0.9810003042221069,0.9810003042221069,0.9810003042221069,1.0
80d43778c1e78b481a3aac7d242bd11c720bcf94,2,1,0.9691925048828125,0.9691925048828125,0.9691925048828125,0.9691925048828125,1.0
2e8d65764b909279c5b4f6b8175b66ac903e6c4a,2,1,0.9730077981948853,0.9730077981948853,0.9730077981948853,0.9730077981948853,1.0
1d6c13a1384f7fb3c91e3b675952299fe3f8adef,2,1,0.985215425491333,0.985215425491333,0.985215425491333,0.985215425491333,1.0
885a6b5481aeaba7e36067749441d786d2c21ba2,2,1,0.9661336541175842,0.9661336541175842,0.9661336541175842,0.9661336541175842,1.0
9a24ceb9c85437178d175c325cf433ca5ea0e70c,2,1,0.9618903398513794,0.9618903398513794,0.9618903398513794,0.9618903398513794,1.0
2aa6d964da6e08f14a52d2601c1f72d557cbbdca,2,1,0.9636541604995728,0.9636541604995728,0.9636541604995728,0.9636541604995728,1.0
7f57a49381df02bb72400d04afe22f12b1faeaf0,2,1,0.9583372473716736,0.9583372473716736,0.9583372473716736,0.9583372473716736,1.0
6304988be072745c80ac4a60c97772a5802bb3cc,2,1,0.9792086482048035,0.9792086482048035,0.9792086482048035,0.9792086482048035,1.0
8686985620123b832259530226085bc8588bfae1,2,1,0.9710249304771423,0.9710249304771423,0.9710249304771423,0.9710249304771423,1.0
fd1121352d38868ad52a7e0ac5173057466e580d,2,1,0.9597810506820679,0.9597810506820679,0.9597810506820679,0.9597810506820679,1.0
0a2d1f14c8640f5c19f0d6c390b1b2dd0f5c34cb,2,1,0.9596059322357178,0.9596059322357178,0.9596059322357178,0.9596059322357178,1.0
edb572bf1525b67b42dbba71305bce31424298fa,2,1,0.9732595682144165,0.9732595682144165,0.9732595682144165,0.9732595682144165,1.0
2f2be6cfc7d9a0deac36c524a2cba63e1076f68b,2,1,0.9808043837547302,0.9808043837547302,0.9808043837547302,0.9808043837547302,1.0
0142f440c1d72ab16d7ed6e8adf66a24d44de83c,2,1,0.9843041300773621,0.9843041300773621,0.9843041300773621,0.9843041300773621,1.0
bfd92921ea6ac853d0c0d6ae45e5fe91395f20cd,2,1,0.9651537537574768,0.9651537537574768,0.9651537537574768,0.9651537537574768,1.0
bf01f64b181d467a35f9409eb19789777ba97400,2,1,0.9737964868545532,0.9737964868545532,0.9737964868545532,0.9737964868545532,1.0
f6926f3a841e72c1d07943047642a892d2ac2578,2,1,0.9521456956863403,0.9521456956863403,0.9521456956863403,0.9521456956863403,1.0
7546c570a4259797b751b31d0a34228dea86f47e,2,1,0.9815953373908997,0.9815953373908997,0.9815953373908997,0.9815953373908997,1.0
efbc7fa14db5b80067aab20efb8956b1ef3cede1,2,1,0.9771208763122559,0.9771208763122559,0.9771208763122559,0.9771208763122559,1.0
dbb097737dd70984d029415386d0eac8b1fdba61,2,1,0.9525426626205444,0.9525426626205444,0.9525426626205444,0.9525426626205444,1.0
08d5ea838b71de3ce43e88586aa197e8b3fed64f,2,1,0.9808413982391357,0.9808413982391357,0.9808413982391357,0.9808413982391357,1.0
0e840d43f08bee6aa2fcb2e9b9050e1ee916c0eb,2,1,0.983031690120697,0.983031690120697,0.983031690120697,0.983031690120697,1.0
21e65b23849f6a10800323fc2e41b7a0bfa145e2,2,1,0.964414656162262,0.964414656162262,0.964414656162262,0.964414656162262,1.0
c9e39731d5ed4bbfbaf0e1b470538f92ba0b2c72,2,1,0.9789945483207703,0.9789945483207703,0.9789945483207703,0.9789945483207703,1.0
98d7ab258aae6d9ef64703250bc8c29d5039b932,2,1,0.9762300252914429,0.9762300252914429,0.9762300252914429,0.9762300252914429,1.0
0e078156265cb68728877a3ce45fc36073db7b77,2,1,0.9839772582054138,0.9839772582054138,0.9839772582054138,0.9839772582054138,1.0
dd5ed807fd812f82ee4dd933fec96d0bf58efa92,2,1,0.9686521291732788,0.9686521291732788,0.9686521291732788,0.9686521291732788,1.0
efecf9d696bd5fa52ddefb9f2f1bd4c3e5ca1c9f,2,1,0.9719732403755188,0.9719732403755188,0.9719732403755188,0.9719732403755188,1.0
e7825466654ef7c84b5a39fc021c27cbfacd13f3,2,1,0.9879573583602905,0.9879573583602905,0.9879573583602905,0.9879573583602905,1.0
93971d3cb080c03b67903c66c559c833c53fce88,2,1,0.9800240397453308,0.9800240397453308,0.9800240397453308,0.9800240397453308,1.0
70e8c0c2b32b9fd6fba2cfc9a34c804d81eca30b,2,1,0.9743680953979492,0.9743680953979492,0.9743680953979492,0.9743680953979492,1.0
c5819437294e1b88870a9fc24268308b7432be23,2,1,0.9817805886268616,0.9817805886268616,0.9817805886268616,0.9817805886268616,1.0
e41e32f5bacc4a3dbc47f6ef1ad2b182390863b8,2,1,0.9630389213562012,0.9630389213562012,0.9630389213562012,0.9630389213562012,1.0
80e928f2266c30583accbefa94f90327bf14c632,2,1,0.9647811055183411,0.9647811055183411,0.9647811055183411,0.9647811055183411,1.0
c7ba260306dbf4cf7086f40214385301b3efff34,2,1,0.9663357138633728,0.9663357138633728,0.9663357138633728,0.9663357138633728,1.0
978132eb556187399ec722232fe01e4217ad2af3,2,1,0.9911704063415527,0.9911704063415527,0.9911704063415527,0.9911704063415527,1.0
d3920efc1b7d11f8250f1eb9d38ac8bc0aa0b630,2,1,0.9819314479827881,0.9819314479827881,0.9819314479827881,0.9819314479827881,1.0
e44a8c9a813874a731a6d63a4cc7ccdca9882c72,2,1,0.9876483678817749,0.9876483678817749,0.9876483678817749,0.9876483678817749,1.0
a264d14eadfeb677690037c60daca6dccbed4be4,2,1,0.9928777813911438,0.9928777813911438,0.9928777813911438,0.9928777813911438,1.0
e9b4dc47fa451ae80f99013b4321d5b8953b5e2f,2,1,0.9704323410987854,0.9704323410987854,0.9704323410987854,0.9704323410987854,1.0
fb6cdbd0a13313649e586d40b6fc95209b6cedc9,2,1,0.9656004309654236,0.9656004309654236,0.9656004309654236,0.9656004309654236,1.0
f523182561292e22dbdbe5f0b44fd6d56bf6e6ac,2,1,0.9604418873786926,0.9604418873786926,0.9604418873786926,0.9604418873786926,1.0
bec5730b56f0817d782dc6dd9c5db7c1f7fd4cf5,2,1,0.9706521034240723,0.9706521034240723,0.9706521034240723,0.9706521034240723,1.0
b6e9a053d19eb00fc9b84fe360356713df6f2c42,2,1,0.9532405138015747,0.9532405138015747,0.9532405138015747,0.9532405138015747,1.0
270272f70844d8ff49a3985aa7f2fc307499f2f7,2,1,0.9661931395530701,0.9661931395530701,0.9661931395530701,0.9661931395530701,1.0
710aa38f91c45131c4e228fb0130ec1e105d7a6e,2,1,0.9770849347114563,0.9770849347114563,0.9770849347114563,0.9770849347114563,1.0
eef7693ec67a6d5de396cfdcfa9b347707fd61cf,2,1,0.963482677936554,0.963482677936554,0.963482677936554,0.963482677936554,1.0
e3db70ad0fd78d05683dedfb8911a88fac82841a,2,1,0.9649190902709961,0.9649190902709961,0.9649190902709961,0.9649190902709961,1.0
e0d6a8e2f6f95b7983adf15829e317c057bb88ed,2,1,0.9602597951889038,0.9602597951889038,0.9602597951889038,0.9602597951889038,1.0
0e4d3be81de2217583538163b6de92b031f2d91e,2,1,0.9687254428863525,0.9687254428863525,0.9687254428863525,0.9687254428863525,1.0
93711ae04ee5c7436eb6d5a5f96bfa223d557cc9,2,1,0.9892972111701965,0.9892972111701965,0.9892972111701965,0.9892972111701965,1.0
b3b9b64151fcea5619a3a4f9bdab6a1df7ae2905,2,1,0.9762710928916931,0.9762710928916931,0.9762710928916931,0.9762710928916931,1.0
ef786c4817b68340766db4fc3f5b383bfdce8601,2,1,0.9574845433235168,0.9574845433235168,0.9574845433235168,0.9574845433235168,1.0
4660f1e195ac2b7e9933b24c00d6b5eddfe56607,2,1,0.9725668430328369,0.9725668430328369,0.9725668430328369,0.9725668430328369,1.0
7e9725501b00796113d973f9545296b178ac2c54,2,1,0.9705994129180908,0.9705994129180908,0.9705994129180908,0.9705994129180908,1.0
14ecff0881911ae8934b4d3840d51fb922e7511a,2,1,0.9692912101745605,0.9692912101745605,0.9692912101745605,0.9692912101745605,1.0
29c87e2dab847c1f8ff6889fc4d769043d2972d4,2,1,0.9689425230026245,0.9689425230026245,0.9689425230026245,0.9689425230026245,1.0
8151a19785844e20cfa9128b2845b477729cf6f4,2,1,0.9887967109680176,0.9887967109680176,0.9887967109680176,0.9887967109680176,1.0
b666e8ab5e9d35ddb4606abce59668d9c835331c,2,1,0.9591673612594604,0.9591673612594604,0.9591673612594604,0.9591673612594604,1.0
72ed90b3a3ddf067c24e8d8f6eac54262ddbf31f,2,1,0.9657994508743286,0.9657994508743286,0.9657994508743286,0.9657994508743286,1.0
e98e30f50dd69f976879dc3c2b250a42c6f88872,2,1,0.9851729869842529,0.9851729869842529,0.9851729869842529,0.9851729869842529,1.0
9d7ef18a25b29745cd6cb2f1fc15db65320a6053,2,1,0.9685031175613403,0.9685031175613403,0.9685031175613403,0.9685031175613403,1.0
f658ec6b017f6a6981847282b70aed126740fbff,2,1,0.9603396654129028,0.9603396654129028,0.9603396654129028,0.9603396654129028,1.0
7f8f3ae31311ff249327a24fccf21e8fae784907,2,1,0.9767814874649048,0.9767814874649048,0.9767814874649048,0.9767814874649048,1.0
82b40e7d392af0e546858d6607e6e856a06ac0e1,2,1,0.9822673797607422,0.9822673797607422,0.9822673797607422,0.9822673797607422,1.0
7c7a2c012e59c0b250ec06b5aae0977b8d8e117c,2,1,0.9925637245178223,0.9925637245178223,0.9925637245178223,0.9925637245178223,1.0
861c04f453183035eec345933618687c03632bd6,2,1,0.9890948534011841,0.9890948534011841,0.9890948534011841,0.9890948534011841,1.0
acde64857a62921e2cfb3b80804eff531756f7b1,2,1,0.9907620549201965,0.9907620549201965,0.9907620549201965,0.9907620549201965,1.0
feb55dc511ec40cd14d47a96f5f91efb42c6efc0,3,3,0.9571884870529175,0.9576898217201233,0.9622017741203308,0.9656987190246582,1.0
fcabb369dbc2e122d6441b70541f4255dcacac33,2,1,0.9662885665893555,0.9662885665893555,0.9662885665893555,0.9662885665893555,1.0
9acf048b382811e72eb4dcecc3d3797f1f942c9c,2,1,0.9867364764213562,0.9867364764213562,0.9867364764213562,0.9867364764213562,1.0
05aff5a9ee3a22b805e344aaf7b4c4e6c1cb7d55,2,1,0.9646973609924316,0.9646973609924316,0.9646973609924316,0.9646973609924316,1.0
6449c274b830a29f2e32e2b1bd2fa718f5a793f6,2,1,0.9900705814361572,0.9900705814361572,0.9900705814361572,0.9900705814361572,1.0
8adb9f99caa5a72c70f943894d048c6a4231de2c,3,3,0.9857078790664673,0.9858301281929016,0.9869306087493896,0.9878641963005066,1.0
a8140299207aeae8cc25e695854c17e4a8492a6e,4,6,0.9649359583854675,0.9650410413742065,0.9704759120941162,0.9726805090904236,1.0
6c29409db341b57837aaa3cf1f308f0279c9b742,3,3,0.974478006362915,0.9749081134796143,0.9787787795066833,0.9805908203125,1.0
21f3b21ae5aab519b57a2ef5b2d44ebbfc00ca14,2,1,0.9505192637443542,0.9505192637443542,0.9505192637443542,0.9505192637443542,1.0
8a184bcd2a6b8adcbf9b2a166765aa6c9317c580,2,1,0.9700431823730469,0.9700431823730469,0.9700431823730469,0.9700431823730469,1.0
68ed4f78d21b68e5360ef2a4779662ddce272839,2,1,0.9890024662017822,0.9890024662017822,0.9890024662017822,0.9890024662017822,1.0
0b6f5c77cdd30c4b6f7bbaa5d6251788c57ee5f5,3,3,0.9864996075630188,0.9866577386856079,0.9880812168121338,0.9893622398376465,1.0
4a17aff03f68ba17658e62f222e35f96efef3f75,3,3,0.9650349617004395,0.9665698409080505,0.9803839921951294,0.976263701915741,1.0
36b8b34d1eec2ffeab6ea7113a7a7af020a719b7,3,3,0.9889709949493408,0.9890931844711304,0.9901925921440125,0.9912012219429016,1.0
d6960be532275a7bda65f5da57e8919dbc1b5061,2,1,0.981404185295105,0.981404185295105,0.981404185295105,0.981404185295105,1.0
57a8995b7093aa8dc592eddc12091829810ff45d,2,1,0.9502694606781006,0.9502694606781006,0.9502694606781006,0.9502694606781006,1.0
c17e78bed4fc9b1b5f464b2bcd5923ca1dae3350,3,3,0.9769716262817383,0.9770672917366028,0.9779280424118042,0.9810722470283508,1.0
40249ca80877b99c86cde6b484c7eac42bf43dbd,2,1,0.972537636756897,0.972537636756897,0.972537636756897,0.972537636756897,1.0
2ab04a5c8f1b906cbb0f6ea3c3c0d4f798a7b3f8,2,1,0.9577546715736389,0.9577546715736389,0.9577546715736389,0.9577546715736389,1.0
0c675acb551fa42aa4a76c7417d57aadc0de93b8,3,3,0.9631139039993286,0.9631869792938232,0.9638444185256958,0.9650442004203796,1.0
43bbd7bcc9c446b826d2a207b951400d55d13bab,2,1,0.9776483178138733,0.9776483178138733,0.9776483178138733,0.9776483178138733,1.0
1e213094c8539619126c2f8871e7bb0ab7890bf9,2,1,0.978884756565094,0.978884756565094,0.978884756565094,0.978884756565094,1.0
f4778b62b6f98a5f544f567d8ebfc8226c68fa6c,2,1,0.9871636629104614,0.9871636629104614,0.9871636629104614,0.9871636629104614,1.0
2bcf1475c350e2212e52739706f2fb59d9e74f30,2,1,0.9577251672744751,0.9577251672744751,0.9577251672744751,0.9577251672744751,1.0
53a424a184ec3b680275de8c77d184ec7ca98c0b,3,3,0.9629466533660889,0.963660717010498,0.9700871706008911,0.9758278727531433,1.0
72f0b7b2890913924cdf643884e318d1f8ef6ce0,3,3,0.9837945699691772,0.9842228293418884,0.9880771636962891,0.987820565700531,1.0
1840c044e4b8639462f8132daf2bc51fe17f981f,2,1,0.9719390273094177,0.9719390273094177,0.9719390273094177,0.9719390273094177,1.0
673ea3da531ccf035a4b16a841f5cd1f4f144cce,2,1,0.9667966961860657,0.9667966961860657,0.9667966961860657,0.9667966961860657,1.0
a502d9c419f62d98b2d46e0995395790f8d76a45,4,6,0.9502198696136475,0.9505563974380493,0.9613528251647949,0.9614324569702148,1.0
92f89475f99ecdc13a1ffa751c4157f256b944a3,2,1,0.9706243872642517,0.9706243872642517,0.9706243872642517,0.9706243872642517,1.0
27e128562d6b0f3c7077946ef403af540e8f9394,2,1,0.9668979644775391,0.9668979644775391,0.9668979644775391,0.9668979644775391,1.0
cbd031ef21913c64013e633c99b4e676dbecb8e4,2,1,0.9859678149223328,0.9859678149223328,0.9859678149223328,0.9859678149223328,1.0
9516993e6fc4233b92d1c6c20af98d24f6e9f01c,2,1,0.9558115601539612,0.9558115601539612,0.9558115601539612,0.9558115601539612,1.0
0048bd5f6f011d640ec62240074cec8a66a90342,2,1,0.9940866231918335,0.9940866231918335,0.9940866231918335,0.9940866231918335,1.0
e9997ee8cba12e859329b842feba9faa3d7c71f5,3,3,0.986036479473114,0.9860700964927673,0.9863724708557129,0.9888193607330322,1.0
f773eddfad568ed0031aa3a0b3defeab8a693f43,4,6,0.9731618165969849,0.9734511375427246,0.9863786101341248,0.9852166175842285,1.0
8a1b5ed0eb3c5e332db60bbcd0ce0cd69b3bd6d2,2,1,0.9796100854873657,0.9796100854873657,0.9796100854873657,0.9796100854873657,1.0
e6433ce5614f2b74ce58bf313b7a8c52beb106b8,2,1,0.9831316471099854,0.9831316471099854,0.9831316471099854,0.9831316471099854,1.0
c1e42dcc709a1f92598b88ab165f7ae3daff4e64,2,1,0.9622778296470642,0.9622778296470642,0.9622778296470642,0.9622778296470642,1.0
6679647a2c8c061bed140d113f53be5ab56a5da6,3,3,0.9820544123649597,0.982348620891571,0.9849964380264282,0.9846900105476379,1.0
04340496b51d526933e19eee62833578cd6b4b26,2,1,0.971084475517273,0.971084475517273,0.971084475517273,0.971084475517273,1.0
ffb8537873a8a3fa635335671d5e98b0ce9e2a1d,4,6,0.9585481286048889,0.9594256281852722,0.9635552167892456,0.9684609770774841,1.0
43190dbf98209a4bf5e3be5dfc7e6d47a3dc5d21,2,1,0.9700360894203186,0.9700360894203186,0.9700360894203186,0.9700360894203186,1.0
e5b357d43616877ff708d17dd3da727167d87ecb,2,1,0.9892891049385071,0.9892891049385071,0.9892891049385071,0.9892891049385071,1.0
397e6b7d36b5df6a2266090a7c9fd7b59b25e3e4,2,1,0.9803707003593445,0.9803707003593445,0.9803707003593445,0.9803707003593445,1.0
bc9e19f71a8d79cb25ed56f7506440bfc796c6e9,2,1,0.9796093106269836,0.9796093106269836,0.9796093106269836,0.9796093106269836,1.0
fdf80eb3a0874170998b2baedd5dacef94f0a5fa,2,1,0.9891744256019592,0.9891744256019592,0.9891744256019592,0.9891744256019592,1.0
763df43a292c19096ff5d0f7bef834c350789cf4,2,1,0.9741190671920776,0.9741190671920776,0.9741190671920776,0.9741190671920776,1.0
68d675779ba971529995d68f286ac0beea43bcbc,2,1,0.9737750291824341,0.9737750291824341,0.9737750291824341,0.9737750291824341,1.0
aeafffedb81a8e6f44d9c30c097229f15b5ee914,2,1,0.9580701589584351,0.9580701589584351,0.9580701589584351,0.9580701589584351,1.0
cefb9f8046d3fbb2824951186b26bab1b784fd5e,3,3,0.9754151105880737,0.9759067296981812,0.9803315997123718,0.9831183552742004,1.0
93b41b6c6c81c959ad75ff459136b18795c9b625,3,3,0.9822009205818176,0.9826496243476868,0.9866881966590881,0.9860782623291016,1.0
23bf7cc9c3c6e317fd1ad1017ed9adc614c48de9,2,1,0.9611645936965942,0.9611645936965942,0.9611645936965942,0.9611645936965942,1.0
ee679e8b4fb24b618e94c6bbbfb42e6c99b34746,3,3,0.978019118309021,0.9785745739936829,0.9835739135742188,0.9853056073188782,1.0
c6f56b9fd0fc75873575534e3767ccf5e7405520,2,1,0.99076247215271,0.99076247215271,0.99076247215271,0.99076247215271,1.0
d5daba7167c974fb0eb9d8e3419b68a60d3e1aa8,2,1,0.9645894765853882,0.9645894765853882,0.9645894765853882,0.9645894765853882,1.0
f13391cbed72a471b2408f767f06770fb9923739,2,1,0.981467604637146,0.981467604637146,0.981467604637146,0.981467604637146,1.0
37d9e5095d751a64adad91e842b2ced2355bbdef,2,1,0.984535276889801,0.984535276889801,0.984535276889801,0.984535276889801,1.0
2a3d79e42ad89f1f84a4f5fc8c2d2b96641b6ba3,2,1,0.9977385401725769,0.9977385401725769,0.9977385401725769,0.9977385401725769,1.0
a04fcf65b8d6d75d1586b2621c2d7b728365cd5c,2,1,0.9620345234870911,0.9620345234870911,0.9620345234870911,0.9620345234870911,1.0
a74376af4a4967f575663e708715072c68eeb7df,2,1,0.9720543622970581,0.9720543622970581,0.9720543622970581,0.9720543622970581,1.0
c4a2809b68d1ee1cfc788941588426b52610c898,2,1,0.9585424661636353,0.9585424661636353,0.9585424661636353,0.9585424661636353,1.0
031d2546dde609978ac481413908f08ae6ae53ed,2,1,0.9630858898162842,0.9630858898162842,0.9630858898162842,0.9630858898162842,1.0
ab82d042765113db8c0dbef748413b1880b9b58f,3,3,0.9518046975135803,0.9528112411499023,0.9618700742721558,0.964127242565155,1.0
dd310901e2e3d073d6a65fcd8bf06daae33abb45,2,1,0.9763308167457581,0.9763308167457581,0.9763308167457581,0.9763308167457581,1.0
1b925b9026ec58ddde1c71cf15e89d85bf4f9fa0,2,1,0.957221508026123,0.957221508026123,0.957221508026123,0.957221508026123,1.0
e0b4e517f49d7d72a032055e2bd7966dd5c34bca,3,3,0.9672406315803528,0.9680957198143005,0.9757912755012512,0.9737619757652283,1.0
70438951c9cfba1dcdf79c393c4a7afd8ec45695,3,3,0.9707938432693481,0.9716389775276184,0.9792453050613403,0.9792830348014832,1.0
3ea79bdbc770a507b225b7c577394f2096f63739,2,1,0.9804306626319885,0.9804306626319885,0.9804306626319885,0.9804306626319885,1.0
ef958b5c96304c77e7565d817090cdc8115d4e56,3,3,0.96600341796875,0.9663166403770447,0.9691356420516968,0.9749841690063477,1.0
c349d78f04276bc08768e1e53cdce5195f4afbd3,2,1,0.9513063430786133,0.9513063430786133,0.9513063430786133,0.9513063430786133,1.0
d05e13848ec27ed55431ef27d6be5eb3f0d94d58,2,1,0.9788458347320557,0.9788458347320557,0.9788458347320557,0.9788458347320557,1.0
24bba651f279ed55a58f8431b8c5b7b663e2968a,2,1,0.9955492615699768,0.9955492615699768,0.9955492615699768,0.9955492615699768,1.0
080e238775a62e0c55d4189f5bcfb21ec213a9e8,2,1,0.9580458402633667,0.9580458402633667,0.9580458402633667,0.9580458402633667,1.0
95610bd940a1e858471bd50297a18567af97c871,2,1,0.9570176601409912,0.9570176601409912,0.9570176601409912,0.9570176601409912,1.0
3ce60046dda204e801fc73e65a682e129f9d32c7,3,3,0.975971519947052,0.9761201739311218,0.977458119392395,0.9816737174987793,1.0
ea15f98a8dfc005be465d2e76c0504a776e3efda,2,1,0.9769626259803772,0.9769626259803772,0.9769626259803772,0.9769626259803772,1.0
b70ba542942125f016efc2f8df4203dfe257cee9,4,6,0.9894284009933472,0.9900758266448975,0.994083821773529,0.9935051798820496,1.0
2fab87698a466d0af12a7181f2c6fd449d87b48c,3,3,0.9869737029075623,0.9871363639831543,0.9886004328727722,0.9886951446533203,1.0
8002cdab21e9c1276e0bc66f19a42f7fc37957ff,2,1,0.9531561136245728,0.9531561136245728,0.9531561136245728,0.9531561136245728,1.0
e3531bc6d1fba39a412a1d638649b646b63be41f,4,6,0.9785157442092896,0.9795689582824707,0.9882519245147705,0.9866108298301697,1.0
f83fc0bd82c3d997a0dda7bf214917b678388f0e,2,1,0.9862231016159058,0.9862231016159058,0.9862231016159058,0.9862231016159058,1.0
2a59cf419dd2f8691e59b4fa967bb3534552e247,2,1,0.9680829048156738,0.9680829048156738,0.9680829048156738,0.9680829048156738,1.0
197c9fabe7646a37332ff3e2ec76adfa03e32aa6,4,6,0.9522050619125366,0.9554297924041748,0.9732197523117065,0.9711856245994568,1.0
23f069e051426b11af6c6ea5508332367a5da79a,2,1,0.9809448719024658,0.9809448719024658,0.9809448719024658,0.9809448719024658,1.0
0ebc6220dc01979187d0804ae9072ed7ef140857,2,1,0.9858976602554321,0.9858976602554321,0.9858976602554321,0.9858976602554321,1.0
340268197cbc2872b2f682b6d296d39a72f44596,2,1,0.9595018029212952,0.9595018029212952,0.9595018029212952,0.9595018029212952,1.0
fe7b2878157513c64a8d11f990f72f6bb879f794,2,1,0.9868013858795166,0.9868013858795166,0.9868013858795166,0.9868013858795166,1.0
5be245d7d80e17044f3d154c37ff65e82cc9645b,2,1,0.9887915253639221,0.9887915253639221,0.9887915253639221,0.9887915253639221,1.0
cc5155d2d69b1aeb573e991f297f2831baf32a09,3,3,0.9530042409896851,0.9530954360961914,0.9539163112640381,0.9659661650657654,1.0
ead0219978feef0f1de36970f4e15343b02b046c,4,6,0.9715728759765625,0.973059892654419,0.9857916831970215,0.9846598505973816,1.0
c03aef1c30a8c463d3e6ba3b3dae77a0c497a14c,2,1,0.9800261855125427,0.9800261855125427,0.9800261855125427,0.9800261855125427,1.0
f88e9730160b4f5b0cffc8d75324dbee956064c5,2,1,0.9883707165718079,0.9883707165718079,0.9883707165718079,0.9883707165718079,1.0
0d7f27d63392e5ae0477eb5cc46eea27434d66c1,3,3,0.9812183976173401,0.981415867805481,0.9831928014755249,0.9844090938568115,1.0
2810827a8792792d09e56d5e2cb665c513db35ba,2,1,0.9527536630630493,0.9527536630630493,0.9527536630630493,0.9527536630630493,1.0
89393f97ed7678fbca9632404cb5d1f47b5f1e08,3,3,0.9797309637069702,0.9799179434776306,0.9816009998321533,0.9851222038269043,1.0
207d99f316a73a03e239659439c58b3228908313,2,1,0.9740267992019653,0.9740267992019653,0.9740267992019653,0.9740267992019653,1.0
83c217c2782ed7ef1404e1e48e7ec672e0d5499a,3,3,0.9747278690338135,0.9751567840576172,0.979016900062561,0.9796486496925354,1.0
507059a17f2f2fd8895318e681399505602b590e,2,1,0.9530863761901855,0.9530863761901855,0.9530863761901855,0.9530863761901855,1.0
650e3628982f2cd3ce9ece986a236c9f8fd4187d,2,1,0.9676334857940674,0.9676334857940674,0.9676334857940674,0.9676334857940674,1.0
c2cd76d30171795de038dc674bb918321d772e8a,4,6,0.9802813529968262,0.9810804128646851,0.987061619758606,0.988323986530304,1.0
2762695082846d45c01d23dfe3389a25d2c3ed9c,2,1,0.9828672409057617,0.9828672409057617,0.9828672409057617,0.9828672409057617,1.0
14e795a20297f6d5a8bf27529f66effa121a2701,2,1,0.950046956539154,0.950046956539154,0.950046956539154,0.950046956539154,1.0
6783312bc06c09b7d6a824b5e3375b55412ffa70,2,1,0.9501574635505676,0.9501574635505676,0.9501574635505676,0.9501574635505676,1.0
645c564ce0d097c98e4fde17269428fb3404893b,3,3,0.9501930475234985,0.9509924650192261,0.9581871032714844,0.9635102152824402,1.0
6c5f9c302732cb64bc6b702879dab228f40124ac,3,3,0.9517999887466431,0.951975405216217,0.9535539150238037,0.9656362533569336,1.0
da60378bafb0cdc1e97163a0c8e3b1b6b7e1354f,3,3,0.9524857401847839,0.9526021480560303,0.9536498785018921,0.9582874774932861,1.0
f016f9287cd2c0620abd76db2db04ffe5600061e,4,6,0.9503990411758423,0.9511094689369202,0.9716323614120483,0.9691720008850098,1.0
791b57c3937875c8b48815c545885d1fb8744c8b,4,6,0.9512301683425903,0.9525668621063232,0.9614877700805664,0.960125744342804,1.0
943643ebd0a6571e349a4d5abae993217fd9fb3c,3,3,0.9523422718048096,0.9532978534698486,0.9618982672691345,0.9607722759246826,1.0
2fc07bb15d4a52440fcd5c6117e998dfc046113c,2,1,0.9530836939811707,0.9530836939811707,0.9530836939811707,0.9530836939811707,1.0
340f51fd2262e216e767d683db48f60d1fcd195a,2,1,0.9530713558197021,0.9530713558197021,0.9530713558197021,0.9530713558197021,1.0
3194e5013ce0866e0314aca2cee583c4f25f0305,3,3,0.9549548625946045,0.955102264881134,0.9564288854598999,0.9564993381500244,1.0
2ed0c6d1388ec70714f35793b20fe55a32d028e0,3,3,0.9522608518600464,0.9524104595184326,0.9537566900253296,0.9580920338630676,1.0
7d65f7f34b1bc513b31cfa05186dd2a07408daba,3,3,0.9504879713058472,0.9507232308387756,0.9528405070304871,0.9544242024421692,1.0
059624537aa17927fdd106c2dbdd4161ff373c77,5,10,0.9517626166343689,0.95351642370224,0.9687355756759644,0.9665743112564087,1.0
8b92b8ec4fbebec17849ed657048cee8e485656e,3,3,0.9546024799346924,0.9546332359313965,0.9549099206924438,0.9600804448127747,1.0
783f533fdc5e7eb41276b5a6e5adb4d311d68248,2,1,0.9540708065032959,0.9540708065032959,0.9540708065032959,0.9540708065032959,1.0
153115d895430775f76ae22d119a9e13656e4fd0,3,3,0.9541178345680237,0.9542931914329529,0.95587158203125,0.9613814353942871,1.0
0d51b1e6339de7dc1cf79ccb08495feb0bbd6a70,3,3,0.9573067426681519,0.9588533043861389,0.9727723598480225,0.9711939692497253,1.0
5d37a7a4ccdcae4cb665cebb5bd95568b9d07777,2,1,0.957598090171814,0.957598090171814,0.957598090171814,0.957598090171814,1.0
ece091c72663e375985a72743584afe052b6e70e,3,3,0.9541113972663879,0.9543577432632446,0.9565750360488892,0.9599331021308899,1.0
8fa36f9f6885d1c10110869fdb5f37e8a751b22c,2,1,0.9542474746704102,0.9542474746704102,0.9542474746704102,0.9542474746704102,1.0
db5c0d8a271f77a759626d1875a85ffbcbbcb809,2,1,0.9589451551437378,0.9589451551437378,0.9589451551437378,0.9589451551437378,1.0
6dd9573d538cd011a1620a63561180c29ac63e51,2,1,0.9562934041023254,0.9562934041023254,0.9562934041023254,0.9562934041023254,1.0
a731c38030525c6f01ba397a99067e67c3e5670c,2,1,0.9548953771591187,0.9548953771591187,0.9548953771591187,0.9548953771591187,1.0
a9fc1f436a7cae75862100e2d1d31754a1def1c2,4,6,0.9585278034210205,0.9605057835578918,0.9751484990119934,0.9744634032249451,1.0
81735d93f20c5671d0d8c9a51660fda756ced5b1,3,3,0.9513046741485596,0.9516111016273499,0.954369068145752,0.9580718874931335,1.0
8848fbf47604957bcb3a664b1b6906b6ee2f5cec,2,1,0.956562340259552,0.956562340259552,0.956562340259552,0.956562340259552,1.0
00d16b37b8809f78832cfd66a9c3c0e2f96d56c8,2,1,0.9536277651786804,0.9536277651786804,0.9536277651786804,0.9536277651786804,1.0
24c60d0de2e40996ac83165eec3c63c6991a58c7,2,1,0.9541097283363342,0.9541097283363342,0.9541097283363342,0.9541097283363342,1.0
04fc304f1daff30371dd8766addfd39d7d5ebea9,2,1,0.9578858613967896,0.9578858613967896,0.9578858613967896,0.9578858613967896,1.0
441d1bb3c3b8ef5fe7c43f9f0a6c6595482dbc7f,2,1,0.9595130681991577,0.9595130681991577,0.9595130681991577,0.9595130681991577,1.0
30f5a3e198edaded5f02604208dfa8546622688a,2,1,0.9680490493774414,0.9680490493774414,0.9680490493774414,0.9680490493774414,1.0
5f10ff298c29e48e825cf30bee6afda68bc86ce5,3,3,0.9545994997024536,0.9554429054260254,0.9630335569381714,0.9693913459777832,1.0
23484b499d7eee2b8b57706d7f86b13059806448,2,1,0.9552494287490845,0.9552494287490845,0.9552494287490845,0.9552494287490845,1.0
471b957bdce5851e5c2928534803dcba01d2bcae,2,1,0.9556203484535217,0.9556203484535217,0.9556203484535217,0.9556203484535217,1.0
b5b47e7f46046f7992cb1680be293b586a628f47,4,6,0.9579460620880127,0.9589157700538635,0.9677878618240356,0.9670708179473877,1.0
9faaa3ecd78a208b62d3a4428b4e275369368339,2,1,0.9694231152534485,0.9694231152534485,0.9694231152534485,0.9694231152534485,1.0
c241f24678988eedaa0f17031c9484be2898062c,2,1,0.9598710536956787,0.9598710536956787,0.9598710536956787,0.9598710536956787,1.0
8c8510c82e8d83f4db7b698c392e210756575d7a,4,6,0.9586814045906067,0.9588903188705444,0.9659435749053955,0.9660685062408447,1.0
aa4754cde34c65beada81de406a3f4a736c1f005,4,6,0.9577740430831909,0.9599179029464722,0.9701670408248901,0.9689963459968567,1.0
c17f02cfa0dcf0f24b7cf4407609338571bf3a01,4,6,0.955807089805603,0.9577114582061768,0.9637840986251831,0.9650140404701233,1.0
17e95001a485f9c149972c6ef88c9d0814e4cb92,2,1,0.9560171961784363,0.9560171961784363,0.9560171961784363,0.9560171961784363,1.0
a7a4602b3bb470e9368fa5a644ecc4016c3e3418,4,6,0.9608421325683594,0.9617409110069275,0.9668764472007751,0.9700577855110168,1.0
76c1d3e10e013d212746e7a760df892cd26d8985,3,3,0.9703199863433838,0.9707443118095398,0.9745631217956543,0.9752948880195618,1.0
de9db5bc7eb71860dfd2cda9c50d3e34625fc7da,2,1,0.9682193994522095,0.9682193994522095,0.9682193994522095,0.9682193994522095,1.0
6652d5d79ee88ce8208f89df312717df180514a8,2,1,0.9629083275794983,0.9629083275794983,0.9629083275794983,0.9629083275794983,1.0
876fd69604909ccb56f4c135bcc07206c016e53d,2,1,0.9637725949287415,0.9637725949287415,0.9637725949287415,0.9637725949287415,1.0
fe5a99f506ddbf2250ede9da2af9c46ba6a7984b,3,3,0.9564361572265625,0.9570208787918091,0.9622836112976074,0.9609739184379578,1.0
873eb6fd489335821ebc2d9edd8f620dc6f979f7,5,10,0.9557303190231323,0.9566793441772461,0.9690400958061218,0.9703661203384399,1.0
51ec027605865f5bb3310b4a242356d952bc66d7,2,1,0.9691199660301208,0.9691199660301208,0.9691199660301208,0.9691199660301208,1.0
53cb7cb42dfe6b2003a9418f3393cd85ace76518,2,1,0.9622770547866821,0.9622770547866821,0.9622770547866821,0.9622770547866821,1.0
e47c747f03af73ab067d315f344b80d25c667452,2,1,0.9535523056983948,0.9535523056983948,0.9535523056983948,0.9535523056983948,1.0
4f6d452e034d811d374e56bab26bfa9057f8bc2a,4,6,0.9598172903060913,0.9602741003036499,0.9696897864341736,0.9705018997192383,1.0
a36180e382509a6eaf3fdc1813602805409f6cc0,2,1,0.962992250919342,0.962992250919342,0.962992250919342,0.962992250919342,1.0
a6c1a52def9f234f117900e355495492b4db5941,2,1,0.9567734003067017,0.9567734003067017,0.9567734003067017,0.9567734003067017,1.0
e5d4bee05900f07c1f885397cd356be445bc12ec,2,1,0.9604167342185974,0.9604167342185974,0.9604167342185974,0.9604167342185974,1.0
241b9b9b28094b0620fec36cbd34bc9c24b5f7e3,2,1,0.9611616730690002,0.9611616730690002,0.9611616730690002,0.9611616730690002,1.0
0f33ad65997f9dadde424165aa1178178a90dcdf,6,15,0.9548743963241577,0.9582462310791016,0.9687641263008118,0.9690558314323425,1.0
ca30d472a8f59e052e1c9349e51a88b18f2ed001,2,1,0.9661859273910522,0.9661859273910522,0.9661859273910522,0.9661859273910522,1.0
005cc08fe4d1cfd9938441f954ebaa8b1fef4b0a,2,1,0.9802626371383667,0.9802626371383667,0.9802626371383667,0.9802626371383667,1.0
8a2ca2b480b16bcb810c48fe5fdfd7bbaa52aaa1,2,1,0.9838709831237793,0.9838709831237793,0.9838709831237793,0.9838709831237793,1.0
589d0fd24841192967347a8e3ed47a356aecd774,3,3,0.965449333190918,0.96560138463974,0.9669698476791382,0.9713530540466309,1.0
e461ef9faaa1aaba73354dfdcdaa0af02d81d135,2,1,0.9689773321151733,0.9689773321151733,0.9689773321151733,0.9689773321151733,1.0
c4ebeaf83bdc0bbad8d11f585a149e2cc00f3bc2,2,1,0.9911617040634155,0.9911617040634155,0.9911617040634155,0.9911617040634155,1.0
d48a074cb4a3ff705a49040f8eb7e2020eb9bfbc,2,1,0.957626461982727,0.957626461982727,0.957626461982727,0.957626461982727,1.0
4ddff3a9fb4ec0db0343cf91837c6532ee487185,6,15,0.9556679129600525,0.957162082195282,0.97414231300354,0.9743630290031433,1.0
0228bb91a8e39ccb97675c921f62658af82b803c,2,1,0.9583890438079834,0.9583890438079834,0.9583890438079834,0.9583890438079834,1.0
e4e8e1dc73cb37c408cd65ae33529535bd8b4953,2,1,0.978277325630188,0.978277325630188,0.978277325630188,0.978277325630188,1.0
02a947db9e92c904af254a36f3f55b7bba3d1053,2,1,0.9613717198371887,0.9613717198371887,0.9613717198371887,0.9613717198371887,1.0
4bce02c1b78d31a87d4cb8b4d738782646431447,2,1,0.9661478400230408,0.9661478400230408,0.9661478400230408,0.9661478400230408,1.0
105e10d1ff5bf669ff6c58928f25352957d74d33,3,3,0.95989990234375,0.9604530930519104,0.9654315710067749,0.9648592472076416,1.0
4a9cd2d91e6546cf089322bc644e2521c95acdbf,2,1,0.9835602641105652,0.9835602641105652,0.9835602641105652,0.9835602641105652,1.0
98cebb62af93284516e43e6da571e95cd00f9a4f,2,1,0.9785675406455994,0.9785675406455994,0.9785675406455994,0.9785675406455994,1.0
5f52cea9895eeabb008cc08564a586baea98dd9a,2,1,0.9835176467895508,0.9835176467895508,0.9835176467895508,0.9835176467895508,1.0
a14b6ffbec2a7d05098b3a119601a42f351ca5e1,2,1,0.9754841327667236,0.9754841327667236,0.9754841327667236,0.9754841327667236,1.0
7c951a19291034300da4d9b32275360a7240a518,2,1,0.9638899564743042,0.9638899564743042,0.9638899564743042,0.9638899564743042,1.0
f28b08b671a3fc1162ecb9044e6838ddf71d48c7,4,6,0.9618363380432129,0.9623628258705139,0.969796359539032,0.9715777039527893,1.0
2dd237279a45b4a8cb83129fcd51b467c49bb6b5,5,10,0.9859879612922668,0.9861071705818176,0.9930081963539124,0.9914377331733704,1.0
52144bcfd178eded83ecd15798ef2e3eb60ab11a,2,1,0.961105465888977,0.961105465888977,0.961105465888977,0.961105465888977,1.0
f4607d6ee5d684adc51d0ba8736f5460966a38f8,2,1,0.9585070013999939,0.9585070013999939,0.9585070013999939,0.9585070013999939,1.0
9a83f815a99a6ad29be99121d430fa486008f929,3,3,0.9697263836860657,0.9699115753173828,0.9715781211853027,0.9777830243110657,1.0
6ab14ff9c20ff6e5f54caaea48ffe24abb3c4d3a,3,3,0.9589827060699463,0.9597747921943665,0.9669033885002136,0.9715201258659363,1.0
4db0cb361a6782310efd366a2b77e175fa12c751,2,1,0.9634706974029541,0.9634706974029541,0.9634706974029541,0.9634706974029541,1.0
cd4b74a9ea5ff00347cfa461df84e53a60bebaf9,2,1,0.964824914932251,0.964824914932251,0.964824914932251,0.964824914932251,1.0
3b6b790bfcaafa9032521feb642209d2c27afbab,2,1,0.9771443605422974,0.9771443605422974,0.9771443605422974,0.9771443605422974,1.0
76ae3e3e55e2e443758720c83e8a6e84b4a16c53,2,1,0.9822283387184143,0.9822283387184143,0.9822283387184143,0.9822283387184143,1.0
9ae691c737f704e62178f9916b89a1d1dd8dcd9e,2,1,0.9723160266876221,0.9723160266876221,0.9723160266876221,0.9723160266876221,1.0
a196917d8246d0fe5c99dfbfdc7faeb00882d927,2,1,0.965194582939148,0.965194582939148,0.965194582939148,0.965194582939148,1.0
bba40e15404f46c3d28ad8c07d302450e1e81436,2,1,0.966071605682373,0.966071605682373,0.966071605682373,0.966071605682373,1.0
b48d580a17787317d651cf25dbc07f17ff0d0f33,2,1,0.9784729480743408,0.9784729480743408,0.9784729480743408,0.9784729480743408,1.0
20de7ed210406b5b92f5f76b96fb2ba186a29b89,2,1,0.9643368721008301,0.9643368721008301,0.9643368721008301,0.9643368721008301,1.0
9134b4b47e41fd51c05b68d7e5725fa7cee6e0db,2,1,0.9608964920043945,0.9608964920043945,0.9608964920043945,0.9608964920043945,1.0
9657fd9b9c85a89900d822a77108d866b7e859f1,4,6,0.9604136347770691,0.9613885879516602,0.9771426916122437,0.9773262143135071,1.0
a17ae98d759012c33ebb66e27e23f13a333ce94f,2,1,0.9575988054275513,0.9575988054275513,0.9575988054275513,0.9575988054275513,1.0
abb75336c7f4a201f76ad204bd5633a70d648b6b,2,1,0.9754872918128967,0.9754872918128967,0.9754872918128967,0.9754872918128967,1.0
3f82ab8f82144ed2656045ed5f82b5bbb1aa9672,2,1,0.9745833277702332,0.9745833277702332,0.9745833277702332,0.9745833277702332,1.0
40a42d53ad09aee256ec5c85be47b2c834d4581e,2,1,0.9672067761421204,0.9672067761421204,0.9672067761421204,0.9672067761421204,1.0
233d7e141c7dbf3ab45ecbd270243eae630f0185,2,1,0.9687126874923706,0.9687126874923706,0.9687126874923706,0.9687126874923706,1.0
5bcd0ab06b83b4c77b8dfb0bee333e6e6542cef6,3,3,0.9563503265380859,0.9571450352668762,0.9642974138259888,0.9641566276550293,1.0
5b361ccf323ada61f73ce414c24d500a7bb1bfff,2,1,0.9536511898040771,0.9536511898040771,0.9536511898040771,0.9536511898040771,1.0
2aa2281dd9804b88f3fd9ff63f81f989d0725cdd,2,1,0.9698184728622437,0.9698184728622437,0.9698184728622437,0.9698184728622437,1.0
9a3b8af78eb40822fb8fe004a5389fa750323224,2,1,0.9725546836853027,0.9725546836853027,0.9725546836853027,0.9725546836853027,1.0
dafaf39bc37f7040beacd4c9edb611355a57f410,2,1,0.9725374579429626,0.9725374579429626,0.9725374579429626,0.9725374579429626,1.0
b4068a36c7bd5188339f971517a109a5e37bddfe,2,1,0.9797310829162598,0.9797310829162598,0.9797310829162598,0.9797310829162598,1.0
173d2ff603f084f15e22cfedb0ff4a7d6db0ee29,2,1,0.982323169708252,0.982323169708252,0.982323169708252,0.982323169708252,1.0
4ce439637ac001d260fc722698cc9b9f373451c0,2,1,0.9618148803710938,0.9618148803710938,0.9618148803710938,0.9618148803710938,1.0
96c723d472e11b217ee198bd38c51191e7f9517e,2,1,0.983269453048706,0.983269453048706,0.983269453048706,0.983269453048706,1.0
6a0041d5347feba31bcc93259a7a0a948705ba5d,3,3,0.961017906665802,0.9618493318557739,0.9693320989608765,0.9719192981719971,1.0
f263211f4bbb93190fe2ff2a97126a8cc05c1d26,2,1,0.978225588798523,0.978225588798523,0.978225588798523,0.978225588798523,1.0
11038165c9227c1e7a614d843f2fad5d9cb39051,2,1,0.9767341613769531,0.9767341613769531,0.9767341613769531,0.9767341613769531,1.0
eb97a422ef8190ce741122f76e7e5a265af63fa6,2,1,0.9842574596405029,0.9842574596405029,0.9842574596405029,0.9842574596405029,1.0
23613c8c1ac3ce9a7cc4ae503bbfe010488a9e26,2,1,0.9884961247444153,0.9884961247444153,0.9884961247444153,0.9884961247444153,1.0
ba97fc8143acf1ed0cd2222329910eed33ac5c93,2,1,0.9699245095252991,0.9699245095252991,0.9699245095252991,0.9699245095252991,1.0
e62ea97485880975d14e64b617e18e9291bb3e7f,2,1,0.9717451930046082,0.9717451930046082,0.9717451930046082,0.9717451930046082,1.0
70a6b6a6fbeca7abf9dd98fe689aa12ba2af6cfb,2,1,0.9757978916168213,0.9757978916168213,0.9757978916168213,0.9757978916168213,1.0
5f9aa03bc73244495e3b80e99c590db3bec0e431,3,3,0.9669539928436279,0.9674344658851624,0.9717584848403931,0.9757707118988037,1.0
d7cd76b5f379585023b973cd8f21ec03383cc587,2,1,0.9752489328384399,0.9752489328384399,0.9752489328384399,0.9752489328384399,1.0
aaa55867a65ae3d83ac58a19d3bfce9c09c46de7,2,1,0.9850625991821289,0.9850625991821289,0.9850625991821289,0.9850625991821289,1.0
f8b1ca873419514b62f92bf82affc4a0297393ba,2,1,0.9623140096664429,0.9623140096664429,0.9623140096664429,0.9623140096664429,1.0
2ef4a7bb0686a46e775e4aca20aedd72ff208a34,3,3,0.9643620252609253,0.9644383192062378,0.9651251435279846,0.967494010925293,1.0
3516c33f480d0a9d8e37a9630ae97ad5c1a736e7,2,1,0.9647038578987122,0.9647038578987122,0.9647038578987122,0.9647038578987122,1.0
bdd5439b4be48080bbb957396eb58daea4ecbb2b,2,1,0.9890129566192627,0.9890129566192627,0.9890129566192627,0.9890129566192627,1.0
67159cf8e713328ec96e27e77d8db3d25e9c9283,2,1,0.9778317213058472,0.9778317213058472,0.9778317213058472,0.9778317213058472,1.0
b45c418c69069ba6869e68bf73a11443fbe31613,2,1,0.9690343737602234,0.9690343737602234,0.9690343737602234,0.9690343737602234,1.0
1e5d20289c4a439e85b475940256658fb940cce0,2,1,0.9856745600700378,0.9856745600700378,0.9856745600700378,0.9856745600700378,1.0
16ea82cf4443c7283535c3300df39d235ad84778,2,1,0.9749988317489624,0.9749988317489624,0.9749988317489624,0.9749988317489624,1.0
88bde8754d46680f5ae9f91ee892b016f34cbb7d,2,1,0.968529462814331,0.968529462814331,0.968529462814331,0.968529462814331,1.0
ffdd83956745dfc37e6beec6e52178eba400e326,4,6,0.9861630797386169,0.9866241216659546,0.9894192814826965,0.9917702078819275,1.0
b1a945dba6088e4d98b28fdeaf1ddb643161225c,2,1,0.9830023646354675,0.9830023646354675,0.9830023646354675,0.9830023646354675,1.0
b1cfadeb924293488bdd8c64614cd02d7b87573b,3,3,0.9836143255233765,0.983862042427063,0.9860916137695312,0.9887091517448425,1.0
3ad77c343cd019f030ec80b618eb282c6683a43c,3,3,0.9761137962341309,0.9764238595962524,0.9792143702507019,0.9786756634712219,1.0
7193c201af1d0200dcf8aeaddd025aadfc029f3f,3,3,0.988417387008667,0.9887056946754456,0.9913003444671631,0.9917054176330566,1.0
50bb319e9823191b1bfa8e0276e5004bc3b7b475,2,1,0.9850062131881714,0.9850062131881714,0.9850062131881714,0.9850062131881714,1.0
951e8fafda765b8829120a0ee2a0d9f3f720b442,2,1,0.9933338165283203,0.9933338165283203,0.9933338165283203,0.9933338165283203,1.0
d02e3b0f30a44ad696be78f1febccc2e95c5c5de,2,1,0.9884274005889893,0.9884274005889893,0.9884274005889893,0.9884274005889893,1.0
d2916bb4d1a8f8d83064320328c78f9e71443166,3,3,0.983978271484375,0.9843446612358093,0.987642228603363,0.989321231842041,1.0
476fd9e01c5fd31931379fcddf55f4cc8d1a2ce8,2,1,0.9885343909263611,0.9885343909263611,0.9885343909263611,0.9885343909263611,1.0
bb3da82384f494cabe70bc40a992e9b6d489a9ae,2,1,0.967574417591095,0.967574417591095,0.967574417591095,0.967574417591095,1.0
2e9c8548bc071e6abd76798df8d70c2d1fca6edf,2,1,0.9831262230873108,0.9831262230873108,0.9831262230873108,0.9831262230873108,1.0
234bf64aa4c8e91edf91b4754e7224adac6c333d,3,3,0.9513094425201416,0.9517390727996826,0.9556059837341309,0.9657454490661621,1.0
88ed181b5da92afe0b729f231da1061bcaed0890,4,6,0.9717509746551514,0.9723236560821533,0.9853672981262207,0.9829730987548828,1.0
2d0fac3526840652025b4931c657a6a001695fac,2,1,0.9800055623054504,0.9800055623054504,0.9800055623054504,0.9800055623054504,1.0
efca78a1a85a3387cd8d67c75129aae3e9bc83c7,2,1,0.9827693700790405,0.9827693700790405,0.9827693700790405,0.9827693700790405,1.0
465815fead1e9bbcc2db5be84d6b78231fc20a71,5,10,0.9751685857772827,0.9768002033233643,0.9820789098739624,0.9822193384170532,1.0
7886b65079d065d34cdbb3c185ad5d036e7feac5,3,3,0.9618354439735413,0.9633771181106567,0.9772523641586304,0.9741949439048767,1.0
6e807dc05b0980a7155361e8d687e62ddbd57d22,2,1,0.9649389386177063,0.9649389386177063,0.9649389386177063,0.9649389386177063,1.0
ba21ff5aba5e73a182ad1c7486778dc9493326c8,3,3,0.9529218673706055,0.9539822936058044,0.9635259509086609,0.9647090435028076,1.0
93254fe83ed3f22f82ae61434c5d08547a8a5285,2,1,0.9808942079544067,0.9808942079544067,0.9808942079544067,0.9808942079544067,1.0
381bcc744dd8563feb96c5146abbf6947d5fe65e,3,3,0.979728102684021,0.9798254370689392,0.9807013869285583,0.9839028716087341,1.0
83a4fe38b3f85270d4a32fa5e89b6e18999b8c46,4,6,0.9930812120437622,0.9937460422515869,0.9970031976699829,0.9966152310371399,1.0
735e5ecacf52af3eecb5dfae4de8b07dda7cfd69,2,1,0.9810141324996948,0.9810141324996948,0.9810141324996948,0.9810141324996948,1.0
7ce05fc8e3937938378c271da121b533bbdc78b8,2,1,0.987176775932312,0.987176775932312,0.987176775932312,0.987176775932312,1.0
79443d7be1d6d2255eac6314bd622578a630c788,2,1,0.9652103185653687,0.9652103185653687,0.9652103185653687,0.9652103185653687,1.0
f1a705c8d848cf46e0a8c4b9cda0b7dad6c06090,3,3,0.9595683217048645,0.9597553014755249,0.961438000202179,0.9678845405578613,1.0
34179e37fa2e2925cdc513b02bc34cbdd05b8e41,4,6,0.9711196422576904,0.9724444150924683,0.9825353026390076,0.9812111258506775,1.0
e9b7a24cc6d89fa79bc4ca2078cbc07540d242a4,2,1,0.9644670486450195,0.9644670486450195,0.9644670486450195,0.9644670486450195,1.0
54a82d2b78c4b86da38151b09081a24fda351d6c,2,1,0.9841614961624146,0.9841614961624146,0.9841614961624146,0.9841614961624146,1.0
b86925d3e36ef1b9b06b1f404675ef581b164936,2,1,0.9876681566238403,0.9876681566238403,0.9876681566238403,0.9876681566238403,1.0
eed7524d935f02b227461ebcf12ca82784deaf31,5,10,0.9632207751274109,0.963238537311554,0.9748021960258484,0.9729679226875305,1.0
452a302c7605ea9892f67c6068bffcd70e9bcec9,2,1,0.962279736995697,0.962279736995697,0.962279736995697,0.962279736995697,1.0
bf502ce3c64cba40963fdf43d2ee32a2810edc94,2,1,0.9765424728393555,0.9765424728393555,0.9765424728393555,0.9765424728393555,1.0
07d8a0d416b5bfc6b34940c575053bb4eac205db,2,1,0.9704758524894714,0.9704758524894714,0.9704758524894714,0.9704758524894714,1.0
8b0fa2c81740c24984bf3052ead9ef7257514563,2,1,0.968261182308197,0.968261182308197,0.968261182308197,0.968261182308197,1.0
bb6c77f4ee505c58b10aca547bcfdaa8d052ab01,2,1,0.9800647497177124,0.9800647497177124,0.9800647497177124,0.9800647497177124,1.0
18ee0f6f0b5a65c251a519e64f82504fd7f26bdc,2,1,0.967344343662262,0.967344343662262,0.967344343662262,0.967344343662262,1.0
4b82f159b9b0688cbb00970df6c611117f319951,2,1,0.9958741664886475,0.9958741664886475,0.9958741664886475,0.9958741664886475,1.0
07b5030e2f325dea22cff181b3192d66a4aa9b6c,2,1,0.9621944427490234,0.9621944427490234,0.9621944427490234,0.9621944427490234,1.0
2567681f2edb15e760f70db57019dbfd5db7538e,2,1,0.9591182470321655,0.9591182470321655,0.9591182470321655,0.9591182470321655,1.0
e65c9e541a61b640d86b05c13d402abb8a9afb51,3,3,0.9574064016342163,0.9584554433822632,0.9678965210914612,0.97088223695755,1.0
75b6c193e1f033609342a377277b19f2a498a371,2,1,0.9786691069602966,0.9786691069602966,0.9786691069602966,0.9786691069602966,1.0
9e791f4aed8fbc49c68a9cd589658e0fcc872e37,2,1,0.9878373146057129,0.9878373146057129,0.9878373146057129,0.9878373146057129,1.0
e6d39aff728b579b182cf288063cadce5c06d169,2,1,0.9609849452972412,0.9609849452972412,0.9609849452972412,0.9609849452972412,1.0
62148fa1616768690fc7657cd021cdfbfc154157,2,1,0.9690613150596619,0.9690613150596619,0.9690613150596619,0.9690613150596619,1.0
47418a4f2e374450a5911da3a99ccd1a06cc29d6,2,1,0.9500565528869629,0.9500565528869629,0.9500565528869629,0.9500565528869629,1.0
eab8f19ece18b141eddbc3ccbe403b7789e97e99,2,1,0.9777489900588989,0.9777489900588989,0.9777489900588989,0.9777489900588989,1.0
88b726d008757011ced20857ad1ee99973bcf8a4,6,15,0.9549664855003357,0.9568787217140198,0.9649100303649902,0.9670712947845459,1.0
f882e914a1d708655f4bf044b0c19f6c8dde6617,2,1,0.9610034823417664,0.9610034823417664,0.9610034823417664,0.9610034823417664,1.0
c529e2924f600aeb9f94d701557d62ac74cc443d,2,1,0.9596680402755737,0.9596680402755737,0.9596680402755737,0.9596680402755737,1.0
a17218b8743599a7151df259b158b4dba4ce6ccb,2,1,0.971415638923645,0.971415638923645,0.971415638923645,0.971415638923645,1.0
3b16a893a642b88e91f9974919bf629b730ee058,3,3,0.9659544229507446,0.9664766192436218,0.9711765646934509,0.9742715954780579,1.0
61fbd26a6a955d35a9c8de9fba7aa617f2e7b098,2,1,0.9629751443862915,0.9629751443862915,0.9629751443862915,0.9629751443862915,1.0
1fa8807b244fcc1c076f36c47c32153cb443e99e,2,1,0.962512731552124,0.962512731552124,0.962512731552124,0.962512731552124,1.0
7f8a2f70d944c1e786e2c159b42e0e32ad5f6170,2,1,0.9750451445579529,0.9750451445579529,0.9750451445579529,0.9750451445579529,1.0
bd72e63bf3712b148957f2bf8f753b868276a50b,2,1,0.9815678000450134,0.9815678000450134,0.9815678000450134,0.9815678000450134,1.0
83026adeae19c16c3f3534e8d8a0d89877523336,2,1,0.9819443225860596,0.9819443225860596,0.9819443225860596,0.9819443225860596,1.0
50eb728fce4ba791d672d650ea3407a7a58cc17d,4,6,0.9677139520645142,0.9692691564559937,0.9812266826629639,0.979574978351593,1.0
9a777ae0523f120260ccdc419ef013dc490b018d,4,6,0.9633018970489502,0.965580403804779,0.975727915763855,0.9768365025520325,1.0
d8a5ce38c1d31a7fbf9f33241ae1588495b25753,3,3,0.9688886404037476,0.9700736403465271,0.9807387590408325,0.9774847030639648,1.0
6af67c6a063625ce4e76bcc1839ca2891830b2be,2,1,0.9855906367301941,0.9855906367301941,0.9855906367301941,0.9855906367301941,1.0
684a836cf960f167a8b21dd7664b3acdd0a2f2ae,2,1,0.9574398994445801,0.9574398994445801,0.9574398994445801,0.9574398994445801,1.0
9ca5e66dec9f3305a4ebf06286f1ceddfafdf683,2,1,0.9608253836631775,0.9608253836631775,0.9608253836631775,0.9608253836631775,1.0
c0803b881c3084358dfeb04611ae38e506695d95,2,1,0.9641283750534058,0.9641283750534058,0.9641283750534058,0.9641283750534058,1.0
6d08bd20ecc65952e25dd6d3a4439824078da9cf,3,3,0.982825517654419,0.9830445051193237,0.9850152730941772,0.9852373003959656,1.0
6223b302ecae89328e3e25dbbde4b35f4d34da4f,2,1,0.9845461845397949,0.9845461845397949,0.9845461845397949,0.9845461845397949,1.0
0fcbace8ed166d873ea21bae0032c093fc990f07,2,1,0.9694686532020569,0.9694686532020569,0.9694686532020569,0.9694686532020569,1.0
7eec912021418442405a4a8e6da3ae288c2a8075,2,1,0.9841830730438232,0.9841830730438232,0.9841830730438232,0.9841830730438232,1.0
d69c0254dc0d6feaf74911178cb056005289c337,2,1,0.959383487701416,0.959383487701416,0.959383487701416,0.959383487701416,1.0
a89b09f8bf6d65f777762dad4662fff6af833420,3,3,0.9768475890159607,0.9770402908325195,0.9787744283676147,0.9787552356719971,1.0
1a62821876a7d2eeafdab56c80d2680fbf439ba1,2,1,0.9805914163589478,0.9805914163589478,0.9805914163589478,0.9805914163589478,1.0
285d320307aaedfff9f2efbca7b540dade3c08fe,2,1,0.9863429665565491,0.9863429665565491,0.9863429665565491,0.9863429665565491,1.0
f3f01ab3e6d7dbc140313d49b94bdc8a64b5d52d,2,1,0.9737200140953064,0.9737200140953064,0.9737200140953064,0.9737200140953064,1.0
951803e9a6c85642eb09d19ade874226e3f9a1d2,2,1,0.9625259637832642,0.9625259637832642,0.9625259637832642,0.9625259637832642,1.0
4442496c209f06bcbf49d39d96dbe2f393c20191,3,3,0.9980222582817078,0.9980359673500061,0.9981592893600464,0.9984325766563416,1.0
875bc0f3b81ffda7056f76cec65987a7834898f7,3,3,0.972178041934967,0.9728685021400452,0.9790827035903931,0.9803028106689453,1.0
4de6a89163179729ac7e626e67c874cc4e0d4797,3,3,0.9630434513092041,0.9645304083824158,0.9779130220413208,0.9747123718261719,1.0
2c69c697d532595fd81e6736ce7c5d7a15fc9ed9,3,3,0.9664693474769592,0.9666978120803833,0.9687541127204895,0.9705838561058044,1.0
ea982bfecee81e530575b60edeccff554e38b5b0,2,1,0.9764919281005859,0.9764919281005859,0.9764919281005859,0.9764919281005859,1.0
6ce58d05b0f9a239e4b14c09177e005f500070fd,2,1,0.982854962348938,0.982854962348938,0.982854962348938,0.982854962348938,1.0
69cd5d67586ce2a924557182aceb787fda01e1bb,2,1,0.9848505258560181,0.9848505258560181,0.9848505258560181,0.9848505258560181,1.0
137cf9832a0eff312d2232961344901e98eac5ef,2,1,0.9767370820045471,0.9767370820045471,0.9767370820045471,0.9767370820045471,1.0
8f284f62b5f4926fefc553f7808b9e511e283adf,2,1,0.9946917295455933,0.9946917295455933,0.9946917295455933,0.9946917295455933,1.0
9705d625f81639f3243c306bc0c7c565c2f501cf,4,6,0.9656127691268921,0.9659801721572876,0.9749282002449036,0.9745543599128723,1.0
50212f282b3f3fd9166fe3e173f4fd55c5e901d0,2,1,0.9901292324066162,0.9901292324066162,0.9901292324066162,0.9901292324066162,1.0
1f2642a2c92037d0bcc5aca6f6701c3cc6993c2d,3,3,0.9834342002868652,0.9835466146469116,0.98455810546875,0.9863606095314026,1.0
915da08c5b3690329d0d290f4ce5987e8ecb3a46,2,1,0.9870210886001587,0.9870210886001587,0.9870210886001587,0.9870210886001587,1.0
7ece3d5a5175aab54d31662dd5f1d34071897002,2,1,0.9970062971115112,0.9970062971115112,0.9970062971115112,0.9970062971115112,1.0
950b8410a90cd16aed03c429f7c23f0548a6b421,2,1,0.9750886559486389,0.9750886559486389,0.9750886559486389,0.9750886559486389,1.0
fd65a1313ebc2fc0cf4ef5114dd011ae0e44ff3d,2,1,0.9796826243400574,0.9796826243400574,0.9796826243400574,0.9796826243400574,1.0
d5e0cec37689e43946ce4500ef3b331bf183bbcd,4,6,0.9580948352813721,0.9588842391967773,0.965406596660614,0.9694107174873352,1.0
49cd1e8f14a3270c81a49bb4d69c18b88527e63d,2,1,0.9821263551712036,0.9821263551712036,0.9821263551712036,0.9821263551712036,1.0
9ec73ecd9a6d6e5276d2c802d9349e6312779e2a,3,3,0.9533219337463379,0.954793393611908,0.9680367708206177,0.9644520878791809,1.0
564665ec932ca4fc4dda7e6d730f17d3f5329454,5,10,0.9941585659980774,0.9941831231117249,0.9980210065841675,0.9972625970840454,1.0
d527779ad102c08cd425264182512d2c817c3340,2,1,0.9875819683074951,0.9875819683074951,0.9875819683074951,0.9875819683074951,1.0
3623a56b01252922753521ee0f4b9d64b9655a1a,4,6,0.970458447933197,0.9718838334083557,0.9809603095054626,0.98130863904953,1.0
ff0e00e17af3bc5bb02d5245ef611ed4feb62754,2,1,0.9714145660400391,0.9714145660400391,0.9714145660400391,0.9714145660400391,1.0
c0c1cc30d13d812ed3c53106940b6aadc9e5e8af,2,1,0.982660174369812,0.982660174369812,0.982660174369812,0.982660174369812,1.0
265d4941b110aace191801b042433bcf977a772b,2,1,0.9571138024330139,0.9571138024330139,0.9571138024330139,0.9571138024330139,1.0
5fd2406937cfb01ca946de5c9ceaf561cdac13d9,3,3,0.9689138531684875,0.9698083400726318,0.9778584241867065,0.9766688346862793,1.0
ba8bf996124a30c99be0f5b6858ea350656f87a9,4,6,0.9577896595001221,0.9597257375717163,0.978989839553833,0.9765573143959045,1.0
025acdfab459e8f60ba1421a4d48079be79ee16e,2,1,0.9884322881698608,0.9884322881698608,0.9884322881698608,0.9884322881698608,1.0
b3257c7896908fc304211d994edd2cfa19cf60ff,2,1,0.9732489585876465,0.9732489585876465,0.9732489585876465,0.9732489585876465,1.0
4cdc95a099ba95cbf9c8a6acc5c25c60e6bf45d0,2,1,0.9605731964111328,0.9605731964111328,0.9605731964111328,0.9605731964111328,1.0
237614970c18b1588441577e6fcc952b0215237d,3,3,0.9527916312217712,0.9529902935028076,0.9547779560089111,0.9690380096435547,1.0
0c181b3f6a3698e2afa55e917e999ab4484b56e7,2,1,0.968078076839447,0.968078076839447,0.968078076839447,0.968078076839447,1.0
415551a47e44d81f3c5de2a9fb6356fd5a73de18,2,1,0.9877780675888062,0.9877780675888062,0.9877780675888062,0.9877780675888062,1.0
58923ef5925036b53a00e960f498cfac6fd1ecea,2,1,0.9655442833900452,0.9655442833900452,0.9655442833900452,0.9655442833900452,1.0
1ab189c927ccb25bff867ef036885c9abe65dc7c,3,3,0.9670793414115906,0.9682905673980713,0.9791917204856873,0.9780586361885071,1.0
a1d2f0319cda9a9909fa2959b4fd3f8323549ef7,4,6,0.9674897789955139,0.9678263068199158,0.9714677333831787,0.9765568375587463,1.0
8bd7c0afa361a66e7bba98686632ac3675f56f3d,4,6,0.9699209332466125,0.9712387323379517,0.976195216178894,0.9774191975593567,1.0
cc77c3fca12e18c52cbf89af55bd37d2347c58e7,2,1,0.9878392219543457,0.9878392219543457,0.9878392219543457,0.9878392219543457,1.0
96b1be09e6b8f7b26d4390f2ffbd3299e6a7b11e,5,10,0.9758881330490112,0.9763794541358948,0.9843319654464722,0.9833113551139832,1.0
de6ea56acfb63062c33445aeefd159e2a50a5806,3,3,0.972998321056366,0.9738996028900146,0.9820114374160767,0.9797518849372864,1.0
c6bfa2e2885c9caf761c4d674c03d0777cab6df7,2,1,0.9780616760253906,0.9780616760253906,0.9780616760253906,0.9780616760253906,1.0
8d20dcc323f249c51bd17f8a69bd89b45feee5d3,2,1,0.9836742281913757,0.9836742281913757,0.9836742281913757,0.9836742281913757,1.0
816d60de56a900de4cc9df32348894b6f471e25a,2,1,0.9624361395835876,0.9624361395835876,0.9624361395835876,0.9624361395835876,1.0
70ce522c0c5c5597180513a7c123ace322d268b0,3,3,0.9855310916900635,0.9855336546897888,0.9855564832687378,0.9879633784294128,1.0
f78e9d27f35d31fa14c786126058a2ee2cd31480,2,1,0.9770441651344299,0.9770441651344299,0.9770441651344299,0.9770441651344299,1.0
aa7bfc73d248f467bcd8f49776c9deebf52df94b,2,1,0.9933116436004639,0.9933116436004639,0.9933116436004639,0.9933116436004639,1.0
dc0266cf862de2dfba84c440bb6c6bd6f3d1c8e5,2,1,0.9558020830154419,0.9558020830154419,0.9558020830154419,0.9558020830154419,1.0
d226e755f1ebb1b76d98eaf62358ecb36aef92cf,2,1,0.9923692941665649,0.9923692941665649,0.9923692941665649,0.9923692941665649,1.0
d7af1041a2530afb60a03d3f685c70da948a26ce,2,1,0.9768422842025757,0.9768422842025757,0.9768422842025757,0.9768422842025757,1.0
50c275239eab6e3258a412d68a0167f9d62279d4,2,1,0.9579518437385559,0.9579518437385559,0.9579518437385559,0.9579518437385559,1.0
9becb8a988004428679435bc0cab2efb91a991fd,2,1,0.9838992953300476,0.9838992953300476,0.9838992953300476,0.9838992953300476,1.0
526842fd25d41c76bcbcda6d9eeb83fee1d1e10c,2,1,0.9786934852600098,0.9786934852600098,0.9786934852600098,0.9786934852600098,1.0
b9d972121506ef649c717c59dc86eaf30b0d6ca4,2,1,0.957248330116272,0.957248330116272,0.957248330116272,0.957248330116272,1.0
168f83269ba44186009942b9820ef7409fa5e9d7,3,3,0.9650211334228516,0.9654367566108704,0.9691776037216187,0.9679272770881653,1.0
56161a49453c46f2dcb00ff789c93fce0c3c632e,2,1,0.9510838985443115,0.9510838985443115,0.9510838985443115,0.9510838985443115,1.0
6622d2da2f8807d1db5ec7d8a10a1a3577664645,2,1,0.9667903780937195,0.9667903780937195,0.9667903780937195,0.9667903780937195,1.0
5698255780d0cac520804b23e9c6cd8edf4ac613,3,3,0.9789905548095703,0.9795241951942444,0.984326958656311,0.9844012260437012,1.0
72610284357e08aa7053e8a045d246d062abc069,2,1,0.9740622043609619,0.9740622043609619,0.9740622043609619,0.9740622043609619,1.0
71849501909e62fe3938afa6b07477059de762a7,3,3,0.9626514911651611,0.9631952047348022,0.9680883288383484,0.96888667345047,1.0
ea7cfdf9c7f10d56aab35f24473bde8c05aaa1b2,2,1,0.9573748111724854,0.9573748111724854,0.9573748111724854,0.9573748111724854,1.0
0924ae99c693e3d270c61c74b172be2b0be832d4,2,1,0.9593566060066223,0.9593566060066223,0.9593566060066223,0.9593566060066223,1.0
764ca013f000b8be0d088848d8b738a8b2af8e25,3,3,0.9577339887619019,0.9577447175979614,0.9578415751457214,0.9715790748596191,1.0
d56d356c7d8f2ddc8a9ca491879414505cacfa0e,2,1,0.9676715135574341,0.9676715135574341,0.9676715135574341,0.9676715135574341,1.0
e0dd15cabf99675f0423686c04ec896b462243ef,3,3,0.9656132459640503,0.9658069610595703,0.9675502181053162,0.9746639132499695,1.0
99f7b0145d75f6220b2b465cd15ef80f7febf3ca,2,1,0.9689300060272217,0.9689300060272217,0.9689300060272217,0.9689300060272217,1.0
1994b101d70753750df0d77087d5a137357aa1e3,2,1,0.9962744116783142,0.9962744116783142,0.9962744116783142,0.9962744116783142,1.0
997cd4354faa457ebb0b102d01669d5809eb0cdb,3,3,0.9723739624023438,0.97250896692276,0.9737238883972168,0.9794754385948181,1.0
a13e324a03c170b0cf1b58b240a32f76c5aa9337,3,3,0.9744517207145691,0.9747723340988159,0.9776581525802612,0.9829354882240295,1.0
5d756cd5996c7ecd19228525c803f6e43059e760,4,6,0.9794390201568604,0.9796364307403564,0.9854788780212402,0.9849667549133301,1.0
878bb0a56447455d9fe3f930f68c701321da2386,2,1,0.980023205280304,0.980023205280304,0.980023205280304,0.980023205280304,1.0
f7fe33a9c757c4581932b04e5432e1cbf06c22ce,2,1,0.9781864881515503,0.9781864881515503,0.9781864881515503,0.9781864881515503,1.0
61b058d348c475e2ee04f29f64d125c1d4b23b2a,2,1,0.9570602178573608,0.9570602178573608,0.9570602178573608,0.9570602178573608,1.0
6dfdbd19731e891579eb003dac61ebfcbfcce35e,3,3,0.9629064798355103,0.9632898569107056,0.9667403697967529,0.9720196723937988,1.0
49e5752619f4a43efb73d3fb36aa28714a6bbac8,3,3,0.9710381031036377,0.9711541533470154,0.972198486328125,0.9804353713989258,1.0
dc24b3b33e669ae3c7b548d65b6c0470fcefba11,2,1,0.97518390417099,0.97518390417099,0.97518390417099,0.97518390417099,1.0
703cc6d7dfa1a48299b812acc2d98e921f41bc69,3,3,0.9638097286224365,0.9643850326538086,0.9695625305175781,0.9704590439796448,1.0
f6780ff28b138fe5253242c1dd34e2d585042b8a,2,1,0.9728513360023499,0.9728513360023499,0.9728513360023499,0.9728513360023499,1.0
f4877b0b66a6a3990df65ea86a69fc587d6d4745,3,3,0.9764859676361084,0.976733386516571,0.978960394859314,0.9825975894927979,1.0
44e320f0d2f1d390062b544311a8792b84fe304e,2,1,0.9532837867736816,0.9532837867736816,0.9532837867736816,0.9532837867736816,1.0
70ea229072418539ef86ddbdf05f45427f35855f,2,1,0.9607446193695068,0.9607446193695068,0.9607446193695068,0.9607446193695068,1.0
8f13f305f0453ec6a106a967bed61eca756cf9b5,2,1,0.9756300449371338,0.9756300449371338,0.9756300449371338,0.9756300449371338,1.0
3ddd0f4e46a08e6ddf901775bf2f224718c9ef20,2,1,0.9871129989624023,0.9871129989624023,0.9871129989624023,0.9871129989624023,1.0
68da9c2c5b045c984abe8384077c4fdd2733fb95,4,6,0.9532010555267334,0.9538068771362305,0.9620151519775391,0.9669744372367859,1.0
2430fc2c54ce693de7d339d3a3403435f4de1a0c,2,1,0.9691088795661926,0.9691088795661926,0.9691088795661926,0.9691088795661926,1.0
005bbaba360df5d368e08389ec549e381b59bcd1,2,1,0.9846780300140381,0.9846780300140381,0.9846780300140381,0.9846780300140381,1.0
37d65726736e95ba879347c81aa61c520238653d,4,6,0.9652421474456787,0.9663790464401245,0.9794760942459106,0.9770991206169128,1.0
e0d194657805e29dd57c829aaecbad195875fe93,5,10,0.9554077386856079,0.9633758068084717,0.9759898781776428,0.9785645604133606,1.0
f3250d9e2827d273331d9061577bf566ec437a64,2,1,0.9859252572059631,0.9859252572059631,0.9859252572059631,0.9859252572059631,1.0
56df5a30c47c25c8a25e27d1a746d2fa45512e1d,3,3,0.9710974097251892,0.9715438485145569,0.9755615592002869,0.9784414172172546,1.0
d7bbec5f21a5b33768b9dc997a5bfca9fea5b21a,2,1,0.9928101301193237,0.9928101301193237,0.9928101301193237,0.9928101301193237,1.0
e351ce28544ed4b0fcc2406acf32bb1ab83ded40,2,1,0.9829659461975098,0.9829659461975098,0.9829659461975098,0.9829659461975098,1.0
57015462a0ae9bef5c3c20a3bd672eda41c4d801,5,10,0.9540069103240967,0.9546712040901184,0.9903113842010498,0.9783156514167786,1.0
08934f7174729f799b7e0df9dd42b0e35384f35e,2,1,0.9591192007064819,0.9591192007064819,0.9591192007064819,0.9591192007064819,1.0
9a0fd3e03274da1129c63514f5aef1779f2e79e7,5,10,0.9608170986175537,0.9619582891464233,0.9702567458152771,0.9764435887336731,1.0
5b07f49a9c7fe1aad99f31bc4764ff2651f65123,2,1,0.9808208346366882,0.9808208346366882,0.9808208346366882,0.9808208346366882,1.0
9d4740c027eb60d86267cc4413dbbb434dd31b39,2,1,0.9573814272880554,0.9573814272880554,0.9573814272880554,0.9573814272880554,1.0
8cf8db6e8e3915fb9888dab1f5c602619b50233c,4,6,0.9783538579940796,0.9789141416549683,0.9827872514724731,0.9835155010223389,1.0
8f0702fd993a00ec4a2bc6c2d26ec57239ae74b7,2,1,0.9774620532989502,0.9774620532989502,0.9774620532989502,0.9774620532989502,1.0
239734377609b477e72a7d13446bcae6c883740d,3,3,0.9789835214614868,0.9793223142623901,0.98237144947052,0.9850748181343079,1.0
7405e847b719ab4abdc41d0596801a666d31876d,3,3,0.9686712026596069,0.9698729515075684,0.9806888699531555,0.9774869084358215,1.0
573592cc9b9d6c3241aef400ec3352375ee414a4,2,1,0.9659988880157471,0.9659988880157471,0.9659988880157471,0.9659988880157471,1.0
8fcfb19c42d1aa4e63a7de343503019dd174c033,3,3,0.9779338836669922,0.9784117937088013,0.9827130436897278,0.9829480051994324,1.0
48214d8f3b3b78f03d95eccb40070ebd87fff85b,2,1,0.9968651533126831,0.9968651533126831,0.9968651533126831,0.9968651533126831,1.0
7082444617449ac246067717f26544a15ec45328,4,6,0.9519479274749756,0.9551143646240234,0.9776538610458374,0.9765077233314514,1.0
9c6e0af5f0b25c1bda531361678a058815f6b2fa,2,1,0.9753888845443726,0.9753888845443726,0.9753888845443726,0.9753888845443726,1.0
5f996d2380d69eac92241f51d49d9482eb240409,2,1,0.973657488822937,0.973657488822937,0.973657488822937,0.973657488822937,1.0
8b821004bda0ffeaebdf9025257a2dadd5d23b30,3,3,0.9605748057365417,0.9622185826301575,0.9770126342773438,0.9742037653923035,1.0
42a2fcd2c06e970a2ffd2ae552365e5b370de6bc,3,3,0.97004634141922,0.9710891842842102,0.980474591255188,0.9779319763183594,1.0
5cc2c45a4cd833a5bef953a7cdf22bf9541ca8d8,2,1,0.9909117817878723,0.9909117817878723,0.9909117817878723,0.9909117817878723,1.0
afbeaf375f799a13afa84635405e8463bfb968db,3,3,0.9831511378288269,0.9831885695457458,0.9835253953933716,0.9848954081535339,1.0
ba0305798211289bbbb4061ffa14243aa193546a,2,1,0.9691941738128662,0.9691941738128662,0.9691941738128662,0.9691941738128662,1.0
855d56266e1b83e665193c00fcd06eae678b6cc0,2,1,0.988854169845581,0.988854169845581,0.988854169845581,0.988854169845581,1.0
33185ccb818b8d7cd55b3d60fa31a41d47772d03,2,1,0.9521100521087646,0.9521100521087646,0.9521100521087646,0.9521100521087646,1.0
ee7c0be4cd4e3faa5b06dc3430f8294ccad28945,2,1,0.9845165610313416,0.9845165610313416,0.9845165610313416,0.9845165610313416,1.0
7c57bfc62007fc968febeee69f6e7b8384ee17fd,4,6,0.964045524597168,0.9655495285987854,0.9775373935699463,0.9786483645439148,1.0
577aeb78a28998466007859524ea509ddc989da3,2,1,0.963380753993988,0.963380753993988,0.963380753993988,0.963380753993988,1.0
25093e2c86cd3fca58d054d2fcef8b4717443140,2,1,0.9784328937530518,0.9784328937530518,0.9784328937530518,0.9784328937530518,1.0
2590903c7de6ba4388a1073ad38aac0ee3b21443,2,1,0.9533183574676514,0.9533183574676514,0.9533183574676514,0.9533183574676514,1.0
d705409a58c23a97f103f9b19f014ad803f448b9,2,1,0.9715818762779236,0.9715818762779236,0.9715818762779236,0.9715818762779236,1.0
87bb751cfc153d85abe019d63e80a5e6c689aa2f,2,1,0.9745113253593445,0.9745113253593445,0.9745113253593445,0.9745113253593445,1.0
f3468e0e79545c9318479bdbd88eac75b3efd6c1,2,1,0.9970088005065918,0.9970088005065918,0.9970088005065918,0.9970088005065918,1.0
30dba4ba5576e46b3fe7d3f3125f90ed203f3926,3,3,0.9520306587219238,0.9521991610527039,0.9537155628204346,0.9542336463928223,1.0
49e015331ec08e67bfabe3dff2f4527148a05fb4,4,6,0.9584816694259644,0.9617978930473328,0.976478099822998,0.9763936996459961,1.0
b2c17ce64a628b552ef6584f64cea5dc41d6de7e,2,1,0.9520122408866882,0.9520122408866882,0.9520122408866882,0.9520122408866882,1.0
eccdb0fa1042ff9ccd16b1811162849447679d77,3,3,0.9778354167938232,0.978158175945282,0.9810629487037659,0.9833197593688965,1.0
da7e400390ec88650c9cfc59a0970d64f2192f44,2,1,0.9640039205551147,0.9640039205551147,0.9640039205551147,0.9640039205551147,1.0
81b133160ecfce8a104c45376fa1c4742f97748d,2,1,0.9638695120811462,0.9638695120811462,0.9638695120811462,0.9638695120811462,1.0
03285ce16f5155f86f1d4739e8603eece3840c4e,3,3,0.9593369364738464,0.9595499038696289,0.9614664316177368,0.9721805453300476,1.0
690b9f2f65b76e9556311e2daa30e02962dd7f7e,2,1,0.9650740623474121,0.9650740623474121,0.9650740623474121,0.9650740623474121,1.0
0d3e3ada785ff911bd7b78117637402d25f45c23,2,1,0.9837538003921509,0.9837538003921509,0.9837538003921509,0.9837538003921509,1.0
ff3b612ef6fac27a94afd8d4ebbc20588d452228,3,3,0.977387547492981,0.9774633049964905,0.9781451225280762,0.9818747639656067,1.0
39fb8f220d00f3698db76e96ac44e92ce93f43ec,3,3,0.9523345232009888,0.9525312781333923,0.9543018341064453,0.9619956016540527,1.0
b6ae8dc20d5500e6558f8c9696499a0506d9cbbe,2,1,0.9859334230422974,0.9859334230422974,0.9859334230422974,0.9859334230422974,1.0
4686f6e9516d388dc9d8623a62b35d6499149cda,2,1,0.9744906425476074,0.9744906425476074,0.9744906425476074,0.9744906425476074,1.0
53668c8714ef1afdbf1858d43fbe0fcd8ff41c8d,2,1,0.9516541361808777,0.9516541361808777,0.9516541361808777,0.9516541361808777,1.0
1eb428dcf1324fc3a5570d640e628f5b1b7668e4,2,1,0.9877089858055115,0.9877089858055115,0.9877089858055115,0.9877089858055115,1.0
730e64b900a3aeb05fee36c68919dbe2057f3373,2,1,0.974764883518219,0.974764883518219,0.974764883518219,0.974764883518219,1.0
a0040dfcbc090260a9f534c09cdf5a8c01e5ca71,4,6,0.9899274110794067,0.9900473356246948,0.9916083216667175,0.9923138618469238,1.0
1313683b37ac8156cb22d1caf64162a08ce894c9,2,1,0.9805577993392944,0.9805577993392944,0.9805577993392944,0.9805577993392944,1.0
9e5ef0afb609e173e06f29a1b75d9133a84c8cbc,3,3,0.9707260131835938,0.9710723757743835,0.9741894602775574,0.9764592051506042,1.0
cf810232f4664532f23982d27cc1134240626202,3,3,0.9664486646652222,0.9666665196418762,0.9686270356178284,0.9754409193992615,1.0
662600504c574ce3f53a649b9ef2430bf7caf2c0,2,1,0.9771146178245544,0.9771146178245544,0.9771146178245544,0.9771146178245544,1.0
27d00aafc92bab3c2e27b6032259ebed4bba193b,2,1,0.9548339247703552,0.9548339247703552,0.9548339247703552,0.9548339247703552,1.0
f57a0c21ed83f7f67c341f3218cf36f7862c7cb9,3,3,0.9659574031829834,0.9674069881439209,0.9804532527923584,0.9761409163475037,1.0
3eb92a4524f82b5fbaba4078f5201a34abd88442,3,3,0.9515485167503357,0.9531363248825073,0.9674264788627625,0.9654706120491028,1.0
c5203b7214b0a22e635dc41c370b19bb43c00df9,2,1,0.9638776183128357,0.9638776183128357,0.9638776183128357,0.9638776183128357,1.0
d5db9ce4053f5fef32c6b24b2f78be945bbaa8c4,3,3,0.9828097820281982,0.9831511378288269,0.9862235188484192,0.9860163331031799,1.0
9cf28cc9a6a385d63339432dc6fe54fa3af11ead,2,1,0.962615966796875,0.962615966796875,0.962615966796875,0.962615966796875,1.0
5110c63ac866fca0a43b9dc0f5d7553ec8a9d9f8,2,1,0.97052401304245,0.97052401304245,0.97052401304245,0.97052401304245,1.0
5b258c2b1a943b6966922d7d0f30662c02d4eae8,3,3,0.9673010110855103,0.9674505591392517,0.9687966704368591,0.9729587435722351,1.0
c30a70aade5c8fcf3af80c825248c9790394b0d1,2,1,0.98187255859375,0.98187255859375,0.98187255859375,0.98187255859375,1.0
03367694568518c0f9ea24ed182bad98deec532c,3,3,0.9651848077774048,0.9657884240150452,0.9712207317352295,0.9743024706840515,1.0
8f8352fd067e52a3e9167858af78c3f765e7f2a3,2,1,0.9542688727378845,0.9542688727378845,0.9542688727378845,0.9542688727378845,1.0
bb156aa0aec8deae76e8ac45ffc4a1ba896946df,3,3,0.9689245223999023,0.9691809415817261,0.9714886546134949,0.9777011275291443,1.0
003cda75fe21d23506df12c6ec9c38567cd04863,2,1,0.9830089807510376,0.9830089807510376,0.9830089807510376,0.9830089807510376,1.0
7b4380dab47a24d75e210083f92e4ce0bc78deab,3,3,0.9517917633056641,0.952663779258728,0.9605118036270142,0.9605004191398621,1.0
73ba37a91ffc96401a1772a640e0c8cfef821511,2,1,0.9673269987106323,0.9673269987106323,0.9673269987106323,0.9673269987106323,1.0
6b4ae2a32e36fbd5c22f1f1bb692ae93e53117a3,2,1,0.9883538484573364,0.9883538484573364,0.9883538484573364,0.9883538484573364,1.0
ebc2a6c7fb968e0e5fb9d527870466060fb80529,3,3,0.974692702293396,0.9749216437339783,0.9769818782806396,0.977376401424408,1.0
900b64f6839770b2a6848c383abc75e7d51e6198,3,3,0.9789927005767822,0.9793869853019714,0.9829357862472534,0.9840978980064392,1.0
71bfc9d1f4f2d6fdffcef743320ee91b073870bb,2,1,0.9663516283035278,0.9663516283035278,0.9663516283035278,0.9663516283035278,1.0
4eccfdf185f6798250f6c1e5344d2504a94ee919,2,1,0.950666069984436,0.950666069984436,0.950666069984436,0.950666069984436,1.0
8727202ff1cd4303258ce21cfd44c95341cf1079,2,1,0.9644086360931396,0.9644086360931396,0.9644086360931396,0.9644086360931396,1.0
c9bc94a12dde1ccc88077efe4358424a0ae3e1a3,3,3,0.9531984329223633,0.9552308320999146,0.9735221862792969,0.9712831377983093,1.0
db139a40007f089a8d2351f00266a50b6103b088,2,1,0.9842135906219482,0.9842135906219482,0.9842135906219482,0.9842135906219482,1.0
4a67e6690055b244d432d04d6d5d638b359f7ddc,2,1,0.9924677610397339,0.9924677610397339,0.9924677610397339,0.9924677610397339,1.0
6a03e905658823d47de4260ca37417ba6f106742,2,1,0.9514694213867188,0.9514694213867188,0.9514694213867188,0.9514694213867188,1.0
94818f858895e7e00cbd7f5408f33112b42d169f,2,1,0.962894856929779,0.962894856929779,0.962894856929779,0.962894856929779,1.0
8726505c7cde02e4c8962a57bb7e7cf6ca759042,2,1,0.9777714610099792,0.9777714610099792,0.9777714610099792,0.9777714610099792,1.0
0e34c29b9091e8ca47bf097eb0d3afa7afd645ba,2,1,0.9503774642944336,0.9503774642944336,0.9503774642944336,0.9503774642944336,1.0
197c193a5386577b379144c1ac13e6b278d8c9cb,2,1,0.9750063419342041,0.9750063419342041,0.9750063419342041,0.9750063419342041,1.0
74a43542b5eb1be5887e8bd5c888453dbd951b0a,2,1,0.9770504832267761,0.9770504832267761,0.9770504832267761,0.9770504832267761,1.0
a990f1853963be6bd8e0baabbb75a7d92678291e,2,1,0.9815487861633301,0.9815487861633301,0.9815487861633301,0.9815487861633301,1.0
74cef3fa7a466cb143483f823d9138c49843450f,3,3,0.9695150852203369,0.9698953628540039,0.9733179807662964,0.9779213070869446,1.0
7af0f4f1ad614e5efe596c11f59bb633f74f2a01,2,1,0.9705756306648254,0.9705756306648254,0.9705756306648254,0.9705756306648254,1.0
7b4b24eae113da12f4c0b68b88c97a4e634f6336,2,1,0.9513878226280212,0.9513878226280212,0.9513878226280212,0.9513878226280212,1.0
a25fedbf05b80df1ed50e72373918195e8c7430d,3,3,0.9757126569747925,0.9762691259384155,0.9812774658203125,0.9813564419746399,1.0
02abd39ca036416d8c9faf2f900be474a634ccb8,2,1,0.9899382591247559,0.9899382591247559,0.9899382591247559,0.9899382591247559,1.0
a5aba7208b8619ae48ac2eb61433582928d72973,2,1,0.9506417512893677,0.9506417512893677,0.9506417512893677,0.9506417512893677,1.0
78d243d1eb8c0f5bc8e1b4b48685ffc75c0e2725,2,1,0.9632854461669922,0.9632854461669922,0.9632854461669922,0.9632854461669922,1.0
7b2c6f97bd691800986f3ec38d42ec36b241587f,3,3,0.9742122888565063,0.9743402004241943,0.9754912853240967,0.9751388430595398,1.0
c5a76605099bc9890750e77571b7165e5708a90b,2,1,0.9878442287445068,0.9878442287445068,0.9878442287445068,0.9878442287445068,1.0
b46471b42c8be928f766c9037a2db47e7811adbe,3,3,0.968438982963562,0.9695644974708557,0.979694128036499,0.9776490330696106,1.0
6d8d02f777edff89d36ff11e5b527ab7e531c3b1,3,3,0.9687184691429138,0.9689133763313293,0.97066730260849,0.9739158153533936,1.0
ddd1cfc96a225ba0d62250a09033fc093da1b6bb,2,1,0.955458402633667,0.955458402633667,0.955458402633667,0.955458402633667,1.0
f3728caf586344b6ab86ed8f27e556fe44a5bd0a,2,1,0.9868448972702026,0.9868448972702026,0.9868448972702026,0.9868448972702026,1.0
73bf580604f7dddfcddf30bf1d09c8af2ab923f4,3,3,0.9666783809661865,0.9671805500984192,0.9716998338699341,0.9724410176277161,1.0
5403f4ec95a3bbff89c41a24b6b25a8c24a80c0a,3,3,0.9539265632629395,0.9555583596229553,0.970244288444519,0.9667272567749023,1.0
e159f1bbaa432e05a94db8afe0349dc7401e2c13,3,3,0.973322868347168,0.9742755889892578,0.9828498363494873,0.9822462201118469,1.0
cb2c0d294188bb851c4770a1a66f9b0d68df23ab,2,1,0.9937132596969604,0.9937132596969604,0.9937132596969604,0.9937132596969604,1.0
5ea375f94440924847c344b45fcc288113ea897c,2,1,0.9954670667648315,0.9954670667648315,0.9954670667648315,0.9954670667648315,1.0
04e3c09688bd837d24f3ab0aaf96c0a2b27ac373,2,1,0.987903892993927,0.987903892993927,0.987903892993927,0.987903892993927,1.0
de44d8cb7f1420fe375d0748a7fc605fb9c75610,3,3,0.9750681519508362,0.9762944579124451,0.9873312711715698,0.9846331477165222,1.0
1a6d1abacd9d27ee224833bbf3cd480f1be52f50,2,1,0.9537539482116699,0.9537539482116699,0.9537539482116699,0.9537539482116699,1.0
8d2b334e6349d19804da3ea628684e8cd977b796,2,1,0.9744681715965271,0.9744681715965271,0.9744681715965271,0.9744681715965271,1.0
e1bd8545629d5bdc591817c4899839317aaa4694,2,1,0.9834182262420654,0.9834182262420654,0.9834182262420654,0.9834182262420654,1.0
2cf2f9ddb4ca35ac5730e743e71d92a533ad4dad,2,1,0.9729541540145874,0.9729541540145874,0.9729541540145874,0.9729541540145874,1.0
ec6ab49e6a0dde3e39b8f9c0d1d92eeec853b3c8,2,1,0.9762332439422607,0.9762332439422607,0.9762332439422607,0.9762332439422607,1.0
9af03cfe6daaebe83c3b8a95ddd8173476ef452a,3,3,0.9558654427528381,0.9566717147827148,0.9639279842376709,0.9674041867256165,1.0
73793fa411b468eea82828599127d39e68be4923,2,1,0.9687525033950806,0.9687525033950806,0.9687525033950806,0.9687525033950806,1.0
eee8af02b0586187a896ab609e54000b4ddd6a8e,2,1,0.971037745475769,0.971037745475769,0.971037745475769,0.971037745475769,1.0
c5e03eec864fe65b5a2c99d28d4bde835fac0415,2,1,0.9624548554420471,0.9624548554420471,0.9624548554420471,0.9624548554420471,1.0
090e94cda1e5e1a0386f0307d5d8ebd35a4b2487,2,1,0.9686774015426636,0.9686774015426636,0.9686774015426636,0.9686774015426636,1.0
4db124b32b242ea28be29bb529b15e5268d12834,5,10,0.9698657989501953,0.970319926738739,0.9747418165206909,0.981202244758606,1.0
d9b029d5d8e191c2e665b9952b067b20a1ffa341,2,1,0.9811140298843384,0.9811140298843384,0.9811140298843384,0.9811140298843384,1.0
f8fc7c6f6b588178b5a2d6cb0b9b05f98708d525,2,1,0.9666171073913574,0.9666171073913574,0.9666171073913574,0.9666171073913574,1.0
dcfdc0cbb5c8efadc23870fb3c0a4acab25dc0d9,3,3,0.9540983438491821,0.9553132057189941,0.9662467837333679,0.9651581645011902,1.0
77d6b2c1b7dc2d76040634800eb20a9d063ea53f,3,3,0.9879040122032166,0.9884966611862183,0.9938308000564575,0.9921984672546387,1.0
242c5aac0c7e89488a43c33af23b76dfda6d4a3f,3,3,0.9660264253616333,0.9661136269569397,0.966898500919342,0.9684521555900574,1.0
8b879864e362fef563ede80b5782e7c63b00f378,4,6,0.9808323383331299,0.9811112880706787,0.9850934743881226,0.9851223826408386,1.0
f19b709160ee5b1cfa79645ad8fa0a80ed47978d,3,3,0.9680900573730469,0.9685485363006592,0.972675085067749,0.9726641774177551,1.0
cc4db508611b051331d72b0e6770bbf284775ed7,3,3,0.9751758575439453,0.9755030870437622,0.9784480333328247,0.977677047252655,1.0
915d325cc0e52f5455815c2f15ff29eb641b0efb,3,3,0.9578524231910706,0.9588978290557861,0.9683061838150024,0.9671526551246643,1.0
3c77043307bcd2bfbfcbaaf55973531e82a18bfa,3,3,0.9852504730224609,0.9853895902633667,0.9866416454315186,0.9862530827522278,1.0
b6d6c899c0c18e3c74eff863ce6b1cd4dd58b999,4,6,0.9976031184196472,0.997648298740387,0.9978510141372681,0.9984996914863586,1.0
f233af457e916e97cd728ccd7e37ee1959c8fd06,2,1,0.9517285823822021,0.9517285823822021,0.9517285823822021,0.9517285823822021,1.0
2f9440df9fd798137d05732704521158fc58c1fb,2,1,0.9825139045715332,0.9825139045715332,0.9825139045715332,0.9825139045715332,1.0
9d0dc0fa89a1b2641dc180aabe5086820ff83e23,2,1,0.9765011072158813,0.9765011072158813,0.9765011072158813,0.9765011072158813,1.0
f7c9ad03be091bd01aea861d197d508f60319350,2,1,0.9650300741195679,0.9650300741195679,0.9650300741195679,0.9650300741195679,1.0
a6cdc6a477ccbe2dd1a98cb95ceb06eb0005ab38,2,1,0.9600085020065308,0.9600085020065308,0.9600085020065308,0.9600085020065308,1.0
e1ec8c4ffedb3f65bb876c6f8a4c06e3c2841c08,2,1,0.9846193194389343,0.9846193194389343,0.9846193194389343,0.9846193194389343,1.0
7b2436c8f092d12be3fa8f88402208f7e84dda8c,2,1,0.9683367013931274,0.9683367013931274,0.9683367013931274,0.9683367013931274,1.0
1503ff903176bc20b530e5b11d74e27635f3dfa1,2,1,0.975767970085144,0.975767970085144,0.975767970085144,0.975767970085144,1.0
bf317e8a191869a26b2f77247544bb245ff9dd3c,2,1,0.966454029083252,0.966454029083252,0.966454029083252,0.966454029083252,1.0
02d730b7d71b4ec6105e06c3f3be995ba1aff563,5,10,0.9756169319152832,0.9786444306373596,0.9884204864501953,0.9874303936958313,1.0
bc5bc231b88ff61860c0b9b4636cbfdc46bff2ef,2,1,0.9620729684829712,0.9620729684829712,0.9620729684829712,0.9620729684829712,1.0
c547973778717294256ead5ba5cbd8437a62202e,2,1,0.9890000820159912,0.9890000820159912,0.9890000820159912,0.9890000820159912,1.0
249b493ecfa33ee5d3e3c18fe02a84eaf0eeec50,2,1,0.9723219275474548,0.9723219275474548,0.9723219275474548,0.9723219275474548,1.0
0bf2ffef3d28bd82d488879a7f6e9ef205b3a7a7,3,3,0.9644119739532471,0.964901328086853,0.9693057537078857,0.9704551696777344,1.0
282ec7ce8ba7aff758fa405fd7d9d0d16a2da482,2,1,0.9823034405708313,0.9823034405708313,0.9823034405708313,0.9823034405708313,1.0
66340f0b105c9d5885550b9ca83e54a0f85f3262,2,1,0.9782850742340088,0.9782850742340088,0.9782850742340088,0.9782850742340088,1.0
361a9f5430d447034be9d03bdf4b528020e71a38,4,6,0.9524648785591125,0.9526514410972595,0.9649298787117004,0.9673991799354553,1.0
cd4647924f247b2de3e638f489d486f09d385b0a,3,3,0.9704471826553345,0.9710016846656799,0.9759924411773682,0.9801958203315735,1.0
ede5315f3b0fd7fd31907481e63e51c69c93ebdb,2,1,0.9514962434768677,0.9514962434768677,0.9514962434768677,0.9514962434768677,1.0
ff892e837573ab2fbe483cede08ff8a9498da546,2,1,0.9669696092605591,0.9669696092605591,0.9669696092605591,0.9669696092605591,1.0
708c25f32847db47766fd7a2ce7eec169f4c724f,2,1,0.9864566922187805,0.9864566922187805,0.9864566922187805,0.9864566922187805,1.0
ecdb3ae2a9c9af9c81278ab2bfff375b2a921c62,2,1,0.9739183783531189,0.9739183783531189,0.9739183783531189,0.9739183783531189,1.0
b5af7db17e35357d8326301728fe5fc9472d803c,2,1,0.9731264710426331,0.9731264710426331,0.9731264710426331,0.9731264710426331,1.0
bb20f859a50ea795ed99bdb2e1f01a3ea536f707,3,3,0.9776628613471985,0.9779857397079468,0.9808919429779053,0.9820637702941895,1.0
9c757de48473721ff505b721d3fee2862f023f23,3,3,0.9599266052246094,0.9611889719963074,0.9725501537322998,0.9740779399871826,1.0
b9ef67be13c8e5b66f3f4f565c65d47d212dbeca,2,1,0.9665321111679077,0.9665321111679077,0.9665321111679077,0.9665321111679077,1.0
f70e5220b2c7130dc3bf30bbd131b5e5df6e29e0,2,1,0.9860641956329346,0.9860641956329346,0.9860641956329346,0.9860641956329346,1.0
ecce9c70ae013093a67c654afbb5761f20df2efc,2,1,0.972164511680603,0.972164511680603,0.972164511680603,0.972164511680603,1.0
beb8b68426f8587bd0a60b981808d8553a0cc780,2,1,0.9731804728507996,0.9731804728507996,0.9731804728507996,0.9731804728507996,1.0
b62f37d531af1e3370cb375595c103317457eb81,2,1,0.9817335605621338,0.9817335605621338,0.9817335605621338,0.9817335605621338,1.0
5f32db0806f17bf525eceb8440dcb8e599554465,3,3,0.9850133657455444,0.9852285385131836,0.9871649146080017,0.9870513081550598,1.0
251ae231ad05c2201e553b1b7472c9b587e1e692,3,3,0.9742740988731384,0.9743420481681824,0.9749534130096436,0.9757473468780518,1.0
5415397628c58a457b7b44b09aa42ac27fc892bb,3,3,0.9789137244224548,0.9796745777130127,0.9865219593048096,0.9856970906257629,1.0
e8a5ebea4e568a65e140bbec8fcf222505e6b92e,3,3,0.9708106517791748,0.9718145728111267,0.9808499813079834,0.9787106513977051,1.0
ad41b230a56dc370b7e374b1c291b11efb5e1a6e,2,1,0.9900361895561218,0.9900361895561218,0.9900361895561218,0.9900361895561218,1.0
3718677a1214041de2c0806818ce0e9c020844eb,3,3,0.9801018238067627,0.9802672266960144,0.9817557334899902,0.9819934368133545,1.0
b734f3adb26a2a4aafa601500bd167404956c387,3,3,0.9632554650306702,0.9639298319816589,0.9699988961219788,0.9717077612876892,1.0
0be6fb4b12a06607754a6fde30034651d67bd1df,2,1,0.972250759601593,0.972250759601593,0.972250759601593,0.972250759601593,1.0
9d1f3cd18c07c249e4f8cd821fa735b230d510aa,3,3,0.967022716999054,0.9682672023773193,0.9794677495956421,0.9756307601928711,1.0
cbcc9fb42c0e5179afac7ba6857b29e5bae04898,2,1,0.9653409719467163,0.9653409719467163,0.9653409719467163,0.9653409719467163,1.0
928b75da16d6ee95d553a61bac6df8a5254f3807,2,1,0.9622311592102051,0.9622311592102051,0.9622311592102051,0.9622311592102051,1.0
dcb14c0d8e970d9295afcea776ac39b7ab667089,2,1,0.9862895011901855,0.9862895011901855,0.9862895011901855,0.9862895011901855,1.0
d5ddcbc46a78eca45e5ecf345fd3c25283439a1f,2,1,0.982863187789917,0.982863187789917,0.982863187789917,0.982863187789917,1.0
ec9554c7553ed3e4d0ed0d3e43b8b999b9e49589,2,1,0.9644283056259155,0.9644283056259155,0.9644283056259155,0.9644283056259155,1.0
6083c43b06a51ee3443cfe652414b7b16f507cd6,2,1,0.964154064655304,0.964154064655304,0.964154064655304,0.964154064655304,1.0
b624e9a232a7c3e55a5783864b17998ce5b15290,3,3,0.9705973863601685,0.9709627032279968,0.9742506742477417,0.981131374835968,1.0
1646cc22529706d0b18aeb9c8cd188e7622a4dec,3,3,0.9652984738349915,0.9660704731941223,0.9730184078216553,0.9777025580406189,1.0
a44950b14baedc462aac3bde81c1f39893530e3a,3,3,0.9686367511749268,0.9695577621459961,0.977846622467041,0.9775171875953674,1.0
692bd10294901f3261fcca749f377639ee737007,2,1,0.9955078959465027,0.9955078959465027,0.9955078959465027,0.9955078959465027,1.0
4339c8fb6c8b98bc62b0282cf63805583f95ecd8,2,1,0.9759203195571899,0.9759203195571899,0.9759203195571899,0.9759203195571899,1.0
9d39c99d43f0a56c0debcd92322fca71fd13a38e,2,1,0.960918128490448,0.960918128490448,0.960918128490448,0.960918128490448,1.0
cbe1d82ade74b486af3562c8b26c11d6be59a947,2,1,0.9588108062744141,0.9588108062744141,0.9588108062744141,0.9588108062744141,1.0
f50212e8455c58772c9325f805a6c10362557036,2,1,0.9752950668334961,0.9752950668334961,0.9752950668334961,0.9752950668334961,1.0
0f327d1722506988f1f79a95c7da8cdd05de3de0,2,1,0.9755892753601074,0.9755892753601074,0.9755892753601074,0.9755892753601074,1.0
1b20c76ab22396671b4326a132c4087e07442dde,2,1,0.9846559762954712,0.9846559762954712,0.9846559762954712,0.9846559762954712,1.0
f977b8cd49139d40f8073edbd2b7ceb11eaa54e1,2,1,0.9521271586418152,0.9521271586418152,0.9521271586418152,0.9521271586418152,1.0
c8f96ea6af6db52c60009a2651b12540b6ebc880,3,3,0.9755507707595825,0.976504921913147,0.9850923418998718,0.9826557040214539,1.0
fd5d7513c47015a9ef715574f7263156f9f55879,2,1,0.9751814007759094,0.9751814007759094,0.9751814007759094,0.9751814007759094,1.0
6d4d6b300f826aa88357d6bde687e68d4755246c,3,3,0.9510753750801086,0.953472375869751,0.9750450849533081,0.9676074385643005,1.0
1266b390e73990251f59e5f565ac8314439702e8,2,1,0.9590827226638794,0.9590827226638794,0.9590827226638794,0.9590827226638794,1.0
3561d157792dd8a0c971677f7504b808c4b653e6,2,1,0.954830527305603,0.954830527305603,0.954830527305603,0.954830527305603,1.0
76788807652e42d947f01e156f2d596c538cb297,2,1,0.9506508708000183,0.9506508708000183,0.9506508708000183,0.9506508708000183,1.0
0253b252dca404e9861e647dec4ad55641a85208,3,3,0.9672141671180725,0.9674071073532104,0.9691436886787415,0.9743801951408386,1.0
ee93ad530ce4ad7c0deed997974e8594c8906bcd,4,6,0.9686498045921326,0.9697117805480957,0.9756481647491455,0.9767850041389465,1.0
2b140f84c083e9dd4f6be4b47e4012ee5c26f930,3,3,0.967203676700592,0.967920184135437,0.9743689298629761,0.971990168094635,1.0
6851d0e3d03789ee5236b3872b56cc63f0f5cc73,3,3,0.9628698825836182,0.9639418125152588,0.9735891222953796,0.9724552631378174,1.0
05da966ded20a9b0e74acf1341cabb77588919c6,2,1,0.9648759365081787,0.9648759365081787,0.9648759365081787,0.9648759365081787,1.0
8cc1f3a612c9e2f585e213a176e669e809fad323,2,1,0.9592125415802002,0.9592125415802002,0.9592125415802002,0.9592125415802002,1.0
a15695a160ce8c888b0e76ee772aad9a40817d0c,3,3,0.9556623697280884,0.9566047787666321,0.9650866985321045,0.9712526798248291,1.0
aea28dbc813b5ced21921eb3b07da470ee8a1eb1,2,1,0.9533857703208923,0.9533857703208923,0.9533857703208923,0.9533857703208923,1.0
06e28fb97bc77b86178864a6a6e2741b32e41d61,2,1,0.9843801259994507,0.9843801259994507,0.9843801259994507,0.9843801259994507,1.0
00ebfa4f08998ac6d920b0306f7343bb40d16c22,3,3,0.9544295072555542,0.9547325372695923,0.9574596881866455,0.9663618206977844,1.0
993283b964cec0631c55d5eee618d0f85398cc82,3,3,0.9515283107757568,0.9522231817245483,0.9584771394729614,0.9614489674568176,1.0
7dcc0dedda48844c73dcf477a4e84ecfe49cf984,2,1,0.9715177416801453,0.9715177416801453,0.9715177416801453,0.9715177416801453,1.0
f085d9dcf9836ef9625ec3ed9922992b54aaf4c4,2,1,0.9872764348983765,0.9872764348983765,0.9872764348983765,0.9872764348983765,1.0
8628c36f411b1e7f1220810fc5680fec93ec1cd8,2,1,0.981306791305542,0.981306791305542,0.981306791305542,0.981306791305542,1.0
87df753612cb51f7b5daffdf2d44551b11ee7c7e,3,3,0.9569313526153564,0.9582191705703735,0.9698097109794617,0.9689542651176453,1.0
f56109eb0d9b98c36f4881c7ae09e8b9100d65b9,2,1,0.97032231092453,0.97032231092453,0.97032231092453,0.97032231092453,1.0
0024682f6970f55dc85db21fc929ef5b10a6b0d4,2,1,0.9529633522033691,0.9529633522033691,0.9529633522033691,0.9529633522033691,1.0
dd3c0c58374c3c6ba0237c7fdbab38fda036742e,2,1,0.9666311144828796,0.9666311144828796,0.9666311144828796,0.9666311144828796,1.0
df21102a5a975fc4da0021a9a2cccba3058f0522,4,6,0.9659392237663269,0.9663898944854736,0.976760983467102,0.9774746894836426,1.0
3ddd41c5de6d43847326fc5d9336a8bfa7f1cd46,2,1,0.9799531102180481,0.9799531102180481,0.9799531102180481,0.9799531102180481,1.0
fedc616b750eae30da5721a92706e14c8edbba34,5,10,0.9660450220108032,0.9664231538772583,0.9816203117370605,0.9788051843643188,1.0
101d3a7db3682fbd57419da0f420c3951e2e4952,3,3,0.9507784247398376,0.9511030912399292,0.9540250897407532,0.9617168307304382,1.0
1638db5d66051a0bc8d60602350f97ec25ea3859,3,3,0.9645437002182007,0.9655479192733765,0.9745859503746033,0.972872257232666,1.0
4626aa6698fe71ec81efc893e9d1d6c247713afc,2,1,0.955463707447052,0.955463707447052,0.955463707447052,0.955463707447052,1.0
65e44fae038c6334f82a71ee2f29140397d0d834,3,3,0.977084755897522,0.9775734543800354,0.9819715619087219,0.9807984828948975,1.0
7ab2c3af7205c33bd013459dbb52316bc6949e6a,3,3,0.9613826274871826,0.9616451859474182,0.9640083909034729,0.9733891487121582,1.0
bf6b36118936d7248f03d6af1c54ee3f6b367a9f,2,1,0.9761527180671692,0.9761527180671692,0.9761527180671692,0.9761527180671692,1.0
d8080d8afcfc3d7cf8871adc3f8e57125d092394,2,1,0.9766983389854431,0.9766983389854431,0.9766983389854431,0.9766983389854431,1.0
84243172f8f0853a77aedc8c0f880f709e8fbeb9,4,6,0.9522618651390076,0.9539846181869507,0.9669356346130371,0.9685726761817932,1.0
093bcef6395b5023950bf3c6547a6f9b5ca09e87,2,1,0.9784479737281799,0.9784479737281799,0.9784479737281799,0.9784479737281799,1.0
97a25e9bd60c9ef797daf73d0fe07275702c5f8c,2,1,0.9525572061538696,0.9525572061538696,0.9525572061538696,0.9525572061538696,1.0
9300156744865bf4a795d2ff5188d9a9e2746376,4,6,0.9544517993927002,0.9571828842163086,0.9691774845123291,0.967860758304596,1.0
27500704a789d97193b4b83dd52e48287d5e19b4,2,1,0.9699089527130127,0.9699089527130127,0.9699089527130127,0.9699089527130127,1.0
00ed60d5ce4881adc3f4633a731235aadf78e3b7,3,3,0.9590277671813965,0.9593867659568787,0.9626175165176392,0.9680216312408447,1.0
b9077b225048a90d95f2844884ce81f6a3d37aeb,2,1,0.9843015670776367,0.9843015670776367,0.9843015670776367,0.9843015670776367,1.0
34d95d724a4e673ac22a26b4a5e5f5a1a3c3162d,2,1,0.975271999835968,0.975271999835968,0.975271999835968,0.975271999835968,1.0
51bc4a65b9d15368702891f3f68885d6328ad573,3,3,0.9617395401000977,0.9623546600341797,0.9678905606269836,0.9658684730529785,1.0
bc6c79d941d949669dcaebd4b225ad5f9f197737,2,1,0.9723715782165527,0.9723715782165527,0.9723715782165527,0.9723715782165527,1.0
6bd5f7ad79093488a3fa62e0418e0caf133834ab,2,1,0.9907076358795166,0.9907076358795166,0.9907076358795166,0.9907076358795166,1.0
6ea44a4c567368e4d5d91937f9779014a0f1ff50,2,1,0.9812140464782715,0.9812140464782715,0.9812140464782715,0.9812140464782715,1.0
0e55f98450e3f009790da38354fd42ca1177f3a8,2,1,0.9748138189315796,0.9748138189315796,0.9748138189315796,0.9748138189315796,1.0
35c0e8007f99ff3124fe3632392ab3d6188b34c8,3,3,0.9619864225387573,0.9625847339630127,0.9679693579673767,0.9683491587638855,1.0
4c45c7cb92b5a1cea6735dd0aa4a20d80015ce28,2,1,0.960857629776001,0.960857629776001,0.960857629776001,0.960857629776001,1.0
1e3bea003fd8d67abf36a1750b735410e9da3925,2,1,0.9906555414199829,0.9906555414199829,0.9906555414199829,0.9906555414199829,1.0
6443576eb502c6c4aa12150dff9f96bcda024ebf,3,3,0.9692847728729248,0.9693545699119568,0.9699829816818237,0.9728816151618958,1.0
6fa95ba9347d44b86bec32243e14f83a48462f6d,2,1,0.9524282813072205,0.9524282813072205,0.9524282813072205,0.9524282813072205,1.0
28bb4fb346571be738989b745517248b5ade051a,2,1,0.9850735068321228,0.9850735068321228,0.9850735068321228,0.9850735068321228,1.0
8f975c03e797130fa84ede24970c045e1512c090,2,1,0.9890579581260681,0.9890579581260681,0.9890579581260681,0.9890579581260681,1.0
b052a4adea5197a3b75f69e35b5a4133c928f164,2,1,0.9536771774291992,0.9536771774291992,0.9536771774291992,0.9536771774291992,1.0
174abf47d4366608ae49d0db50a103f04e807dbc,3,3,0.9638310670852661,0.9641013741493225,0.9665341973304749,0.9695953726768494,1.0
4b32cd2773086128bd14effaae73a7c21da3473d,2,1,0.9669432640075684,0.9669432640075684,0.9669432640075684,0.9669432640075684,1.0
ed21da5526dcde98a1e4697842b08b392e171373,5,10,0.954888105392456,0.9553446173667908,0.968059778213501,0.9663551449775696,1.0
7503a90306858551b0c6d50da4467532bb4e6a60,5,10,0.9514808654785156,0.9515217542648315,0.9706416726112366,0.9689432382583618,1.0
d75f929a1dfc75e6ce2332108f0fc4e5ad8f962a,2,1,0.9733688831329346,0.9733688831329346,0.9733688831329346,0.9733688831329346,1.0
0c7c9b1940f3c57019bc028ce3b93f526696dc24,2,1,0.9628568887710571,0.9628568887710571,0.9628568887710571,0.9628568887710571,1.0
31d5556659f0184504b629679e1cd4369a7600a8,2,1,0.9863067269325256,0.9863067269325256,0.9863067269325256,0.9863067269325256,1.0
2c25945b128ef5f1cb209079a384d1c4c59a10e9,2,1,0.9895946979522705,0.9895946979522705,0.9895946979522705,0.9895946979522705,1.0
68e0b50d1f89503eca1c39475b2f74b99a923910,2,1,0.9815232753753662,0.9815232753753662,0.9815232753753662,0.9815232753753662,1.0
0350fd39d366ef40ed7393c30de13934f9563618,4,6,0.9949726462364197,0.9952723383903503,0.9966906309127808,0.996755838394165,1.0
287507697dd9e71c435890ae7dc330037f247629,3,3,0.9526374340057373,0.9528183937072754,0.9544471502304077,0.9547918438911438,1.0
775aaa8fefbf41e5db9cba7a8a275b9be0873e1f,2,1,0.9867680072784424,0.9867680072784424,0.9867680072784424,0.9867680072784424,1.0
33b6fcd7059a35086e05a1647c8b5944be0e58d5,2,1,0.983544647693634,0.983544647693634,0.983544647693634,0.983544647693634,1.0
1e0e9ec81ca5607e7971cbb13109ea415ebb4cc1,3,3,0.9704647064208984,0.9708877801895142,0.9746952056884766,0.9766953587532043,1.0
c0282a1541bb2e7e08d74e3b6265803d7369b980,2,1,0.9644666910171509,0.9644666910171509,0.9644666910171509,0.9644666910171509,1.0
e143cba409efa1044b7ffaa7d08a6a223069ac04,4,6,0.9812513589859009,0.9823629856109619,0.9872502088546753,0.9875062108039856,1.0
6882c6a7636cebeb9fdf1b8cb4cb08fe7ca196fb,2,1,0.9584767818450928,0.9584767818450928,0.9584767818450928,0.9584767818450928,1.0
51211c116f0aa6f1fbc904aba00f3ce028218d43,2,1,0.9713212847709656,0.9713212847709656,0.9713212847709656,0.9713212847709656,1.0
366e7df4f88af0169c7051f1abb5062ba904c150,2,1,0.968679666519165,0.968679666519165,0.968679666519165,0.968679666519165,1.0
49a6418c6b11a487c913c297390714e3074f9524,3,3,0.9618202447891235,0.962324857711792,0.9668664336204529,0.9723376631736755,1.0
927d56deede55e8c68c1a185fec50206de523d9f,3,3,0.9603897929191589,0.9608625173568726,0.9651169776916504,0.9694535732269287,1.0
fada1c0810ccf38506d3341c457c321709e8bcc3,3,3,0.9642702341079712,0.9643862247467041,0.965429961681366,0.9715018272399902,1.0
3ef12410fd6cfe568f429750c312e9fc0a6aa61f,2,1,0.9600858688354492,0.9600858688354492,0.9600858688354492,0.9600858688354492,1.0
0809af97237e0b45e30efaacd1bc7c89f2f567cc,2,1,0.9813626408576965,0.9813626408576965,0.9813626408576965,0.9813626408576965,1.0
3528db456a3dc80a7545d1190cb027e1886a695f,2,1,0.9702222347259521,0.9702222347259521,0.9702222347259521,0.9702222347259521,1.0
c98f2e7d2af0631fcbb539a562da27cae9634dc1,2,1,0.9714102149009705,0.9714102149009705,0.9714102149009705,0.9714102149009705,1.0
3ff4db89c2516e8be9e01402be0e42c5b2f11628,3,3,0.9857382774353027,0.9859426021575928,0.987781822681427,0.9902143478393555,1.0
9ee5f300273bf19cdbc63f6e90598f3fa7a04f21,2,1,0.9748051166534424,0.9748051166534424,0.9748051166534424,0.9748051166534424,1.0
07bcca335993fd06e71a69e647ba2cfb678c5c9c,2,1,0.9684182405471802,0.9684182405471802,0.9684182405471802,0.9684182405471802,1.0
8e9068d867fa531bcfbd3f45c3787976fda91f85,2,1,0.9566791653633118,0.9566791653633118,0.9566791653633118,0.9566791653633118,1.0
c3d5bd16bd6616c93abaa8c4e65c72ba749cc8f4,3,3,0.9600342512130737,0.9611995816230774,0.9716874361038208,0.9716958999633789,1.0
75ee8ef50952984e80db2df4be8eeb1a48144832,2,1,0.9973254203796387,0.9973254203796387,0.9973254203796387,0.9973254203796387,1.0
5554231d80260ed17e36bc7e70eb79555f69771a,3,3,0.9507876038551331,0.9519328474998474,0.9622399806976318,0.9606104493141174,1.0
85efd84119c90b29aaae4919669f1234d1ed7776,3,3,0.9569636583328247,0.9577457904815674,0.9647847414016724,0.9647688269615173,1.0
f7f705cb395515fea048e7d84325508deab61397,2,1,0.9688059687614441,0.9688059687614441,0.9688059687614441,0.9688059687614441,1.0
8a13393db6d57554c7ff4f59ff6fe339935d2398,3,3,0.9545881748199463,0.9547393918037415,0.9561002254486084,0.9649057388305664,1.0
33a85325a8fdfd5729b2079ff15fa2438b280540,2,1,0.9550672769546509,0.9550672769546509,0.9550672769546509,0.9550672769546509,1.0
70fc6cba708384a813698c3d1f6939e3de8f0347,2,1,0.96419757604599,0.96419757604599,0.96419757604599,0.96419757604599,1.0
4a72710e0303d06b89f247921fc127ea4e55de41,2,1,0.962612509727478,0.962612509727478,0.962612509727478,0.962612509727478,1.0
da05d104a3b0de79255f9cbd82d4204d4d61d03f,2,1,0.9582703113555908,0.9582703113555908,0.9582703113555908,0.9582703113555908,1.0
04fef04e94b41b81cfa11e2d64ff482eeca6128f,2,1,0.9897862076759338,0.9897862076759338,0.9897862076759338,0.9897862076759338,1.0
5b0d0c1c85765f7f8c16dd0869b32b16b72e2d3d,2,1,0.9851946830749512,0.9851946830749512,0.9851946830749512,0.9851946830749512,1.0
1c6b663e9f88a8ea355752ae4a9bc04d2ab55216,2,1,0.9728057980537415,0.9728057980537415,0.9728057980537415,0.9728057980537415,1.0
d1d4cafe41c31c0032a1745d35c67119ac8037fb,4,6,0.9782118797302246,0.9784286022186279,0.9874341487884521,0.9869980812072754,1.0
5a03b280a5f3674a063c418af7f2cffc40a31247,2,1,0.9699773788452148,0.9699773788452148,0.9699773788452148,0.9699773788452148,1.0
8c28b6b9b7307a5171bb3e23ed3342f49b1876d4,2,1,0.9521594643592834,0.9521594643592834,0.9521594643592834,0.9521594643592834,1.0
ac43bbaade60e4b8513879351e876e8b6c59e377,2,1,0.9829878211021423,0.9829878211021423,0.9829878211021423,0.9829878211021423,1.0
6eecbce8995ad11d41a8afd961e47e180263f437,2,1,0.967071533203125,0.967071533203125,0.967071533203125,0.967071533203125,1.0
f115af512511f69404dc98c79793d7b24904113d,3,3,0.9870840311050415,0.9871678948402405,0.9879227876663208,0.9905975461006165,1.0
dc51b5cfd10c69262295fb00cbeed308f3984a65,2,1,0.9782446622848511,0.9782446622848511,0.9782446622848511,0.9782446622848511,1.0
c0f99b2d08b690b215d6b45e2abe286d1eaed180,2,1,0.9519796967506409,0.9519796967506409,0.9519796967506409,0.9519796967506409,1.0
f42eb956edd40588fefa109fc2136d3629623b77,2,1,0.9766852855682373,0.9766852855682373,0.9766852855682373,0.9766852855682373,1.0
5e36599192dc908c9112b79fca15a2623672ce37,2,1,0.9557950496673584,0.9557950496673584,0.9557950496673584,0.9557950496673584,1.0
3971d616a092862e911d53140ff2644c925ca5ca,3,3,0.9554716944694519,0.9557724595069885,0.9584791660308838,0.9658381342887878,1.0
40804a0765f4a129185bff4face3044b769b591b,5,10,0.9566956758499146,0.9588706493377686,0.971081554889679,0.9743733406066895,1.0
1b6c0d739ce7f5f74aa10e35b416a8903e7a506b,2,1,0.9552353620529175,0.9552353620529175,0.9552353620529175,0.9552353620529175,1.0
eb0aa4fdce6593850fa5fb039c5d8aa4f817729b,2,1,0.9527903199195862,0.9527903199195862,0.9527903199195862,0.9527903199195862,1.0
5f9c5c7c27ef9debac6a7d963afc4b5bdfd0fdf5,2,1,0.9920610785484314,0.9920610785484314,0.9920610785484314,0.9920610785484314,1.0
b26ae6caa08585ecf7e6e54b498e7b04df35e666,2,1,0.9779359102249146,0.9779359102249146,0.9779359102249146,0.9779359102249146,1.0
e3e13e9cf7933c5c4ed60d89de3519098b613d17,2,1,0.9839099049568176,0.9839099049568176,0.9839099049568176,0.9839099049568176,1.0
e963c8fe3cd71a680da6049704272df1f79e7082,3,3,0.9885413646697998,0.9885622262954712,0.9887501001358032,0.990312397480011,1.0
95a428dd72fdce7dca6e0dd256dc1b786181aa4c,2,1,0.9588727355003357,0.9588727355003357,0.9588727355003357,0.9588727355003357,1.0
4972b53f20d93927f95b9750797ad785fdf8bdff,2,1,0.9871919751167297,0.9871919751167297,0.9871919751167297,0.9871919751167297,1.0
6e3001e808739f2017d69fc890662ce9e5e3d225,4,6,0.9530801177024841,0.9544304013252258,0.9612340927124023,0.9612960815429688,1.0
7c64410e75a41ce59b5d5c997ae82af90f424b0a,3,3,0.9846459627151489,0.9847041368484497,0.9852279424667358,0.9877778887748718,1.0
daace14648021fc7f3b0747acd82e43806e5aba9,2,1,0.9600859880447388,0.9600859880447388,0.9600859880447388,0.9600859880447388,1.0
c4e80d59c3f1c01d8110a41c2b4689007f86a6ea,2,1,0.9833914041519165,0.9833914041519165,0.9833914041519165,0.9833914041519165,1.0
2b140286c47c4e92a06367dc434e94e055d545f0,3,3,0.9702364206314087,0.9702531099319458,0.9704035520553589,0.971670389175415,1.0
3aebcba17815e275a76a3ad59c37b9aad1939dd9,2,1,0.9554227590560913,0.9554227590560913,0.9554227590560913,0.9554227590560913,1.0
5b1b768d5f81b1d266d35c2a9dec3cc45b45751d,2,1,0.9819232225418091,0.9819232225418091,0.9819232225418091,0.9819232225418091,1.0
2166f1d74701dcfdef1f126fdd27f092943486ff,2,1,0.9840622544288635,0.9840622544288635,0.9840622544288635,0.9840622544288635,1.0
9a972d12db83a77177860ff566716b357e32098b,4,6,0.9610454440116882,0.9611777663230896,0.9683982729911804,0.970883846282959,1.0
b3444bf61dc4f48237ecadf8f0813beb329fc465,3,3,0.9803270101547241,0.9804345965385437,0.9814026951789856,0.9868984222412109,1.0
ff37d6021a33fe1edc91440bd66ea0bbd63eb6d5,3,3,0.9593086242675781,0.9599992036819458,0.9662144184112549,0.9711635112762451,1.0
d64c9c759ca9a12c0fa7e3641c3682e492288e67,2,1,0.9852560758590698,0.9852560758590698,0.9852560758590698,0.9852560758590698,1.0
e54c3a61233a7fd0fad7a56fd3a8e1d207ba4b48,2,1,0.9859265089035034,0.9859265089035034,0.9859265089035034,0.9859265089035034,1.0
2db4b01fc9e9862e1670108fe3ad5fa53e682681,2,1,0.9513095021247864,0.9513095021247864,0.9513095021247864,0.9513095021247864,1.0
5d5ca3d0fcffcc4b136c74cb522eacafac8c21d8,3,3,0.9705300331115723,0.9709510207176208,0.9747400283813477,0.9772961735725403,1.0
3c1fb671827b0d2c7da52ecdaefd8256b7d18e2f,2,1,0.9822234511375427,0.9822234511375427,0.9822234511375427,0.9822234511375427,1.0
167e2b8c5a1899a39b74986cc250921c3dcfa6be,2,1,0.9877582788467407,0.9877582788467407,0.9877582788467407,0.9877582788467407,1.0
09fa485970673e92c08e0cb02a0a31e52ef323f0,2,1,0.9630993604660034,0.9630993604660034,0.9630993604660034,0.9630993604660034,1.0
76ce5ca634e2f2d9e5ef43d561c444cd508512c5,5,10,0.956785261631012,0.957160472869873,0.9658602476119995,0.9665430188179016,1.0
e3a9eface871f91646f79777ae811adb1f6518d7,2,1,0.9599407315254211,0.9599407315254211,0.9599407315254211,0.9599407315254211,1.0
3fad84d6552b90e36ce1f9ad9e535e25183690d6,2,1,0.9620941877365112,0.9620941877365112,0.9620941877365112,0.9620941877365112,1.0
3e8271e9c1d004287a2900ff3993fa5b8d9f52a8,3,3,0.979103684425354,0.9794327020645142,0.9823936223983765,0.9813861846923828,1.0
12900da54d1f131336e186aaedf7d67897526ad7,2,1,0.9724151492118835,0.9724151492118835,0.9724151492118835,0.9724151492118835,1.0
fc9eac0ac9a1dfa0156ba4c5bed70c9c141d4362,4,6,0.9897942543029785,0.9899348020553589,0.9947950839996338,0.9947223663330078,1.0
f8fa69b704cfbb20913ceaf5857e0871633ae12c,2,1,0.9773579835891724,0.9773579835891724,0.9773579835891724,0.9773579835891724,1.0
980ce6954620511b1214146b4fbb6a046dea8c4b,2,1,0.9535519480705261,0.9535519480705261,0.9535519480705261,0.9535519480705261,1.0
2f7a02a7a4e06bdace2e2f2a6aa2545c23c2fc1f,2,1,0.9517253637313843,0.9517253637313843,0.9517253637313843,0.9517253637313843,1.0
42c43554dbc27127f0e58deb653bcb1e54523cba,3,3,0.9579975605010986,0.9586102366447449,0.964124321937561,0.9667568206787109,1.0
392b7fc309265086d70ec2713ba733b325fd0442,2,1,0.983093798160553,0.983093798160553,0.983093798160553,0.983093798160553,1.0
dbad31859f811905da4364d47af16e18a02dd3fa,2,1,0.97917640209198,0.97917640209198,0.97917640209198,0.97917640209198,1.0
ae1b5b13e71a62473cbe76a65f2308c7544359a1,3,3,0.9962865710258484,0.9963817596435547,0.9972381591796875,0.9972562193870544,1.0
0125ad0d8af729407221dce5f1c6076eaf1464b4,2,1,0.9923085570335388,0.9923085570335388,0.9923085570335388,0.9923085570335388,1.0
38438516624c6de4d2beaf0a986811c11824a91f,2,1,0.9766385555267334,0.9766385555267334,0.9766385555267334,0.9766385555267334,1.0
5e65ac86198553496b19b5e0100e0d868f31291d,3,3,0.9697976112365723,0.9699996113777161,0.9718177318572998,0.9763557314872742,1.0
2325112f6afd3fb8bd2df7cdf2d85ba1d78c6c27,2,1,0.9736827611923218,0.9736827611923218,0.9736827611923218,0.9736827611923218,1.0
bfbc134d57b0f1e1be47d1afa9c03ee7bdee8c81,2,1,0.9707114696502686,0.9707114696502686,0.9707114696502686,0.9707114696502686,1.0
4d46154d5e1200a4fe3a679be9585f40c22387b5,2,1,0.9731948375701904,0.9731948375701904,0.9731948375701904,0.9731948375701904,1.0
9c0dab439781b06b6b56b715dd4e537c526b068c,2,1,0.9571061134338379,0.9571061134338379,0.9571061134338379,0.9571061134338379,1.0
bea81239194d30ec5596134266884542dfe1605a,2,1,0.9762274026870728,0.9762274026870728,0.9762274026870728,0.9762274026870728,1.0
9d2a141b70492069b87482c4cf0b935f8726f39b,2,1,0.9595369100570679,0.9595369100570679,0.9595369100570679,0.9595369100570679,1.0
16bdec3fe22183f6b03a9c4d31d507997287b998,2,1,0.9627183675765991,0.9627183675765991,0.9627183675765991,0.9627183675765991,1.0
15888432e258df8af62b68b71f6a168fc35bcd4b,3,3,0.9794872999191284,0.979513943195343,0.9797536730766296,0.9848701357841492,1.0
e1e5dd20a6fb90421fba64a04b4d755f0d041d44,3,3,0.9776706695556641,0.9784373044967651,0.9853368997573853,0.9835944175720215,1.0
fff7e9c54679cb9c3f661cfe7700d2d2caf24626,4,6,0.973482608795166,0.9743454456329346,0.982169508934021,0.982865571975708,1.0
d35991c45b8336b8b24b2220bd5670c6a04f2c78,2,1,0.9769611954689026,0.9769611954689026,0.9769611954689026,0.9769611954689026,1.0
3264a72e0564a87cd927b26b25be7cb74bcafa3c,2,1,0.9964183568954468,0.9964183568954468,0.9964183568954468,0.9964183568954468,1.0
1779fc5450b45a4ef91b97d70b70d94e065b85c6,2,1,0.9678350687026978,0.9678350687026978,0.9678350687026978,0.9678350687026978,1.0
b613be25519c971f7ec8e1c02c60a314e30eb70f,2,1,0.9776628613471985,0.9776628613471985,0.9776628613471985,0.9776628613471985,1.0
d04e09abe21caa8fe10c3794764478d5503a030e,2,1,0.9944695234298706,0.9944695234298706,0.9944695234298706,0.9944695234298706,1.0
08b7463dda724a3c4429adefab73d5dfdbee9f1a,4,6,0.9749157428741455,0.9762752056121826,0.98252272605896,0.9816510081291199,1.0
7dffb311be9f3b62a7431c0c8d1e6a5e114df70d,2,1,0.9679656028747559,0.9679656028747559,0.9679656028747559,0.9679656028747559,1.0
ee9e6952c48045385409b81448546783f84ba214,3,3,0.9533540606498718,0.9548149704933167,0.9679633378982544,0.9635308384895325,1.0
13b238bf30b92c8174f001d3b8dcaeb6675c8829,2,1,0.9882457256317139,0.9882457256317139,0.9882457256317139,0.9882457256317139,1.0
da1caf84164b620207d02177c696dcb2b292fb80,4,6,0.9597553014755249,0.9628993272781372,0.9806913733482361,0.9804248213768005,1.0
f18faae2da24da531ff4af6b7c6014f002037f39,2,1,0.9517452716827393,0.9517452716827393,0.9517452716827393,0.9517452716827393,1.0
ad5ce749ee34145c364a17fbef0f7146efc0b4f1,2,1,0.9859440326690674,0.9859440326690674,0.9859440326690674,0.9859440326690674,1.0
a92b8760eb4da61978a23cab044e29e439974d6b,2,1,0.9502993226051331,0.9502993226051331,0.9502993226051331,0.9502993226051331,1.0
603a675f86defc27bcff79e10a9ebcd7c741df42,2,1,0.9514719247817993,0.9514719247817993,0.9514719247817993,0.9514719247817993,1.0
350d1fd6a6882eedff677a254b7e1d5c3c444a22,2,1,0.9962179064750671,0.9962179064750671,0.9962179064750671,0.9962179064750671,1.0
7e56855b50f26fd7d2d2247c6a5dc0daa4f5fdc3,3,3,0.9658335447311401,0.9662715196609497,0.9702134132385254,0.9718253016471863,1.0
e9c2a90d4819e9a16ff688156676f7233d12a062,2,1,0.9956666231155396,0.9956666231155396,0.9956666231155396,0.9956666231155396,1.0
744caebe164a5d957ef398e9179254a83fbdff96,2,1,0.9835531711578369,0.9835531711578369,0.9835531711578369,0.9835531711578369,1.0
dc40f69879ac95499bcd86dae9c29503c4f00696,2,1,0.9873605370521545,0.9873605370521545,0.9873605370521545,0.9873605370521545,1.0
8df44e86f1174b134f3e00886799929fa16d09cd,2,1,0.9834921956062317,0.9834921956062317,0.9834921956062317,0.9834921956062317,1.0
7e828b32bbfc2158c672c359ac3fba8138f76b3e,2,1,0.9748901724815369,0.9748901724815369,0.9748901724815369,0.9748901724815369,1.0
e5077c7b0b7e9cfadb91d7b958eb0af4ff5abf96,2,1,0.9731680750846863,0.9731680750846863,0.9731680750846863,0.9731680750846863,1.0
784db70b93865fe78243bffccc53c4b2e3a8d383,2,1,0.9561235904693604,0.9561235904693604,0.9561235904693604,0.9561235904693604,1.0
f781e1dd7630f2f7d2e293708dbb6c5baa0d2fd0,5,10,0.9688925743103027,0.9701831340789795,0.9790439009666443,0.9814201593399048,1.0
7ed025b17531626544b01d843c00f51753c494c5,4,6,0.9608124494552612,0.9620521068572998,0.9687017798423767,0.9753823280334473,1.0
668b803e6ed8f94b0099d414fcecab66415a2f05,2,1,0.9849451780319214,0.9849451780319214,0.9849451780319214,0.9849451780319214,1.0
c3b5376d712a1bdf7f82407ef8cdc8565d0d3d7a,3,3,0.9626778960227966,0.9644471406936646,0.9803703427314758,0.9757736325263977,1.0
2ec90a8bc8dce8fe4a83f1cc79b3b95fb5d7df47,2,1,0.9677724242210388,0.9677724242210388,0.9677724242210388,0.9677724242210388,1.0
2adebe3588293a55fac0ef1923b4c20e87f22955,2,1,0.9733426570892334,0.9733426570892334,0.9733426570892334,0.9733426570892334,1.0
7ddf83346e215ab4970575bf1053af43b65712dd,3,3,0.9659016728401184,0.9664709568023682,0.9715946912765503,0.971297562122345,1.0
86f3034aa4684641e11cf17804493d80e8c5d440,2,1,0.9905226230621338,0.9905226230621338,0.9905226230621338,0.9905226230621338,1.0
18cef446c872a0c1542c1155e14d834e3989cbda,2,1,0.9911202192306519,0.9911202192306519,0.9911202192306519,0.9911202192306519,1.0
1464fc36e6e60a786a7b74ad39bbb45b756c64fc,5,10,0.9884586334228516,0.9889140129089355,0.9920158982276917,0.9921123385429382,1.0
65231c66e7ddc838de7f3e50f79bd5123d0e14c8,2,1,0.9547863602638245,0.9547863602638245,0.9547863602638245,0.9547863602638245,1.0
d1808d024672f2945743a29ca16da583f51cd97a,2,1,0.9594413042068481,0.9594413042068481,0.9594413042068481,0.9594413042068481,1.0
f7ae5f45d228b3c83f9cb660cc951aee2be0ebcb,2,1,0.9678860306739807,0.9678860306739807,0.9678860306739807,0.9678860306739807,1.0
a7f9e7c33b1c24565d7224cf9a518900e56c7011,4,6,0.9686200618743896,0.9704250693321228,0.9847220778465271,0.9841949343681335,1.0
1ae918455487c6c222a9f9ebe68e67de301ab5e5,2,1,0.9935603737831116,0.9935603737831116,0.9935603737831116,0.9935603737831116,1.0
a9888735f659a3e63d06526ac067b244132a5832,2,1,0.9978249073028564,0.9978249073028564,0.9978249073028564,0.9978249073028564,1.0
6d518f8e9ceb118d6b38a3f53cb19899053eb42b,2,1,0.9688044786453247,0.9688044786453247,0.9688044786453247,0.9688044786453247,1.0
91d679065c3932aaa7eb4707c3e831e679b765b5,3,3,0.9721544981002808,0.9728567004203796,0.9791766405105591,0.9794405102729797,1.0
25e27eca351827f65f895a7fbe0444ca0825d537,2,1,0.973522961139679,0.973522961139679,0.973522961139679,0.973522961139679,1.0
278655a91b8f82467fe04c59c828220c47431ea6,2,1,0.9908580780029297,0.9908580780029297,0.9908580780029297,0.9908580780029297,1.0
991b382229026a42a674308d20883663b3b84a17,2,1,0.969292402267456,0.969292402267456,0.969292402267456,0.969292402267456,1.0
48892bff57750d5309cf1afcc43cea42d2c0f4b5,3,3,0.9886338114738464,0.9888168573379517,0.9904640913009644,0.9898760914802551,1.0
33903ac8fca9b836e351b5b6f9210e2e292d7b12,5,10,0.9658644795417786,0.9671801924705505,0.9914450645446777,0.9839664697647095,1.0
eb19c7e2ce67622f091df4622e8a9fdaa2763704,2,1,0.9728647470474243,0.9728647470474243,0.9728647470474243,0.9728647470474243,1.0
6f1799442ea9533037463c50ee9ffc7daa26e11d,4,6,0.9636127948760986,0.9641327857971191,0.9733397960662842,0.9719699025154114,1.0
5cc81e71522f4705b0220ba5b6bd5c71f2867ba8,2,1,0.9901508092880249,0.9901508092880249,0.9901508092880249,0.9901508092880249,1.0
9ba1515604949d53901301a76d49561cf33e9f57,4,6,0.9522253274917603,0.9539878964424133,0.9691001772880554,0.9658012986183167,1.0
6734d0f6c2f0349a1e60053fea4ff3410d26dcea,2,1,0.9856542944908142,0.9856542944908142,0.9856542944908142,0.9856542944908142,1.0
27481781f75765e4c6cd8b2d83d55898434d8cd4,2,1,0.9854872822761536,0.9854872822761536,0.9854872822761536,0.9854872822761536,1.0
93a5f834e6457a429c56e502b8c28db8817f2d51,3,3,0.979155421257019,0.9795718193054199,0.9833194017410278,0.9829514622688293,1.0
7720026191a804e11e03776a13fd34d77fcd28ba,3,3,0.9644650816917419,0.9654491543769836,0.9743059873580933,0.9741032719612122,1.0
ab46a0ed6bcc3d2200824072f0b7edcbf22de3e4,3,3,0.9583550691604614,0.9594810605049133,0.9696148633956909,0.96763676404953,1.0
a40e38e4f02b1b5f6b01d7d032da4bd52ec6707e,2,1,0.9771743416786194,0.9771743416786194,0.9771743416786194,0.9771743416786194,1.0
4e0dfa1d80470d2b22e8c33f5b3f722f8db7f1d7,3,3,0.9756711721420288,0.9759131073951721,0.978090763092041,0.9800804257392883,1.0
c92ee83cb6777f4666a930a837b5e799af1b0369,4,6,0.9760420918464661,0.9762773513793945,0.9799038171768188,0.9795213341712952,1.0
2d872a39ae447e538224000a283aac9fb63745d9,2,1,0.974150538444519,0.974150538444519,0.974150538444519,0.974150538444519,1.0
c6c655f0af6e9cee58ae63b6b7828069d2aeb3fb,2,1,0.9597659111022949,0.9597659111022949,0.9597659111022949,0.9597659111022949,1.0
898ca1bcc4b6940217ef6021a18df5c47df2f0d9,2,1,0.9875732660293579,0.9875732660293579,0.9875732660293579,0.9875732660293579,1.0
0ee24ecd42bcc1df75ad5aeb7613329bfc02282e,4,6,0.9702913761138916,0.9714540839195251,0.977724552154541,0.9781784415245056,1.0
31926cf57ac4b91d744a11bdf9e69c5fc67cf09d,3,3,0.9584720134735107,0.959162712097168,0.9653789401054382,0.969850480556488,1.0
6f8708005f5b848cd6496fdcba5a2cbff04103da,2,1,0.9909052848815918,0.9909052848815918,0.9909052848815918,0.9909052848815918,1.0
7b9867b1927cefa82aae65da48116b7f44836b4f,3,3,0.9687332510948181,0.9691330790519714,0.9727312922477722,0.9756448864936829,1.0
7b72f5b6a922a88dc30d3f26482eb0c1016e41fb,3,3,0.9641672968864441,0.9645612835884094,0.9681069850921631,0.9708900451660156,1.0
f679db335825989e25dbe2f7535633b3869cd8e3,3,3,0.9745318293571472,0.9749385118484497,0.9785983562469482,0.9775412082672119,1.0
8a787eec403504752695a820a4d376b5cca6b05d,2,1,0.9743192195892334,0.9743192195892334,0.9743192195892334,0.9743192195892334,1.0
d7a98c46e8cc4b6562372231b1390069993e9743,2,1,0.9663360714912415,0.9663360714912415,0.9663360714912415,0.9663360714912415,1.0
58554ec58ec4f93dc9e719db37d1838473332ae4,2,1,0.9545769691467285,0.9545769691467285,0.9545769691467285,0.9545769691467285,1.0
200c95aea3ae7c92e2c23e912af9590f37142e5e,2,1,0.9888908863067627,0.9888908863067627,0.9888908863067627,0.9888908863067627,1.0
22acbe282f1c7edbbb17f22978593e7e441dbe27,5,10,0.9596104621887207,0.9623979926109314,0.9717682600021362,0.9781347513198853,1.0
574e165d6c605b1b57767a5ea869c3d6d1a38987,2,1,0.9874497652053833,0.9874497652053833,0.9874497652053833,0.9874497652053833,1.0
e351667608186b84ed4d5e460797ca4dd6f55551,2,1,0.966247022151947,0.966247022151947,0.966247022151947,0.966247022151947,1.0
0e48808fa23b011841db688bd467e449772e7f41,2,1,0.958876371383667,0.958876371383667,0.958876371383667,0.958876371383667,1.0
25bd2182f32a9a8a9b718d4545b6691607de2b7f,2,1,0.984996497631073,0.984996497631073,0.984996497631073,0.984996497631073,1.0
1e6837edae70b5c4997ffd19bfd11e6a52dc8be7,3,3,0.9759794473648071,0.9771623611450195,0.987808883190155,0.9850692749023438,1.0
f35ac36f836556c48333af95f1c9a0dc28191c62,2,1,0.9501775503158569,0.9501775503158569,0.9501775503158569,0.9501775503158569,1.0
80a6e4f6c50446c044b40de420a09f29c25dca37,2,1,0.9828269481658936,0.9828269481658936,0.9828269481658936,0.9828269481658936,1.0
f981d77ffcf33340bd883823196e351209215293,3,3,0.9856691360473633,0.9861376881599426,0.9903547763824463,0.989819347858429,1.0
9c389965f5032a4c713a5adee87076a5d948ff06,2,1,0.9653705954551697,0.9653705954551697,0.9653705954551697,0.9653705954551697,1.0
4eaae014ecbf748d7f8d68161fc4a86327baa790,2,1,0.9700211882591248,0.9700211882591248,0.9700211882591248,0.9700211882591248,1.0
9721540ad14567278e2dcb8f3b757ee006c240d2,2,1,0.9934719800949097,0.9934719800949097,0.9934719800949097,0.9934719800949097,1.0
004f5321c89940d07e2c5d363795955a908355c2,2,1,0.9667489528656006,0.9667489528656006,0.9667489528656006,0.9667489528656006,1.0
84e8cbb72c7f3818f9292887173e5a86afcd1560,3,3,0.954788863658905,0.9550879001617432,0.9577789306640625,0.9574124217033386,1.0
0e7bb957882e31aba9543f5f14354f972125b668,2,1,0.9689143300056458,0.9689143300056458,0.9689143300056458,0.9689143300056458,1.0
6474b3cf3b9a676170af675bea96e8d1de3128dd,2,1,0.96632981300354,0.96632981300354,0.96632981300354,0.96632981300354,1.0
10c2f3b10da52fdfee1a7de5dc5ea839c601e430,3,3,0.9557428359985352,0.9558084607124329,0.9563993215560913,0.9618949294090271,1.0
4d8c58bb348b253d3a9603b4b768dd0b14b9561e,2,1,0.9684433937072754,0.9684433937072754,0.9684433937072754,0.9684433937072754,1.0
fcd28394fe2e629bd6bb73285f27e24bb53c04d0,2,1,0.9635587334632874,0.9635587334632874,0.9635587334632874,0.9635587334632874,1.0
9a4466f48991bf447a446cd70f06ccefcd27e63e,2,1,0.9778518676757812,0.9778518676757812,0.9778518676757812,0.9778518676757812,1.0
05ce0f815738784053a3104451d1210e87b84b3b,2,1,0.9846515655517578,0.9846515655517578,0.9846515655517578,0.9846515655517578,1.0
a291d554d82c4276f51be5c59f4080207dd61f74,3,3,0.9554499387741089,0.9570112824440002,0.9710631370544434,0.9696137309074402,1.0
029a55ecc6f4a66b30f025f757b07c6474741104,4,6,0.9559382796287537,0.9579476118087769,0.9696416854858398,0.9720333218574524,1.0
3e43dcd39c62591cf2bd94fee1ad633fd9cdd03b,3,3,0.9564958810806274,0.9566570520401001,0.9581074118614197,0.958033561706543,1.0
f83ceb09b4c887b62c210019714d9740ba1a5ffb,2,1,0.9672595262527466,0.9672595262527466,0.9672595262527466,0.9672595262527466,1.0
3f075bed8e16c7442a994f246d77914a5f3964b2,2,1,0.9844539165496826,0.9844539165496826,0.9844539165496826,0.9844539165496826,1.0
112f24819e17d3886c1116cff1584f4aca6f3a3d,2,1,0.9857182502746582,0.9857182502746582,0.9857182502746582,0.9857182502746582,1.0
cf2bc8fef5befd4d4bf3098685d1d9cd55ce4abe,3,3,0.9533002376556396,0.954721212387085,0.9675102233886719,0.9678367972373962,1.0
90029de6c7b7174345c9a31c2e9016baad45214d,2,1,0.9864895939826965,0.9864895939826965,0.9864895939826965,0.9864895939826965,1.0
ed2985464916b7ebb1a627f6421cf4c77f13f3c1,2,1,0.9900881052017212,0.9900881052017212,0.9900881052017212,0.9900881052017212,1.0
3060137698719df39be0cd6f5c7a90740ec9dba6,2,1,0.9641776084899902,0.9641776084899902,0.9641776084899902,0.9641776084899902,1.0
5f8382e3f4d7b1b1c59270a191495676a8af497f,3,3,0.9786942601203918,0.9789028763771057,0.9807804226875305,0.9824991822242737,1.0
33593c1b055a156a0f93f7077842b93501973ede,2,1,0.95005863904953,0.95005863904953,0.95005863904953,0.95005863904953,1.0
4731d17229c9f2d1a73f9a94560b327df3bf47dc,3,3,0.9601576924324036,0.9606274962425232,0.9648558497428894,0.9723227620124817,1.0
c9f6db70be19b7e198581c590215fc619c48b117,2,1,0.9550061225891113,0.9550061225891113,0.9550061225891113,0.9550061225891113,1.0
f5be4527c966bf193ed7a6832475deaadb4e7e55,3,3,0.9703382253646851,0.9711012840270996,0.9779688119888306,0.9804474711418152,1.0
c485e20f222b05e174a1c710ff2d6c635be55681,3,3,0.9586274027824402,0.9586840867996216,0.9591943621635437,0.9630880951881409,1.0
e3f9fcad88c7a78ac2b01eb2dfa9edabd0e5d3b7,3,3,0.966288149356842,0.9674060940742493,0.9774675369262695,0.9776017069816589,1.0
185e2fc2419e284f02e8dabc29035908b25962ff,2,1,0.9881974458694458,0.9881974458694458,0.9881974458694458,0.9881974458694458,1.0
bfe40a9a4981f9fa5ea4a589f408af76d2412cef,2,1,0.9720937013626099,0.9720937013626099,0.9720937013626099,0.9720937013626099,1.0
4157540203f0786707001d3bd03c8b901d36d6ae,4,6,0.9534031748771667,0.9561355113983154,0.9665278196334839,0.9673802256584167,1.0
a4043a66de3aa7c761588c5bbc570f1d4d2fbbf2,2,1,0.9862715005874634,0.9862715005874634,0.9862715005874634,0.9862715005874634,1.0
b8b2593a75cebe35fd96c5cb8f04d58fb85c2fb2,2,1,0.9735527038574219,0.9735527038574219,0.9735527038574219,0.9735527038574219,1.0
b0327e803b5e3e4a434176c2f93ded51b0f922f1,2,1,0.9766087532043457,0.9766087532043457,0.9766087532043457,0.9766087532043457,1.0
3cfa08bef8b8f14806485c27b805c81483f45cfc,2,1,0.9703981876373291,0.9703981876373291,0.9703981876373291,0.9703981876373291,1.0
50a64c96318be90a5effcce0d62f7efd7be36b62,2,1,0.9846698045730591,0.9846698045730591,0.9846698045730591,0.9846698045730591,1.0
5e4636f028717bb17c5562edb99dbb21870a730f,3,3,0.9563544988632202,0.9567115902900696,0.9599254131317139,0.967027485370636,1.0
52886a05580fd92b2dcc5f525b62d5a9945a9ac0,3,3,0.9638637900352478,0.9644677042961121,0.969902753829956,0.9743315577507019,1.0
a2308215126c5fce677372cc628c1b4db1a0da8b,2,1,0.9813243746757507,0.9813243746757507,0.9813243746757507,0.9813243746757507,1.0
a1f298b259fe4086bbc29f96161ae92bab350768,2,1,0.9529057741165161,0.9529057741165161,0.9529057741165161,0.9529057741165161,1.0
debb0e22824913330449cade1f2ed41357974dfd,2,1,0.9762847423553467,0.9762847423553467,0.9762847423553467,0.9762847423553467,1.0
bed7ebff07c79cf6a90ae522dc3c951c70f30498,2,1,0.9756272435188293,0.9756272435188293,0.9756272435188293,0.9756272435188293,1.0
b94cb8b15fdb5e9c34a440c88dc0645b12d27412,2,1,0.9830552339553833,0.9830552339553833,0.9830552339553833,0.9830552339553833,1.0
6eb14ed2adbb59a8dcb010f1b887aa93a700f017,2,1,0.959933876991272,0.959933876991272,0.959933876991272,0.959933876991272,1.0
f8393b523270feed1abd26e349c5269314851479,2,1,0.9689789414405823,0.9689789414405823,0.9689789414405823,0.9689789414405823,1.0
83ded15b03b68d83c9108e7024c57f131e10caeb,2,1,0.9596338272094727,0.9596338272094727,0.9596338272094727,0.9596338272094727,1.0
35daf6422c4f87ee393717498cac8fd50ba57e5f,2,1,0.9605492353439331,0.9605492353439331,0.9605492353439331,0.9605492353439331,1.0
4138ef0f49a332367f40450ac07f969c0267511c,2,1,0.9646212458610535,0.9646212458610535,0.9646212458610535,0.9646212458610535,1.0
dcd1839bb097382f0e96a5b928ccbc22c70de995,2,1,0.9535443782806396,0.9535443782806396,0.9535443782806396,0.9535443782806396,1.0
309bdf91909852ee6a828c61820063f29f28d27d,3,3,0.9660834074020386,0.9668071866035461,0.9733211398124695,0.9711492657661438,1.0
77913b28ea50fa1c5e5a0b4ece66d8d1d9502849,3,3,0.9799859523773193,0.9804304838180542,0.9844315052032471,0.9862108826637268,1.0
a53bf57e0841d19a9ccf17dc80c9a4547e396116,5,10,0.9788932204246521,0.9790076613426208,0.9835618734359741,0.9850200414657593,1.0
d9def31d928767f9474a2fae91fa5979603a62e5,2,1,0.9594769477844238,0.9594769477844238,0.9594769477844238,0.9594769477844238,1.0
cdaa75214005d3a848b68c385c1ae14aa16a0277,2,1,0.9645509719848633,0.9645509719848633,0.9645509719848633,0.9645509719848633,1.0
3f8b14f3665f4293a9a4a672cd9995c25ba9ad51,2,1,0.9599630236625671,0.9599630236625671,0.9599630236625671,0.9599630236625671,1.0
11a3c49638b270db24038ec8d5f78c7d86a1913b,2,1,0.9806712865829468,0.9806712865829468,0.9806712865829468,0.9806712865829468,1.0
95fac4045616124ad11ac455844c10ed04df94ca,2,1,0.9775604009628296,0.9775604009628296,0.9775604009628296,0.9775604009628296,1.0
22e08c84e71477190d6083d7098f65205a6cb639,3,3,0.9829699993133545,0.9832962155342102,0.9862320423126221,0.9873161911964417,1.0
0120e4996028d8c2689010c2a63cb400cbcb6c08,2,1,0.9524786472320557,0.9524786472320557,0.9524786472320557,0.9524786472320557,1.0
0bd14d5a9b8e446771fe1af2d6f30ab12f75db97,3,3,0.9632354974746704,0.9642556309700012,0.9734366536140442,0.9745247960090637,1.0
623e5467411f1c0d0bc633f9baef38ee373422bb,2,1,0.9947861433029175,0.9947861433029175,0.9947861433029175,0.9947861433029175,1.0
9b5362e9be9a3ed181cb46b82054f1a60071ebdb,3,3,0.976100742816925,0.9766795635223389,0.9818888902664185,0.9802565574645996,1.0
02c4f280986690dd996dcc6dc6a096870a6d939a,2,1,0.9811283946037292,0.9811283946037292,0.9811283946037292,0.9811283946037292,1.0
1bbb6c87d8ec0297cf2893e61260e97078d751ca,3,3,0.9869333505630493,0.9871957898139954,0.9895578026771545,0.9900218844413757,1.0
8afcb0a8b6f4d640e8c8628b8753ba2d51560ccd,2,1,0.9798835515975952,0.9798835515975952,0.9798835515975952,0.9798835515975952,1.0
3d2009d799477967973b0f892273bd5a25e6afc9,2,1,0.9737813472747803,0.9737813472747803,0.9737813472747803,0.9737813472747803,1.0
5b58e99aa1bd78fecaa97109ed82eef4922ca015,2,1,0.9601259827613831,0.9601259827613831,0.9601259827613831,0.9601259827613831,1.0
1d4f7371fd51cdd4cbf022e13b32b1dbcb5b4078,2,1,0.9525799751281738,0.9525799751281738,0.9525799751281738,0.9525799751281738,1.0
9b868b32fa942bd4192efab98e0b09ff77cf9b10,3,3,0.9714547395706177,0.9719827175140381,0.9767345190048218,0.9804337620735168,1.0
6b07aee4b505d14f7b68ad2f44eac0abdbd0c5ea,2,1,0.9779152870178223,0.9779152870178223,0.9779152870178223,0.9779152870178223,1.0
185307275dbe67dbd71b4421589b479d5b58e906,2,1,0.9622116088867188,0.9622116088867188,0.9622116088867188,0.9622116088867188,1.0
ee3cb645fa29a40262cf61f081c19ef58d067ded,2,1,0.9664677381515503,0.9664677381515503,0.9664677381515503,0.9664677381515503,1.0
d1b143a7c8ea6fd9a0aca62bbbb8071d43cbb159,2,1,0.978225827217102,0.978225827217102,0.978225827217102,0.978225827217102,1.0
cefc0a082ca8dfd4e89a39a8efcbcdfcd5a06b12,2,1,0.9727392196655273,0.9727392196655273,0.9727392196655273,0.9727392196655273,1.0
ffb0d970eb4e2c326ba0924e8fbf8170ecd2d206,2,1,0.9641519784927368,0.9641519784927368,0.9641519784927368,0.9641519784927368,1.0
6aa2b98a64ebe24cf551188d50d38563aaa252fb,4,6,0.9889948964118958,0.9889950752258301,0.9902710914611816,0.9912447333335876,1.0
c6af49b969bd322bd0a2f080a328054d07d2c34b,2,1,0.9656273722648621,0.9656273722648621,0.9656273722648621,0.9656273722648621,1.0
9ab66d535b532f7f68bbda75b8d9a7331f42f106,2,1,0.9584702253341675,0.9584702253341675,0.9584702253341675,0.9584702253341675,1.0
c169b3a2e8dceda039aaddd1816265f849acb485,2,1,0.950303316116333,0.950303316116333,0.950303316116333,0.950303316116333,1.0
5f8657aa247134d8b35a9aa2108f49915341ea60,2,1,0.9741948843002319,0.9741948843002319,0.9741948843002319,0.9741948843002319,1.0
a4c31eea944b4e077b03743e956bde8979f4e4bc,3,3,0.9711352586746216,0.9717720746994019,0.9775035381317139,0.9795050621032715,1.0
9a3fed095c58d9f7eb7504d79fdf822155039417,2,1,0.9845574498176575,0.9845574498176575,0.9845574498176575,0.9845574498176575,1.0
045521439ac6d548a0e9fd5a05b7776b27dc6cba,2,1,0.972542941570282,0.972542941570282,0.972542941570282,0.972542941570282,1.0
5a88b5a9caab60bd7226e3ae5a6e9d4a5c9f3c40,2,1,0.9541645050048828,0.9541645050048828,0.9541645050048828,0.9541645050048828,1.0
a9b73e163735664414935df001b3992d1d8e1e9a,2,1,0.9713886380195618,0.9713886380195618,0.9713886380195618,0.9713886380195618,1.0
fb67bcc365f6f77c594b43565955516d20a6dd69,2,1,0.9712011814117432,0.9712011814117432,0.9712011814117432,0.9712011814117432,1.0
e44c8c4187d3a63a8828ebc795b1179aea0ee341,2,1,0.9587923288345337,0.9587923288345337,0.9587923288345337,0.9587923288345337,1.0
7064171edf61a8e0ec3d82cc277f4ab9c5d15852,4,6,0.9834423661231995,0.9846828579902649,0.991517186164856,0.9905899167060852,1.0
e81ab803eff83d3f80382a6282e39cca290f271c,2,1,0.962472677230835,0.962472677230835,0.962472677230835,0.962472677230835,1.0
0772ff36a08a63ce86feb7f9469abc4c6dbcd190,2,1,0.9569266438484192,0.9569266438484192,0.9569266438484192,0.9569266438484192,1.0
e3ac91fe84b8587e268767aed4e4d7d1913878d5,2,1,0.9797990322113037,0.9797990322113037,0.9797990322113037,0.9797990322113037,1.0
9cba1a7c6ea36697c09a6be6270eff285417fe40,2,1,0.9849109649658203,0.9849109649658203,0.9849109649658203,0.9849109649658203,1.0
8a5b03471d45be11a908868677926298fa25a6a3,2,1,0.9527735710144043,0.9527735710144043,0.9527735710144043,0.9527735710144043,1.0
b4b6b10d8e7d5d63b4ae9ad4be9c4e11534b1668,2,1,0.9839324355125427,0.9839324355125427,0.9839324355125427,0.9839324355125427,1.0
fb292fe7536ff11736d5e0bdf42909fb6be7a29f,2,1,0.973432183265686,0.973432183265686,0.973432183265686,0.973432183265686,1.0
da1937d22df80793f7779c4b54e162f843786465,2,1,0.9634933471679688,0.9634933471679688,0.9634933471679688,0.9634933471679688,1.0
e169b51cd6f7c7c015fabb78fdf5bf468cc469dc,2,1,0.9551728963851929,0.9551728963851929,0.9551728963851929,0.9551728963851929,1.0
3306ce187dca122d48a5e3a9b26d62e0a2edd41f,2,1,0.9912976026535034,0.9912976026535034,0.9912976026535034,0.9912976026535034,1.0
70be5a19ec2f48b27d799d6b257d50120dc77d48,2,1,0.9889347553253174,0.9889347553253174,0.9889347553253174,0.9889347553253174,1.0
d97af233d90ed96206dbcf7e630f1533ef95e609,3,3,0.9705815315246582,0.9707002639770508,0.9717690944671631,0.9763567447662354,1.0
78a5bf5bae3cb72eeb353917b10ce14458e0d8b6,3,3,0.9567536115646362,0.9574785828590393,0.9640033841133118,0.9674458503723145,1.0
ada2a205d3ccc84b61f4b12434ed0e8c2ba0cc17,2,1,0.9704257249832153,0.9704257249832153,0.9704257249832153,0.9704257249832153,1.0
51f74ed211bc0bd360edb494a3e5210339cb2956,2,1,0.9538516998291016,0.9538516998291016,0.9538516998291016,0.9538516998291016,1.0
6afe677f540575a81f5c4dc80cbfb1a996ec90b4,2,1,0.9751380681991577,0.9751380681991577,0.9751380681991577,0.9751380681991577,1.0
367674000f3fa187cd9b67c670de4aaae9fe250f,3,3,0.9686985015869141,0.9688936471939087,0.9706500172615051,0.9746877551078796,1.0
8f2269e60f35fcb34939418b72e7657ea0f73895,2,1,0.985763430595398,0.985763430595398,0.985763430595398,0.985763430595398,1.0
970ec74f431b47851fb6eec6e41e13f8e829d1d6,3,3,0.9531025886535645,0.9538361430168152,0.9604383707046509,0.9675714373588562,1.0
eb5e7955f6dd5e11bd582eb7517739a566e0c5e0,2,1,0.957521915435791,0.957521915435791,0.957521915435791,0.957521915435791,1.0
4aaf13e47985fc197e1a10ea64e0291064136acc,2,1,0.9907785058021545,0.9907785058021545,0.9907785058021545,0.9907785058021545,1.0
7a0532ebcd29bb178fcd33c37434f8c4573e9438,2,1,0.9643250107765198,0.9643250107765198,0.9643250107765198,0.9643250107765198,1.0
508832fc38bd83a9448a4e876320ad7352b0cec5,2,1,0.9652751684188843,0.9652751684188843,0.9652751684188843,0.9652751684188843,1.0
1f8b0e2535165e1a718dbb8d6d6cf7559a79c1c7,4,6,0.9593173861503601,0.9602322578430176,0.9682036638259888,0.9689344763755798,1.0
354a7937d1b46f04b336fa3272584dc7ce816ee0,2,1,0.9734517931938171,0.9734517931938171,0.9734517931938171,0.9734517931938171,1.0
c22397852987eafea15c20281cd45098cdd237f7,3,3,0.9940715432167053,0.9941155314445496,0.9945116639137268,0.9945604801177979,1.0
c6a95cf990619608ccc70a98955c6790706f951e,3,3,0.9700983166694641,0.9708887934684753,0.978003203868866,0.975416898727417,1.0
3cb9fc2eae2c8b54529285cc86e15db93a15139e,2,1,0.9686967134475708,0.9686967134475708,0.9686967134475708,0.9686967134475708,1.0
3b7354262bb3c9e738957e32643e52cbf5caca73,2,1,0.9594020843505859,0.9594020843505859,0.9594020843505859,0.9594020843505859,1.0
37128f30d2e31ea99a6c2d9937d930f52d07efb6,2,1,0.9637229442596436,0.9637229442596436,0.9637229442596436,0.9637229442596436,1.0
d45e64436735344514a3dd97b51ac4ad2b2a1921,2,1,0.9808970093727112,0.9808970093727112,0.9808970093727112,0.9808970093727112,1.0
745157952868bd79d185f618ad03e4bb3656b585,2,1,0.9829732775688171,0.9829732775688171,0.9829732775688171,0.9829732775688171,1.0
05c1848ad89dd7b5fb28ee28d1a1ce6f132169a1,2,1,0.9956318736076355,0.9956318736076355,0.9956318736076355,0.9956318736076355,1.0
0a63a3fad7ae5920d943932b23315ecd821bdeed,2,1,0.9852405190467834,0.9852405190467834,0.9852405190467834,0.9852405190467834,1.0
c4173e18e37acbb92f75d456ea48c2a5d2eb4981,2,1,0.9722195863723755,0.9722195863723755,0.9722195863723755,0.9722195863723755,1.0
69f5d5afacc92131ea9bd5a700fe2443610a29c5,2,1,0.9858019351959229,0.9858019351959229,0.9858019351959229,0.9858019351959229,1.0
b0636e57194d1151903b551cc94c9834d92841f5,2,1,0.972859263420105,0.972859263420105,0.972859263420105,0.972859263420105,1.0
33ec2a53c00c3250cd435f8b17d8979f1604e924,2,1,0.9640962481498718,0.9640962481498718,0.9640962481498718,0.9640962481498718,1.0
c8db176032e401c5984a4437ddf769f14630e878,2,1,0.9746127724647522,0.9746127724647522,0.9746127724647522,0.9746127724647522,1.0
2ee14787468787c51620d599d14b08bd8aa38c2b,2,1,0.9598921537399292,0.9598921537399292,0.9598921537399292,0.9598921537399292,1.0
8ed5f809a3b696bd0484c689f4760dbdb61d0b29,4,6,0.980853796005249,0.9819856882095337,0.9857889413833618,0.9850211143493652,1.0
d130c4b22e9ccbcfca57b7e09173e6b5e0306d9d,2,1,0.9724982976913452,0.9724982976913452,0.9724982976913452,0.9724982976913452,1.0
6dcbfb74fd053d462565d24bee643b44af33082a,5,10,0.9654796719551086,0.9690486192703247,0.9846992492675781,0.9838448762893677,1.0
885836cac21b0e330c2cb488292af3c43766a964,2,1,0.96412193775177,0.96412193775177,0.96412193775177,0.96412193775177,1.0
feef3afe5f2761bc404469f4768e946710e03ecf,4,6,0.9579917788505554,0.9582839012145996,0.9769424796104431,0.9773693680763245,1.0
08bbad387bb8082ca53ab1b1931d163e21f90315,2,1,0.9902966618537903,0.9902966618537903,0.9902966618537903,0.9902966618537903,1.0
1426c18e01dda0d3db3baa23451578cb47f38bd9,2,1,0.9768262505531311,0.9768262505531311,0.9768262505531311,0.9768262505531311,1.0
bca2ed0c4c3b0fb936e795035eb7e2437d83c783,4,6,0.9946700930595398,0.9947918653488159,0.9970494508743286,0.9968895316123962,1.0
6d3bf3f6ffa5e35fd9d3204f352a91c27a3f365a,2,1,0.9699681997299194,0.9699681997299194,0.9699681997299194,0.9699681997299194,1.0
79f3eb039c3f000fa2965b4baa8650a9f0e5f80e,2,1,0.9873822331428528,0.9873822331428528,0.9873822331428528,0.9873822331428528,1.0
1f74e2ecb75dacc6f5d83645ea31899505be3036,2,1,0.9663838744163513,0.9663838744163513,0.9663838744163513,0.9663838744163513,1.0
9af4fad1c7fe3e5c3114ad5ea24b88df6c6e9598,3,3,0.9652614593505859,0.965423583984375,0.966882586479187,0.9693282246589661,1.0
5bb4c5b42b5d10fc19d113bba19cf79da245273f,2,1,0.978998601436615,0.978998601436615,0.978998601436615,0.978998601436615,1.0
5d82f5240084da4cb97ca411e1d686f0fb9ab9aa,2,1,0.9722338914871216,0.9722338914871216,0.9722338914871216,0.9722338914871216,1.0
1924f200a22aecb84a97043cf627d95225f80a49,3,3,0.9820979833602905,0.9826837778091431,0.9879559874534607,0.9869071841239929,1.0
0dfe4c2888663d558bdfd49ffcdd41f21c333dff,3,3,0.975724458694458,0.9764206409454346,0.9826859831809998,0.980963945388794,1.0
1c67af1c7dbe3be48097159bee6cafb16700050c,3,3,0.9573022127151489,0.9587464928627014,0.9717451333999634,0.9709592461585999,1.0
3059d237c18b89bac87ba4ee661f3838509f32e4,2,1,0.9943556189537048,0.9943556189537048,0.9943556189537048,0.9943556189537048,1.0
000211099f78831fee188704d8fe48347fe97520,2,1,0.9617651104927063,0.9617651104927063,0.9617651104927063,0.9617651104927063,1.0
4d22cd772cfbf1df2b856b2c8ebc04d23e1add48,2,1,0.9864453673362732,0.9864453673362732,0.9864453673362732,0.9864453673362732,1.0
befe081713177d5a2a64e7d589ac58c894314cbc,2,1,0.991225004196167,0.991225004196167,0.991225004196167,0.991225004196167,1.0
c22f6cd37dc344a881c5c9d3f4c569603016af71,2,1,0.9893002510070801,0.9893002510070801,0.9893002510070801,0.9893002510070801,1.0
9d3c7b468607e8d86ed936c3d93dcdc6e587f716,3,3,0.9740238189697266,0.9742666482925415,0.9764522314071655,0.9803459644317627,1.0
1e0c8fd3b50c567ab0bda0c0a00f2573e8dde0d2,4,6,0.9892855882644653,0.9893590807914734,0.9914768934249878,0.9920322299003601,1.0
256e8c3d2a0bd43839c97139a793c810d438149d,3,3,0.9521523118019104,0.9532175660133362,0.9628047943115234,0.9665550589561462,1.0
ae6b8580c9805996eda12fb4305a13b65bf4fa9a,2,1,0.9556319117546082,0.9556319117546082,0.9556319117546082,0.9556319117546082,1.0
16c8f2fba5808f8cf4ddcf3e4e6f2c65332b9b63,3,3,0.9660625457763672,0.9662526249885559,0.9679633378982544,0.9700911641120911,1.0
931a296bab816e9ae8ffa0551dfa61f3806d1a70,2,1,0.9726523756980896,0.9726523756980896,0.9726523756980896,0.9726523756980896,1.0
2c36064fd2e43fbeed935b74d1da0934109c5bdf,2,1,0.9536123871803284,0.9536123871803284,0.9536123871803284,0.9536123871803284,1.0
88b54708e1ee8ccc2b3028e6be8084699e620568,2,1,0.9805704355239868,0.9805704355239868,0.9805704355239868,0.9805704355239868,1.0
e705f1e7ca50a1033d2c5b80648554ac95020d5d,4,6,0.96261066198349,0.9634785652160645,0.9783906936645508,0.9774966835975647,1.0
4215a876b53aff33fbedced98b7be8c3161cd89f,2,1,0.971979022026062,0.971979022026062,0.971979022026062,0.971979022026062,1.0
301ab63c5027e2bae21a8ace2e475105153a4007,4,6,0.9544926881790161,0.9558537602424622,0.9696680307388306,0.9683701395988464,1.0
3dd275cbaa41f138fb3b8242bdec2bbd5aba7bfe,2,1,0.968924343585968,0.968924343585968,0.968924343585968,0.968924343585968,1.0
90cbe08cf5dbd9259041b167cc011660d75ee54a,3,3,0.9520263671875,0.9523454904556274,0.9552173614501953,0.9598672389984131,1.0
d2e418a0afc2365bc2be0000d8c714f7ed5ac555,3,3,0.9884248375892639,0.9889057874679565,0.9932341575622559,0.9922623038291931,1.0
189a38f1838ecdea5cc781633e6acc1b0dac11f5,2,1,0.9754034280776978,0.9754034280776978,0.9754034280776978,0.9754034280776978,1.0
9fd3dfb2db3abe38119986beaad56a92671b0266,2,1,0.9619960784912109,0.9619960784912109,0.9619960784912109,0.9619960784912109,1.0
d27d73068c49af935da32b3b55280f76edbdd170,2,1,0.9616788625717163,0.9616788625717163,0.9616788625717163,0.9616788625717163,1.0
c589a3dab07ab3f3961be6258c5f7b936e1839ce,3,3,0.9849561452865601,0.985207736492157,0.9874722957611084,0.9896934628486633,1.0
72f8386c543c4398dc1f8c6d06269616370ffde5,2,1,0.9740825891494751,0.9740825891494751,0.9740825891494751,0.9740825891494751,1.0
6e6cc1849db89870004a08147426d5c64e0a10af,2,1,0.9784547090530396,0.9784547090530396,0.9784547090530396,0.9784547090530396,1.0
2e522749c44020f22356eec0d6dc8c3f7c2d2643,3,3,0.97860187292099,0.9791158437728882,0.9837417006492615,0.9834814071655273,1.0
8ef2991e9490ab1d6484c3196e1ad54ad01c4825,2,1,0.9684509038925171,0.9684509038925171,0.9684509038925171,0.9684509038925171,1.0
b7762d71562bad51143ee8b0ea78330e9abd3264,2,1,0.9615508913993835,0.9615508913993835,0.9615508913993835,0.9615508913993835,1.0
ea4044a3d49f6f7b0979e00c5bfd5808d1d45fcb,3,3,0.9611551761627197,0.961158275604248,0.961186408996582,0.9650627970695496,1.0
cbb7dfb9d33b496ea743f01e9810f1d7398c1041,3,3,0.9605084657669067,0.9606238603591919,0.9616627097129822,0.9699270129203796,1.0
2c0cd171422240e8798dbdea63b748b237c2e8a2,2,1,0.9661729335784912,0.9661729335784912,0.9661729335784912,0.9661729335784912,1.0
c04fae69f71ca44a6ee7d22ea09cbd047d6f6c3c,2,1,0.9771614074707031,0.9771614074707031,0.9771614074707031,0.9771614074707031,1.0
591c521baab6e05239daa8dc8ebbe76bfb0a38a0,3,3,0.950789213180542,0.9529131650924683,0.9720287322998047,0.9669697880744934,1.0
75a9d4ed82e8793b0e6fa70149f1f389fcd5850f,3,3,0.9776982069015503,0.9778155088424683,0.9788711667060852,0.9810466766357422,1.0
214464551aa43879daa65d8cfb19e7e0f1e78ede,2,1,0.9803062677383423,0.9803062677383423,0.9803062677383423,0.9803062677383423,1.0
c6bdd6f62367bf496275c4793633326f048d4c51,2,1,0.9613698720932007,0.9613698720932007,0.9613698720932007,0.9613698720932007,1.0
fef146b9e89884d0759aba3e63cea008a50de086,2,1,0.9870517253875732,0.9870517253875732,0.9870517253875732,0.9870517253875732,1.0
af4d0c401661884486daa394370ac3d134a81154,3,3,0.9864386320114136,0.9865940809249878,0.9879933595657349,0.9905304312705994,1.0
8422455b890728097d34f8d4958e0f6e3793b0cb,4,6,0.9564232230186462,0.9575477242469788,0.9720591306686401,0.9709571003913879,1.0
52ea285c3152711db2eebb6211bb8dcc70192423,2,1,0.9619946479797363,0.9619946479797363,0.9619946479797363,0.9619946479797363,1.0
4cb4f39f58bb65a39cd4680a96e6a15385e786ab,3,3,0.9617016315460205,0.9617733359336853,0.9624185562133789,0.9639331698417664,1.0
676e754f40647175768d4db6339842b6561b3f2a,3,3,0.9726667404174805,0.9731159806251526,0.9771593809127808,0.9793211817741394,1.0
c3755680af9dfd75cdd3f0bb61b40372ae641bc6,2,1,0.9609785676002502,0.9609785676002502,0.9609785676002502,0.9609785676002502,1.0
30735f43a3cc5c59bd1506d5c610a33877a6ea7f,2,1,0.9552345871925354,0.9552345871925354,0.9552345871925354,0.9552345871925354,1.0
e2474b05bd452987bffb79dec163161d04bf0051,5,10,0.9674787521362305,0.9684719443321228,0.9776040315628052,0.9814294576644897,1.0
2afc0768e46678bf6e124d577d289231eddc458b,2,1,0.9612131714820862,0.9612131714820862,0.9612131714820862,0.9612131714820862,1.0
aeca79ca90d6c7a556c45d67ca0f127b6cb1c601,3,3,0.9527219533920288,0.9540548324584961,0.9660506248474121,0.9616899490356445,1.0
db64977cf5f396fb7572edf72480f738c2844d3f,2,1,0.9717413187026978,0.9717413187026978,0.9717413187026978,0.9717413187026978,1.0
385185118b01175351da168c93cafbf29295e3b6,2,1,0.9809399843215942,0.9809399843215942,0.9809399843215942,0.9809399843215942,1.0
fb7f3c26d01217410611526746334e250f6f23f0,3,3,0.9904593229293823,0.9908096194267273,0.9939621686935425,0.9934555888175964,1.0
ba5c0125eb6a4382b712e5c6f8d1e8d2cf6e69fb,3,3,0.9753820896148682,0.9757978320121765,0.9795393347740173,0.9792448878288269,1.0
dfdc8cc32cb54900791e4d3370610067970acda5,2,1,0.9932112097740173,0.9932112097740173,0.9932112097740173,0.9932112097740173,1.0
531b932c748c80e11d01b37ed7fa322e417dd6f3,2,1,0.9626025557518005,0.9626025557518005,0.9626025557518005,0.9626025557518005,1.0
a49c9b2e8f767a1fd968c80e8eda98f7e42bf944,2,1,0.967684268951416,0.967684268951416,0.967684268951416,0.967684268951416,1.0
157aa61834ed7e82d289048d4ecf08b72bb64375,2,1,0.9683350920677185,0.9683350920677185,0.9683350920677185,0.9683350920677185,1.0
98e6298a1997441fb18f61b1308a3c4c0000128d,2,1,0.9732625484466553,0.9732625484466553,0.9732625484466553,0.9732625484466553,1.0
e6de482151ffdaa34c97ec7156681039a96a9c72,2,1,0.9629260897636414,0.9629260897636414,0.9629260897636414,0.9629260897636414,1.0
2a54a2cb72ed7860b1480ca4bfcc1c15ae6b11c3,4,6,0.950895369052887,0.9515973329544067,0.9603597521781921,0.9642977714538574,1.0
3729f93a712f59db6ac372a2fb8d959ccfe27c5c,2,1,0.9795702695846558,0.9795702695846558,0.9795702695846558,0.9795702695846558,1.0
196bfef3e1156546e44266ae849823dd7ea22ecc,3,3,0.9678434133529663,0.9683830738067627,0.9732398986816406,0.9785038828849792,1.0
2b8a37ec8588e5535a83b3cdc0b3378f3d783783,4,6,0.9773608446121216,0.9788235425949097,0.9884750843048096,0.9871203899383545,1.0
f772cf0b5dc81b255991d09fb5f1c4996696df11,2,1,0.9793050289154053,0.9793050289154053,0.9793050289154053,0.9793050289154053,1.0
6471f240d7ad0c08df85bb569eb63eeeb7a477bd,2,1,0.9794266819953918,0.9794266819953918,0.9794266819953918,0.9794266819953918,1.0
1bbe71fe022e86724833c54ba4981c961e7396cc,2,1,0.9776095151901245,0.9776095151901245,0.9776095151901245,0.9776095151901245,1.0
057fb21bf9120a0f671d960d557c50309ec06b32,2,1,0.9823778867721558,0.9823778867721558,0.9823778867721558,0.9823778867721558,1.0
a4b51a568296ed52612beafa4b09ca78e98b1694,3,3,0.9736982583999634,0.9740361571311951,0.9770771265029907,0.9787138104438782,1.0
a9c114ece9d9a664acf26bf0ce134b2c6563d50f,2,1,0.9717984795570374,0.9717984795570374,0.9717984795570374,0.9717984795570374,1.0
181eb0db9de92377e5c07c6444e5d22f739dcdce,2,1,0.9554120898246765,0.9554120898246765,0.9554120898246765,0.9554120898246765,1.0
7c75982bcc77c2de153be0dd96e4fbd28802ab95,2,1,0.972632884979248,0.972632884979248,0.972632884979248,0.972632884979248,1.0
6c2793b09d5176fe217e547f37f41fff86eecf78,2,1,0.978890597820282,0.978890597820282,0.978890597820282,0.978890597820282,1.0
89e1dba7b9282974f2c796f2af1226b4e01a158f,2,1,0.9704130291938782,0.9704130291938782,0.9704130291938782,0.9704130291938782,1.0
431c1ecb4bbc4a141ba5933724d9363c71c43a9f,3,3,0.9612262845039368,0.9620081186294556,0.9690443277359009,0.9734117388725281,1.0
4033df232942ca76f2d68c1501b58a2fdc7ceff5,4,6,0.9747796654701233,0.9749296307563782,0.9794365167617798,0.9786293506622314,1.0
07fd8dd0d287f2a30e2fadff33a3c7ff82c8fd07,2,1,0.9760183095932007,0.9760183095932007,0.9760183095932007,0.9760183095932007,1.0
593b30863158997083cec5a0620f630ac79a153a,2,1,0.9749613404273987,0.9749613404273987,0.9749613404273987,0.9749613404273987,1.0
49498bfa6a94a598c0eef1d49fac1052a19b18ce,2,1,0.9587700366973877,0.9587700366973877,0.9587700366973877,0.9587700366973877,1.0
4ee2f8dceca106860d1378a9145cfec0b5855456,3,3,0.9714721441268921,0.9722849726676941,0.9796003103256226,0.9773433804512024,1.0
52d6b87dc3d73094e9f3dd64e2c3530d43ac13c2,2,1,0.9563837051391602,0.9563837051391602,0.9563837051391602,0.9563837051391602,1.0
44edec71d7376285abb216f7a21ed01a79c19715,2,1,0.9561982154846191,0.9561982154846191,0.9561982154846191,0.9561982154846191,1.0
4ab831d4ac68de3a4a4e22c7c1a28e781490baca,2,1,0.9912265539169312,0.9912265539169312,0.9912265539169312,0.9912265539169312,1.0
a8713891aed7564688c403facc2926981a5ea8df,2,1,0.9552379250526428,0.9552379250526428,0.9552379250526428,0.9552379250526428,1.0
f8e508f9684a96700744444fa49bce4505e1d236,2,1,0.9806852340698242,0.9806852340698242,0.9806852340698242,0.9806852340698242,1.0
f74429e28ebcd007abb3aaa6c77b4a5562e6a1aa,2,1,0.9706594944000244,0.9706594944000244,0.9706594944000244,0.9706594944000244,1.0
a91a01ec6afd4d4b89c33eb8feb028d99b8826cd,3,3,0.9857900738716125,0.9859728217124939,0.9876174926757812,0.9873868823051453,1.0
2c65dcfaff909c0b0c07adcf1577daa83a284cd4,2,1,0.9567222595214844,0.9567222595214844,0.9567222595214844,0.9567222595214844,1.0
49c289fa68e9f906793de4d622c77e6098d8b0c2,3,3,0.9703467488288879,0.9705759882926941,0.9726390838623047,0.9760714173316956,1.0
9c88c74fa05b92f135c84f94a87d49f11043504f,2,1,0.9852539896965027,0.9852539896965027,0.9852539896965027,0.9852539896965027,1.0
0b3c1612b5c5fbca1265787fb8b8e9f565f2f082,2,1,0.9692691564559937,0.9692691564559937,0.9692691564559937,0.9692691564559937,1.0
4e906445ddc3e4e92cc282c3b1c4609b8418ab64,3,3,0.9712510108947754,0.9721864461898804,0.9806054830551147,0.9789583086967468,1.0
99ce1ef63ea875603100faa5bf3448ef4f53a3cc,2,1,0.9841858148574829,0.9841858148574829,0.9841858148574829,0.9841858148574829,1.0
ef1261babe40e3e4ba61cb5502a38389c42fda58,2,1,0.9649947881698608,0.9649947881698608,0.9649947881698608,0.9649947881698608,1.0
a9b75b2a8b4adee65f3867b96d59ebf69bcc43ea,2,1,0.969067394733429,0.969067394733429,0.969067394733429,0.969067394733429,1.0
e5859d455237927018ca437c05a050f4bb83fe65,2,1,0.995686411857605,0.995686411857605,0.995686411857605,0.995686411857605,1.0
6b3d5571ba757f4be62f9c5939edccabc08dbdeb,2,1,0.9658260345458984,0.9658260345458984,0.9658260345458984,0.9658260345458984,1.0
0df6fda3d9d5960066b0148fb3aeae248ded746c,2,1,0.9589402079582214,0.9589402079582214,0.9589402079582214,0.9589402079582214,1.0
745b7f068412b64e8a5679836d9abe4e26fe19c3,2,1,0.9832653999328613,0.9832653999328613,0.9832653999328613,0.9832653999328613,1.0
7c168a025aa13bfb0579d2ef86e5d43961524f62,2,1,0.978315532207489,0.978315532207489,0.978315532207489,0.978315532207489,1.0
4e0a9dbc2cb7fdc54edde4ac23ef7eb50cb6117d,2,1,0.9704512357711792,0.9704512357711792,0.9704512357711792,0.9704512357711792,1.0
0f5864aac0578c7fab8c810f39fb0f5a324cd25b,2,1,0.9719431400299072,0.9719431400299072,0.9719431400299072,0.9719431400299072,1.0
ea3850b3fa954a43ce58d19538731fa5deb84661,2,1,0.9789693355560303,0.9789693355560303,0.9789693355560303,0.9789693355560303,1.0
d4faf24c1e3f68e831db9f5915c1cf52c30fa618,3,3,0.9573218822479248,0.9573695063591003,0.9577980041503906,0.9683062434196472,1.0
802e70413c125c51cac469a2229cf8a4197b891b,2,1,0.9697617888450623,0.9697617888450623,0.9697617888450623,0.9697617888450623,1.0
2c2c5655a23da8c75a7e0a91e4feed6f9f753408,2,1,0.9522271156311035,0.9522271156311035,0.9522271156311035,0.9522271156311035,1.0
dfea497a8c31641022e311ff546c7d33d3abf4b4,2,1,0.9531167149543762,0.9531167149543762,0.9531167149543762,0.9531167149543762,1.0
6528bef88fec88d13b5324151972425f15a80ece,2,1,0.9564535021781921,0.9564535021781921,0.9564535021781921,0.9564535021781921,1.0
f2d0e2d9345038b3bf25e01480f78f99814b3356,2,1,0.9674766063690186,0.9674766063690186,0.9674766063690186,0.9674766063690186,1.0
ae484b928d124625e45a1c44191e484e31fba62c,2,1,0.990644097328186,0.990644097328186,0.990644097328186,0.990644097328186,1.0
e058e021f44c5b04b54ec753cf9bb8a6af000c1c,2,1,0.9854142665863037,0.9854142665863037,0.9854142665863037,0.9854142665863037,1.0
5ac06ae13f1a361ecd4ea6e2ee6353e7575ddce4,2,1,0.9819411039352417,0.9819411039352417,0.9819411039352417,0.9819411039352417,1.0
a10d1790837d3e3631ca9e138538463468fb1ca7,3,3,0.9555162191390991,0.9563440084457397,0.9637939929962158,0.9709129333496094,1.0
2c065b9bff2c70383ff811d83fde2ef393f7eff8,2,1,0.9737587571144104,0.9737587571144104,0.9737587571144104,0.9737587571144104,1.0
140587b008c416343d747019aeb64395201dbb22,3,3,0.9587996006011963,0.9599567651748657,0.9703714847564697,0.9718442559242249,1.0
083ef2fe963161fd46372b493a78fd35ec89ca26,2,1,0.9551041126251221,0.9551041126251221,0.9551041126251221,0.9551041126251221,1.0
9bbf79fe341bf71c2bffb19f230bb169e9696fa6,2,1,0.990376353263855,0.990376353263855,0.990376353263855,0.990376353263855,1.0
58b557a0816cb6e42b39ec3d9907d922af889c3a,2,1,0.9802758693695068,0.9802758693695068,0.9802758693695068,0.9802758693695068,1.0
40a6024f21e31ca94d8351fc8f6c66d7ac1d6b7b,2,1,0.9762208461761475,0.9762208461761475,0.9762208461761475,0.9762208461761475,1.0
05268e22e8a32cdba7247b1124d344c351d3b5ae,3,3,0.9656621217727661,0.9665597677230835,0.9746385812759399,0.9734103083610535,1.0
6648a8f072296273d795f114aadfc098b1b31cdc,2,1,0.9818376898765564,0.9818376898765564,0.9818376898765564,0.9818376898765564,1.0
3c1f163bbb25127eb43d33a92b90dd94e2ed4cdc,2,1,0.9760816097259521,0.9760816097259521,0.9760816097259521,0.9760816097259521,1.0
b03abefe5f262894fa20875739dee463badbffdc,2,1,0.9648851752281189,0.9648851752281189,0.9648851752281189,0.9648851752281189,1.0
3df4f40b2f9161f6a92b2fa6b0f0566489c68db1,4,6,0.9598619937896729,0.9615123271942139,0.9784585237503052,0.9761797785758972,1.0
72c5dc62b6a18c9f10cdc26b0567f52740137717,2,1,0.9672844409942627,0.9672844409942627,0.9672844409942627,0.9672844409942627,1.0
92bc39764344ef7a00c83885561e8f3a1c007c0e,2,1,0.950891375541687,0.950891375541687,0.950891375541687,0.950891375541687,1.0
9b91cf566baa274711992175463a64c63fdfb160,3,3,0.968456506729126,0.9694635272026062,0.9785266518592834,0.9758711457252502,1.0
b9e94b157959472a3689a8b506fac01c3483f302,2,1,0.9706281423568726,0.9706281423568726,0.9706281423568726,0.9706281423568726,1.0
49027ef683eb8351da78f33d8ad8a41747d66113,3,3,0.9838426113128662,0.9838928580284119,0.9843453168869019,0.9871446490287781,1.0
0dce601b5de37f638d4b99a5171d6ed30df39f26,3,3,0.9514578580856323,0.952733039855957,0.9642095565795898,0.9677422642707825,1.0
63f09c60af73f23ae9a836cb580ce0df742d3a1f,2,1,0.9671370983123779,0.9671370983123779,0.9671370983123779,0.9671370983123779,1.0
36adac63e9157cb9221bc5b14ea15ca084b936f4,2,1,0.9598906636238098,0.9598906636238098,0.9598906636238098,0.9598906636238098,1.0
7ac753e432873a0cf730ad477bfc7deb1c78a21c,2,1,0.9834308624267578,0.9834308624267578,0.9834308624267578,0.9834308624267578,1.0
a15ce5e24da2fe5bd1e3e2799d99e8978b06b512,2,1,0.9934486150741577,0.9934486150741577,0.9934486150741577,0.9934486150741577,1.0
6e7ad68372591226e32cd68c36d5c777a6ab2d1c,4,6,0.9577916860580444,0.9602808356285095,0.9778896570205688,0.9749770760536194,1.0
339d0d5cea602fe631630cc2bde2427ac7287f63,2,1,0.9750538468360901,0.9750538468360901,0.9750538468360901,0.9750538468360901,1.0
73971f19f744221cea023121c5f2e58295b328bb,2,1,0.9889496564865112,0.9889496564865112,0.9889496564865112,0.9889496564865112,1.0
8690b1a0c4aa9c91eeb90ea1a58c4332f4d0e3ca,2,1,0.9701834917068481,0.9701834917068481,0.9701834917068481,0.9701834917068481,1.0
eace701491a068a0c9b0ebf36d86d289b624af0d,4,6,0.9795145988464355,0.9796338081359863,0.9811776280403137,0.9831161499023438,1.0
a280873593983cc3abfa2720b812de992c3b141d,2,1,0.9750319123268127,0.9750319123268127,0.9750319123268127,0.9750319123268127,1.0
b09dacbbcee7a55fd5118c981ee22a482db22031,2,1,0.9866030216217041,0.9866030216217041,0.9866030216217041,0.9866030216217041,1.0
285fd31660d3734289648050e70b2c76322fe975,2,1,0.9590009450912476,0.9590009450912476,0.9590009450912476,0.9590009450912476,1.0
60cb7adfb46307ba107b92b73aac487778ebf5bd,2,1,0.9920886158943176,0.9920886158943176,0.9920886158943176,0.9920886158943176,1.0
9e280433c6a6454c136b5d1a1f62a95f24655a49,2,1,0.9648475646972656,0.9648475646972656,0.9648475646972656,0.9648475646972656,1.0
39b3aa96531b0ccca49c74303c0d8cae087f24df,2,1,0.9846459031105042,0.9846459031105042,0.9846459031105042,0.9846459031105042,1.0
5b5393b13758d621ad795ec52fca68971d5ed2e0,2,1,0.9584300518035889,0.9584300518035889,0.9584300518035889,0.9584300518035889,1.0
430e7f98f9072f908c00c96dbc8d6f1364d3ea41,2,1,0.965032696723938,0.965032696723938,0.965032696723938,0.965032696723938,1.0
ae1528a9d1a62749a50b98f225376ad3def9acbd,2,1,0.9522155523300171,0.9522155523300171,0.9522155523300171,0.9522155523300171,1.0
f3f162836d15a518d24d5b1ccdfcb5ffb650f085,2,1,0.9872074723243713,0.9872074723243713,0.9872074723243713,0.9872074723243713,1.0
586d7121c93d54a5b87fca0fa4ffd04342953309,2,1,0.99018394947052,0.99018394947052,0.99018394947052,0.99018394947052,1.0
e97bfe0734a480ace9980b44eaf2ad863dc725bb,3,3,0.9703877568244934,0.9706143736839294,0.9726539850234985,0.9774547219276428,1.0
0172a377cfb484770aa702ce7b613776189f97f7,2,1,0.9827988147735596,0.9827988147735596,0.9827988147735596,0.9827988147735596,1.0
280876b49c5a2f7db098b714cd90efea326385ad,2,1,0.9748594760894775,0.9748594760894775,0.9748594760894775,0.9748594760894775,1.0
8cec938cf292c57e1d5065dbaed325252e91b0a9,2,1,0.9897946119308472,0.9897946119308472,0.9897946119308472,0.9897946119308472,1.0
bebe6a0a8b0620db8e23eaeac37874893fe79c1c,2,1,0.9770030975341797,0.9770030975341797,0.9770030975341797,0.9770030975341797,1.0
cdda33fbb208600244eaa697eec7dc870202f843,4,6,0.9790266752243042,0.9798755645751953,0.985130250453949,0.9858168959617615,1.0
bf6da1abbd3aa9b9968eb858af6efa65a9848b57,2,1,0.9581078886985779,0.9581078886985779,0.9581078886985779,0.9581078886985779,1.0
46e588b9b65f6a0254fa4c22f1b2d86b7c75697e,2,1,0.9812962412834167,0.9812962412834167,0.9812962412834167,0.9812962412834167,1.0
396122b548ad4db2063c644ac45582f295f3226d,2,1,0.9747015237808228,0.9747015237808228,0.9747015237808228,0.9747015237808228,1.0
8ec183b184a6c580a2206ab97b6ea519a0ce38c5,2,1,0.9551570415496826,0.9551570415496826,0.9551570415496826,0.9551570415496826,1.0
98e6e4571744c87d9a3bdff875819f9229d728f8,2,1,0.9571201801300049,0.9571201801300049,0.9571201801300049,0.9571201801300049,1.0
41a971d127298ac100f1e1696e02e1a1a46208bc,2,1,0.9867232441902161,0.9867232441902161,0.9867232441902161,0.9867232441902161,1.0
31780777aa6309f9892df05a33949d62035b551d,2,1,0.9915616512298584,0.9915616512298584,0.9915616512298584,0.9915616512298584,1.0
bf01b2f7b59f81b65ca3c1fa602473b393efb801,2,1,0.9858170747756958,0.9858170747756958,0.9858170747756958,0.9858170747756958,1.0
7c3ba125f61b49bdf53af230c37c1d55c1c0235c,2,1,0.9748401045799255,0.9748401045799255,0.9748401045799255,0.9748401045799255,1.0
082c77731484d571aebd22de7799734af34ae40d,3,3,0.9795972108840942,0.9796040654182434,0.979665994644165,0.9808105826377869,1.0
7782e87a4deb217c247ce61f4e4ef05ed7d32694,3,3,0.9599310159683228,0.9614330530166626,0.9749516248703003,0.9708099365234375,1.0
b3c482825174230ff147a8f6722a2ee608a10c48,2,1,0.9955838918685913,0.9955838918685913,0.9955838918685913,0.9955838918685913,1.0
f9e50e96dfb05ecde921763f4fa526b4f9f23e68,3,3,0.9638274908065796,0.9640184640884399,0.9657373428344727,0.9664902687072754,1.0
acbfd7685884a3726397b8d661e2712a5584397c,3,3,0.9847131371498108,0.9850034713745117,0.9876165986061096,0.9883558750152588,1.0
cb635bc1df45b1036d9975bb66340308f75d1df2,2,1,0.9769850373268127,0.9769850373268127,0.9769850373268127,0.9769850373268127,1.0
41f686390cac4f5bd7312970a958cc9fce2a2a09,2,1,0.9656663537025452,0.9656663537025452,0.9656663537025452,0.9656663537025452,1.0
da123636b800a014dcb17e058b6175493de3c93c,2,1,0.9564558267593384,0.9564558267593384,0.9564558267593384,0.9564558267593384,1.0
2ac8af30fa875fd379ab308d12f18a62a44577e2,2,1,0.962032675743103,0.962032675743103,0.962032675743103,0.962032675743103,1.0
3d1464a6e809943cbe65859570e5c3505f3f4570,2,1,0.9787411689758301,0.9787411689758301,0.9787411689758301,0.9787411689758301,1.0
5e91fd35b675ea7c8129f913466dd4782877e6f6,3,3,0.9783016443252563,0.978303074836731,0.9783156514167786,0.9830441474914551,1.0
50e38ee15608c43cbaf0baacee2573bf8b8273a2,2,1,0.9755812883377075,0.9755812883377075,0.9755812883377075,0.9755812883377075,1.0
16827c3fee34555d0115223e92706cfd81c30c9d,2,1,0.978373646736145,0.978373646736145,0.978373646736145,0.978373646736145,1.0
4429e576c39e3dbefbf997c13d1971fde168cc87,2,1,0.9685758352279663,0.9685758352279663,0.9685758352279663,0.9685758352279663,1.0
8336220e18c7e41dc1520c89b4b72f7c154e9787,3,3,0.9888916015625,0.9894362688064575,0.9943381547927856,0.9927948117256165,1.0
5f8b00046deae74b6747b80ebc4a8a1946bc8554,4,6,0.9858043193817139,0.9858319759368896,0.9912986755371094,0.9896865487098694,1.0
b7df6447e3c4a5a9d1f832e4720c6f7672213bb0,2,1,0.9513131380081177,0.9513131380081177,0.9513131380081177,0.9513131380081177,1.0
67e871ee01e22da72fda9f212fa716657f8c1ae4,4,6,0.9536250829696655,0.9538191556930542,0.9652125835418701,0.9656105637550354,1.0
a4eeb51b7b92f9ca1222a237540d1ea074b430e7,2,1,0.97878098487854,0.97878098487854,0.97878098487854,0.97878098487854,1.0
10a8a3be30cb058cdaeeff6ba52bb4efc280e3ef,2,1,0.9867544174194336,0.9867544174194336,0.9867544174194336,0.9867544174194336,1.0
eb188d059c68dd6960e8e7ea34e2c166231fbfee,3,3,0.9804631471633911,0.9807801246643066,0.9836331605911255,0.9845628142356873,1.0
3a498b9bb974b6478d95d516c043102c4ea83de1,2,1,0.9850307703018188,0.9850307703018188,0.9850307703018188,0.9850307703018188,1.0
eba07d8033a0d0fb2c3da9e5b1b584d29fdda0ae,3,3,0.955926775932312,0.9573161005973816,0.9698199033737183,0.9657909274101257,1.0
adc2a0d5d07706f10ab22a1f5e10341406584fac,3,3,0.9545912742614746,0.9548827409744263,0.9575058221817017,0.9634506702423096,1.0
427a7189aa6ac77f85fd988e8288d0b3e8c904d0,2,1,0.9517257809638977,0.9517257809638977,0.9517257809638977,0.9517257809638977,1.0
72229f1cbb99fb60616d1e9b9ee022edd19c9d8b,4,6,0.9528926610946655,0.9545552730560303,0.9707517623901367,0.9691064953804016,1.0
049180694c2c5bb5bb49fc8454c632a2ee425cf2,2,1,0.9819662570953369,0.9819662570953369,0.9819662570953369,0.9819662570953369,1.0
5a44ab278c6f41963ac7acf224ed883f4ccbc3bc,2,1,0.960658073425293,0.960658073425293,0.960658073425293,0.960658073425293,1.0
f0e2b0c666c5c5645b9c162f36afc9c4149f83f3,3,3,0.9716898202896118,0.9723567962646484,0.9783596992492676,0.9809236526489258,1.0
8f626f6629c0e2d041f0a513f308715cd448c721,2,1,0.9599666595458984,0.9599666595458984,0.9599666595458984,0.9599666595458984,1.0
8325f5f6a61a950715c49351e62ac59a8fcb7a30,2,1,0.9576120376586914,0.9576120376586914,0.9576120376586914,0.9576120376586914,1.0
97778b3a91db6a3db204d3a8183184ad07d74513,2,1,0.9577924013137817,0.9577924013137817,0.9577924013137817,0.9577924013137817,1.0
f3e58279f81c8ad11810a3771a9ea318c658ddcd,2,1,0.9586217403411865,0.9586217403411865,0.9586217403411865,0.9586217403411865,1.0
a329b5ad8fd215055f5d04e953d9fc4e4e3f9613,2,1,0.967965841293335,0.967965841293335,0.967965841293335,0.967965841293335,1.0
3e09e1229ad056a6b1829aa99ee0614d59137f0d,2,1,0.951738715171814,0.951738715171814,0.951738715171814,0.951738715171814,1.0
47f1470bc65d901b142348b1229bf69336f69dc1,2,1,0.9870880842208862,0.9870880842208862,0.9870880842208862,0.9870880842208862,1.0
80e16057a88e0d2a999c042a375dcb4364004f5b,2,1,0.9644416570663452,0.9644416570663452,0.9644416570663452,0.9644416570663452,1.0
50dce320e31239812ca4c3e2d2f7b6308de82a2f,2,1,0.9774136543273926,0.9774136543273926,0.9774136543273926,0.9774136543273926,1.0
673e12f7af4c5d03dc80bee880ad5ca14953cf5d,2,1,0.9649733304977417,0.9649733304977417,0.9649733304977417,0.9649733304977417,1.0
5756958ed6f12496528888cc1c79c3cc5cfab09f,3,3,0.9565660953521729,0.9578602910041809,0.9695082306861877,0.9681141376495361,1.0
83be0572da6a0e1356f86aad1e639f31586e83b7,2,1,0.9871779084205627,0.9871779084205627,0.9871779084205627,0.9871779084205627,1.0
9d74c862522797fb9590e63e87bee89869a476e5,3,3,0.9610664248466492,0.9623978734016418,0.9743807315826416,0.971327006816864,1.0
37991ae663c3e065e37d61f6d70ce8985228997e,2,1,0.9879550933837891,0.9879550933837891,0.9879550933837891,0.9879550933837891,1.0
79595683ffcbf05591f18eb85d45a1a5ea3a0e4a,3,3,0.9843357801437378,0.9844793081283569,0.9857707619667053,0.9870452880859375,1.0
ebdb8b97929b80f7a42ed16dccec4850c0789530,2,1,0.9820267558097839,0.9820267558097839,0.9820267558097839,0.9820267558097839,1.0
3726429fa09a99bd65b754b828585a260a8b9ad6,5,10,0.9781343340873718,0.9800093173980713,0.9921838045120239,0.9897068738937378,1.0
a7dc41238e478d88a764fa8136506d8a53e65df7,3,3,0.9590190052986145,0.959841251373291,0.9672412872314453,0.9708168506622314,1.0
87820a8c02994c4dc7613dbd1309868c3f2c0fcf,2,1,0.9660080671310425,0.9660080671310425,0.9660080671310425,0.9660080671310425,1.0
ae5746395f7aaf5e347ab79e151fdf2f2e1a8682,4,6,0.9670568704605103,0.9680848717689514,0.9811260104179382,0.9790871739387512,1.0
ceaadd8da99ced2ee3fe9b7a9228503e13fd3dde,2,1,0.9847468137741089,0.9847468137741089,0.9847468137741089,0.9847468137741089,1.0
1123078cf7504a576f49f7faabd01bcf77c939c5,3,3,0.9759917259216309,0.9768673181533813,0.9847474694252014,0.9835398197174072,1.0
d1913acb3014d564bbedf8d65a6aa7b13ab1d1aa,2,1,0.9738147854804993,0.9738147854804993,0.9738147854804993,0.9738147854804993,1.0
72218b987e799e7d0926c89ba74b5b6842b26075,2,1,0.9654268622398376,0.9654268622398376,0.9654268622398376,0.9654268622398376,1.0
b6e4ed65f903786236a535e3056f0291c5c83635,2,1,0.9768487215042114,0.9768487215042114,0.9768487215042114,0.9768487215042114,1.0
bd47f5ac12cb5701310778945b0edbcab2cfb53a,2,1,0.9778648018836975,0.9778648018836975,0.9778648018836975,0.9778648018836975,1.0
2496c522414697c828faebeb1f75f32bbc80ec4d,3,3,0.9523099660873413,0.9541979432106018,0.9711896181106567,0.966357409954071,1.0
36853563bd9b0dc57c9a01fb294cde5b6c190e06,2,1,0.9872316122055054,0.9872316122055054,0.9872316122055054,0.9872316122055054,1.0
3ce5f94b16ec32361af75361776ff8c46a84f94f,3,3,0.9582533240318298,0.9586912393569946,0.9626327753067017,0.9625486731529236,1.0
4b587b5229315e25ccdc99a534a461084cd24868,3,3,0.96336829662323,0.9634252190589905,0.9639373421669006,0.9729644656181335,1.0
c17321828f421bde952955e5dfd648335328da85,2,1,0.974025547504425,0.974025547504425,0.974025547504425,0.974025547504425,1.0
4fdfd74e13ed0ae8c01568f98032c7ab6d3302e0,2,1,0.9809432625770569,0.9809432625770569,0.9809432625770569,0.9809432625770569,1.0
b8106ca3f4c923af840f73d86573a4969f14f11e,4,6,0.991093635559082,0.9911146759986877,0.9946095943450928,0.9949230551719666,1.0
9cca75ce5958337070c082e16be5c2340bec03f9,4,6,0.9666996002197266,0.9675813913345337,0.9784758687019348,0.9762825965881348,1.0
1ebcd307c0793677ac4c7293b60e3feb275a0bd3,2,1,0.9659910202026367,0.9659910202026367,0.9659910202026367,0.9659910202026367,1.0
57080c0e7d19eb0ecf1caac929e0d21a8f869dc3,2,1,0.9936995506286621,0.9936995506286621,0.9936995506286621,0.9936995506286621,1.0
17215dad6866108598b65047874cf901d126595f,2,1,0.9501451253890991,0.9501451253890991,0.9501451253890991,0.9501451253890991,1.0
ebddc39567fa86af9b6d5ce6bb10875f9aa0d2f0,2,1,0.9875643253326416,0.9875643253326416,0.9875643253326416,0.9875643253326416,1.0
7d1e76c105002b53160514f364b6897a4c5758e6,2,1,0.981338381767273,0.981338381767273,0.981338381767273,0.981338381767273,1.0
13e26c99f6360cca8e499fcbca47921f22e8b1c7,4,6,0.960340678691864,0.9611780047416687,0.9773937463760376,0.9773073196411133,1.0
9724e55141431276b3556cea7327fbd8e249ac39,2,1,0.9520751237869263,0.9520751237869263,0.9520751237869263,0.9520751237869263,1.0
bbd3986323519f8599152b77a65fdbd5b5c660f2,3,3,0.9672126173973083,0.9686391353607178,0.9814774990081787,0.9789947867393494,1.0
85e3551d3bd4a0c9499000f087bea13e9d5168cb,4,6,0.9838980436325073,0.9843415021896362,0.9899207353591919,0.9889044761657715,1.0
4e5aefe50683e16858fb4343e56bc2e04d9c9dd0,3,3,0.9524896144866943,0.9539052844047546,0.9666464328765869,0.9707441329956055,1.0
e7c75bdbb6ae28774456a52a2f70fcd7bdcff45a,2,1,0.9870181679725647,0.9870181679725647,0.9870181679725647,0.9870181679725647,1.0
8238cace21a20c7ec111092646c26f7d9415f0ef,2,1,0.97559654712677,0.97559654712677,0.97559654712677,0.97559654712677,1.0
c9e30831b63a1316bbcce0d5bb55a3426759d4e8,4,6,0.9517859816551208,0.9522911906242371,0.9568880796432495,0.9661190509796143,1.0
73c85b7bbbdeb51c8d07cb5606239f32a624c6fe,2,1,0.9672963619232178,0.9672963619232178,0.9672963619232178,0.9672963619232178,1.0
48d0a76805977847feec6f6f11afdce03fa24aaf,2,1,0.9787060022354126,0.9787060022354126,0.9787060022354126,0.9787060022354126,1.0
e12c5d02272df6c679dceb745303b4daf0df4592,4,6,0.9675213098526001,0.9681787490844727,0.9726715087890625,0.9725914597511292,1.0
410f6fd958a46f01a28477aa6a11df7e87449340,2,1,0.9636237621307373,0.9636237621307373,0.9636237621307373,0.9636237621307373,1.0
99bcf0a3c61ceb2c2e5d8a87d82918e4a8ddb88d,2,1,0.9508593082427979,0.9508593082427979,0.9508593082427979,0.9508593082427979,1.0
9c3a5bb7b7416b5e636be11a48ed410f15478b3b,2,1,0.9589160084724426,0.9589160084724426,0.9589160084724426,0.9589160084724426,1.0
e59af5fd7fb5ab648ec9e9dc900676fbf9453c1e,2,1,0.9592424631118774,0.9592424631118774,0.9592424631118774,0.9592424631118774,1.0
07cb42e4edf435de892a36b3289e0fc13ddbfbfe,2,1,0.9836053252220154,0.9836053252220154,0.9836053252220154,0.9836053252220154,1.0
e6d8f37e1665599e4e0529d738acfee09d8bd0ef,4,6,0.969849705696106,0.9714024662971497,0.9805787801742554,0.9802078604698181,1.0
020ebfd0e5cc4c1439c324c208e72aa3dac47b93,2,1,0.9609598517417908,0.9609598517417908,0.9609598517417908,0.9609598517417908,1.0
f41ad75ceb5c1eb3fc88c9a47b3d387115ce6164,3,3,0.9726691842079163,0.9735671281814575,0.9816484451293945,0.979415237903595,1.0
4bb4b8d08a8413412fe117a5456c1a8801345d82,2,1,0.9884967803955078,0.9884967803955078,0.9884967803955078,0.9884967803955078,1.0
8b8c6e4aea743475edef0e3cba4210738229f9cc,2,1,0.9762011766433716,0.9762011766433716,0.9762011766433716,0.9762011766433716,1.0
9ce6b3b313c1d609103fa9ee060f96bcdf3e6950,2,1,0.9766089916229248,0.9766089916229248,0.9766089916229248,0.9766089916229248,1.0
66643c8dbb0a13d4f86ecbd25be30f69cd888180,3,3,0.9518404006958008,0.952893853187561,0.9623751044273376,0.9663851261138916,1.0
c66aa679f7082a708b8ef34ae8b44803341a1d6f,4,6,0.9706495404243469,0.9710084199905396,0.9818562269210815,0.9795921444892883,1.0
de77966353fd9f980917f5dd16e0a3e9eb4b818b,4,6,0.9597604274749756,0.959986686706543,0.9699710607528687,0.9696725010871887,1.0
d144278d2a059889c4658cd6d65871f59c8f97a5,2,1,0.9543519020080566,0.9543519020080566,0.9543519020080566,0.9543519020080566,1.0
cb8322016748bd9144e9674c9877392d681c6cc6,2,1,0.9777225255966187,0.9777225255966187,0.9777225255966187,0.9777225255966187,1.0
f5fbd07653d3fa7e5b10df36183f11707cef5b3f,2,1,0.9591232538223267,0.9591232538223267,0.9591232538223267,0.9591232538223267,1.0
f3d3bb355fd1093ffa72898b87799f5db080650e,4,6,0.9946105480194092,0.9948709011077881,0.9965832829475403,0.9965310096740723,1.0
f109e7889fdd8576f163b47db0ff0eb2ec267c62,3,3,0.9694628715515137,0.969811737537384,0.9729515314102173,0.9780207276344299,1.0
ccee26b6dabb37319078d70d37ecdb143b452c2d,2,1,0.9548399448394775,0.9548399448394775,0.9548399448394775,0.9548399448394775,1.0
97c8e868929c29b8239e6793afee57bf739889a9,2,1,0.9582685232162476,0.9582685232162476,0.9582685232162476,0.9582685232162476,1.0
6d67a5cee9f856f4226e45ce32f317c204f06b89,4,6,0.9818835258483887,0.9828169941902161,0.9897630214691162,0.9893631339073181,1.0
7c4db605186e9a9013acb6780e4f902e083b25bc,2,1,0.9677848815917969,0.9677848815917969,0.9677848815917969,0.9677848815917969,1.0
29e96480f4f6a50a8c4dd7bdbd0e32116225aaa3,2,1,0.9970473647117615,0.9970473647117615,0.9970473647117615,0.9970473647117615,1.0
a5a4c8b63a3b71bd346d8d171302328dce83d44a,2,1,0.951869010925293,0.951869010925293,0.951869010925293,0.951869010925293,1.0
b7d96e8a7494857f807baf9bc1d6e31450b175d9,2,1,0.9892484545707703,0.9892484545707703,0.9892484545707703,0.9892484545707703,1.0
cbc2739ffff4b69e11b6fb4a08c8c66893077154,2,1,0.964477002620697,0.964477002620697,0.964477002620697,0.964477002620697,1.0
32faa239bd45b2d2042cd62c0b436c285d9fafab,3,3,0.9780724048614502,0.9781383275985718,0.9787318110466003,0.9835733771324158,1.0
fd2bfe373e27e5e7eef2e460d9edf9a55eb4c889,2,1,0.9570186734199524,0.9570186734199524,0.9570186734199524,0.9570186734199524,1.0
6eab884c33adbb1f7559dfe6ceb9fe4e023fa2a5,2,1,0.9893488883972168,0.9893488883972168,0.9893488883972168,0.9893488883972168,1.0
436e75fb5e773fbb161bef169494ccb90c100f51,2,1,0.9628187417984009,0.9628187417984009,0.9628187417984009,0.9628187417984009,1.0
bb3cdf444d2025ddc5cdbd5caffd4dcb305b72e4,2,1,0.9707052111625671,0.9707052111625671,0.9707052111625671,0.9707052111625671,1.0
d7730ead1e2d51ee3e8b39d89226446271bda10c,3,3,0.9696741700172424,0.9700859785079956,0.973792552947998,0.972569465637207,1.0
fd9a7792d17de3cc58c67ef891b9041d14340acc,3,3,0.9560904502868652,0.9573361873626709,0.9685479998588562,0.972136914730072,1.0
8c94da27160d0479755dbaf8e4209005dd0a55b3,2,1,0.9729284644126892,0.9729284644126892,0.9729284644126892,0.9729284644126892,1.0
36c19d5be7c350419b319e6d940a5988bb4c864e,2,1,0.9798851013183594,0.9798851013183594,0.9798851013183594,0.9798851013183594,1.0
33152fa2d51ebb08faea200ed07e321f3973a890,2,1,0.9919369220733643,0.9919369220733643,0.9919369220733643,0.9919369220733643,1.0
fab4ba45035a508eee2029cd583879d1d055167a,2,1,0.9938039183616638,0.9938039183616638,0.9938039183616638,0.9938039183616638,1.0
fce609786e0fedf3549fb3e0f85bf38be15b6710,2,1,0.9864459037780762,0.9864459037780762,0.9864459037780762,0.9864459037780762,1.0
924ba16f858267bdeaa923ab0deef4fa6413c1b7,2,1,0.9640578031539917,0.9640578031539917,0.9640578031539917,0.9640578031539917,1.0
1062ffbe889766b530eabb6da71b7dc0a9251c6c,2,1,0.9547147154808044,0.9547147154808044,0.9547147154808044,0.9547147154808044,1.0
e0c51e7fbb5a519980086c8625411e85ca1485b6,2,1,0.9544156193733215,0.9544156193733215,0.9544156193733215,0.9544156193733215,1.0
5f47374482663ee396e7ab27dd4937b36b3a784e,2,1,0.963652491569519,0.963652491569519,0.963652491569519,0.963652491569519,1.0
3195bbb81d49b5a054e51c98f32f88a1f670c544,2,1,0.9827987551689148,0.9827987551689148,0.9827987551689148,0.9827987551689148,1.0
abb740daf25185e19d1df7faaea8ddca9bb78f05,4,6,0.9733734130859375,0.9756103157997131,0.9877027869224548,0.9857967495918274,1.0
36c6a549e73d66a50d923854f5e530238475e1fc,2,1,0.9743838906288147,0.9743838906288147,0.9743838906288147,0.9743838906288147,1.0
b0db519a5696e31db206496a78b6789f360839ab,2,1,0.9901587963104248,0.9901587963104248,0.9901587963104248,0.9901587963104248,1.0
10aadf104f92d8454b483093cbd134f9c12bbcb9,2,1,0.9851398468017578,0.9851398468017578,0.9851398468017578,0.9851398468017578,1.0
7724012912b4ea2a0e0e8bd3b1807e31fec247e4,2,1,0.981655478477478,0.981655478477478,0.981655478477478,0.981655478477478,1.0
37c7fe410ec079d601dc1da3017d4af6e5a92e6c,2,1,0.9834868311882019,0.9834868311882019,0.9834868311882019,0.9834868311882019,1.0
132b302552b02bfa5e97a384ae00fbd078204e2c,2,1,0.9941359758377075,0.9941359758377075,0.9941359758377075,0.9941359758377075,1.0
59222e523b70885a080fc19a12d9f9566577f85a,2,1,0.9748403429985046,0.9748403429985046,0.9748403429985046,0.9748403429985046,1.0
d50aee684e640795f2f5c71fca17f274ff5eeb6e,2,1,0.9686822891235352,0.9686822891235352,0.9686822891235352,0.9686822891235352,1.0
4c9824d635e33a94ff4ef18237c8f089dd0a7f32,4,6,0.981701135635376,0.982413649559021,0.9868838787078857,0.9863839149475098,1.0
cc43db19044c7b474f147dfd46a4cb28c6dc260d,2,1,0.9822355508804321,0.9822355508804321,0.9822355508804321,0.9822355508804321,1.0
b6708a9ed5b2187da4beddb71f09a5ba2e716bc3,2,1,0.9971702098846436,0.9971702098846436,0.9971702098846436,0.9971702098846436,1.0
ef472f08ed7f1d93f6e0f9342ca8f2c0745b2de2,2,1,0.988654375076294,0.988654375076294,0.988654375076294,0.988654375076294,1.0
1604d4c82ac16bdb649f74b2d8e91d84bd852961,2,1,0.9715350866317749,0.9715350866317749,0.9715350866317749,0.9715350866317749,1.0
fef2ba25ad92c09006ad9c826d907911358d457b,3,3,0.9551112651824951,0.9553731083869934,0.9577298164367676,0.9704844355583191,1.0
22df585ec44fe8bee4a79662ad3990607cd70dcc,2,1,0.974414587020874,0.974414587020874,0.974414587020874,0.974414587020874,1.0
29287a40ba64d5f0ee1c786948dcd65d71c6548e,2,1,0.9633987545967102,0.9633987545967102,0.9633987545967102,0.9633987545967102,1.0
34357f6b36c1fba9e03940f5c8b92bbc5899a858,2,1,0.9639679193496704,0.9639679193496704,0.9639679193496704,0.9639679193496704,1.0
ac7ccc22c8f535fa92ca48e74bf1d925c34107cb,2,1,0.9633015394210815,0.9633015394210815,0.9633015394210815,0.9633015394210815,1.0
26382abebd09f506125d8416819ae3cc68e41959,2,1,0.9799032807350159,0.9799032807350159,0.9799032807350159,0.9799032807350159,1.0
0454fe4a7841d7a4a9acdf25e6e8fde05fc3fa30,2,1,0.9694344997406006,0.9694344997406006,0.9694344997406006,0.9694344997406006,1.0
457e233a7bc3537d1f3e970b2cc0fe174de6d27c,4,6,0.9658029079437256,0.9661180973052979,0.9706294536590576,0.9743301272392273,1.0
e3dee9f35d316a629cbb6e144f4c6084c177880e,3,3,0.9649109840393066,0.9649782180786133,0.9655832052230835,0.9748821258544922,1.0
31d3577f79d3354595ee5db590c82e9d0ed03e61,2,1,0.9616299867630005,0.9616299867630005,0.9616299867630005,0.9616299867630005,1.0
6ec41c32b072f4f484c4979eb6414adcb13b8804,2,1,0.9610358476638794,0.9610358476638794,0.9610358476638794,0.9610358476638794,1.0
2bd36d4d264705855cd3f4b89b90dfae9945046b,2,1,0.9565230011940002,0.9565230011940002,0.9565230011940002,0.9565230011940002,1.0
aa74dbf544b9b8016c5373b600d8c2d3d5df5622,2,1,0.9579317569732666,0.9579317569732666,0.9579317569732666,0.9579317569732666,1.0
5885abc86a44613c7ebc6e74f1c570d7f97621e4,2,1,0.9756220579147339,0.9756220579147339,0.9756220579147339,0.9756220579147339,1.0
d221f251eb4ef72112b0c6ac55b65500c601c554,2,1,0.979693591594696,0.979693591594696,0.979693591594696,0.979693591594696,1.0
2ca722399e0c718e185d39e1cc27a8a89d0d6a70,3,3,0.960502028465271,0.9606426954269409,0.9619089961051941,0.9672499299049377,1.0
a25f8a40ea40025da629927fb939585298a86b84,3,3,0.9641536474227905,0.9643243551254272,0.9658607244491577,0.9694392085075378,1.0
99d3be74279ec40f7423dd012f7244ae30b42feb,3,3,0.9766647219657898,0.977427065372467,0.9842880368232727,0.9822015762329102,1.0
9ac6169bcdea4faf9f1685a82c2247331c64b00c,2,1,0.9553484916687012,0.9553484916687012,0.9553484916687012,0.9553484916687012,1.0
56b1e32733e39c6a99d9290d463a773c9162d4ac,3,3,0.9601393342018127,0.9621403813362122,0.9801499843597412,0.9738433361053467,1.0
35b81fbb8c069f9d38e6836f2f483fb589960449,2,1,0.975930392742157,0.975930392742157,0.975930392742157,0.975930392742157,1.0
f137c3ae8b5191c3a24231a50bab03a30b58784b,2,1,0.9825785160064697,0.9825785160064697,0.9825785160064697,0.9825785160064697,1.0
345ef3f54cb535160bd711926c7c8058da38a293,3,3,0.950961172580719,0.9510283470153809,0.9516329765319824,0.9652907252311707,1.0
524963512d7f2a1374758e1acafd7578d19d7573,4,6,0.9515211582183838,0.9518749713897705,0.9541587829589844,0.9612781405448914,1.0
bad76d9076843946f8500beaa3ee301f0d8da792,2,1,0.9531014561653137,0.9531014561653137,0.9531014561653137,0.9531014561653137,1.0
739ec29ee894d50a9343792f70f67fd30efde894,2,1,0.9531377553939819,0.9531377553939819,0.9531377553939819,0.9531377553939819,1.0
5ce7eeaae96a480355ab0dd8780f6eb3702ab0bd,2,1,0.9609824419021606,0.9609824419021606,0.9609824419021606,0.9609824419021606,1.0
8aa99f8b6fce1feb3cd2b8cc43f34477eeb38fe1,2,1,0.9596664905548096,0.9596664905548096,0.9596664905548096,0.9596664905548096,1.0
2ba1cc233c36360cee869fa044c76fddda89a37e,2,1,0.9786282777786255,0.9786282777786255,0.9786282777786255,0.9786282777786255,1.0
ff3399f3ee4ea7d4cac15002dd77a84a11ee0d89,2,1,0.9644416570663452,0.9644416570663452,0.9644416570663452,0.9644416570663452,1.0
f4ecce365f7784f70162a86c4d5e8ab94434ef0b,2,1,0.9560201168060303,0.9560201168060303,0.9560201168060303,0.9560201168060303,1.0
98c9b1c0e74177136f615932e2e30fe84465b0b5,2,1,0.9876000881195068,0.9876000881195068,0.9876000881195068,0.9876000881195068,1.0
3818aaed8c60205422db0f7e8704c5d76cdfbf60,3,3,0.9531418085098267,0.953522264957428,0.956946611404419,0.9616863131523132,1.0
cf9a048acf273baa98a52fa9dd22f43c6399b9e1,3,3,0.9879226684570312,0.988234281539917,0.9910385608673096,0.9914212226867676,1.0
2eccbd16d8d660d6f4df5bac9a80c6db0d9eb9a6,2,1,0.9625175595283508,0.9625175595283508,0.9625175595283508,0.9625175595283508,1.0
f70ce81329ea61e851b6f604fe87fcda97534f32,3,3,0.9518718123435974,0.9530852437019348,0.9640058875083923,0.968407154083252,1.0
a646dde9279ab109a9592a3c271d733707711cc1,2,1,0.9515550136566162,0.9515550136566162,0.9515550136566162,0.9515550136566162,1.0
25f106754a443533d1f806be07d8f8a5dea0cd61,2,1,0.9757370352745056,0.9757370352745056,0.9757370352745056,0.9757370352745056,1.0
aee7eba82801e3f02ccb9676cff7ce26e15035d7,3,3,0.9732081890106201,0.9736283421516418,0.9774097204208374,0.9765955805778503,1.0
779497706ed5b7a7f7cfef1e919cdf091fe8ce08,4,6,0.9793062210083008,0.9799479246139526,0.9905803799629211,0.9892988801002502,1.0
e1efbf970931fd9bf68047f71ebbe44366374fe4,3,3,0.9815706610679626,0.9821285009384155,0.9871493577957153,0.986805260181427,1.0
b2821fd98b055902ef484a54fe09a078f5b6dbae,2,1,0.9601953029632568,0.9601953029632568,0.9601953029632568,0.9601953029632568,1.0
d717de006eae52b82bef4b37021fe99883db5f35,2,1,0.9513362050056458,0.9513362050056458,0.9513362050056458,0.9513362050056458,1.0
38f2a3ab66fad1e4792de921ec0d61ba69c17799,2,1,0.9582182168960571,0.9582182168960571,0.9582182168960571,0.9582182168960571,1.0
fb8198c72b6329da4e4c6c1d5603f467b1f5fd1e,2,1,0.9511875510215759,0.9511875510215759,0.9511875510215759,0.9511875510215759,1.0
a59483c9e028e4b6ca6d7800ba430e7568a5446e,2,1,0.9811148643493652,0.9811148643493652,0.9811148643493652,0.9811148643493652,1.0
adf4449ad304c1812ed373a3ec9a7ab3ffe06bd2,2,1,0.9656022191047668,0.9656022191047668,0.9656022191047668,0.9656022191047668,1.0
bd8b4b1cee240d2513f9b6beed076179dd49beb3,5,10,0.9802267551422119,0.9810909032821655,0.9873475432395935,0.9871824383735657,1.0
b4241adb82587d8537f525282420a302b923082d,2,1,0.9670106768608093,0.9670106768608093,0.9670106768608093,0.9670106768608093,1.0
623984986ed78b81b9da6c5d8636ad28f0df97f3,3,3,0.9591008424758911,0.9592165350914001,0.9602577686309814,0.9688680768013,1.0
97e844ecda8027a851aef130e001af07290ed629,2,1,0.9660100936889648,0.9660100936889648,0.9660100936889648,0.9660100936889648,1.0
40e0143415ccdeb64a4901a33ca9faaed7fcbae4,3,3,0.9839661717414856,0.9844292402267456,0.9885969758033752,0.9880066514015198,1.0
7f1b21e91a12e45a8780b85668ea7b543aefc6e7,3,3,0.9777358174324036,0.9784299731254578,0.9846776127815247,0.9848201870918274,1.0
ec650c9c0984331aa59feaffd8d49a0e4e99bdd9,2,1,0.97178053855896,0.97178053855896,0.97178053855896,0.97178053855896,1.0
f2f542a1878042ba3458fae90267d02310916569,2,1,0.9644476175308228,0.9644476175308228,0.9644476175308228,0.9644476175308228,1.0
84fc370d7192d237c132d06ee7aaa14cb42dc58d,2,1,0.9576098918914795,0.9576098918914795,0.9576098918914795,0.9576098918914795,1.0
bb997573b44f1b5bc91e221e28c91d096e295682,2,1,0.9777669310569763,0.9777669310569763,0.9777669310569763,0.9777669310569763,1.0
391703b8087b016e1bc6f7ab581de7f0dc5ebfc7,2,1,0.9649330377578735,0.9649330377578735,0.9649330377578735,0.9649330377578735,1.0
d2532e9e92a783dd8770176f0965055aa33424d2,2,1,0.9775998592376709,0.9775998592376709,0.9775998592376709,0.9775998592376709,1.0
a8fd32c5b1dac47b3bacb8e0773ee8750791de88,2,1,0.9576193690299988,0.9576193690299988,0.9576193690299988,0.9576193690299988,1.0
7a28c169557fea6f01ff08b4c2d310651d379b67,4,6,0.9577865600585938,0.959642767906189,0.9743183851242065,0.9751051068305969,1.0
bead86ceaf1a15b0c5683c201631c1d1bb4b581d,2,1,0.9813535213470459,0.9813535213470459,0.9813535213470459,0.9813535213470459,1.0
99e8ab4563ff31d1d284b377ab0995a086442f0d,3,3,0.982442319393158,0.9828053712844849,0.9860725402832031,0.9873604774475098,1.0
a576468c967799a22338a3aa5a6d7c4b30529bb1,3,3,0.9785648584365845,0.978627622127533,0.9791923761367798,0.9801430702209473,1.0
da7f971221eb9b90fc28f8c6e03effa7e246e618,2,1,0.9768674373626709,0.9768674373626709,0.9768674373626709,0.9768674373626709,1.0
baae8a7ea46e85ac396e70acc1580282973652f3,3,3,0.982631504535675,0.982697069644928,0.9832873940467834,0.987542450428009,1.0
6df31a6cbf768fe158a967fa53a4b5e6b5a22e89,2,1,0.9677830338478088,0.9677830338478088,0.9677830338478088,0.9677830338478088,1.0
32f48bc2ce03140ea79f6ce36ee7c95bcb3da2e4,3,3,0.9591551423072815,0.9596017003059387,0.9636208415031433,0.9738913178443909,1.0
3406ce96f6d41f52975032f8e7c445d87ee75776,2,1,0.964544951915741,0.964544951915741,0.964544951915741,0.964544951915741,1.0
4933900d351ec7226827301e110490a3e9b60983,2,1,0.9730095863342285,0.9730095863342285,0.9730095863342285,0.9730095863342285,1.0
a899c971ea2d17f9cda41420d68117cf3ea26ef7,3,3,0.9809303283691406,0.9815926551818848,0.9875536561012268,0.9861171841621399,1.0
c0eced167e910e6f72d355fbe61d7358f15fc688,2,1,0.9876834154129028,0.9876834154129028,0.9876834154129028,0.9876834154129028,1.0
b4791a72747e0f952a3126c2fa7447499824cc1e,2,1,0.9934864044189453,0.9934864044189453,0.9934864044189453,0.9934864044189453,1.0
74b84a7abac8b135aade527cbcd0a89777ca68e5,2,1,0.9600304961204529,0.9600304961204529,0.9600304961204529,0.9600304961204529,1.0
bef877bc962ef092479a2d63b0fdd3dbb66b81c5,3,3,0.988167405128479,0.9884485602378845,0.9909791946411133,0.9906191825866699,1.0
cb4b0fb8ee3dccd52b97f0fe4e45cc72b671ed01,2,1,0.9815791845321655,0.9815791845321655,0.9815791845321655,0.9815791845321655,1.0
55b03c06ed4735d31f4f9392c7284bdc037c6d01,2,1,0.9607140421867371,0.9607140421867371,0.9607140421867371,0.9607140421867371,1.0
be036ce2a9adc5073d41752c5789457c27e5d0af,2,1,0.9802519679069519,0.9802519679069519,0.9802519679069519,0.9802519679069519,1.0
b11fe8bb99733ab325ab2dae1ae7f7960f63756e,2,1,0.9780564308166504,0.9780564308166504,0.9780564308166504,0.9780564308166504,1.0
e9c3843a8cd9b855e1c2cd7e3e41bbadc8c4765f,3,3,0.9793487787246704,0.979410707950592,0.9799679517745972,0.9823565483093262,1.0
d4ec8a415858713258d6b37ca941e4dbe1b076a2,2,1,0.9661219120025635,0.9661219120025635,0.9661219120025635,0.9661219120025635,1.0
2dbc5edc229f9527226131ed4824a61020010410,2,1,0.9770911335945129,0.9770911335945129,0.9770911335945129,0.9770911335945129,1.0
46ccddd85f6064650273ed66c6ce674dcc52391b,2,1,0.954675018787384,0.954675018787384,0.954675018787384,0.954675018787384,1.0
ab715b252ab3380fd5ce941ae462e4cd98c4512e,2,1,0.9825482368469238,0.9825482368469238,0.9825482368469238,0.9825482368469238,1.0
7a29ab300a13ad1871c29040160a790e83f4e323,2,1,0.969865083694458,0.969865083694458,0.969865083694458,0.969865083694458,1.0
289e84b7a83eed5cf79b21a3792ba449efaf2fbf,2,1,0.9939820766448975,0.9939820766448975,0.9939820766448975,0.9939820766448975,1.0
16cb3b2e7f73116b889034e9143fc2601eeaad87,3,3,0.9814691543579102,0.9820621013641357,0.9873984456062317,0.9868452548980713,1.0
fda49d38d07bb5b61cd0491b7b4a8d028d768156,2,1,0.9538471698760986,0.9538471698760986,0.9538471698760986,0.9538471698760986,1.0
58f4c85bee86b0e43e57332616be8b04119df817,2,1,0.9903683662414551,0.9903683662414551,0.9903683662414551,0.9903683662414551,1.0
ec9f0cb7bda622e0579e1a387c2179c6dbc23653,2,1,0.9632692337036133,0.9632692337036133,0.9632692337036133,0.9632692337036133,1.0
22cd387fa7dc095fe54c735563074311a7c1dee1,3,3,0.9805829524993896,0.9806024432182312,0.9807779788970947,0.9819769859313965,1.0
55a699d690e8854dca3fb56d0cabbc92e3fce20f,2,1,0.9820036888122559,0.9820036888122559,0.9820036888122559,0.9820036888122559,1.0
c9c42bae1d05a00fce15e136fd1a825fab14a403,4,6,0.9750123620033264,0.9756999015808105,0.9792618751525879,0.9817907810211182,1.0
a5ef09e4f2e331df6f769ca2bb3b4a1bede69b8b,2,1,0.964319109916687,0.964319109916687,0.964319109916687,0.964319109916687,1.0
f8417b2e81610d8dcf0449c7c163f0261ef6f72a,3,3,0.9731264710426331,0.9734551906585693,0.9764134883880615,0.975820779800415,1.0
240e6f933ab981d072a4684ada139baec830c711,2,1,0.9742990732192993,0.9742990732192993,0.9742990732192993,0.9742990732192993,1.0
469e4f1ee425441837fdd0e0588812480718303f,2,1,0.9683711528778076,0.9683711528778076,0.9683711528778076,0.9683711528778076,1.0
0ac719f25ec2b9c436e7e19eb09f979061b798ef,2,1,0.9559609293937683,0.9559609293937683,0.9559609293937683,0.9559609293937683,1.0
6df4e6ea9eafef8286851935639d9d71f025567a,3,3,0.9703112840652466,0.9704278111457825,0.9714767932891846,0.9776795506477356,1.0
8007d4492ba43ec47289dc1f048782e4f75b06cb,3,3,0.984816312789917,0.9848339557647705,0.9849927425384521,0.9885668754577637,1.0
c5a6d561a9868a369733932b065b2f9acf04c07a,2,1,0.9661487340927124,0.9661487340927124,0.9661487340927124,0.9661487340927124,1.0
619269c6b9920901512c9707f98941cbeea9dbb7,2,1,0.9850280284881592,0.9850280284881592,0.9850280284881592,0.9850280284881592,1.0
f08dab91b3517aac736bdf6fbc686d1187e59e22,2,1,0.9649211764335632,0.9649211764335632,0.9649211764335632,0.9649211764335632,1.0
072758a6f1287857d89e895edf4ded8ea41dcb32,2,1,0.9745387434959412,0.9745387434959412,0.9745387434959412,0.9745387434959412,1.0
c1f5926254221195c757a7f44a312b8edcfef6ee,3,3,0.9504225850105286,0.9515478014945984,0.9616748690605164,0.9580724835395813,1.0
32778da12d67ec532df0327ea899876a2e85a50d,2,1,0.9819228649139404,0.9819228649139404,0.9819228649139404,0.9819228649139404,1.0
7dd4bb4c852b430b6d627148030f1c07b313729e,3,3,0.9674335718154907,0.9677329659461975,0.970427393913269,0.974895179271698,1.0
2c0ad69cba9153a9ad84a432bd0cfc5a491b66b9,3,3,0.9717355966567993,0.9717459082603455,0.9718385934829712,0.9756991863250732,1.0
9ba7458c50812b399396e424855e5894648def1c,2,1,0.9768186211585999,0.9768186211585999,0.9768186211585999,0.9768186211585999,1.0
3732cfe87f3339ebba467a01c86b29da4fdd13fa,3,3,0.9584033489227295,0.9587861895561218,0.9622315168380737,0.9698500037193298,1.0
d2bf1476957cc474605dbff5421751ce07145a9c,3,3,0.9541324973106384,0.9558014869689941,0.9708225727081299,0.9667865633964539,1.0
a0e62843cd894e35a6b6d95fe3edbd98a43574ee,2,1,0.984096109867096,0.984096109867096,0.984096109867096,0.984096109867096,1.0
3769766526cd9212b7ca7c32b96936cea932f561,2,1,0.9730470180511475,0.9730470180511475,0.9730470180511475,0.9730470180511475,1.0
24cc2e7f8cde2cd2c73ab82a8b3b83d21d130e43,2,1,0.964225709438324,0.964225709438324,0.964225709438324,0.964225709438324,1.0
8bafa5b9ca7ad19694c3fe9aceaab9444cd13bba,3,3,0.9636407494544983,0.9647048115730286,0.9742814302444458,0.9749237895011902,1.0
349174aeeb124b0834d219072d77024a02cb6e3f,2,1,0.9728744626045227,0.9728744626045227,0.9728744626045227,0.9728744626045227,1.0
5b69e4531ea0d9d725d546cd5e7e6cc1477ae1de,2,1,0.9562798738479614,0.9562798738479614,0.9562798738479614,0.9562798738479614,1.0
b2b4864e9e1c9950b0014620bc802ba410e6f132,3,3,0.9616813659667969,0.962768018245697,0.9725480675697327,0.9757418036460876,1.0
f37cc038bf603da5f55b5b26f9a2e1bbb5ab4aa5,2,1,0.9816217422485352,0.9816217422485352,0.9816217422485352,0.9816217422485352,1.0
286870b10b168282d974ce21898a0c3bda928a50,2,1,0.9839613437652588,0.9839613437652588,0.9839613437652588,0.9839613437652588,1.0
b40365905e8048844067ca3eda2a50f5255b207a,2,1,0.953147292137146,0.953147292137146,0.953147292137146,0.953147292137146,1.0
e6d63faf4b87cd6ebed994aea3a98b62adb60ffb,3,3,0.9798364639282227,0.9798950552940369,0.9804221391677856,0.9832084774971008,1.0
4b022834b9aeeff2b8f2d9ae4f9f8867c59c9f85,4,6,0.9811113476753235,0.9813274145126343,0.9879454970359802,0.9881539344787598,1.0
aae25cb274cbbbf748b46f6164229d78d8b682b7,2,1,0.9525314569473267,0.9525314569473267,0.9525314569473267,0.9525314569473267,1.0
e085434aee82c0bb41f3598fe223c55af89efb4f,2,1,0.966656506061554,0.966656506061554,0.966656506061554,0.966656506061554,1.0
e70cd7e97f7bb3f7d0939ef512605c3e10c268c8,2,1,0.9951760768890381,0.9951760768890381,0.9951760768890381,0.9951760768890381,1.0
70909d8846a2b137fdb965d25258683738670f20,2,1,0.9715650081634521,0.9715650081634521,0.9715650081634521,0.9715650081634521,1.0
179a1558d25e1b9b2fc63c329e5cb6fc0fea7a4e,2,1,0.980758786201477,0.980758786201477,0.980758786201477,0.980758786201477,1.0
bedb2cbc27c878e80a9038f86128011fc7c50968,3,3,0.954346776008606,0.954666256904602,0.9575415849685669,0.9668960571289062,1.0
5f4586b5c1e8a146ef4ebec8fcd4e5f43b35da8c,2,1,0.9961735606193542,0.9961735606193542,0.9961735606193542,0.9961735606193542,1.0
f2e92fe2f4c674b4522a2e9284fcee10e42dfd25,3,3,0.9864710569381714,0.9865073561668396,0.9868341684341431,0.9874014854431152,1.0
c169cb7ebdc6b97d6a80af5b922a90377339b415,2,1,0.974315881729126,0.974315881729126,0.974315881729126,0.974315881729126,1.0
12b23c085dd0f6d17ceb575c13b7c8dc3cffbed1,3,3,0.959216833114624,0.9611247181892395,0.9782954454421997,0.9749725461006165,1.0
b64b74593c0c95147fcdaf4d44018ae869f5e4ae,2,1,0.9783068895339966,0.9783068895339966,0.9783068895339966,0.9783068895339966,1.0
02b8775445ecc52b7339fb02c7b78d79c1bbbce8,3,3,0.9625985622406006,0.9632746577262878,0.9693597555160522,0.9699264168739319,1.0
bef64d5c421d854a1147e6c07da277f45f6b8817,2,1,0.9722838401794434,0.9722838401794434,0.9722838401794434,0.9722838401794434,1.0
831c606c9ec61de494107e227c2182bbd1ef77b2,2,1,0.9507884979248047,0.9507884979248047,0.9507884979248047,0.9507884979248047,1.0
29e76f785f517eca20a60ced63cab0b47362668e,2,1,0.9909898042678833,0.9909898042678833,0.9909898042678833,0.9909898042678833,1.0
e3348cf186db245d2f034a21ded360171d81a363,2,1,0.957095742225647,0.957095742225647,0.957095742225647,0.957095742225647,1.0
c8fb714df4e212039a445287f77d93d5535b552a,4,6,0.9641401767730713,0.9648531675338745,0.9709124565124512,0.9742533564567566,1.0
2b36b4df7a78c2888a47c89cf5e679138cece07a,2,1,0.9529792070388794,0.9529792070388794,0.9529792070388794,0.9529792070388794,1.0
f247813dd45e17577f833c37d47b213ff2459cef,3,3,0.9588587284088135,0.95887291431427,0.959000825881958,0.971566379070282,1.0
47399db3eedac0e9f7fecf1f549e63659a539337,3,3,0.9717608094215393,0.9729392528533936,0.9835455417633057,0.9802432656288147,1.0
73e6afb3a22621d61ea3bf221606e942d59347e4,2,1,0.9761382341384888,0.9761382341384888,0.9761382341384888,0.9761382341384888,1.0
eddb03ba2ab76aec77ccc0c12e75fafadea4e874,2,1,0.9932634830474854,0.9932634830474854,0.9932634830474854,0.9932634830474854,1.0
464037c497cd009ef959c4a135ace7dde16238a6,4,6,0.9668908715248108,0.9673994183540344,0.9763048887252808,0.9752888083457947,1.0
0b15d4fb154f9bd43db389c21f6a9e29f4c5d781,2,1,0.986685037612915,0.986685037612915,0.986685037612915,0.986685037612915,1.0
06abcfe1c45be6f3938933ee39a167e2387f23cf,2,1,0.9813998341560364,0.9813998341560364,0.9813998341560364,0.9813998341560364,1.0
9f76c6ac510a8fff6020224ab0663a6f8db7c3d6,3,3,0.9684492349624634,0.9686641097068787,0.9705978035926819,0.976379930973053,1.0
a3ca564a3c96ec5de64b1bf6b91da2f2de2a1c7a,2,1,0.9672074913978577,0.9672074913978577,0.9672074913978577,0.9672074913978577,1.0
9de2f320d704b29139486dd19a241b3e1e16c551,2,1,0.9678031206130981,0.9678031206130981,0.9678031206130981,0.9678031206130981,1.0
f186758398cf4e02dc4984c45c4a9e70af69b783,2,1,0.9929060935974121,0.9929060935974121,0.9929060935974121,0.9929060935974121,1.0
c036ee193b012b89f458b6870a8cec1f0d2255bb,2,1,0.9746502041816711,0.9746502041816711,0.9746502041816711,0.9746502041816711,1.0
36d029970fa57af39ccf2ffe12bbcc765e800c6e,3,3,0.9779714345932007,0.9780842661857605,0.9790998697280884,0.9819872975349426,1.0
2abcfde9f9269a0e7b9906881cfe767b1b5b7179,2,1,0.9862284660339355,0.9862284660339355,0.9862284660339355,0.9862284660339355,1.0
89ea35de70f3d40a2303037d04dec86581a8bd73,2,1,0.981508731842041,0.981508731842041,0.981508731842041,0.981508731842041,1.0
5f05b0bc38eafa7a1a42bf82a57e4b166b2d3321,3,3,0.9686021208763123,0.9694056510925293,0.9766371250152588,0.9780762195587158,1.0
3bb1d0ad7254fc5153c0d167016c2ddbee558f63,2,1,0.9522862434387207,0.9522862434387207,0.9522862434387207,0.9522862434387207,1.0
001444b8e17de8d0f37ff13b1f37f5db1689a3af,2,1,0.9533931016921997,0.9533931016921997,0.9533931016921997,0.9533931016921997,1.0
ae436c14968f0a9120d5be1f9de1fa80cd2c4e0d,2,1,0.9705806970596313,0.9705806970596313,0.9705806970596313,0.9705806970596313,1.0
02b07917b9eee6e998fb358981015f815ac26840,3,3,0.9785668253898621,0.9791080951690674,0.9839795827865601,0.985375702381134,1.0
3179a98b269e2755812bc1c62b64d370d0e0ddda,3,3,0.986242413520813,0.9867384433746338,0.9912030100822449,0.9898133277893066,1.0
37585294bbe9aa29c509b40b5b79806f3a630d82,2,1,0.9901443719863892,0.9901443719863892,0.9901443719863892,0.9901443719863892,1.0
08b61bb611bfb271f2558c77421711b4c177a9a1,2,1,0.9843583106994629,0.9843583106994629,0.9843583106994629,0.9843583106994629,1.0
3943cb83995baaaa664b100450644d590f7c0d84,2,1,0.9846938848495483,0.9846938848495483,0.9846938848495483,0.9846938848495483,1.0
bc0c3bca165135ddd57d21f4f99843a3e09b1d68,2,1,0.9684014320373535,0.9684014320373535,0.9684014320373535,0.9684014320373535,1.0
226a2bc514ed3e846f5d620ccea4b8aaddd69416,5,10,0.9885432124137878,0.9886642098426819,0.9924830794334412,0.9924612045288086,1.0
28d79ec3d7de2c871affc00a150c5a1620ae38ef,2,1,0.9515929222106934,0.9515929222106934,0.9515929222106934,0.9515929222106934,1.0
b547f264464deb1e3743c014ba7cff1c8b25cf43,2,1,0.9860169291496277,0.9860169291496277,0.9860169291496277,0.9860169291496277,1.0
5275005460168b9f24c141dc96db2242a41ee142,4,6,0.9778724312782288,0.978264331817627,0.9878236055374146,0.9873032569885254,1.0
4b7e7f9c0c2bba9b49d8d82daadba427a143ce18,2,1,0.9836221933364868,0.9836221933364868,0.9836221933364868,0.9836221933364868,1.0
7d229fec42a37b5ec61a0dd927a02058dac66332,2,1,0.985013484954834,0.985013484954834,0.985013484954834,0.985013484954834,1.0
2b7eaa620c6de9f75e2160759834388023ebac45,3,3,0.9768112897872925,0.9773169159889221,0.9818674325942993,0.9803575873374939,1.0
8233810c750862328c5560e0771934eae23a75e9,3,3,0.9700527191162109,0.9701692461967468,0.9712179899215698,0.9738328456878662,1.0
07cb34e59af70f34172d9da2e828d54f4cc76374,4,6,0.982793927192688,0.983151912689209,0.987389862537384,0.9865788817405701,1.0
3c6109b8979d6c63d3b7db16f8966f77b9ee3ab5,2,1,0.9736971855163574,0.9736971855163574,0.9736971855163574,0.9736971855163574,1.0
687e39c20fa3f4dcb8c21117b092c88c92000c96,5,10,0.9563975930213928,0.9594998955726624,0.9742398262023926,0.9734929203987122,1.0
489180cb0dee0fcb5f9de0375718b0f1e7656325,2,1,0.9733550548553467,0.9733550548553467,0.9733550548553467,0.9733550548553467,1.0
8513a9093c24d1415414c03c9969094fe219be23,2,1,0.9859024286270142,0.9859024286270142,0.9859024286270142,0.9859024286270142,1.0
a038ad5a2d015e9786179b75f8b6a1bd4dbd7645,2,1,0.9900184869766235,0.9900184869766235,0.9900184869766235,0.9900184869766235,1.0
a83ab5adac16002b6d924b59623604dafb88e891,2,1,0.9581807851791382,0.9581807851791382,0.9581807851791382,0.9581807851791382,1.0
9a9e76b6d2d2983809326890f866526f47b7f981,4,6,0.9819767475128174,0.9826067686080933,0.9863629341125488,0.9893719553947449,1.0
26ce68d4c4ad94c4fb645eccbcc2a2fb03248560,2,1,0.9784126281738281,0.9784126281738281,0.9784126281738281,0.9784126281738281,1.0
2bff44bcc630a3b03870131e8e684c7c0d72f0a0,3,3,0.9509106874465942,0.9511340260505676,0.9531440138816833,0.9551424384117126,1.0
e2901ebe7b99e74349f5bc4535168bfb5a49e24b,2,1,0.9971046447753906,0.9971046447753906,0.9971046447753906,0.9971046447753906,1.0
6daba459f2e95b75d4da5baa0c07d2931a6ea943,2,1,0.9791915416717529,0.9791915416717529,0.9791915416717529,0.9791915416717529,1.0
4fd4305f477a705602b76c32a5db908630713446,2,1,0.9936509132385254,0.9936509132385254,0.9936509132385254,0.9936509132385254,1.0
8c7bcaee904c7f60ab65ce07fa664599a1a01fa0,2,1,0.9730491638183594,0.9730491638183594,0.9730491638183594,0.9730491638183594,1.0
d43e9a2cead7f8d513b4e2474a5750293e80a159,2,1,0.9819032549858093,0.9819032549858093,0.9819032549858093,0.9819032549858093,1.0
a2a9f5dab4f56a35dd7b67d36c068367a7c9ea7a,2,1,0.9506735801696777,0.9506735801696777,0.9506735801696777,0.9506735801696777,1.0
cf136c6447db86b89ffb425945840b6817dcece8,2,1,0.9921865463256836,0.9921865463256836,0.9921865463256836,0.9921865463256836,1.0
bac06f16d5640fa815875e4877ad8fa0cee905e3,3,3,0.9768766164779663,0.9768792986869812,0.9769036769866943,0.9773194193840027,1.0
0499549875d0ae8e9926a9f50dafeed557c1f6cf,2,1,0.978945255279541,0.978945255279541,0.978945255279541,0.978945255279541,1.0
c8fc9ba372ca3bec7c083b7e2a4ca2017bddcdc2,2,1,0.9897698760032654,0.9897698760032654,0.9897698760032654,0.9897698760032654,1.0
d995d287af61ef2bc0bf92e0fefc5f540c15ed42,2,1,0.9618478417396545,0.9618478417396545,0.9618478417396545,0.9618478417396545,1.0
e6a133b46af924a65da5fb130e2478a1b963325f,2,1,0.9645416140556335,0.9645416140556335,0.9645416140556335,0.9645416140556335,1.0
cf9a2da33f5acd4217e33850d86ff86558d83f50,3,3,0.9679610133171082,0.9683912992477417,0.9722635746002197,0.9723374247550964,1.0
7382c5d79e9cbb1188ff8bebd86337b156d68086,2,1,0.9724581837654114,0.9724581837654114,0.9724581837654114,0.9724581837654114,1.0
b2d267e0be5e48529e57f246904ef82a5d5fea74,2,1,0.9766172170639038,0.9766172170639038,0.9766172170639038,0.9766172170639038,1.0
b5ddd6ff6c020038f3741793378075a962216910,2,1,0.983273983001709,0.983273983001709,0.983273983001709,0.983273983001709,1.0
6332f6bdbc8dad0b1f9715b3cced2c4f9fe3ebfa,3,3,0.9567753076553345,0.9568315744400024,0.9573382139205933,0.9667422771453857,1.0
3acd308a1e6c17a7b06c02b9f7e4737a7bde4e0c,3,3,0.9737549424171448,0.9738381505012512,0.9745869636535645,0.9760196208953857,1.0
7a6ec2024ceec1f4920ceda70620f14fb6b2ea55,3,3,0.9532024264335632,0.9532519578933716,0.9536980390548706,0.9632975459098816,1.0
7baef3f9070d9df81a71e8d40507a22f53dc931d,2,1,0.9812691807746887,0.9812691807746887,0.9812691807746887,0.9812691807746887,1.0
9a18f014d37599e202e0952e365f2b47513a5a44,3,3,0.9639997482299805,0.9642491936683655,0.966494083404541,0.9702446460723877,1.0
97b70b94f98d28970618dc7d1aa987eedf671c6c,2,1,0.995323896408081,0.995323896408081,0.995323896408081,0.995323896408081,1.0
651a2e4cf43ecedf03ccff9fa2afe5342d54cc59,2,1,0.9512219429016113,0.9512219429016113,0.9512219429016113,0.9512219429016113,1.0
41898dee8daf77b6936f1d041231dad200930eb8,3,3,0.985482394695282,0.9855411648750305,0.9860701560974121,0.987419068813324,1.0
4e9779147c7ca55680417a2c183159151ce9a02b,3,3,0.9727074503898621,0.9727469682693481,0.9731026291847229,0.9767129421234131,1.0
a9d86004c2482cb09cb64ff4eed940caf532239e,2,1,0.9739500284194946,0.9739500284194946,0.9739500284194946,0.9739500284194946,1.0
86cb76ba50347ba5e50d75d308648636dce47bfe,4,6,0.9535980224609375,0.9541966915130615,0.973802924156189,0.9739682078361511,1.0
6b9b05540aa05db35a987c3acd104a319aa9a4dd,2,1,0.9853591918945312,0.9853591918945312,0.9853591918945312,0.9853591918945312,1.0
6596adc77d126d65d1350e1c23833cfc5db51de0,2,1,0.9586633443832397,0.9586633443832397,0.9586633443832397,0.9586633443832397,1.0
8f9c76ffcd742ac323350b073292ae81f1210abe,2,1,0.980210542678833,0.980210542678833,0.980210542678833,0.980210542678833,1.0
5396ef5286268553ad7f9c809caf54ce24d1c479,2,1,0.9731963872909546,0.9731963872909546,0.9731963872909546,0.9731963872909546,1.0
93a792ba9300f272205b487986a40731e5160175,2,1,0.9637784361839294,0.9637784361839294,0.9637784361839294,0.9637784361839294,1.0
248c70a10b4b0b5fbda7d8a697db418e06808600,5,10,0.9792873859405518,0.9795171022415161,0.9950383901596069,0.9903367757797241,1.0
af8aeb6200f1a241fd7912a841c8400218af7971,2,1,0.9797120094299316,0.9797120094299316,0.9797120094299316,0.9797120094299316,1.0
54513fc37edd0ec33e6282ddf162fc5128953092,2,1,0.968618631362915,0.968618631362915,0.968618631362915,0.968618631362915,1.0
1566a07063abcad74b5f58ac52e6320f09597548,2,1,0.9683167934417725,0.9683167934417725,0.9683167934417725,0.9683167934417725,1.0
15b1eed6f846583b14aa258cb330c1a9cc0370b9,2,1,0.980951189994812,0.980951189994812,0.980951189994812,0.980951189994812,1.0
f07ca09df74902d24d75d207344c663e44ad974f,2,1,0.9754770398139954,0.9754770398139954,0.9754770398139954,0.9754770398139954,1.0
adc078d99d255ad6ec4cf87ebdec667f69c49295,2,1,0.9807928800582886,0.9807928800582886,0.9807928800582886,0.9807928800582886,1.0
478fbcc4f40ade444f69e48def2d83368e639dd6,4,6,0.9761465191841125,0.9767836928367615,0.9818969964981079,0.9822843670845032,1.0
d11ec93ed5c2f7f32702275461e16970081c668c,2,1,0.9572728276252747,0.9572728276252747,0.9572728276252747,0.9572728276252747,1.0
55e2a248910dc839afd96a881d98fe451e554100,3,3,0.963787853717804,0.964205801486969,0.9679673910140991,0.9763922095298767,1.0
a8a00606434c1088f36819a5fdaf9acc795d9949,2,1,0.9822137951850891,0.9822137951850891,0.9822137951850891,0.9822137951850891,1.0
6316b377b5c42a3dfc614b51b6a70fef15b78639,3,3,0.9625394940376282,0.9629498720169067,0.9666429758071899,0.9737771153450012,1.0
fa4313302efb168507e4f40779a6b3977291c7a6,2,1,0.9775669574737549,0.9775669574737549,0.9775669574737549,0.9775669574737549,1.0
07e9a54a7d0ff7e4eda54177f12f7339518f82e8,2,1,0.9912590980529785,0.9912590980529785,0.9912590980529785,0.9912590980529785,1.0
a9c85351881e3e63e0e7fa8257739443d1414dce,3,3,0.9735990762710571,0.97368985414505,0.9745066165924072,0.9817816615104675,1.0
86147181a2eaf5f1224c49398691ba629cf7cfeb,2,1,0.9751258492469788,0.9751258492469788,0.9751258492469788,0.9751258492469788,1.0
7367991f50ce1639e30c088ecbf8b9f3e67644d7,2,1,0.9508659839630127,0.9508659839630127,0.9508659839630127,0.9508659839630127,1.0
32fe8f22ba1eaf82c7838d60a91a775c2b52775b,2,1,0.9929529428482056,0.9929529428482056,0.9929529428482056,0.9929529428482056,1.0
18dce56f5258fe443f4ced390b2e0e6413e69301,3,3,0.974098801612854,0.9746849536895752,0.9799600839614868,0.9806284308433533,1.0
363e93a7c7507b5019897db6a37bdbf0ad3e4c89,2,1,0.995825469493866,0.995825469493866,0.995825469493866,0.995825469493866,1.0
25e9c024db9b52e32be5af5d5083cb15f327bc8d,2,1,0.9761796593666077,0.9761796593666077,0.9761796593666077,0.9761796593666077,1.0
5573a946ec6987e270e22d9ccd6bdff1af051ff9,3,3,0.9794201850891113,0.9794331789016724,0.9795503616333008,0.9817814826965332,1.0
72554fe883bfb34c0a6e281ca36cabbe6e39af96,2,1,0.9547622203826904,0.9547622203826904,0.9547622203826904,0.9547622203826904,1.0
a40b8e632acff0591e19fa092850f1143b48941c,2,1,0.9751507639884949,0.9751507639884949,0.9751507639884949,0.9751507639884949,1.0
923a52232578eb59accac18d82c84fc9f0ced310,2,1,0.9839610457420349,0.9839610457420349,0.9839610457420349,0.9839610457420349,1.0
864b1057a664a392f05a0e151f966d0baf165510,4,6,0.9572018384933472,0.959856390953064,0.9742972254753113,0.9731665253639221,1.0
30f16955683bbbc4f51385faad459b1a5925ccb0,2,1,0.9500230550765991,0.9500230550765991,0.9500230550765991,0.9500230550765991,1.0
126edd2fd8395d5f59691915e3b36aee589fdb7c,2,1,0.9706542491912842,0.9706542491912842,0.9706542491912842,0.9706542491912842,1.0
1414156181bdc8de2547c60ad6d036b57e0b9ccb,2,1,0.9713366031646729,0.9713366031646729,0.9713366031646729,0.9713366031646729,1.0
0cefd94ac1f805a31c653ec441a0f074aa68b887,2,1,0.9855087399482727,0.9855087399482727,0.9855087399482727,0.9855087399482727,1.0
c142552796c237986a610c8148fdd3c5a015dfba,2,1,0.9770158529281616,0.9770158529281616,0.9770158529281616,0.9770158529281616,1.0
8fff391271b1b9bb0142f5b3625042c937d195fc,2,1,0.9659377932548523,0.9659377932548523,0.9659377932548523,0.9659377932548523,1.0
d4b0d63809c331aadc37e5f8005c06f118da7c74,2,1,0.9625762701034546,0.9625762701034546,0.9625762701034546,0.9625762701034546,1.0
410a34e3f77e2bae767bb89d821b070deb749cd0,2,1,0.9657838344573975,0.9657838344573975,0.9657838344573975,0.9657838344573975,1.0
1abf2c00e98218f8551baf3ef054e6c90d8f0711,2,1,0.9929041862487793,0.9929041862487793,0.9929041862487793,0.9929041862487793,1.0
05766600cef401ee44640b16b6db8205e95200c4,2,1,0.9505956172943115,0.9505956172943115,0.9505956172943115,0.9505956172943115,1.0
c4972bfc0d734d08a2df51298b49c7521ece182d,2,1,0.9567574858665466,0.9567574858665466,0.9567574858665466,0.9567574858665466,1.0
c7cd956aa822b625e2ec547714330cef12513998,2,1,0.9854212999343872,0.9854212999343872,0.9854212999343872,0.9854212999343872,1.0
b064d11a91939ac73ac0de28a5fb6b26ffdbaf61,3,3,0.9545085430145264,0.9552254676818848,0.9616780281066895,0.966015100479126,1.0
d74849c05e7744d346421747b2a1a91e3f2cce75,2,1,0.959751307964325,0.959751307964325,0.959751307964325,0.959751307964325,1.0
9b52d6417138fda4e17b8d080e6a7288086060d0,3,3,0.9741931557655334,0.9746084213256836,0.9783458709716797,0.9809702038764954,1.0
913546cb79715dc9fd5073aee1a705ae94f17d37,3,3,0.9603143930435181,0.9607051014900208,0.9642215371131897,0.967322051525116,1.0
12202be820d876f926a6aec022d5375e67e69c6f,3,3,0.9700229167938232,0.9705341458320618,0.9751351475715637,0.97481769323349,1.0
b985e4d7ed542b40e2af32d87dbbbe8bddb41a6d,3,3,0.9661139249801636,0.9669105410575867,0.9740801453590393,0.9738134741783142,1.0
cff36ba00e65923e35cc899f1adb03330d34e5c8,2,1,0.988470196723938,0.988470196723938,0.988470196723938,0.988470196723938,1.0
ed01c8770ace340fd354e898885f4b84522fb912,3,3,0.9535087943077087,0.9541261196136475,0.9596819877624512,0.9635226130485535,1.0
4ea04343c49d01c07b0bde6b70d297c6511edc5d,2,1,0.9805312752723694,0.9805312752723694,0.9805312752723694,0.9805312752723694,1.0
266d91948077da85cf24371911e8d1253c327177,3,3,0.9764020442962646,0.9772787094116211,0.9851686954498291,0.9844434857368469,1.0
9545897b1fbe4fb9a318f26e73052a18e12bc47b,2,1,0.9683155417442322,0.9683155417442322,0.9683155417442322,0.9683155417442322,1.0
b0e668992b6fd51e8681719dd81729774a0d8235,3,3,0.9582996368408203,0.9587987661361694,0.963290810585022,0.9638752937316895,1.0
d8c7648cb47440d00a9bdcc85d63a255c87e73b7,2,1,0.956628143787384,0.956628143787384,0.956628143787384,0.956628143787384,1.0
a6c7e948a3eabaa1104f0bf3be9edebb8f1e59a2,3,3,0.9848177433013916,0.9850963354110718,0.9876036643981934,0.9896014332771301,1.0
19ccbe4337e1c0c5a713fdb762abefeb7bb2d959,2,1,0.9767686128616333,0.9767686128616333,0.9767686128616333,0.9767686128616333,1.0
19b89ea39766f0bbed731b3548afd8a9fc9bf138,2,1,0.9817573428153992,0.9817573428153992,0.9817573428153992,0.9817573428153992,1.0
bceda4da31404ecdd16184802da0e366336e8926,2,1,0.9505082368850708,0.9505082368850708,0.9505082368850708,0.9505082368850708,1.0
ffa6608f603ca8f8aea5131230fc02266b5365fe,2,1,0.9878345727920532,0.9878345727920532,0.9878345727920532,0.9878345727920532,1.0
72752b151cac8bd6fb3ed5f5ab5a1fbce7a67bad,2,1,0.9713718891143799,0.9713718891143799,0.9713718891143799,0.9713718891143799,1.0
a1515a159381fdd2948eab11ba3fe4c6e559c158,2,1,0.9738155603408813,0.9738155603408813,0.9738155603408813,0.9738155603408813,1.0
1f4804206e356a4d60a6a3168248e15b827886b5,2,1,0.9561078548431396,0.9561078548431396,0.9561078548431396,0.9561078548431396,1.0
4a0baad0132a65d61189dcd036a4e68745078905,2,1,0.9882862567901611,0.9882862567901611,0.9882862567901611,0.9882862567901611,1.0
794d64ce23ff73a63b6dc6123b8ae31916742ffe,2,1,0.9718618988990784,0.9718618988990784,0.9718618988990784,0.9718618988990784,1.0
34ef031f96cc99641ab4a2d0d5492cdc38f8e792,3,3,0.9737194776535034,0.9747856259346008,0.9843809604644775,0.9818748831748962,1.0
4b3e7c01c10054fcfb39865d33442c4f890132d1,2,1,0.9678914546966553,0.9678914546966553,0.9678914546966553,0.9678914546966553,1.0
4be7de24ddaad6af06f021484fac3b0e633f43f3,2,1,0.9902715682983398,0.9902715682983398,0.9902715682983398,0.9902715682983398,1.0
51f04b4d0d1b192c694a0dd228c706d75f3b9e5a,2,1,0.9614148139953613,0.9614148139953613,0.9614148139953613,0.9614148139953613,1.0
2a3a4981f6da0f802121bb4e086db92dbb6aa313,3,3,0.951298713684082,0.9528269171714783,0.9665805101394653,0.961637020111084,1.0
505e175286fc8d808c5c060a3f13e09e44351c4b,2,1,0.9809786081314087,0.9809786081314087,0.9809786081314087,0.9809786081314087,1.0
2578d5acdd24eef9db1145b9cac6f43a4bfd23e7,3,3,0.9622304439544678,0.9624662399291992,0.9645886421203613,0.9676102995872498,1.0
35e566fd3421c3259912e4340e3c02fc976dba66,3,3,0.9747481346130371,0.9749863743782043,0.9771303534507751,0.9767797589302063,1.0
2ef5f2a458d33ccc010510772a944ed437d744ef,2,1,0.9553210735321045,0.9553210735321045,0.9553210735321045,0.9553210735321045,1.0
0832b3165b7de4eb8473327b7fc74b1bb071aa45,2,1,0.9630956649780273,0.9630956649780273,0.9630956649780273,0.9630956649780273,1.0
91f12cf38f0e5953ea196e14ba433d057f125809,5,10,0.9812051653862,0.9831334948539734,0.9896856546401978,0.9891582727432251,1.0
e890c244337a65a8cc70c33ef84058dfb159dc94,3,3,0.9707198143005371,0.9707362651824951,0.9708840250968933,0.9781392216682434,1.0
e7fe9621df659d1e36fd39d6ea86ad2ec3e1863a,2,1,0.989209771156311,0.989209771156311,0.989209771156311,0.989209771156311,1.0
e75303d03909b59cebfecc7f02af12a47b2761a1,2,1,0.9560239315032959,0.9560239315032959,0.9560239315032959,0.9560239315032959,1.0
d534cb6dd91d360ca871a1e5b6c0bdef684f6c87,2,1,0.9808750152587891,0.9808750152587891,0.9808750152587891,0.9808750152587891,1.0
1092b449e8ae2e65bd6c1ce7f95aeb9367de3c05,2,1,0.9734789729118347,0.9734789729118347,0.9734789729118347,0.9734789729118347,1.0
d01c904b1506c127808b957523889f6cabec9ca3,2,1,0.9784208536148071,0.9784208536148071,0.9784208536148071,0.9784208536148071,1.0
c08029da826f6363b286189d9803853fc86a7d39,2,1,0.9724329710006714,0.9724329710006714,0.9724329710006714,0.9724329710006714,1.0
9ef83e0e5119da8c901bb55135a38d1ed327d38c,2,1,0.9847002029418945,0.9847002029418945,0.9847002029418945,0.9847002029418945,1.0
158a39e0627b07808a897e5f15fc7b7868e7c553,2,1,0.9901784658432007,0.9901784658432007,0.9901784658432007,0.9901784658432007,1.0
3076be42107a6a667f69fa59505a2ff8fc469b92,3,3,0.9704664945602417,0.971375048160553,0.9795519113540649,0.9776854515075684,1.0
56888aaf92b87f6a52b007f71b27b02d910d4f1b,2,1,0.9513232707977295,0.9513232707977295,0.9513232707977295,0.9513232707977295,1.0
6f51011dfc4b5d4634d185e8b58d83e1d69c36e2,2,1,0.982684850692749,0.982684850692749,0.982684850692749,0.982684850692749,1.0
cb2118d5346b60f3e5143af60c29b0c3698dd060,3,3,0.979669451713562,0.9797253608703613,0.9802287220954895,0.9806228280067444,1.0
45e7567968cc3748fec1056b67a2452dd9395462,2,1,0.9600312113761902,0.9600312113761902,0.9600312113761902,0.9600312113761902,1.0
6eb2a9bda6b0841b2e66256b71894617aacf24ea,4,6,0.960516095161438,0.9637416005134583,0.9816370606422424,0.9807195067405701,1.0
0adb80ee4befaa70abc885c19676332269383726,2,1,0.9900131225585938,0.9900131225585938,0.9900131225585938,0.9900131225585938,1.0
262e7de504d455abe268e3b2913084c3d27f9578,2,1,0.9891919493675232,0.9891919493675232,0.9891919493675232,0.9891919493675232,1.0
552fb81a2cbcc64f06bf93e29ac4039519b207af,2,1,0.954745888710022,0.954745888710022,0.954745888710022,0.954745888710022,1.0
803395af6ddf4631dba4e3084250ea5e935a8a3e,2,1,0.9778814315795898,0.9778814315795898,0.9778814315795898,0.9778814315795898,1.0
b4f8c17508ca78cc61f7deffd3ddfe6f1395c0ef,3,3,0.9737167358398438,0.9743337035179138,0.9798863530158997,0.9781136512756348,1.0
709860b744ceeb76a4dbc2d8774cc8d6462c44c7,4,6,0.9588118195533752,0.9588339328765869,0.96129310131073,0.9651746153831482,1.0
cfdfb9acca41fa306e8a50cf10db108103bbeddb,2,1,0.9735397100448608,0.9735397100448608,0.9735397100448608,0.9735397100448608,1.0
ec85c94c9c1b03ea4bccc702350eefd34233f3f9,2,1,0.9692542552947998,0.9692542552947998,0.9692542552947998,0.9692542552947998,1.0
9f29f6bf8f37678d25f95e8610b2f7edab3a5c7c,2,1,0.9510126709938049,0.9510126709938049,0.9510126709938049,0.9510126709938049,1.0
8f1a6b9de1add4f947e7b7a4866ee6763fbcfe1d,2,1,0.967930793762207,0.967930793762207,0.967930793762207,0.967930793762207,1.0
73dc074056b75b5c713228a5bb72cec1b516de24,2,1,0.9709861278533936,0.9709861278533936,0.9709861278533936,0.9709861278533936,1.0
6670b24444c9356f70653bd1a37013f875db881a,4,6,0.9631222486495972,0.964302659034729,0.9821577072143555,0.979633629322052,1.0
4c173ba3701a3a5c834315d934ae926caf3fcb10,2,1,0.9877654910087585,0.9877654910087585,0.9877654910087585,0.9877654910087585,1.0
d7ee9c62324384a841d630daf1da1b1a9b2a94fd,2,1,0.9903665781021118,0.9903665781021118,0.9903665781021118,0.9903665781021118,1.0
eb26f95fdd4f6fac4f55a904d215fe4723010f69,2,1,0.9658141136169434,0.9658141136169434,0.9658141136169434,0.9658141136169434,1.0
aabefa7e20476171163a5e01f60ce7513b4f6c2e,2,1,0.9767714738845825,0.9767714738845825,0.9767714738845825,0.9767714738845825,1.0
ad39fb35ee9d58756cc76042c5663dbd10eaa547,3,3,0.9721938967704773,0.9722869396209717,0.9731242656707764,0.9748718738555908,1.0
783673aefaa421ce18722bd8b6b74abca6d55ed7,4,6,0.9688851833343506,0.9692059755325317,0.9799177646636963,0.9802047610282898,1.0
9e43d4b37da53fd68d8852adca7defe826c7556a,2,1,0.9772046208381653,0.9772046208381653,0.9772046208381653,0.9772046208381653,1.0
bc91a6f23353582a64da9abd6c24a69d8c81da90,3,3,0.9799580574035645,0.9805455207824707,0.9858325123786926,0.9842009544372559,1.0
4379bd481295b327426abbf9e472bf00a6580e44,2,1,0.9674457311630249,0.9674457311630249,0.9674457311630249,0.9674457311630249,1.0
5bf857de3d840309b28df55d0966b599836db8c7,2,1,0.9650312066078186,0.9650312066078186,0.9650312066078186,0.9650312066078186,1.0
7eca244fd5f482e89926042647fb13744c239b90,4,6,0.9971487522125244,0.9971625804901123,0.9977740049362183,0.9978440403938293,1.0
de1273c7356928442d0f2c19d283a39c204fb0bc,2,1,0.968699038028717,0.968699038028717,0.968699038028717,0.968699038028717,1.0
a901bd63862e441de692bd18faa3d2c8dc3e2783,2,1,0.9841198921203613,0.9841198921203613,0.9841198921203613,0.9841198921203613,1.0
2542b8c2d81ec53e355763e0cc47c41cc2227508,2,1,0.9547212719917297,0.9547212719917297,0.9547212719917297,0.9547212719917297,1.0
21e703d05bfbab69389fb64289204319f4f18e08,2,1,0.9564663171768188,0.9564663171768188,0.9564663171768188,0.9564663171768188,1.0
8b315c026e02070636e7c6c6ebb0da16ca67070a,2,1,0.9798464775085449,0.9798464775085449,0.9798464775085449,0.9798464775085449,1.0
e1cd396eac74d5231feea4701bd018d9df69d4ff,2,1,0.9788461923599243,0.9788461923599243,0.9788461923599243,0.9788461923599243,1.0
6ebfd5f842bd684fd29190310a581fc1b28a25c9,4,6,0.9857352375984192,0.9869105815887451,0.9926197528839111,0.9916057586669922,1.0
ba250d0f03733c493ce620d47e4e5343ff4b2c1f,3,3,0.9742298722267151,0.9748229384422302,0.9801604747772217,0.9789591431617737,1.0
69932c86b44b1327a4df012fa60a6a27b4798d18,2,1,0.9808475971221924,0.9808475971221924,0.9808475971221924,0.9808475971221924,1.0
d68886f7e60248cfc5fdc7d23286a5d8748ee77a,2,1,0.9837543368339539,0.9837543368339539,0.9837543368339539,0.9837543368339539,1.0
5099207f5cf5e69c4b00a32c0625bf8a128ff63f,2,1,0.9731735587120056,0.9731735587120056,0.9731735587120056,0.9731735587120056,1.0
3d8215b39ac65aeb9f9091326dc6229ffe2f5018,2,1,0.9907780289649963,0.9907780289649963,0.9907780289649963,0.9907780289649963,1.0
c47bcebc67075e29899e565dad6e9b6288a736ee,2,1,0.9633767604827881,0.9633767604827881,0.9633767604827881,0.9633767604827881,1.0
ba43eaee0079c9a83e4a18ee0dba7c5f82743f08,2,1,0.9833864569664001,0.9833864569664001,0.9833864569664001,0.9833864569664001,1.0
a63eecbe8553c99a07924a0c4c0135547e6897c3,2,1,0.9569180011749268,0.9569180011749268,0.9569180011749268,0.9569180011749268,1.0
d32c078ad19f33f62c95103150045b77413bfc33,2,1,0.9948826432228088,0.9948826432228088,0.9948826432228088,0.9948826432228088,1.0
9aac97bb134375a7c5b6e8122b3f4c6ec7be1330,2,1,0.9932833909988403,0.9932833909988403,0.9932833909988403,0.9932833909988403,1.0
e7f1a8adbb21a523721aa88f6b126036c022f5d4,3,3,0.9563415050506592,0.9565326571464539,0.9582532048225403,0.9639716744422913,1.0
a6e64b3766ed593fa53f75478124701fd17e82f3,4,6,0.9875413179397583,0.9878055453300476,0.9906029105186462,0.9900968670845032,1.0
164bc61981ec89e718a82b44b7b70ada74fe9407,2,1,0.9781633615493774,0.9781633615493774,0.9781633615493774,0.9781633615493774,1.0
321add6a0b5a3b795667e0b333f984998104ca29,2,1,0.9519132971763611,0.9519132971763611,0.9519132971763611,0.9519132971763611,1.0
b21859745e91b19d48cce0e7fb1218dc68582431,2,1,0.9865989685058594,0.9865989685058594,0.9865989685058594,0.9865989685058594,1.0
4ec877465ae11d732724f6b5ab691ec07754b157,2,1,0.971288800239563,0.971288800239563,0.971288800239563,0.971288800239563,1.0
b3c8105bb56c0b66410287999c1154186c9a439a,3,3,0.9889627695083618,0.9890920519828796,0.9902554750442505,0.9904672503471375,1.0
3ba51141d163f365853110de57b394172a3c75ff,2,1,0.9737145900726318,0.9737145900726318,0.9737145900726318,0.9737145900726318,1.0
918fb260ca954b290399e82bb5c0b85bf13fba58,2,1,0.9755507707595825,0.9755507707595825,0.9755507707595825,0.9755507707595825,1.0
1c397e13eaf76e63e50f497e092f6ecf4f3f48c0,2,1,0.9764268398284912,0.9764268398284912,0.9764268398284912,0.9764268398284912,1.0
06cc9769c9d13a0439ef5c438fefdc6dfb8b3eb8,2,1,0.9678933620452881,0.9678933620452881,0.9678933620452881,0.9678933620452881,1.0
207abddd63d6ae04ef623e1d25729a36304b3287,2,1,0.9728972911834717,0.9728972911834717,0.9728972911834717,0.9728972911834717,1.0
34f9e9f6f748965bc80c829519648c37f8a4136f,2,1,0.95378577709198,0.95378577709198,0.95378577709198,0.95378577709198,1.0
e584ef5eca5a21798136dc7412b8823a2dcf0eb4,2,1,0.9672350287437439,0.9672350287437439,0.9672350287437439,0.9672350287437439,1.0
51d06afc1756faeefd1579016be5ecb51ba3a68e,2,1,0.9630430936813354,0.9630430936813354,0.9630430936813354,0.9630430936813354,1.0
edf53e78128c730a3edb12ebea5c4c9f9282949d,2,1,0.9599140882492065,0.9599140882492065,0.9599140882492065,0.9599140882492065,1.0
b1887efcb55254132cc463abe9b3dbfd720267c1,2,1,0.9984642267227173,0.9984642267227173,0.9984642267227173,0.9984642267227173,1.0
95f7ff3d804d93faed5bc8fb652d85fbbb84e3a6,2,1,0.9815248250961304,0.9815248250961304,0.9815248250961304,0.9815248250961304,1.0
cb0cb5a0f7dee689c6f785c1c61cdda9c357fe0f,3,3,0.9578534364700317,0.958078920841217,0.9601081609725952,0.9664375185966492,1.0
fb5c43199588587a0ae327496b91cbeaf8238346,2,1,0.9754771590232849,0.9754771590232849,0.9754771590232849,0.9754771590232849,1.0
97e869ef3c69155a90ec43187edc630368311362,2,1,0.9617111682891846,0.9617111682891846,0.9617111682891846,0.9617111682891846,1.0
cdfadbf463bd97dba90ecfa7b653d78a23dc47d4,2,1,0.9578565359115601,0.9578565359115601,0.9578565359115601,0.9578565359115601,1.0
1aa1269e6f9fee78057c4a843afa104f388bec8a,3,3,0.9745127558708191,0.9746717214584351,0.9761024713516235,0.9757316708564758,1.0
1a931fa27c7a06d10543389f607c2266e4c4bf82,4,6,0.9718775749206543,0.9735275506973267,0.9805668592453003,0.9807061553001404,1.0
2e0580b7fde8e582d82d7332fad0911c99a4d495,4,6,0.9658036231994629,0.9659572839736938,0.9697189927101135,0.9706777930259705,1.0
08973d8c18a8a8f9788fc784c819357d8bd1ba15,2,1,0.975931704044342,0.975931704044342,0.975931704044342,0.975931704044342,1.0
da28170379386c29c1b1b19672f4bcbc9a094c93,2,1,0.9834417104721069,0.9834417104721069,0.9834417104721069,0.9834417104721069,1.0
c09f65174bd2543b717fadf31c3ce2c45590ac46,2,1,0.9835517406463623,0.9835517406463623,0.9835517406463623,0.9835517406463623,1.0
60253cac6de58339c81b84bb593bcceaf15fa751,2,1,0.987262487411499,0.987262487411499,0.987262487411499,0.987262487411499,1.0
3645dbaf94b4e8640c961ca83578656e7d9ccc63,2,1,0.9861351251602173,0.9861351251602173,0.9861351251602173,0.9861351251602173,1.0
70e8b9f04316f07c6b8bb298339ace4bdfe623a1,2,1,0.9884719252586365,0.9884719252586365,0.9884719252586365,0.9884719252586365,1.0
7cef200224b06bd00eac81b4baef1e5333b64ed3,3,3,0.9843358397483826,0.9845680594444275,0.9866582155227661,0.9888255000114441,1.0
d67f1eeae727ff402d700cf5d35abbe3728b041a,2,1,0.9777967929840088,0.9777967929840088,0.9777967929840088,0.9777967929840088,1.0
19a14b6f913f6e2187212a56bbe4ea26e2a0ceca,2,1,0.9956436157226562,0.9956436157226562,0.9956436157226562,0.9956436157226562,1.0
140a23cbb358e0429ea5896f6ac763dedc40ed23,3,3,0.9689077138900757,0.9698255062103271,0.9780855178833008,0.9755821824073792,1.0
919ac6278fbd4a39f3d1ba8d9793cd19cc06d609,4,6,0.9621682167053223,0.9622816443443298,0.9809553027153015,0.980793297290802,1.0
24402855ba8f67899d93b0d11c0978d1c2cdf3c1,3,3,0.9796712398529053,0.980082094669342,0.9837799072265625,0.9836313724517822,1.0
b8ffa088f8b00c7025564ce4b57a2a4c84b7ad12,2,1,0.9948962926864624,0.9948962926864624,0.9948962926864624,0.9948962926864624,1.0
82371f5e3142e26d87c2852a1c9616fc0100ff4f,4,6,0.9773589968681335,0.9774667620658875,0.9806459546089172,0.9812307357788086,1.0
c41f1f2157b34c0bb25eb7096b9aa790f62fb626,3,3,0.9781047105789185,0.9787092804908752,0.9841505289077759,0.9822222590446472,1.0
9e84029c421a895c81a5cd6f77d51c8189142cdf,2,1,0.9657647013664246,0.9657647013664246,0.9657647013664246,0.9657647013664246,1.0
973a0e46d8d0ef95310d3f719f517a1225b5c8d4,2,1,0.9660674333572388,0.9660674333572388,0.9660674333572388,0.9660674333572388,1.0
4befdf35ac7004a35b97ca55d555a5c9685da46b,2,1,0.9517344236373901,0.9517344236373901,0.9517344236373901,0.9517344236373901,1.0
cbf45335e6844973b2fc5fce5d02eff03f237ae0,3,3,0.9860135316848755,0.9861814975738525,0.9876933097839355,0.987875759601593,1.0
acf49ebe0fd3c32579c76ab4f5a4df182f45e02a,3,3,0.9634649753570557,0.964725911617279,0.9760743379592896,0.9742662310600281,1.0
c5e463886c2d10eb60d4bf8e351dc9a4ca99420a,3,3,0.9539944529533386,0.95455002784729,0.9595499038696289,0.9698483347892761,1.0
2f89f7239e887eac7a24e05ddc265003ad3422c1,4,6,0.9765304327011108,0.9767530560493469,0.9812027215957642,0.9823484420776367,1.0
9e8ee44bbb0760b68b1577a3a9e5a165c2761fa3,3,3,0.9688368439674377,0.9695547223091125,0.9760158061981201,0.9759084582328796,1.0
89b0c257d53dcca5d40fd503ccb86fa454e088e8,2,1,0.9863652586936951,0.9863652586936951,0.9863652586936951,0.9863652586936951,1.0
6d960e7ba221bc77f7c67fdf7447bccb6c029444,2,1,0.9523770213127136,0.9523770213127136,0.9523770213127136,0.9523770213127136,1.0
be0cc4f8aa9e4e48401b1f723a3139dae6a3bc83,2,1,0.9839735627174377,0.9839735627174377,0.9839735627174377,0.9839735627174377,1.0
fded724fc9be096585f3e437a350ef87a508fe9e,2,1,0.9717748165130615,0.9717748165130615,0.9717748165130615,0.9717748165130615,1.0
3d14753a53bd5b3e34207671080254f207b5f04c,3,3,0.9591750502586365,0.9604049921035767,0.9714746475219727,0.9713212847709656,1.0
388327919d74963d0b5e900fc372d78e7fc22a30,2,1,0.9702391624450684,0.9702391624450684,0.9702391624450684,0.9702391624450684,1.0
40b5b2211e1f292188d3774122f6e01f676822c8,2,1,0.9692385792732239,0.9692385792732239,0.9692385792732239,0.9692385792732239,1.0
d98872e4e4ab2427500fac0624e5e3825b9665f7,2,1,0.9937101006507874,0.9937101006507874,0.9937101006507874,0.9937101006507874,1.0
ef3ca946fcc7ec34df886f51ad78c9fdaba2d7a9,2,1,0.9523793458938599,0.9523793458938599,0.9523793458938599,0.9523793458938599,1.0
2b0c088a2ea43aaa54297552d0043938994c2134,2,1,0.9631423354148865,0.9631423354148865,0.9631423354148865,0.9631423354148865,1.0
35bbcd48585cde68c4188f8e6115752fcc7fff1b,2,1,0.9571619629859924,0.9571619629859924,0.9571619629859924,0.9571619629859924,1.0
2ef45922d35dcc4b6feb66d18e944ec3cf3c9951,2,1,0.9872634410858154,0.9872634410858154,0.9872634410858154,0.9872634410858154,1.0
d66385c32487735c228672189b336bcaaabe6224,2,1,0.9784228205680847,0.9784228205680847,0.9784228205680847,0.9784228205680847,1.0
14009fdf99d129290c26b9798e615e3ea5369189,2,1,0.9738634824752808,0.9738634824752808,0.9738634824752808,0.9738634824752808,1.0
5629db6807e62bf56d367cc3b332d6172a96b1a4,2,1,0.9810695648193359,0.9810695648193359,0.9810695648193359,0.9810695648193359,1.0
ae1763d74d7918eb2f9d017ba14a84ba5b49ae80,2,1,0.9566681385040283,0.9566681385040283,0.9566681385040283,0.9566681385040283,1.0
d5de47f24f3f2d7aa77f61b03e2aab76e4db12e6,2,1,0.9695966839790344,0.9695966839790344,0.9695966839790344,0.9695966839790344,1.0
685de9e7dff808143c5eebab9dbcfcd761983553,2,1,0.9685808420181274,0.9685808420181274,0.9685808420181274,0.9685808420181274,1.0
6ef07fe55b70c5e69479464f5c57a9ebf75dbcfb,2,1,0.9596262574195862,0.9596262574195862,0.9596262574195862,0.9596262574195862,1.0
3f7afc43cd7f820c1745c8eb35bc6d0253607ebf,2,1,0.9863449335098267,0.9863449335098267,0.9863449335098267,0.9863449335098267,1.0
21185bf927ac3da805f82891f9ef7e4717b2555a,2,1,0.9642079472541809,0.9642079472541809,0.9642079472541809,0.9642079472541809,1.0
83d050d3a9c9baddfbfd4255b71c88927fe1dfe3,3,3,0.9526681900024414,0.9528896808624268,0.9548832178115845,0.9652807116508484,1.0
4d2018eb5554146ae7175614a8cf44dbeb3fb2b2,3,3,0.9506238698959351,0.9519263505935669,0.9636486172676086,0.9616258144378662,1.0
5023e8c1b246e615a182eac99dcc36e35b29f1a2,3,3,0.9770936965942383,0.9772782921791077,0.9789396524429321,0.984058141708374,1.0
e6bcaa7dde2048d3273eb2caacad58b793047c1d,3,3,0.9578793048858643,0.9579111933708191,0.9581984281539917,0.9642427563667297,1.0
a50edea1443cf14c551370843217615b7e93c919,2,1,0.9626768231391907,0.9626768231391907,0.9626768231391907,0.9626768231391907,1.0
92e607bed2da2ca24de1572884248c3a8742f4b9,2,1,0.9703035354614258,0.9703035354614258,0.9703035354614258,0.9703035354614258,1.0
fa24876c20eb70c2808b01dedcf9783014e6f920,3,3,0.9584662914276123,0.9595255255699158,0.9690585136413574,0.9694330096244812,1.0
17b47b75169113ff5ef16f2d88b5619b8bf8c6a2,2,1,0.9832326173782349,0.9832326173782349,0.9832326173782349,0.9832326173782349,1.0
d5699296f4c429bd1fa4f9e83401ce2eba3db82e,2,1,0.9829153418540955,0.9829153418540955,0.9829153418540955,0.9829153418540955,1.0
8b464b777c915e961a685300549427006a294380,2,1,0.9531971216201782,0.9531971216201782,0.9531971216201782,0.9531971216201782,1.0
b1f1a7b041d23c8cdcdfcda6c825df5dd6c8e546,2,1,0.9630156755447388,0.9630156755447388,0.9630156755447388,0.9630156755447388,1.0
9dbd642be4fbacacf3e1319fbc0c9b24b856ec51,2,1,0.9752436876296997,0.9752436876296997,0.9752436876296997,0.9752436876296997,1.0
dabe7bcfea1f6ab9adc64ff67aa761a7415bb40a,2,1,0.9800894856452942,0.9800894856452942,0.9800894856452942,0.9800894856452942,1.0
3a47686458b7b4769e575a3d300e31e4a126f8ac,2,1,0.9865297079086304,0.9865297079086304,0.9865297079086304,0.9865297079086304,1.0
5a31469445eb8aeb67795f6cde76db7844737fff,3,3,0.9613279104232788,0.9634703397750854,0.9827522039413452,0.9761829376220703,1.0
4e4cb326fe5ff10efbf88d402c16460da0423053,2,1,0.9640911817550659,0.9640911817550659,0.9640911817550659,0.9640911817550659,1.0
730d138bd66b09ced86815736ffcaaae6fc759c9,4,6,0.9559827446937561,0.9564911127090454,0.9745591878890991,0.9753121733665466,1.0
94c84f9463064d6ce86c54f127f351a9b109bbcb,5,10,0.9927551746368408,0.9929043054580688,0.9959347248077393,0.9959540367126465,1.0
6152d95330bb868f578243f9c6a67886bde38c85,4,6,0.9656516313552856,0.9657386541366577,0.9714702367782593,0.9713626503944397,1.0
a2461e9fa9865dd094bc4d8f5dc00e7ef3917d8b,3,3,0.9559876322746277,0.9561963081359863,0.9580740928649902,0.9702256321907043,1.0
bc0d93b528f085ea81d977a60073770caf582ac3,4,6,0.9557634592056274,0.9560749530792236,0.9626541137695312,0.9632968902587891,1.0
480dfb6adf79a8dfbf3dd2fc7203eacd6b514afc,2,1,0.9793379306793213,0.9793379306793213,0.9793379306793213,0.9793379306793213,1.0
02ae894f99caa1802ac32f98a70881a9f4a9b7dd,2,1,0.9802120923995972,0.9802120923995972,0.9802120923995972,0.9802120923995972,1.0
7ac90289752fd40317cee8b032e3949c2ed1e45b,2,1,0.9831888675689697,0.9831888675689697,0.9831888675689697,0.9831888675689697,1.0
05939937ccfdb426e074e21497f6ac58f603fec4,2,1,0.9813745021820068,0.9813745021820068,0.9813745021820068,0.9813745021820068,1.0
91cd34e17ca58d3210143440a7a0a5f011b04edf,2,1,0.9734906554222107,0.9734906554222107,0.9734906554222107,0.9734906554222107,1.0
757d73b2b8e1d302e683a811f516df1ac07bc37b,2,1,0.976141095161438,0.976141095161438,0.976141095161438,0.976141095161438,1.0
d1cee7097e6c50089d8ccfd6e252f7dd3a3230f6,2,1,0.9912415742874146,0.9912415742874146,0.9912415742874146,0.9912415742874146,1.0
59adeb32e70041b27d3cf78c41dca99573f9a7ce,3,3,0.9740097522735596,0.9742008447647095,0.9759207367897034,0.9758647084236145,1.0
adcbab41b991fc11c4d1d46e3b5a831af109e3c6,2,1,0.9550216794013977,0.9550216794013977,0.9550216794013977,0.9550216794013977,1.0
fb8668c5df690d47c83557b9ff0fe10ac32947af,3,3,0.9777156114578247,0.9781122207641602,0.9816814064979553,0.9828519821166992,1.0
1f2e8f6937d775bbc3e28db37ec31612cd16438b,2,1,0.9645373821258545,0.9645373821258545,0.9645373821258545,0.9645373821258545,1.0
a1c7cdc394eb4f6871ad74fef26ee000922cbb51,3,3,0.9533265829086304,0.9535577893257141,0.9556388854980469,0.9683582186698914,1.0
a13a69ef9bce103a5c4c09e8d57c261946d23d32,5,10,0.9526824355125427,0.954779863357544,0.9607821106910706,0.9630681872367859,1.0
44c2f0cc405463826f155aadd166ac96cbad6468,2,1,0.9797981381416321,0.9797981381416321,0.9797981381416321,0.9797981381416321,1.0
cf5ada4fe3b420152849c196059bffa7a7d91c59,2,1,0.953312873840332,0.953312873840332,0.953312873840332,0.953312873840332,1.0
3fcde502a00481364fa4a91ee82000c97912cb4b,2,1,0.991156816482544,0.991156816482544,0.991156816482544,0.991156816482544,1.0
2e2403ddb3ec97783d119e11fb6ff281acd6abfa,3,3,0.9731173515319824,0.9732217788696289,0.9741618633270264,0.9743611216545105,1.0
d466fe7e80b93a6fa4acc553147d3edc87278b6d,2,1,0.9832167625427246,0.9832167625427246,0.9832167625427246,0.9832167625427246,1.0
220a1c1504b91d21098d797834c6b27c095d5e3d,3,3,0.9797424674034119,0.9798109531402588,0.9804273247718811,0.9804131984710693,1.0
fbbada929be812b161e95196747d20b017f1f848,2,1,0.968064546585083,0.968064546585083,0.968064546585083,0.968064546585083,1.0
ba02141854f58098fe875251671429efe50e6584,3,3,0.970171332359314,0.9703063368797302,0.9715215563774109,0.9734558463096619,1.0
fdd901351434d405766d0b3c07f36bbf11fafa4c,2,1,0.9732067584991455,0.9732067584991455,0.9732067584991455,0.9732067584991455,1.0
eb2b482ef312c98e40ac5de6855f7c7ed965195e,2,1,0.9705735445022583,0.9705735445022583,0.9705735445022583,0.9705735445022583,1.0
6c0dd7d8bd6775bc65737e1f8c2a837c1c620f08,2,1,0.9558315277099609,0.9558315277099609,0.9558315277099609,0.9558315277099609,1.0
3f8aa64b964cdac6489ce6c0d49898c998b5d242,2,1,0.9930001497268677,0.9930001497268677,0.9930001497268677,0.9930001497268677,1.0
a7650ff758bf89afd400362514d95b31dd87ff93,2,1,0.9850910902023315,0.9850910902023315,0.9850910902023315,0.9850910902023315,1.0
fb8a6419bbb83855c085135ee33c7bc868d1097a,2,1,0.9948862195014954,0.9948862195014954,0.9948862195014954,0.9948862195014954,1.0
4bdb85c24dc7394c9189f93de47332eaaf7d0da7,2,1,0.9739514589309692,0.9739514589309692,0.9739514589309692,0.9739514589309692,1.0
333da043db06176eccd600696efab9fededdf906,2,1,0.9572330117225647,0.9572330117225647,0.9572330117225647,0.9572330117225647,1.0
0bf3f6bf0f26c7bf0dc8c79c3ddb4a8624f882a9,3,3,0.9827151298522949,0.983383297920227,0.9893966913223267,0.9888613820075989,1.0
ae08c105471685afb6598be3e35f3c0a732dee6a,2,1,0.9885852932929993,0.9885852932929993,0.9885852932929993,0.9885852932929993,1.0
2e9dea6f6adc5752f8d392e4c2be8ebd8291a9ce,4,6,0.9565062522888184,0.9566043615341187,0.9733844995498657,0.9739210605621338,1.0
b66ab4220b4501a8e38882565e45b4038ce352f5,2,1,0.9939428567886353,0.9939428567886353,0.9939428567886353,0.9939428567886353,1.0
115cc39e7878880352e8909daf109d8197665d80,2,1,0.9685229063034058,0.9685229063034058,0.9685229063034058,0.9685229063034058,1.0
bdcb3aefe116f31c84f1090d45e037b564794f14,3,3,0.9795287251472473,0.9796103239059448,0.9803445935249329,0.9822977185249329,1.0
2c63cb9b0bb04485d4993c5663105da2be37338e,4,6,0.984732449054718,0.9849101901054382,0.9910358190536499,0.9907717704772949,1.0
075ce52c4a67216be71b3df0e5582da2aa4c18ca,2,1,0.9619948267936707,0.9619948267936707,0.9619948267936707,0.9619948267936707,1.0
53c6861d03938f907c47cb86f6dcc30184c83b4d,3,3,0.9666301012039185,0.9680002331733704,0.9803312420845032,0.9785848259925842,1.0
440c6aa471d6924800f39007995d63835b1deebd,5,10,0.9736300706863403,0.974162757396698,0.9814320206642151,0.9806258082389832,1.0
f9262bfb6f5726a9a3b8d5398fdd37a037b44ff9,2,1,0.9567047357559204,0.9567047357559204,0.9567047357559204,0.9567047357559204,1.0
a6c643ba6e1034ecd8e6bbbb7ac0337671bb6bd6,2,1,0.964928925037384,0.964928925037384,0.964928925037384,0.964928925037384,1.0
9030af1c97903948c9734e93caf6f4b9ab94ee6b,2,1,0.9840131402015686,0.9840131402015686,0.9840131402015686,0.9840131402015686,1.0
e5cdd05b242e43ed8e95933dcbe1629a1ef25306,2,1,0.9514044523239136,0.9514044523239136,0.9514044523239136,0.9514044523239136,1.0
2d8f46056e1dd276e0eea74f68f4e2845f009a35,4,6,0.9610838890075684,0.9637718200683594,0.9760847091674805,0.974925696849823,1.0
47730b199fc9c58972185c255feabea7aa47e96c,2,1,0.9585844874382019,0.9585844874382019,0.9585844874382019,0.9585844874382019,1.0
ee5e67710bdd0a546a08a57cd7e4592c997329a6,2,1,0.9597720503807068,0.9597720503807068,0.9597720503807068,0.9597720503807068,1.0
455d6c0389130bf830dc25060f27a1ac89c06552,2,1,0.9911736249923706,0.9911736249923706,0.9911736249923706,0.9911736249923706,1.0
dc69ef9cc26f5d3198ed7884b09bb38407085e39,3,3,0.9747064709663391,0.9752002954483032,0.9796444177627563,0.9819631576538086,1.0
900554786a4d31695570e241b62c9d4d60b4d210,3,3,0.9712367057800293,0.9713192582130432,0.9720621705055237,0.9770180583000183,1.0
9854d82355244f1a18227861435c42981f4f0a2e,3,3,0.9527803659439087,0.9538630843162537,0.9636074304580688,0.962852954864502,1.0
af7019c56fc70ab5ce05b301c744242cfec95dac,2,1,0.9912459254264832,0.9912459254264832,0.9912459254264832,0.9912459254264832,1.0
379c01439a4ae1cbee7309946731aa0fd43d998f,3,3,0.9799051880836487,0.9801737070083618,0.9825906753540039,0.9839978218078613,1.0
abf06b65706efa02b0cc3a36ff942f69db209a56,2,1,0.9819135069847107,0.9819135069847107,0.9819135069847107,0.9819135069847107,1.0
9b1e788b38efffc7897c254b736922a4476711d7,2,1,0.9656654000282288,0.9656654000282288,0.9656654000282288,0.9656654000282288,1.0
2838032f495315b428f6e46fce558abf49463e3f,2,1,0.9570131301879883,0.9570131301879883,0.9570131301879883,0.9570131301879883,1.0
6ce243bf348c2ad8461055f9674455dfe94486b8,2,1,0.9873397350311279,0.9873397350311279,0.9873397350311279,0.9873397350311279,1.0
1706a66df3b71b349e24502025102f59c21b6934,4,6,0.9845437407493591,0.9845569729804993,0.9866378903388977,0.9892146587371826,1.0
968a50e014705fde8e91b3bcb85ac93caf486c61,2,1,0.9679991602897644,0.9679991602897644,0.9679991602897644,0.9679991602897644,1.0
862674e0168462db6e259e5863f452073b6958b8,2,1,0.9610806703567505,0.9610806703567505,0.9610806703567505,0.9610806703567505,1.0
e2dbab7721431f620bdb9499a16846ac68b74aed,2,1,0.987123429775238,0.987123429775238,0.987123429775238,0.987123429775238,1.0
223d94333912e1a847e0c8855aa09da3c77261b1,2,1,0.9692912697792053,0.9692912697792053,0.9692912697792053,0.9692912697792053,1.0
677e6174a93ea52d9bd2a264c234d41dc9e4eb1e,2,1,0.9707209467887878,0.9707209467887878,0.9707209467887878,0.9707209467887878,1.0
1fa4bc0dcb7037ee49121a6e34aad5bfdcfd1457,3,3,0.9621154069900513,0.9639847278594971,0.9808084964752197,0.9755217432975769,1.0
0ebc3413cfabf22d319241e50f1e1005ef0f44c9,2,1,0.9721333980560303,0.9721333980560303,0.9721333980560303,0.9721333980560303,1.0
392f2d509caf3bf0ef272aece152e620f2ab97a0,2,1,0.983099639415741,0.983099639415741,0.983099639415741,0.983099639415741,1.0
a16f8930a1853a549ba6f5012dac7279f69127cf,2,1,0.9696638584136963,0.9696638584136963,0.9696638584136963,0.9696638584136963,1.0
b3a4d693400bd98ee61b34242d77d213c20542ab,2,1,0.9730498790740967,0.9730498790740967,0.9730498790740967,0.9730498790740967,1.0
4731ec66c834ba9ff0937a149b905aff58d17a31,2,1,0.9680434465408325,0.9680434465408325,0.9680434465408325,0.9680434465408325,1.0
0752b542558c3d82c13b058e3a75a211ef6b1150,2,1,0.9755479693412781,0.9755479693412781,0.9755479693412781,0.9755479693412781,1.0
0cc1dbbd2bbc1d0557605700e1283fe8698f2282,2,1,0.9534544944763184,0.9534544944763184,0.9534544944763184,0.9534544944763184,1.0
9c9b36a5d7c41624c11ea204e992aed81ee1d38d,2,1,0.9654196500778198,0.9654196500778198,0.9654196500778198,0.9654196500778198,1.0
881a4b563fd283b7d4eed3c51c946025722e17e9,2,1,0.974997341632843,0.974997341632843,0.974997341632843,0.974997341632843,1.0
3070ace86c8461590f8975c472995293e0afced8,3,3,0.9536179900169373,0.9541978240013123,0.959416389465332,0.9667225480079651,1.0
b91df89bcb89232b2f40073cbf6b9c5a5ec8e640,2,1,0.9698179960250854,0.9698179960250854,0.9698179960250854,0.9698179960250854,1.0
abab98e39a7b368e410832e8fbe19b877fa70a2e,3,3,0.9700320959091187,0.9701058864593506,0.9707697629928589,0.9761131405830383,1.0
05964043e5e7717785012a82eb8bcf59e335a063,2,1,0.9765084385871887,0.9765084385871887,0.9765084385871887,0.9765084385871887,1.0
4338f3a15e6049aced5e1d4c58bcd2039289c1bb,2,1,0.9875031113624573,0.9875031113624573,0.9875031113624573,0.9875031113624573,1.0
c33299db6377acfe2c636404b81d11a9ee52aa82,3,3,0.9609670639038086,0.9621087908744812,0.9723843336105347,0.9733602404594421,1.0
df50cd00bea2b4792413ef9dd0644548ff39e47b,3,3,0.982689619064331,0.983259379863739,0.988387405872345,0.9884658455848694,1.0
709c91e777a892d5b594d4b5c9c53efbf1e3babc,2,1,0.9577809572219849,0.9577809572219849,0.9577809572219849,0.9577809572219849,1.0
34dcb7dd4756efa8cac277ede42c29491daf6d43,2,1,0.9860148429870605,0.9860148429870605,0.9860148429870605,0.9860148429870605,1.0
635ddedf4c8d5dd6b247850ff0736069694d9b53,2,1,0.9683652520179749,0.9683652520179749,0.9683652520179749,0.9683652520179749,1.0
cde42e23a89f033ba57926da5f526b673df720b7,2,1,0.9633033275604248,0.9633033275604248,0.9633033275604248,0.9633033275604248,1.0
e02c7f4e619d3ff969cae8e439624ea3e53ff77c,2,1,0.9520888924598694,0.9520888924598694,0.9520888924598694,0.9520888924598694,1.0
d0a1e6b22540a6fc00d51330d984b753c375cee3,2,1,0.9529696702957153,0.9529696702957153,0.9529696702957153,0.9529696702957153,1.0
6e69e1882ec81cb9c0cf99d2ae76302f8e0eda67,2,1,0.9950727224349976,0.9950727224349976,0.9950727224349976,0.9950727224349976,1.0
c5e0b05eeb44956ce9d44bb456348ee7609daaee,2,1,0.9626197814941406,0.9626197814941406,0.9626197814941406,0.9626197814941406,1.0
7cc87f462ada71a76c5b41b81c64146f70ec1676,2,1,0.9860602617263794,0.9860602617263794,0.9860602617263794,0.9860602617263794,1.0
fac3b1f83a3dab2c034aa7ba3ec2059886e91c19,5,10,0.9571940898895264,0.9572779536247253,0.9638508558273315,0.9659934043884277,1.0
5f64c25ae701c243a0e73116d72c83252bf0db9c,2,1,0.950323224067688,0.950323224067688,0.950323224067688,0.950323224067688,1.0
c3d70ff763c88a3506a34b6784c771cb198e3ef3,3,3,0.985539436340332,0.98566734790802,0.9868183135986328,0.9885656237602234,1.0
d8efc017fc2c90b2fad23e8e6bcd858a7b14e812,2,1,0.9718763828277588,0.9718763828277588,0.9718763828277588,0.9718763828277588,1.0
b3a6b7374df57e573f9112f2f5eadbb17af12ef4,4,6,0.9722561836242676,0.9723859429359436,0.9803517460823059,0.9804943203926086,1.0
2a2e3a3842bdca4cb88ee11206e0bb55da386095,2,1,0.9718685150146484,0.9718685150146484,0.9718685150146484,0.9718685150146484,1.0
2456bb1aa57e89edd86186be437eb312dab33e24,2,1,0.9714763760566711,0.9714763760566711,0.9714763760566711,0.9714763760566711,1.0
65cbf904bdb4c0311a9113a792e090661fbd86c2,3,3,0.9591237306594849,0.9601151943206787,0.9690384864807129,0.968442440032959,1.0
6bd76d3ffd8811da5c30ded7d542b406e7cae148,2,1,0.9779889583587646,0.9779889583587646,0.9779889583587646,0.9779889583587646,1.0
08a32574e21c0cf70cf14a2caaf06e493cc4bd40,2,1,0.9796746373176575,0.9796746373176575,0.9796746373176575,0.9796746373176575,1.0
ba6f413e48cf1392080a01d1b008d3d1704f2a7d,3,3,0.9667596220970154,0.9676355123519897,0.9755184054374695,0.979020893573761,1.0
384c0db2cd954756d3a416ce04015319fc1c5acb,3,3,0.9627768397331238,0.9639906883239746,0.9749152064323425,0.9735915660858154,1.0
a005ac46ac6c035bac0a1b049ed68ea3e931b55c,2,1,0.9727401733398438,0.9727401733398438,0.9727401733398438,0.9727401733398438,1.0
9dcb2891958b0bcfda02c7ce4c5c6295d40c6c5f,2,1,0.9700714349746704,0.9700714349746704,0.9700714349746704,0.9700714349746704,1.0
a769b4ae413fe12e39ddc3c537abb9fa41d8d105,4,6,0.9501343965530396,0.952763020992279,0.9653350114822388,0.9659132361412048,1.0
0caff21ff3c912cf472f817c51ae57f41af82523,2,1,0.979438304901123,0.979438304901123,0.979438304901123,0.979438304901123,1.0
820418dd7434c7af998c6515ab36b31028fbcd76,2,1,0.965358316898346,0.965358316898346,0.965358316898346,0.965358316898346,1.0
18fac8654fba5094455e7290ff4e1ea4c34d0bb7,2,1,0.9572266340255737,0.9572266340255737,0.9572266340255737,0.9572266340255737,1.0
a85b8f10d15dc676b50e691528fc29f468e8a881,2,1,0.994698166847229,0.994698166847229,0.994698166847229,0.994698166847229,1.0
b973793f28ccdfa00e616f99d4f46bf426fe32ec,3,3,0.9600841999053955,0.9616360664367676,0.9756026268005371,0.9709189534187317,1.0
21806c25a440ac7e650ffb9d288ef63fc4e19ea1,3,3,0.9765713214874268,0.9778882265090942,0.9897404909133911,0.9857020378112793,1.0
5e5a315bd96c9244124665bcdc2340454818b83b,3,3,0.9964631795883179,0.9965351819992065,0.9971834421157837,0.9969987869262695,1.0
8319d83e81f667a45535c4df7317966d2905ad1d,2,1,0.9834874868392944,0.9834874868392944,0.9834874868392944,0.9834874868392944,1.0
a5e5cd1d185baddb0da8171c5d6acdaeea633b9a,2,1,0.9663305282592773,0.9663305282592773,0.9663305282592773,0.9663305282592773,1.0
77c6307e3990f706ac5d0122e4bb55f2acdad877,2,1,0.9976181983947754,0.9976181983947754,0.9976181983947754,0.9976181983947754,1.0
8781d7c946423ccecd3a1826a1cd838e70939738,2,1,0.9544695019721985,0.9544695019721985,0.9544695019721985,0.9544695019721985,1.0
0d1787cc4054ed2e54cf6befa1ea9a3184373d40,2,1,0.9759261012077332,0.9759261012077332,0.9759261012077332,0.9759261012077332,1.0
56717c7c997c7a512cba9d5dbf7fed8cc2feae97,3,3,0.9660249948501587,0.9666739702224731,0.9725146293640137,0.9710682034492493,1.0
0054cf46fe08d42af928ff984eb34b063f4039df,2,1,0.9719505906105042,0.9719505906105042,0.9719505906105042,0.9719505906105042,1.0
7baaa5697adc8e3bc1e048a92e6f4ae4ed719a5a,2,1,0.9666666984558105,0.9666666984558105,0.9666666984558105,0.9666666984558105,1.0
9cd4822ea9ac87ae40dba63415975510e974ca3d,2,1,0.9791153073310852,0.9791153073310852,0.9791153073310852,0.9791153073310852,1.0
0f150cba20d324c195fc5576aec7dbbcfb8b190c,2,1,0.9560823440551758,0.9560823440551758,0.9560823440551758,0.9560823440551758,1.0
75f588314d3730ec0a093a24fe96de399a8c68fd,2,1,0.9524179697036743,0.9524179697036743,0.9524179697036743,0.9524179697036743,1.0
2bf4b887997ee48934defedcc28e8d68894488de,2,1,0.9649069905281067,0.9649069905281067,0.9649069905281067,0.9649069905281067,1.0
42c50581bf1c0f0b396c83c079e96fae9d1aaba9,2,1,0.9660594463348389,0.9660594463348389,0.9660594463348389,0.9660594463348389,1.0
05dd249e23e73e31a8d73cc56f4904a53100bba3,4,6,0.9771357774734497,0.9777502417564392,0.9860371351242065,0.9860484600067139,1.0
aadedb88d51c452a3799e22ea74f2b6de950d3dd,2,1,0.9640562534332275,0.9640562534332275,0.9640562534332275,0.9640562534332275,1.0
326c854799dd4f5ca76d114f1794cb8525937509,2,1,0.9772063493728638,0.9772063493728638,0.9772063493728638,0.9772063493728638,1.0
a32c755b39cc158869eb24c4ab944983a77954b8,2,1,0.9628779888153076,0.9628779888153076,0.9628779888153076,0.9628779888153076,1.0
ebfa6d29917cfd4955bec53698b0cf19886d7dbc,2,1,0.9819616079330444,0.9819616079330444,0.9819616079330444,0.9819616079330444,1.0
be326d7bccbba8369cb40be99cf718630fd2e2b1,2,1,0.9719040393829346,0.9719040393829346,0.9719040393829346,0.9719040393829346,1.0
3e7fb0697be2fee995d151882ff57a48dd4df553,2,1,0.9962788224220276,0.9962788224220276,0.9962788224220276,0.9962788224220276,1.0
83c4e01a0dce89f8e58de00c5cf59570ecc32e8c,3,3,0.9788230657577515,0.9788787961006165,0.9793804287910461,0.9807050228118896,1.0
6ace62fa4c890a89db22abd334cfaedece189d37,2,1,0.9817813634872437,0.9817813634872437,0.9817813634872437,0.9817813634872437,1.0
c9fb48096ce89334fb41204de7fca0b12f412071,2,1,0.9802650213241577,0.9802650213241577,0.9802650213241577,0.9802650213241577,1.0
953db06f16872f13184922ceeca293dbfe4e5f78,2,1,0.9907181262969971,0.9907181262969971,0.9907181262969971,0.9907181262969971,1.0
b9eeffd8045764db0f1d77cc330010d40badf389,4,6,0.9568483233451843,0.9568817615509033,0.9719172716140747,0.9692296981811523,1.0
befaa4238b73a9601fc23eab03bd3f2b6fc224b3,2,1,0.9671274423599243,0.9671274423599243,0.9671274423599243,0.9671274423599243,1.0
70f6286c12a86de2248d7472261dfcad10ed540e,2,1,0.968278169631958,0.968278169631958,0.968278169631958,0.968278169631958,1.0
3ff061e62e7e0a7bc447c93a79d5e298588c6178,2,1,0.9791426658630371,0.9791426658630371,0.9791426658630371,0.9791426658630371,1.0
be12322ef4225362fe94f61de27008de1b3bce84,3,3,0.9703783988952637,0.9712780117988586,0.9793747067451477,0.9785313606262207,1.0
b0090b5c99ba1262d3c2ac85cd87ab09f4b47a87,2,1,0.9792485237121582,0.9792485237121582,0.9792485237121582,0.9792485237121582,1.0
c13653775bf69290063543f744455844d3cda851,3,3,0.9659131765365601,0.9665409922599792,0.972191333770752,0.9718025326728821,1.0
e24683adc70ba0c186536293dc00b45f593c780a,2,1,0.9517028331756592,0.9517028331756592,0.9517028331756592,0.9517028331756592,1.0
49708eeb2c3c848f34817b321ad876b3b862a55c,3,3,0.9579119086265564,0.9583582878112793,0.9623759984970093,0.9631752967834473,1.0
c21fd3c7ec8a807473cdfae654852057e8e5a8ea,2,1,0.9630708694458008,0.9630708694458008,0.9630708694458008,0.9630708694458008,1.0
f7bae55be557c8fc9bdfa20a75f113cb38427910,2,1,0.9587728381156921,0.9587728381156921,0.9587728381156921,0.9587728381156921,1.0
effade46b324ed2e1231deb992ebd32c72fb2239,2,1,0.9871468544006348,0.9871468544006348,0.9871468544006348,0.9871468544006348,1.0
1d204b80d95fb2fa11efdc26176d37b530c0f8b9,2,1,0.9694827795028687,0.9694827795028687,0.9694827795028687,0.9694827795028687,1.0
9f58da12e983675c6afab7be9fd2362ad9be6226,3,3,0.9706761240959167,0.9711829423904419,0.9757445454597473,0.9779736995697021,1.0
437e136959e98c0e189c69afa001df28101fa46d,2,1,0.9531918168067932,0.9531918168067932,0.9531918168067932,0.9531918168067932,1.0
319d760a720427e01276c9c00eb77117a2127f00,3,3,0.9733228087425232,0.973484218120575,0.9749367833137512,0.977809727191925,1.0
7708525844945603dde7e64bd3992e98b58387c9,4,6,0.9890018701553345,0.9892780780792236,0.9934887886047363,0.9925662875175476,1.0
665bebd2ecdb2a1522a029993c20b2b988ea8d0d,2,1,0.9652503728866577,0.9652503728866577,0.9652503728866577,0.9652503728866577,1.0
724a3ba6112800c6425ba9e39edc5ce60ad1b08d,2,1,0.9690272808074951,0.9690272808074951,0.9690272808074951,0.9690272808074951,1.0
2ab9031bb27196432a471d549aef88833e3f2e68,3,3,0.9638955593109131,0.9641019105911255,0.9659593105316162,0.9721630215644836,1.0
4b46b853d018d531e727df772b5a3bffd2545c8b,2,1,0.9787442684173584,0.9787442684173584,0.9787442684173584,0.9787442684173584,1.0
b30d02673df5e221481bc7865a9da83f30588dee,3,3,0.9825608134269714,0.982681393623352,0.9837666749954224,0.9839010834693909,1.0
11e6d179ba83f6317abd5339ebe92a5d416cb87b,3,3,0.9548702836036682,0.9551730751991272,0.9578981399536133,0.9582762718200684,1.0
21eb3a790e093da93d5ad0344277b409b7c3b2d4,2,1,0.9899234175682068,0.9899234175682068,0.9899234175682068,0.9899234175682068,1.0
70e5064c8df6cfbfb1879c43c20d2e9b799a5ba4,4,6,0.952999472618103,0.955111026763916,0.9663441181182861,0.96510910987854,1.0
5745f871efa7a4d6ff215d9fa0e9bbfad9f3c27f,2,1,0.9689271450042725,0.9689271450042725,0.9689271450042725,0.9689271450042725,1.0
7f62c72e980f20f191efdd8588082957f228c8c8,2,1,0.9711756110191345,0.9711756110191345,0.9711756110191345,0.9711756110191345,1.0
c3c54f7e089ef4ec1f60de9999183a3a36c5e5c5,3,3,0.9898006319999695,0.9898267984390259,0.990062415599823,0.9924371838569641,1.0
50cb5f877d0431685774c7ddc32d88760585d1e6,3,3,0.9539521932601929,0.9559037685394287,0.9734679460525513,0.9684364199638367,1.0
45c21a1d72f51f627a7528ea62b7925a60c81bcc,2,1,0.9703174829483032,0.9703174829483032,0.9703174829483032,0.9703174829483032,1.0
757ca7fa6b59763bb8c99f6fb65c46eb9fe9abfb,2,1,0.9734169244766235,0.9734169244766235,0.9734169244766235,0.9734169244766235,1.0
d3905b1bcab13c72eb77ccaa3371993c6c766000,2,1,0.9605533480644226,0.9605533480644226,0.9605533480644226,0.9605533480644226,1.0
8364a5a8844214e0c8289a76aa961330d3fea048,2,1,0.9758232831954956,0.9758232831954956,0.9758232831954956,0.9758232831954956,1.0
ae50d5411447293f6d0068822baca468b4e9e59b,2,1,0.9642134308815002,0.9642134308815002,0.9642134308815002,0.9642134308815002,1.0
98aa592862bedc767edd345948b719b013814d3f,2,1,0.9729016423225403,0.9729016423225403,0.9729016423225403,0.9729016423225403,1.0
f0d1ad35b744562cbcd1cbadfa98080c628373d0,3,3,0.9634382128715515,0.963805079460144,0.967106819152832,0.9715732932090759,1.0
739b5697edec0ac908703412e19c139063a5bc3f,3,3,0.9824979305267334,0.9828119874000549,0.9856383204460144,0.9859721064567566,1.0
38a8c1c588bff6fb8cdda5e579fe65b0411a95e2,3,3,0.9790475964546204,0.9795360565185547,0.9839320778846741,0.9840245246887207,1.0
164b4baaf41130eeb59009c1e10c6c6edd898050,2,1,0.9914604425430298,0.9914604425430298,0.9914604425430298,0.9914604425430298,1.0
3c49f3aad9be24d0328fc75a4c477038ada01342,5,10,0.9573369026184082,0.9624595642089844,0.9729662537574768,0.9758608937263489,1.0
3b1cd08941a4bbd13526b096ef95b9cc3cbe840b,3,3,0.9549830555915833,0.9573748707771301,0.9789009690284729,0.9733357429504395,1.0
6e23dead49a2d9f8902098b91ee631122c60f0e5,2,1,0.9702475070953369,0.9702475070953369,0.9702475070953369,0.9702475070953369,1.0
d170f45ba5bea0fa8408875bc10b0800b36a0890,2,1,0.9512012004852295,0.9512012004852295,0.9512012004852295,0.9512012004852295,1.0
deda08dedcfddd3dca707aa345c581b6999f5db6,2,1,0.966213583946228,0.966213583946228,0.966213583946228,0.966213583946228,1.0
9f49e3cc3dfe565509cfa2368eee599bb7b51ac4,2,1,0.9820243716239929,0.9820243716239929,0.9820243716239929,0.9820243716239929,1.0
eb22e4b960caf4cba4237a6891f97fe6294a7ee4,4,6,0.9807344675064087,0.9811438918113708,0.9892297387123108,0.9893766045570374,1.0
511173227da737cadafd1878db68844e39561c1a,3,3,0.9631776809692383,0.9642539024353027,0.9739396572113037,0.9733287692070007,1.0
a41e11dfb90582826693e37b18ea7b3e479483d9,3,3,0.950090229511261,0.9505468010902405,0.9546561241149902,0.9657070636749268,1.0
1689d276556a2aad8ab67002291320bef707898a,2,1,0.9912434816360474,0.9912434816360474,0.9912434816360474,0.9912434816360474,1.0
9d0e8dff793be818d0eb9c8dba5b1bf65fecbb61,4,6,0.965440034866333,0.9661309719085693,0.9698868989944458,0.976036012172699,1.0
fc94bf2508dac73de19e3e053c102a148f9be822,3,3,0.9799638390541077,0.9804813861846924,0.985139012336731,0.9834657311439514,1.0
a23c5dfd3ea12cdfbbc1e0ee989fa4be90488fc7,2,1,0.9791245460510254,0.9791245460510254,0.9791245460510254,0.9791245460510254,1.0
fbf17c861d62f3e9d252ad8a1d70fb14f0b4178b,3,3,0.955055832862854,0.9560575485229492,0.965072751045227,0.9698187708854675,1.0
578a364d8f99e7291beb66e24fb11b2eb7cea2d9,4,6,0.9862342476844788,0.9868595004081726,0.9925551414489746,0.9920275807380676,1.0
2be6ad2fa38d182b2b68c82e5359c65a5639dada,3,3,0.9610011577606201,0.9612700939178467,0.9636906385421753,0.9723498225212097,1.0
6b75e4c02c185a9f3979b86eb51d08601f37ccb5,2,1,0.9730514287948608,0.9730514287948608,0.9730514287948608,0.9730514287948608,1.0
f9c7a1db99ad7f9dbc28cd043ef505136b110b08,4,6,0.9578310251235962,0.9583142399787903,0.9730668067932129,0.9735299944877625,1.0
6034b869806830577fc1d17d13ab9e8bc37218ac,3,3,0.9671253561973572,0.96790611743927,0.9749331474304199,0.9731875061988831,1.0
0fcb44074f332de0fbf0469543e459c87daeb0b7,2,1,0.9633298516273499,0.9633298516273499,0.9633298516273499,0.9633298516273499,1.0
37cb8e11fae71a26354bcb5921a21f85ceb2e57f,2,1,0.9765954613685608,0.9765954613685608,0.9765954613685608,0.9765954613685608,1.0
59054d9a317ea0204bee93b8b4ecd85a1e8f3e96,2,1,0.9840995073318481,0.9840995073318481,0.9840995073318481,0.9840995073318481,1.0
377a3fdd1cb19c43aaff6b361beeeb4edecfda6c,2,1,0.957125723361969,0.957125723361969,0.957125723361969,0.957125723361969,1.0
c26b1b8f617d665439d564d78da9b525a27341ea,2,1,0.9543840885162354,0.9543840885162354,0.9543840885162354,0.9543840885162354,1.0
a74db6114bdbb9e9abdebc9b29fefa831f958079,4,6,0.9636668562889099,0.9639990925788879,0.9699720144271851,0.9711044430732727,1.0
099e3b290fdea3e870f9809365170a16e11a50a7,2,1,0.9793715476989746,0.9793715476989746,0.9793715476989746,0.9793715476989746,1.0
2836ef931fd92fca8147078592b4a5e20b2fd111,2,1,0.9724459648132324,0.9724459648132324,0.9724459648132324,0.9724459648132324,1.0
c7b0f715a76ffb7d0f7433edc73acf3f77f3340a,3,3,0.9510350227355957,0.9513700008392334,0.9543848037719727,0.9597773551940918,1.0
73bc918048523a4407b2dadd4dee81e3b93ed315,2,1,0.9848420023918152,0.9848420023918152,0.9848420023918152,0.9848420023918152,1.0
50ee218b8e753a68f707178548adbb7a5f66eff2,3,3,0.9578421115875244,0.958290159702301,0.962322473526001,0.9624316096305847,1.0
2354d64d24bba097d4e6e76315af0ef8360d606a,2,1,0.9820404648780823,0.9820404648780823,0.9820404648780823,0.9820404648780823,1.0
69f21cedfd056dbe153e6e1e92acdec6f7b4aa71,2,1,0.9641609787940979,0.9641609787940979,0.9641609787940979,0.9641609787940979,1.0
1533d8f32e746ed6b22088efcc7b1073ca4b84a2,3,3,0.9569868445396423,0.9578542709350586,0.9656612277030945,0.9642314910888672,1.0
a6718e1824c3ab1a36cce8f2d6ae74916b65d05c,2,1,0.9848988056182861,0.9848988056182861,0.9848988056182861,0.9848988056182861,1.0
2ef3bada34550559a0abc544c77831eae179368f,2,1,0.9831691384315491,0.9831691384315491,0.9831691384315491,0.9831691384315491,1.0
cde1bdf3a2580b8f8f309a59bca56d55099666f1,2,1,0.9675641059875488,0.9675641059875488,0.9675641059875488,0.9675641059875488,1.0
d83cc8f7148d917b8c6b18622105e7c12a806ec2,3,3,0.9890822172164917,0.9892447590827942,0.9907073974609375,0.992142915725708,1.0
299857f4a59f1d245156e5518f180e925317fb3a,2,1,0.9688979387283325,0.9688979387283325,0.9688979387283325,0.9688979387283325,1.0
c2166e3d00b2000e48f92bd4652380bacbeafec2,2,1,0.9844174385070801,0.9844174385070801,0.9844174385070801,0.9844174385070801,1.0
4019e4f39e621423816c8b593081f72839ce3602,2,1,0.9600287675857544,0.9600287675857544,0.9600287675857544,0.9600287675857544,1.0
5eb9ef1158a80ee99692d2682ff79e090968a4a3,3,3,0.9592782258987427,0.9596487283706665,0.9629833102226257,0.9671266674995422,1.0
d2b14ab402a47453d713a34cc48f0dbf5393fc66,2,1,0.9748126268386841,0.9748126268386841,0.9748126268386841,0.9748126268386841,1.0
1207fb907a829449b2e82743fcf9072904371c96,2,1,0.9834017157554626,0.9834017157554626,0.9834017157554626,0.9834017157554626,1.0
452d3a1418d017a3d1f352b1a9e54d8ecdf2556c,3,3,0.9762914180755615,0.9768998026847839,0.9823753237724304,0.9810168743133545,1.0
35941d6f157db4269c3f2aa82401f7d10ea57d2d,3,3,0.9704955220222473,0.9709359407424927,0.9748995900154114,0.9790489673614502,1.0
aa3debd1177aadec9f782bcc7066640bcd4a5965,2,1,0.9951581954956055,0.9951581954956055,0.9951581954956055,0.9951581954956055,1.0
4591d937b4d858303409c1087fab46d47be6978e,2,1,0.9902599453926086,0.9902599453926086,0.9902599453926086,0.9902599453926086,1.0
0cf1b43ab5b926b17880d8affb540f6f770d064a,2,1,0.9508463144302368,0.9508463144302368,0.9508463144302368,0.9508463144302368,1.0
797434103edc0438a103d2244b4c83e0548521c3,2,1,0.9794555902481079,0.9794555902481079,0.9794555902481079,0.9794555902481079,1.0
7f4ebe1ebfbea6510f4c74e9ffc949624c48a995,2,1,0.9870744347572327,0.9870744347572327,0.9870744347572327,0.9870744347572327,1.0
cdc62175226af998acf19f7a2e43998609d69571,3,3,0.9593509435653687,0.9596760272979736,0.9626016020774841,0.9715085029602051,1.0
3cd8fa3c4e451379c60a1ce17b279130bcb04f8d,4,6,0.9588461518287659,0.9592984914779663,0.9682584404945374,0.9698827862739563,1.0
392eb1cef8443614b6e78239ab5f6e2283fb9646,2,1,0.9600149989128113,0.9600149989128113,0.9600149989128113,0.9600149989128113,1.0
b2422bbdf5e554766024218c5d17addb06426230,3,3,0.978111982345581,0.9786149859428406,0.9831421375274658,0.9820497632026672,1.0
e546746bdc22275bd49ec22032793c82ec7b1d79,2,1,0.9761202335357666,0.9761202335357666,0.9761202335357666,0.9761202335357666,1.0
b8c3fd8b3d8af9e688412055a5f9b9d25c78764a,2,1,0.9860697984695435,0.9860697984695435,0.9860697984695435,0.9860697984695435,1.0
24adbc25f7799f5de9269ef246c0da64a4885ea0,2,1,0.9586771726608276,0.9586771726608276,0.9586771726608276,0.9586771726608276,1.0
aaf7636be73cb48563cb7d982488df99c107494c,4,6,0.9628941416740417,0.9639419913291931,0.9741348028182983,0.9735406041145325,1.0
81a1b687b197ab1e4d6a9c68bdb1b4dce1a1a441,2,1,0.9926494359970093,0.9926494359970093,0.9926494359970093,0.9926494359970093,1.0
87bac687d0cb1db2451accd0fb8ec59a8458d58c,2,1,0.9795142412185669,0.9795142412185669,0.9795142412185669,0.9795142412185669,1.0
7d7533e3b516d8a95147a3f557e8edbf66e88b7e,2,1,0.9685807228088379,0.9685807228088379,0.9685807228088379,0.9685807228088379,1.0
b20a16a1a9ae1557f6359669659276dcb0ceddb5,4,6,0.9682611227035522,0.9710061550140381,0.9802388548851013,0.9793555736541748,1.0
111d50d9b30fe9a63056ed8dc68f0b5fd5696967,2,1,0.973906397819519,0.973906397819519,0.973906397819519,0.973906397819519,1.0
93fb7a322500d1db5e97db2e4ec405f5e3f50299,2,1,0.9871820211410522,0.9871820211410522,0.9871820211410522,0.9871820211410522,1.0
654a9dfd38c272b0cc24ffd09124ac12d41421f1,2,1,0.9656769037246704,0.9656769037246704,0.9656769037246704,0.9656769037246704,1.0
29859717f6f8f15e9e536d5c5ceaf626853f01b6,2,1,0.9625793695449829,0.9625793695449829,0.9625793695449829,0.9625793695449829,1.0
11fc367986b4bf97dfeeb84dcd34ad8c9d50cff6,3,3,0.9868912696838379,0.9870332479476929,0.9883108735084534,0.9879253506660461,1.0
1cc7edca972aef496d7dd4a6e98dc1536e8ff69e,2,1,0.9897332787513733,0.9897332787513733,0.9897332787513733,0.9897332787513733,1.0
f86c5f50db0b90563964e9c2a51777e6ac9e3ee7,2,1,0.9903098344802856,0.9903098344802856,0.9903098344802856,0.9903098344802856,1.0
e14cc3602baa6cbac521ec306fc64848096374a9,3,3,0.9718030691146851,0.9722785353660583,0.9765576124191284,0.9750968813896179,1.0
11826e7b3c592e10527db3f64300611b982cafd3,2,1,0.9815205335617065,0.9815205335617065,0.9815205335617065,0.9815205335617065,1.0
6d4f740734f3db2c7bd1117a795ea1a45cc7f860,2,1,0.9826686382293701,0.9826686382293701,0.9826686382293701,0.9826686382293701,1.0
acd2b9ce910354ca009a76be7db77d341ef14d60,3,3,0.954740047454834,0.9549903869628906,0.9572437405586243,0.9643381237983704,1.0
80bf98a8958fda47e9d55a94901615b704469f37,2,1,0.9703361988067627,0.9703361988067627,0.9703361988067627,0.9703361988067627,1.0
360b5af0ca3c239ec7a7a8f41542a9e5359f37d8,2,1,0.9872980117797852,0.9872980117797852,0.9872980117797852,0.9872980117797852,1.0
754eb618dcc3a4c6383997106289ab5c20d13ef4,2,1,0.9548105001449585,0.9548105001449585,0.9548105001449585,0.9548105001449585,1.0
963bf220eb657ea6691f8936ea42d995d7b50ec2,3,3,0.959543764591217,0.9608498215675354,0.9726045727729797,0.9684667587280273,1.0
83eda74aed12c9bd5e5eb56b818899f30a956292,2,1,0.9563322067260742,0.9563322067260742,0.9563322067260742,0.9563322067260742,1.0
7720720fa98936320a8909a7db3f4dc06d306602,2,1,0.9643722176551819,0.9643722176551819,0.9643722176551819,0.9643722176551819,1.0
ddd9c5afa09b1a02e1cefe1db34cc7a2fd4b1e3d,3,3,0.9687990546226501,0.9694358110427856,0.9751665592193604,0.9753353595733643,1.0
6cffbbc5c897a44c864d926b69e6f8a3b5f5848a,3,3,0.9526507258415222,0.952809751033783,0.954241156578064,0.9563257098197937,1.0
aefc93bdc268613c7887d635c9d7bf641dbf3377,2,1,0.9873194694519043,0.9873194694519043,0.9873194694519043,0.9873194694519043,1.0
e1c68f74aa1752d40dc9e795b6c7de7e1d9a72b2,2,1,0.9652644991874695,0.9652644991874695,0.9652644991874695,0.9652644991874695,1.0
5e3874dad570df4e4458aa991b0c24d963333d8c,2,1,0.9709678888320923,0.9709678888320923,0.9709678888320923,0.9709678888320923,1.0
539fb831b90ce529babd5460c03665f985922530,2,1,0.9784343838691711,0.9784343838691711,0.9784343838691711,0.9784343838691711,1.0
268e222e476ec98f6d564a874fb9e3305455286b,2,1,0.9923824071884155,0.9923824071884155,0.9923824071884155,0.9923824071884155,1.0
d7752c22283a25f373a47afde3b30438a5fd7ac3,3,3,0.9518213272094727,0.9521230459213257,0.9548385143280029,0.9629125595092773,1.0
d9a8e76a6dea79857b7abd5ad6d322bb90e20d25,2,1,0.9551299810409546,0.9551299810409546,0.9551299810409546,0.9551299810409546,1.0
711214a701837740418f330b287d756b21a090bb,2,1,0.9505710601806641,0.9505710601806641,0.9505710601806641,0.9505710601806641,1.0
149253f75b78c5b19b703657663bd805b79c39aa,3,3,0.9656916260719299,0.9658865332603455,0.96764075756073,0.9697198271751404,1.0
4e72fbdcece21b87e8e9294578656093e33ecb07,2,1,0.9586800336837769,0.9586800336837769,0.9586800336837769,0.9586800336837769,1.0
078f4a65eb850d09e748ebc669dd81aa1cd0e129,2,1,0.9911534190177917,0.9911534190177917,0.9911534190177917,0.9911534190177917,1.0
86398cf6378da39db27127fcdf4c1447e11876e6,2,1,0.9816513657569885,0.9816513657569885,0.9816513657569885,0.9816513657569885,1.0
62e734c4084cd56eb3d0d03fa5126b970cf6ed8f,4,6,0.9616753458976746,0.9629756808280945,0.9784488677978516,0.9771120548248291,1.0
701a5402c8ad7442aec1e907175c03754a04142f,2,1,0.9828823208808899,0.9828823208808899,0.9828823208808899,0.9828823208808899,1.0
eccda288983d1eb6d4ee1edce25d25fcd646f8c1,2,1,0.9716588258743286,0.9716588258743286,0.9716588258743286,0.9716588258743286,1.0
efb14b658bfa349debef87e1fd293b3ded487254,2,1,0.9960023760795593,0.9960023760795593,0.9960023760795593,0.9960023760795593,1.0
b5f1bdec9bde37567c35884b620b7dffc07621eb,2,1,0.9733486175537109,0.9733486175537109,0.9733486175537109,0.9733486175537109,1.0
387f088f92e101c5611222738556ceacaeadfd1f,2,1,0.9934507608413696,0.9934507608413696,0.9934507608413696,0.9934507608413696,1.0
a624f8ab22ffe3ee2f25bbe53828519788d872fb,2,1,0.968506932258606,0.968506932258606,0.968506932258606,0.968506932258606,1.0
c721513cc3b1e717b5e4a430d38e4cc069c60f28,2,1,0.9793597459793091,0.9793597459793091,0.9793597459793091,0.9793597459793091,1.0
9598f6fce3b4935c4f15879336cac25a4db9890a,2,1,0.9972102046012878,0.9972102046012878,0.9972102046012878,0.9972102046012878,1.0
900c3ab4f2baff59da37c330fd209709b2827152,2,1,0.9993974566459656,0.9993974566459656,0.9993974566459656,0.9993974566459656,1.0
93725413ed92a71c108d1b8c84387294d842675c,2,1,0.9744272828102112,0.9744272828102112,0.9744272828102112,0.9744272828102112,1.0
d06817131672fb4a4c3eeda5659bd5057a67f0ba,2,1,0.9846798181533813,0.9846798181533813,0.9846798181533813,0.9846798181533813,1.0
4e722073553ea6059928d5d930976f89d8ed0549,2,1,0.956413209438324,0.956413209438324,0.956413209438324,0.956413209438324,1.0
90fb66b09c831a375c8653a446d8944f054858ce,3,3,0.9726392030715942,0.973197340965271,0.9782204627990723,0.9770079255104065,1.0
311d6a7e7bcddb6197d4881478a25469f75ab3b1,2,1,0.978783905506134,0.978783905506134,0.978783905506134,0.978783905506134,1.0
61813f6376f6009edf3fe86e5c0ad8831bbfa0c7,2,1,0.9803417921066284,0.9803417921066284,0.9803417921066284,0.9803417921066284,1.0
1ef5f3552a7c21159e5b4fbf54c64af83dff656d,2,1,0.9841269254684448,0.9841269254684448,0.9841269254684448,0.9841269254684448,1.0
c98b84ab95b46aaac8ddc9f1a5d8b5e4275c7b1c,2,1,0.9587962031364441,0.9587962031364441,0.9587962031364441,0.9587962031364441,1.0
4963ea63dd9dc2f2e5e2684aa11bfbd6e831c63f,2,1,0.9599761962890625,0.9599761962890625,0.9599761962890625,0.9599761962890625,1.0
f3d7bb5816ba5aeeb1aa542b60892cdc96fe95fc,2,1,0.9745841026306152,0.9745841026306152,0.9745841026306152,0.9745841026306152,1.0
1c331d410703b8a39a928b88b5266b615c958a14,2,1,0.9782194495201111,0.9782194495201111,0.9782194495201111,0.9782194495201111,1.0
99bfbce9ea2d94d721f9ea403fe55f409e5a9dd7,2,1,0.9744448661804199,0.9744448661804199,0.9744448661804199,0.9744448661804199,1.0
1049e466415f4f0ec435942f4998dd7543ec97fc,3,3,0.9853489398956299,0.985761284828186,0.9894723892211914,0.988285481929779,1.0
4359d4d7fd7d256e64fe5f9c32d6fe2e5100c515,2,1,0.968724250793457,0.968724250793457,0.968724250793457,0.968724250793457,1.0
98b771f9052ec1b1734323c8afa3659d285e0fa8,2,1,0.9706528186798096,0.9706528186798096,0.9706528186798096,0.9706528186798096,1.0
fcc9d9877944c521b791470d124179661de99ecb,2,1,0.9902998208999634,0.9902998208999634,0.9902998208999634,0.9902998208999634,1.0
4766b6cd373535b51d6ba5ecceda46a62475bdc0,2,1,0.9503003358840942,0.9503003358840942,0.9503003358840942,0.9503003358840942,1.0
bbf585c218ed0a8eb2ce6d50ad2bebd21f18abdb,2,1,0.9689914584159851,0.9689914584159851,0.9689914584159851,0.9689914584159851,1.0
64c2235a9416f5e65f61d5d2256b65fce35737f2,2,1,0.9969491958618164,0.9969491958618164,0.9969491958618164,0.9969491958618164,1.0
4e383d2063586fa95f9e3c13c1653f7d4aa48a47,2,1,0.9805002212524414,0.9805002212524414,0.9805002212524414,0.9805002212524414,1.0
762abc17a5ff317d2727f8eed8864e90d8a7f12a,2,1,0.9791025519371033,0.9791025519371033,0.9791025519371033,0.9791025519371033,1.0
535678c42b77c987fb95f7e20c0e20143462fa6d,2,1,0.9780100584030151,0.9780100584030151,0.9780100584030151,0.9780100584030151,1.0
ddb9e1a021d1426ff548bb4b687693037f3099c4,3,3,0.9863930940628052,0.9866653680801392,0.9891161322593689,0.9883505702018738,1.0
036bb91f30a1f7743804ac91abba42362fc47bbf,2,1,0.9544095993041992,0.9544095993041992,0.9544095993041992,0.9544095993041992,1.0
31e0de68702b366caace5fce3aa41f9161d99d3f,4,6,0.9531397223472595,0.9544611573219299,0.965681791305542,0.9637775421142578,1.0
bd7da6606c1206422c44f7ef6dfda8fcf10d06a6,2,1,0.9905934929847717,0.9905934929847717,0.9905934929847717,0.9905934929847717,1.0
511336e58e0eddfbbbb28df68320ebe0957032b3,2,1,0.9685003757476807,0.9685003757476807,0.9685003757476807,0.9685003757476807,1.0
a2690ddf8efe44698a1c68f874c18c9b634e0973,2,1,0.991918683052063,0.991918683052063,0.991918683052063,0.991918683052063,1.0
fcf51c037feef45f3524257791cc2b5c7bd327fd,3,3,0.9525866508483887,0.9545736908912659,0.9724571704864502,0.9686360359191895,1.0
0db169cb230ec9954e4054371a98aaee267d862c,3,3,0.9724221229553223,0.9725931882858276,0.9741330742835999,0.9792261719703674,1.0
2538970eda24501ed74fae8539b55dc50460dfcc,2,1,0.9777613878250122,0.9777613878250122,0.9777613878250122,0.9777613878250122,1.0
4228a1f4aee865d22084f27e87bab9508bc36901,2,1,0.9943443536758423,0.9943443536758423,0.9943443536758423,0.9943443536758423,1.0
fed6e4a1d8aadc35a1ad0a9090adcdf282c6f3e6,2,1,0.9759588837623596,0.9759588837623596,0.9759588837623596,0.9759588837623596,1.0
2f35d624e0083d043a6c5701ce65bceecac4c435,2,1,0.9619275331497192,0.9619275331497192,0.9619275331497192,0.9619275331497192,1.0
15d65d42895d4fdc18266a4e20444238f0c8a556,2,1,0.9833942651748657,0.9833942651748657,0.9833942651748657,0.9833942651748657,1.0
ddbb26c188eefc614691b30b9051a994ec54dc56,2,1,0.9767074584960938,0.9767074584960938,0.9767074584960938,0.9767074584960938,1.0
44fff0336014aa96dd8d83dc3e2c172d01705df2,2,1,0.9892969727516174,0.9892969727516174,0.9892969727516174,0.9892969727516174,1.0
f12e2e5f8e4a0892d5d8a5328b787caba621d952,2,1,0.959251880645752,0.959251880645752,0.959251880645752,0.959251880645752,1.0
435a4ac030a7de69402ada55b2260dbd6235f4df,2,1,0.9625869393348694,0.9625869393348694,0.9625869393348694,0.9625869393348694,1.0
0f4a8b4f6ae18cb64af5500a6eec53ca8dbc12b8,2,1,0.9837861657142639,0.9837861657142639,0.9837861657142639,0.9837861657142639,1.0
7b1849dbbc38f01832cd564382119e17f04fe968,3,3,0.9513372182846069,0.9523013830184937,0.9609791040420532,0.9660056233406067,1.0
44bc78ebc28db3d1f6f27c30c3bd00ba3a0e238f,2,1,0.98018479347229,0.98018479347229,0.98018479347229,0.98018479347229,1.0
3a289672fd34c0db50e7afc6b7564259b55d07ee,2,1,0.9720823764801025,0.9720823764801025,0.9720823764801025,0.9720823764801025,1.0
12126ebfd82d1bf173945a0cbfbc42f0156aff29,2,1,0.9644501209259033,0.9644501209259033,0.9644501209259033,0.9644501209259033,1.0
a539378fd23d037a5c69f0cb8de6a92b8ed1da81,2,1,0.9682531356811523,0.9682531356811523,0.9682531356811523,0.9682531356811523,1.0
7a475869207afe16aa13f4e1105885b17ca5b9b5,3,3,0.9708610773086548,0.9714815616607666,0.977065920829773,0.9769489169120789,1.0
f4ab7b65cc074bba8918bb3a691050f9fefebd8c,3,3,0.9765034317970276,0.9766274690628052,0.9777436852455139,0.9798248410224915,1.0
f73a7cd5ea2d9e787b78107991d8ac8a03a3c6e0,5,10,0.9537000060081482,0.9550037384033203,0.9710133075714111,0.9702075123786926,1.0
db06c6003725ac0074820da95abb7d30f631b8e3,2,1,0.986662745475769,0.986662745475769,0.986662745475769,0.986662745475769,1.0
478e9b9706d079e3978de48bcd09562bb46dbb83,2,1,0.9546166658401489,0.9546166658401489,0.9546166658401489,0.9546166658401489,1.0
358d24b69d90ca6a5b2beb34b8ef039d504117c7,2,1,0.9687636494636536,0.9687636494636536,0.9687636494636536,0.9687636494636536,1.0
b0e7e18d6b47df47db12ece5a02af6a9197f3db4,2,1,0.9872366189956665,0.9872366189956665,0.9872366189956665,0.9872366189956665,1.0
36a33b9dc42f2c5e4c45f804ddb96fa1da0b6006,2,1,0.9728018045425415,0.9728018045425415,0.9728018045425415,0.9728018045425415,1.0
580608dde79894f055f7fd1413b5d8bd0965a4c3,2,1,0.9620685577392578,0.9620685577392578,0.9620685577392578,0.9620685577392578,1.0
b6fd4e2bc0de7fe82a883f89c12117d3b6e3d9a8,2,1,0.9895115494728088,0.9895115494728088,0.9895115494728088,0.9895115494728088,1.0
63e0921d82ce323b67300eb1e51dae8e23608ea0,2,1,0.9778532981872559,0.9778532981872559,0.9778532981872559,0.9778532981872559,1.0
aadf9891eb3d38e93d8e3e4afc9668570f72233c,3,3,0.9717517495155334,0.9719315767288208,0.9735502004623413,0.9755637645721436,1.0
a2b9ec60ac40afd4f74589bc5ae1bc014f0ba065,3,3,0.9794589281082153,0.9797354936599731,0.9822248220443726,0.9835759997367859,1.0
081bd36e66be8e032faa1ad949fee49a23fc1593,2,1,0.9759730100631714,0.9759730100631714,0.9759730100631714,0.9759730100631714,1.0
82fa38c80101091f718cc2f17d29e728f38c95ae,2,1,0.9568848609924316,0.9568848609924316,0.9568848609924316,0.9568848609924316,1.0
db310b12de4f0d0644e2ea2dca773a64dfea4419,2,1,0.9560929536819458,0.9560929536819458,0.9560929536819458,0.9560929536819458,1.0
7d62ac8e39a1b4a6f5910bae59f92b348c928a86,2,1,0.9644644260406494,0.9644644260406494,0.9644644260406494,0.9644644260406494,1.0
dabe0623adcccfba42b63cbaf3f614b7ccedb4c1,4,6,0.9602921009063721,0.9633097052574158,0.9784431457519531,0.9764859080314636,1.0
cd40ce4d3ab077c1d64ca9a4fdd011a1c3f3e12a,2,1,0.9822644591331482,0.9822644591331482,0.9822644591331482,0.9822644591331482,1.0
8e56942619c709a69079c402f4bf98f6f6ff27e0,2,1,0.9749171733856201,0.9749171733856201,0.9749171733856201,0.9749171733856201,1.0
717f3e2d40ac864789947a47c1611f833a0b8c01,2,1,0.9640256762504578,0.9640256762504578,0.9640256762504578,0.9640256762504578,1.0
00913647845a4225f303e962ac1e351fcc23bbb0,2,1,0.9507887959480286,0.9507887959480286,0.9507887959480286,0.9507887959480286,1.0
daa8a8ade126a0d7322f885e54d4d9d9f311ef84,2,1,0.9720911979675293,0.9720911979675293,0.9720911979675293,0.9720911979675293,1.0
ba93c52ece11e564b6ffd22921fbcc0999424190,2,1,0.9884040355682373,0.9884040355682373,0.9884040355682373,0.9884040355682373,1.0
00208f8c012ee5c93060bdef4b77625b6a35988a,2,1,0.9802051782608032,0.9802051782608032,0.9802051782608032,0.9802051782608032,1.0
3c7886a59d206c65ecb4c3253c1b6434f9aec372,2,1,0.9821116924285889,0.9821116924285889,0.9821116924285889,0.9821116924285889,1.0
73df6c35e3316e0ace7e2ea02ae92d7a9c43bad3,2,1,0.9640312194824219,0.9640312194824219,0.9640312194824219,0.9640312194824219,1.0
655232fc3967991811853cfd6930f65c1925d618,2,1,0.9708826541900635,0.9708826541900635,0.9708826541900635,0.9708826541900635,1.0
6cc2512138e8b9cacab7eb7699263442b11b7369,3,3,0.9592845439910889,0.9601107835769653,0.9675471782684326,0.9729184508323669,1.0
f763c82431162deada22fbb0323dc1cc76d2e8a2,2,1,0.989230215549469,0.989230215549469,0.989230215549469,0.989230215549469,1.0
78217de3afc48ed37aa77a6f5153dcdf1fe57c61,2,1,0.9545173645019531,0.9545173645019531,0.9545173645019531,0.9545173645019531,1.0
3d6bf23567355db04b18970dd407e4174248d941,2,1,0.9694458246231079,0.9694458246231079,0.9694458246231079,0.9694458246231079,1.0
887905794f22190053d4420731ba371508d27092,2,1,0.9725087285041809,0.9725087285041809,0.9725087285041809,0.9725087285041809,1.0
0a18ae5a2728b28e1e4a07fec0164344504e603d,3,3,0.9755989909172058,0.9762724041938782,0.9823330640792847,0.9802885055541992,1.0
9015cd9a7de4f786e3a9058fad198dd9fd53aac2,2,1,0.9814674854278564,0.9814674854278564,0.9814674854278564,0.9814674854278564,1.0
9aafbed850d1142b1ebcf70b98d20f250283594a,2,1,0.9622585773468018,0.9622585773468018,0.9622585773468018,0.9622585773468018,1.0
40421c341aa8f957f078b29c10c517d3e0bb5f19,3,3,0.9860323667526245,0.9861084222793579,0.9867926239967346,0.9868863224983215,1.0
afbaaf86233a648d0564179a3dbf4327c579b451,2,1,0.9708625078201294,0.9708625078201294,0.9708625078201294,0.9708625078201294,1.0
de27fb38eb834456f40d6ca371692fa33d9f743c,2,1,0.9529432058334351,0.9529432058334351,0.9529432058334351,0.9529432058334351,1.0
f3a78c6088af5bfbb7003f5bbf455facc78cdb82,2,1,0.9937458634376526,0.9937458634376526,0.9937458634376526,0.9937458634376526,1.0
e07ef6a0cb3b99ea54eac3f7a406705f96a4c6bb,2,1,0.9578145742416382,0.9578145742416382,0.9578145742416382,0.9578145742416382,1.0
543d8f1304d63d893e7d889a15d9c2cb04eb115b,2,1,0.9786275625228882,0.9786275625228882,0.9786275625228882,0.9786275625228882,1.0
9b3046663f4d14c321cd3b1ef6e7f6dd3bf718ac,2,1,0.9561839699745178,0.9561839699745178,0.9561839699745178,0.9561839699745178,1.0
133f266886cfd7e76d1c196fe29b10a1b313c616,2,1,0.956610381603241,0.956610381603241,0.956610381603241,0.956610381603241,1.0
240c8589597c13d62d8b2cdc90b89d35424e3948,2,1,0.985187292098999,0.985187292098999,0.985187292098999,0.985187292098999,1.0
b2bb1592c855ec8238a73b9c58c30d4f70c1c5ca,2,1,0.973654568195343,0.973654568195343,0.973654568195343,0.973654568195343,1.0
918676e56c05e4e73322711a2922b06d3d8b584e,3,3,0.9694750308990479,0.9695776104927063,0.9705010652542114,0.9755356907844543,1.0
a5173936b23b94db2bbd4e8ea80e8a7f057427ab,2,1,0.9912943243980408,0.9912943243980408,0.9912943243980408,0.9912943243980408,1.0
d58ca16f4f64dfcdd5de0e9289d760772f302e3d,2,1,0.9792118072509766,0.9792118072509766,0.9792118072509766,0.9792118072509766,1.0
697a532688d03e14480dd9435545b33649f121ac,2,1,0.9849214553833008,0.9849214553833008,0.9849214553833008,0.9849214553833008,1.0
d57e79410efeaf319c2cc4e9f405750b8928aa78,3,3,0.9688650965690613,0.9695338606834412,0.9755529761314392,0.973891019821167,1.0
5f48f09ea41224d189c8456cedcf1bb8a9b5faa8,2,1,0.9672142267227173,0.9672142267227173,0.9672142267227173,0.9672142267227173,1.0
951cbeeceef964f5704f0ae645b2a68186621e81,2,1,0.9916063547134399,0.9916063547134399,0.9916063547134399,0.9916063547134399,1.0
0750e555c5274415bcd39336c6a6375986b24b23,2,1,0.9719595909118652,0.9719595909118652,0.9719595909118652,0.9719595909118652,1.0
266f3efa36b5d66a1d7adc507ac8ef9f59098557,2,1,0.9705989956855774,0.9705989956855774,0.9705989956855774,0.9705989956855774,1.0
19ebc5280d6c97a0ce9e67278a0e86646068f942,2,1,0.9605544805526733,0.9605544805526733,0.9605544805526733,0.9605544805526733,1.0
f2bbe8eb716b8aa311bce9e4029ede378406851d,2,1,0.9818060994148254,0.9818060994148254,0.9818060994148254,0.9818060994148254,1.0
01703587d477986f20b5d17e18db39114f13d875,2,1,0.9934873580932617,0.9934873580932617,0.9934873580932617,0.9934873580932617,1.0
29e70ef23b1d108849f4aa93e9ff61c3b30b78c7,4,6,0.9818917512893677,0.9828231334686279,0.9879244565963745,0.9883590340614319,1.0
786b7bbfd33600c2253c81f5361e43ba6c5bf81d,2,1,0.9878836274147034,0.9878836274147034,0.9878836274147034,0.9878836274147034,1.0
c24133b353275202ccf4ecd0deea317da650c4a5,3,3,0.9814590215682983,0.9816070795059204,0.9829398989677429,0.9866509437561035,1.0
8cf50327bb4fd74cb97845f2aa46e0bfceecbd62,2,1,0.9653093814849854,0.9653093814849854,0.9653093814849854,0.9653093814849854,1.0
c84b47d63b7dfd4a7227a432c6e6a973df0737f1,3,3,0.9702020883560181,0.9711813926696777,0.9799953103065491,0.9770081639289856,1.0
c91276bbf00e01af1556fa47a7a1ee6b15c15935,2,1,0.9835754632949829,0.9835754632949829,0.9835754632949829,0.9835754632949829,1.0
f7954563024c62138cd3e171f415b7c57cbdb8ed,2,1,0.9789906740188599,0.9789906740188599,0.9789906740188599,0.9789906740188599,1.0
126909c9ccff6440a444f6b060bee9dca984a2f0,2,1,0.9843437075614929,0.9843437075614929,0.9843437075614929,0.9843437075614929,1.0
45ec660f092524e7af09aedbec801f050ad5fe6e,2,1,0.9698752164840698,0.9698752164840698,0.9698752164840698,0.9698752164840698,1.0
bde54af368af3f6360bbe0a517702274467a7730,2,1,0.958337664604187,0.958337664604187,0.958337664604187,0.958337664604187,1.0
6e53142733eecedd57ee7b792739df45750aeac5,2,1,0.9665349125862122,0.9665349125862122,0.9665349125862122,0.9665349125862122,1.0
4e1af4a00ca581ca589f2681cf8dbf8a4b90e31c,2,1,0.9881958365440369,0.9881958365440369,0.9881958365440369,0.9881958365440369,1.0
41895a05e300cbc9d4e73abf5ea858709fad963f,3,3,0.9761165380477905,0.9770806431770325,0.9857577085494995,0.9826827049255371,1.0
14a40b32dbfce7200be11f919cb2f18bbe7b0208,2,1,0.9760378003120422,0.9760378003120422,0.9760378003120422,0.9760378003120422,1.0
6018d82a13d46d5397f107c3ad539dd0224ef04b,2,1,0.9758495092391968,0.9758495092391968,0.9758495092391968,0.9758495092391968,1.0
c80a55f71205b481dd8c4e7752dfc5db7e08bccc,3,3,0.9819157719612122,0.9820029735565186,0.9827874898910522,0.9832348823547363,1.0
59ba9da9b1491317da3658a9d53689dee8bd7b68,2,1,0.9566401839256287,0.9566401839256287,0.9566401839256287,0.9566401839256287,1.0
597fb8e13333c5e56b86cd1dc547a6ab0f822394,2,1,0.9854928255081177,0.9854928255081177,0.9854928255081177,0.9854928255081177,1.0
66617d76948c074583970189a893e574738ad07f,2,1,0.9870542287826538,0.9870542287826538,0.9870542287826538,0.9870542287826538,1.0
54e3989d8c72f01e964eaf644fc699b2b7b7159c,2,1,0.9869391322135925,0.9869391322135925,0.9869391322135925,0.9869391322135925,1.0
3c8b15ba50eb9fb8c9bc3aa41fe8fba1317adc95,2,1,0.9662701487541199,0.9662701487541199,0.9662701487541199,0.9662701487541199,1.0
62bd978ba8ff2bce6cf0236ad935e3a09c6cfe46,2,1,0.9642678499221802,0.9642678499221802,0.9642678499221802,0.9642678499221802,1.0
9fb1916c75b15d2e154c08285903e18412efc4b6,2,1,0.9875861406326294,0.9875861406326294,0.9875861406326294,0.9875861406326294,1.0
17173111120ef24efd99cb15d0b18102dcdb5645,2,1,0.959930419921875,0.959930419921875,0.959930419921875,0.959930419921875,1.0
5337edf90747ed461491d2efa3b0de3200e5c5f2,2,1,0.9644046425819397,0.9644046425819397,0.9644046425819397,0.9644046425819397,1.0
bcc4593172a7483d48e3276bb3244c7ad07117e8,3,3,0.9801855683326721,0.9807765483856201,0.9860954880714417,0.9849593043327332,1.0
dc550bcb049ff20ecb49a448d7f2f450dd3ff6ad,2,1,0.9847093820571899,0.9847093820571899,0.9847093820571899,0.9847093820571899,1.0
dc83f41bb1bda633d3b56dd63c6b056877fbac52,2,1,0.9721837043762207,0.9721837043762207,0.9721837043762207,0.9721837043762207,1.0
3546f0c3e7baf67eae8f890b574911cb8e7046b2,3,3,0.9817571640014648,0.9822027087211609,0.9862126111984253,0.9864833950996399,1.0
e5f418acda0a36444e7f968ec44582015407e2ee,2,1,0.9523876905441284,0.9523876905441284,0.9523876905441284,0.9523876905441284,1.0
e639c864f44244e9d33ac79230657bf2bc1f18cf,2,1,0.9829906821250916,0.9829906821250916,0.9829906821250916,0.9829906821250916,1.0
aee03348e9c77f3e2efa4f416a5a5c9046ea087e,2,1,0.9663081169128418,0.9663081169128418,0.9663081169128418,0.9663081169128418,1.0
f6aa555a2c58028a28b9359f6511343e1ff62da8,3,3,0.96360182762146,0.9644527435302734,0.9721109867095947,0.9749463200569153,1.0
83a2346b97720ad107feb3628752e6b29b3074da,2,1,0.9758225083351135,0.9758225083351135,0.9758225083351135,0.9758225083351135,1.0
86a1f5a93ba0f6ab23a8570fdbce8b3ca6a933ae,2,1,0.9702686667442322,0.9702686667442322,0.9702686667442322,0.9702686667442322,1.0
86732821b9620177fa3148c91c7bc717d8640313,3,3,0.9583881497383118,0.9593685269355774,0.9681918025016785,0.971552848815918,1.0
702394c9885b2116e7692fff92eaa40324c9d670,2,1,0.9764630794525146,0.9764630794525146,0.9764630794525146,0.9764630794525146,1.0
daafceb98aabca098d0e9d687b5793fbb6155259,2,1,0.9698303937911987,0.9698303937911987,0.9698303937911987,0.9698303937911987,1.0
1cfc73d3750eca01d0e687b147cc404b60b2577c,2,1,0.9868626594543457,0.9868626594543457,0.9868626594543457,0.9868626594543457,1.0
9478661f8faa93dc06448edcf27d20d8858b275b,2,1,0.9574859738349915,0.9574859738349915,0.9574859738349915,0.9574859738349915,1.0
4c4ea016fa8cf9aea514c8f47dd0c7340efd6839,3,3,0.9601608514785767,0.9602190852165222,0.9607431888580322,0.9640226364135742,1.0
4a7f36ce5542c217260b7c53eb734b2ce0129895,2,1,0.9613677263259888,0.9613677263259888,0.9613677263259888,0.9613677263259888,1.0
fcc7b856766d8594a6c825c24a2974676d6d69dc,2,1,0.9946643710136414,0.9946643710136414,0.9946643710136414,0.9946643710136414,1.0
53b07bdfb135750add403881fe89eff7e6e4c77c,2,1,0.963685154914856,0.963685154914856,0.963685154914856,0.963685154914856,1.0
36772d268495774ff4ebafc95c8769debff64de0,2,1,0.9777642488479614,0.9777642488479614,0.9777642488479614,0.9777642488479614,1.0
cca329d1a46c7aaa46e7739492e56dbb3fbd7ff8,2,1,0.9681477546691895,0.9681477546691895,0.9681477546691895,0.9681477546691895,1.0
70f0905b3326c41e85e25ca17b8e78da8fb8a823,2,1,0.9852246046066284,0.9852246046066284,0.9852246046066284,0.9852246046066284,1.0
0ae5fcecc21a00769e4ab75abac8cc520f50ac77,2,1,0.9777251482009888,0.9777251482009888,0.9777251482009888,0.9777251482009888,1.0
39a9c10d42bee0b26f872e7577004772275aaefe,2,1,0.9837692379951477,0.9837692379951477,0.9837692379951477,0.9837692379951477,1.0
ad4061d9b2981b747a170a8bb2cab82a75d356dc,2,1,0.95988929271698,0.95988929271698,0.95988929271698,0.95988929271698,1.0
8dd1d3e5b8caf84d5a9a514a482c46a3e6221461,2,1,0.9919283390045166,0.9919283390045166,0.9919283390045166,0.9919283390045166,1.0
6c026638e59a7c46a3499de8024cbf9f49745803,2,1,0.9832072257995605,0.9832072257995605,0.9832072257995605,0.9832072257995605,1.0
df96a25c07d3392b5ea5ec0a19d56b466cdeb7b8,2,1,0.9845961928367615,0.9845961928367615,0.9845961928367615,0.9845961928367615,1.0
747406eaeee88bb77ea760bc3b320d64d64e4f11,3,3,0.9531811475753784,0.9553560614585876,0.9749304056167603,0.9709558486938477,1.0
ed44d81fdf79b4969e0c3b63978761688bf3596d,3,3,0.9752378463745117,0.976015031337738,0.9830098152160645,0.9834865927696228,1.0
090070387973e3d111d6f74310a329f66d04d6f7,3,3,0.9551984667778015,0.9553788900375366,0.9570027589797974,0.9686701893806458,1.0
48b45f0fff9359673c614ca56ac570ed6d008702,2,1,0.984619140625,0.984619140625,0.984619140625,0.984619140625,1.0
9e9c58fbd572ddfdb34af1f63b9f694879e555c7,2,1,0.9765280485153198,0.9765280485153198,0.9765280485153198,0.9765280485153198,1.0
75242f2695ac2df1af2c9d7a2dc75b5c56237506,3,3,0.9621766805648804,0.9631494879722595,0.9719049334526062,0.9722421765327454,1.0
38791951fd6c06c3ceaed9ae2e7c139cf85fc547,2,1,0.9797959923744202,0.9797959923744202,0.9797959923744202,0.9797959923744202,1.0
4fe9f824409be99b51307f57a363298fd27435e3,2,1,0.9621620178222656,0.9621620178222656,0.9621620178222656,0.9621620178222656,1.0
0263984c2528fb08f515f24a697278f213def0da,2,1,0.9766690731048584,0.9766690731048584,0.9766690731048584,0.9766690731048584,1.0
5a98722f132af985b27e9e4ee0f4218e209c7b6f,2,1,0.9802517890930176,0.9802517890930176,0.9802517890930176,0.9802517890930176,1.0
87e7350a04a5afec37b882eea870d413e0ef33bd,2,1,0.9681814908981323,0.9681814908981323,0.9681814908981323,0.9681814908981323,1.0
dbe35cb97a226583ee5d5bac6fb01e1e9a5d9d60,2,1,0.9716599583625793,0.9716599583625793,0.9716599583625793,0.9716599583625793,1.0
d71154be9358a58bb555dd5952dbe4d6447a132a,3,3,0.9613317251205444,0.9619969725608826,0.9679844379425049,0.974606990814209,1.0
2aa1304de8cede03936868b5daf30ec6e39ed56f,2,1,0.9605731964111328,0.9605731964111328,0.9605731964111328,0.9605731964111328,1.0
da838a027ed29297862c755a30a78187d01dc48f,3,3,0.9854727387428284,0.9856207370758057,0.9869530200958252,0.987015426158905,1.0
fdbd4c84af9875b75f9ac8e81da36aa6abb08d6f,2,1,0.9949018955230713,0.9949018955230713,0.9949018955230713,0.9949018955230713,1.0
ea71ec6c95c8449f3e646fdfde08c359ea5b51b2,3,3,0.9759645462036133,0.9763175249099731,0.9794942736625671,0.9783713817596436,1.0
9f815ae4e87b76b7dccfcc2ac2656efa8b546ae0,2,1,0.9773187637329102,0.9773187637329102,0.9773187637329102,0.9773187637329102,1.0
3c5436383625b9bba8028cc39a65fec6ac302332,2,1,0.9651802182197571,0.9651802182197571,0.9651802182197571,0.9651802182197571,1.0
b113a74c2c455a01911073ae879b844b7cd94307,3,3,0.9750517010688782,0.9754230380058289,0.9787648916244507,0.978895902633667,1.0
493467ec5c152328cb860af1829d5f88770fe9fd,2,1,0.9635055065155029,0.9635055065155029,0.9635055065155029,0.9635055065155029,1.0
7418004a3a019cd59239df450125fb8a828e020f,4,6,0.9514570236206055,0.9526684284210205,0.9584923982620239,0.9600872993469238,1.0
963197adc08c2fc082b77917b126982ec5fdd607,2,1,0.9650800824165344,0.9650800824165344,0.9650800824165344,0.9650800824165344,1.0
586ba5623444fd0c07a944cd5581d65aa428c1dc,2,1,0.9647036790847778,0.9647036790847778,0.9647036790847778,0.9647036790847778,1.0
e5016b52bb0bc8bbb4565e3966ba4f87b0b032cb,2,1,0.951562762260437,0.951562762260437,0.951562762260437,0.951562762260437,1.0
636e997ae3cb432f274620e7c5afd808190e33a3,2,1,0.9928901195526123,0.9928901195526123,0.9928901195526123,0.9928901195526123,1.0
c321e839dd60b05a35c835e503f292b0f301f054,2,1,0.955841064453125,0.955841064453125,0.955841064453125,0.955841064453125,1.0
64708895ec9dd881e51c7d679376521424cee6d9,2,1,0.9635000228881836,0.9635000228881836,0.9635000228881836,0.9635000228881836,1.0
d8bbdbfc218ccb5bef4062cf290c7900953ac8c6,2,1,0.986241340637207,0.986241340637207,0.986241340637207,0.986241340637207,1.0
dce0065859e7a6d55cb2a9e2a03c378e2611ab6a,2,1,0.9528247117996216,0.9528247117996216,0.9528247117996216,0.9528247117996216,1.0
6c7d2cf76541456e4ecf741a54271e7c03c4fc88,2,1,0.9827603101730347,0.9827603101730347,0.9827603101730347,0.9827603101730347,1.0
87571b6669eb938eee39174f238ea6aa739e0e85,2,1,0.9791979789733887,0.9791979789733887,0.9791979789733887,0.9791979789733887,1.0
f0bf96720ef35549473d2a0ed976e5911d8967c3,2,1,0.9879779815673828,0.9879779815673828,0.9879779815673828,0.9879779815673828,1.0
2da3986ce12cdbff5b995e251248ece0c58d51c1,2,1,0.9781386852264404,0.9781386852264404,0.9781386852264404,0.9781386852264404,1.0
123c8e393cf3f37af1dbb52e369a62736cc84051,2,1,0.9638723731040955,0.9638723731040955,0.9638723731040955,0.9638723731040955,1.0
1a1bdd71312945cc75c6bbd10e29bf7a51a21eea,2,1,0.9854758977890015,0.9854758977890015,0.9854758977890015,0.9854758977890015,1.0
8cceca09b92534e8863ab95fcfb5975946df3e38,2,1,0.9868265986442566,0.9868265986442566,0.9868265986442566,0.9868265986442566,1.0
08d7e24d39195bb0c2dcc459b1cf9a259d1539f0,2,1,0.9663638472557068,0.9663638472557068,0.9663638472557068,0.9663638472557068,1.0
cb5c1178ec2ead4b784f303c6b6cca8ad92e5364,3,3,0.984421968460083,0.984621524810791,0.9864177107810974,0.988817036151886,1.0
687c51a1f9d0b9a5e0dfa41439befab089fb6cf6,2,1,0.9836466312408447,0.9836466312408447,0.9836466312408447,0.9836466312408447,1.0
b3ca1fafe817e4fdfd26a27c22e3c0faaf83f836,2,1,0.961537778377533,0.961537778377533,0.961537778377533,0.961537778377533,1.0
a947dcd77853c4b33c3d1927d72e641843e19878,3,3,0.9755803346633911,0.975619375705719,0.975970983505249,0.9811360836029053,1.0
427d3470be8c174c3542bea6bba6e804ae6d97ac,3,3,0.9776244163513184,0.9779713153839111,0.9810932874679565,0.9839045405387878,1.0
af951058ebe8d3fa41d24b750e4999a022780811,2,1,0.9816303253173828,0.9816303253173828,0.9816303253173828,0.9816303253173828,1.0
aec1bbc5420c6756a58134851a0ee263783208d7,2,1,0.9869353771209717,0.9869353771209717,0.9869353771209717,0.9869353771209717,1.0
d3ded4dff54ccfdde4bdf4a57767d60526f08119,2,1,0.9605903625488281,0.9605903625488281,0.9605903625488281,0.9605903625488281,1.0
bc93981e829ed0c65f22682732934f72bf7d324a,2,1,0.9859735369682312,0.9859735369682312,0.9859735369682312,0.9859735369682312,1.0
347499f02dff6ae8ce3a3ad05d19c6aca3f1c919,4,6,0.9733115434646606,0.9734913110733032,0.9799321293830872,0.9812412261962891,1.0
fddc01a10629967f62033a2d9fe52b97cf244ede,2,1,0.985496997833252,0.985496997833252,0.985496997833252,0.985496997833252,1.0
7bd4254df4f2ef41a9d64a4900fb0c4bff25cf00,2,1,0.968620777130127,0.968620777130127,0.968620777130127,0.968620777130127,1.0
f82901fe836966525a1ac63739f5dc84e29c2671,2,1,0.9767274260520935,0.9767274260520935,0.9767274260520935,0.9767274260520935,1.0
56f4bdb8d17c5e5458ee65aa6fca4365ec840d22,3,3,0.9750415086746216,0.9751887321472168,0.9765137434005737,0.9823698401451111,1.0
e7d53c04b071b5b860d477ebb18f0668f4a24f09,2,1,0.9801775813102722,0.9801775813102722,0.9801775813102722,0.9801775813102722,1.0
159d12d6bfc8b2ac61ddef410134b87621016bee,2,1,0.9608081579208374,0.9608081579208374,0.9608081579208374,0.9608081579208374,1.0
99c4c4082aa7ba3bc09f46369cf9e51731c2eb6b,2,1,0.9819556474685669,0.9819556474685669,0.9819556474685669,0.9819556474685669,1.0
c181c22c6cf354521bb9e7d47b19a837352942b5,3,3,0.9734483957290649,0.9736161231994629,0.9751256704330444,0.9770614504814148,1.0
212d224d8a4809a015390ad119567790bde33f01,2,1,0.9762363433837891,0.9762363433837891,0.9762363433837891,0.9762363433837891,1.0
10e3755abe89606d2e7a2f2fa0a79306e6a1e507,2,1,0.954479455947876,0.954479455947876,0.954479455947876,0.954479455947876,1.0
82a795380af2a0b2536e149c5f196f796058b2b6,2,1,0.9908361434936523,0.9908361434936523,0.9908361434936523,0.9908361434936523,1.0
6c1a1bf0f975d56d3399c38a6ee9691fe9a6c0e1,3,3,0.9716449975967407,0.9718583226203918,0.9737780094146729,0.9772999882698059,1.0
534406e49cece4c30adeb47a38bc50a47a3ade74,2,1,0.9543433785438538,0.9543433785438538,0.9543433785438538,0.9543433785438538,1.0
fd30de5081cf8095a66e6b8e88ea18986f40a534,2,1,0.9519999027252197,0.9519999027252197,0.9519999027252197,0.9519999027252197,1.0
8293e31953ff8a658ebd25b808a13887072724a1,2,1,0.9576666355133057,0.9576666355133057,0.9576666355133057,0.9576666355133057,1.0
9533ef564a7ac46133da80d44bed9a8e9fecfa1b,2,1,0.9588443636894226,0.9588443636894226,0.9588443636894226,0.9588443636894226,1.0
f058b70fd86b593414b313477ec291e9d9e9d1f9,2,1,0.9810211658477783,0.9810211658477783,0.9810211658477783,0.9810211658477783,1.0
cbf02de114949240d8dd634c301488ba4844a755,2,1,0.9879061579704285,0.9879061579704285,0.9879061579704285,0.9879061579704285,1.0
c5c98d18e77b44c9cb2303c907d710be7fa695fc,2,1,0.9724698066711426,0.9724698066711426,0.9724698066711426,0.9724698066711426,1.0
577018ac7dabd89a91c6a5ab48e1032c7d1afbb8,2,1,0.9868143200874329,0.9868143200874329,0.9868143200874329,0.9868143200874329,1.0
2008749bfb0196bc5e8fc53165f7ce0ff8dbddfb,2,1,0.962482213973999,0.962482213973999,0.962482213973999,0.962482213973999,1.0
f9d8d515b8da12f8712bcd0d3acae4854ba2e9f7,2,1,0.9703905582427979,0.9703905582427979,0.9703905582427979,0.9703905582427979,1.0
e18faafbceea03fb1653725624446ddf98cfe236,2,1,0.961501955986023,0.961501955986023,0.961501955986023,0.961501955986023,1.0
5de7ae5518b25175cab80cc1beb2a32e7192fe55,3,3,0.9702184200286865,0.9703143835067749,0.9711783528327942,0.9781131744384766,1.0
48f7ce8f22f42d908e1b27af0a9bdf853b508ece,2,1,0.9853026866912842,0.9853026866912842,0.9853026866912842,0.9853026866912842,1.0
c6146812782cd4c777c230f64b45e528b9ebd430,2,1,0.9701211452484131,0.9701211452484131,0.9701211452484131,0.9701211452484131,1.0
7fe5dce046bd317edcd5cd80cc6b711376e4d9b4,2,1,0.9612046480178833,0.9612046480178833,0.9612046480178833,0.9612046480178833,1.0
ce4917cbb4906e335902c7e91c282ff3d468aa7c,2,1,0.9763116240501404,0.9763116240501404,0.9763116240501404,0.9763116240501404,1.0
f8f2748affcc0a0401f18e7e60dd0920a35c48ba,3,3,0.9741978645324707,0.9746519923210144,0.978739321231842,0.9792776703834534,1.0
0b1a48730293a13ff3d6c149ec866c96a394cbcd,2,1,0.9799358248710632,0.9799358248710632,0.9799358248710632,0.9799358248710632,1.0
4ad1b1bf3dc75ba9c632ba5ca7c7fcc6f2798e80,2,1,0.9776574373245239,0.9776574373245239,0.9776574373245239,0.9776574373245239,1.0
a6f37107b9e00054068e26d24465f7f0be52a413,2,1,0.9626133441925049,0.9626133441925049,0.9626133441925049,0.9626133441925049,1.0
2b904d51c437dffc0a2a990268223f1593f67320,3,3,0.9582656621932983,0.9599040150642395,0.9746491312980652,0.9707546234130859,1.0
d990b8bfe90c032ab6fcb53d31b0992d9c48ac6c,2,1,0.9830796718597412,0.9830796718597412,0.9830796718597412,0.9830796718597412,1.0
ca5af790ca445226d8e6eb685088a0a412108eda,2,1,0.9846567511558533,0.9846567511558533,0.9846567511558533,0.9846567511558533,1.0
a2af0cc95cb14165a040f85a0ed1502df6492e84,2,1,0.9696457982063293,0.9696457982063293,0.9696457982063293,0.9696457982063293,1.0
509acce4a681d89eda391bf627b595f2260d0d32,2,1,0.9553988575935364,0.9553988575935364,0.9553988575935364,0.9553988575935364,1.0
f73fbf58d9143e5c2fa0442fcbefad3fb35b8f0f,2,1,0.9911689162254333,0.9911689162254333,0.9911689162254333,0.9911689162254333,1.0
f4bc5c183966c0d3a08866b8ffbfe1a9a039aa02,2,1,0.9781372547149658,0.9781372547149658,0.9781372547149658,0.9781372547149658,1.0
053fb795812ee70dbb0ba85e24953b4b0b6501e4,2,1,0.9540199041366577,0.9540199041366577,0.9540199041366577,0.9540199041366577,1.0
ec76f6657380df948f4c391d6bdbe92db294ad76,2,1,0.9928320646286011,0.9928320646286011,0.9928320646286011,0.9928320646286011,1.0
c247ec22fb95bdebe43497e123916be0fe8e6eb3,2,1,0.9585548639297485,0.9585548639297485,0.9585548639297485,0.9585548639297485,1.0
4d8b3467cae92a68697b757be9498835fe8512e9,2,1,0.9543639421463013,0.9543639421463013,0.9543639421463013,0.9543639421463013,1.0
88e9e6266efc4acca04b7741817dcea463336496,2,1,0.9656271934509277,0.9656271934509277,0.9656271934509277,0.9656271934509277,1.0
3201565ff1b0ea3b1325d5c1bcb9bd708a224c97,4,6,0.983936607837677,0.9843108654022217,0.9922896027565002,0.9912672638893127,1.0
7b63532a0e6273c566275f311432b749bd49e7bd,3,3,0.980977475643158,0.9811491370201111,0.9826939702033997,0.9839828610420227,1.0
805abf134f5fee654d959a0969673415f29dea59,2,1,0.981330931186676,0.981330931186676,0.981330931186676,0.981330931186676,1.0
c2d8eb2e70ebf5a97e3e463f253b9db5a545d5dd,2,1,0.9537614583969116,0.9537614583969116,0.9537614583969116,0.9537614583969116,1.0
e631921ad907d4d17fb962a6899d784e57c4a716,2,1,0.9710171222686768,0.9710171222686768,0.9710171222686768,0.9710171222686768,1.0
709f7894b0cb95ee904305780213e82b243b3064,2,1,0.987284243106842,0.987284243106842,0.987284243106842,0.987284243106842,1.0
682b955fddd4cdfa0a2539aa99260a471a4bd743,2,1,0.9817290306091309,0.9817290306091309,0.9817290306091309,0.9817290306091309,1.0
fef1171f4418c721660a9d84e926e82be0ac7a53,3,3,0.9585188627243042,0.958637535572052,0.9597055912017822,0.9601613879203796,1.0
b0b38568ed2d74af64e8f59019a7ec052f838d87,2,1,0.9865691661834717,0.9865691661834717,0.9865691661834717,0.9865691661834717,1.0
d46322ae18035ad4babcbd1dc94b8a54b7d174d7,2,1,0.9721133708953857,0.9721133708953857,0.9721133708953857,0.9721133708953857,1.0
f008c21150f80ae806eea84150f9bfa09f2de773,2,1,0.9922628998756409,0.9922628998756409,0.9922628998756409,0.9922628998756409,1.0
6ef8fa76723ae74cfafeaec16cede28057b52e20,3,3,0.9531440138816833,0.9536347389221191,0.9580515027046204,0.9608867168426514,1.0
160bc3994fa917f81ff0f92264d87a59a129d810,2,1,0.995225191116333,0.995225191116333,0.995225191116333,0.995225191116333,1.0
d57eec7d56d62288384450c7210b423745262a90,2,1,0.9584460854530334,0.9584460854530334,0.9584460854530334,0.9584460854530334,1.0
97441d77f4412c1a2b8909c400ac597e07e6103d,2,1,0.9691311120986938,0.9691311120986938,0.9691311120986938,0.9691311120986938,1.0
d3be7fcdbb0dc0d86bdd87fbc41c21fba6767ef1,3,3,0.9526209831237793,0.9543787837028503,0.9701991081237793,0.9657242894172668,1.0
1d91786d58473b61fefc029ddf977ae4dc7aef38,2,1,0.9819703698158264,0.9819703698158264,0.9819703698158264,0.9819703698158264,1.0
5f37973c5e323354c227780d53bae18b0047b8f5,2,1,0.955176055431366,0.955176055431366,0.955176055431366,0.955176055431366,1.0
badbc80064a1330cb5583b277273359eb84dc137,2,1,0.952243983745575,0.952243983745575,0.952243983745575,0.952243983745575,1.0
361cabe4b7fa266c5730d42a241488441d227230,2,1,0.9759395718574524,0.9759395718574524,0.9759395718574524,0.9759395718574524,1.0
2dd4c6426ad38a056f1b22cbf9c445d1097850a8,2,1,0.9702237844467163,0.9702237844467163,0.9702237844467163,0.9702237844467163,1.0
eed3b9d4533a1df84f7e62b2de13654cb837d3fa,3,3,0.9684680700302124,0.969415545463562,0.9779430627822876,0.9766718745231628,1.0
fc9c20ffadd3f895a159054f0016377ef4ad9067,3,3,0.9672976136207581,0.9676427841186523,0.9707493185997009,0.9722509384155273,1.0
6dba0aca5a8bb5062417e5c779a17b6f6d42e52d,2,1,0.9895004630088806,0.9895004630088806,0.9895004630088806,0.9895004630088806,1.0
91e1f94fa8caae8e57bf6fc8b2ff42a10327f73b,2,1,0.9782897233963013,0.9782897233963013,0.9782897233963013,0.9782897233963013,1.0
45024e05b3c6f037e8c6650f4e5771310ba71a18,4,6,0.9628922939300537,0.9652726650238037,0.9759366512298584,0.976148784160614,1.0
3fee5ab442e8dd806507916e53c9b00ed258db40,2,1,0.9674641489982605,0.9674641489982605,0.9674641489982605,0.9674641489982605,1.0
599b72cc1677efb0b8cc473a3dd11daa952c979c,2,1,0.9884525537490845,0.9884525537490845,0.9884525537490845,0.9884525537490845,1.0
cd0f63e2903bb9f470ec9b755d6be25463907665,2,1,0.9688520431518555,0.9688520431518555,0.9688520431518555,0.9688520431518555,1.0
13ee2c70de566c7039a0a18f6c2ec7ff9d6bd7c0,2,1,0.9649897217750549,0.9649897217750549,0.9649897217750549,0.9649897217750549,1.0
380e30f61e4bcabc58d1c475377fd0fdda72b6d9,2,1,0.9731115698814392,0.9731115698814392,0.9731115698814392,0.9731115698814392,1.0
a79416c417ad47d747eac09b00a2f0fdaafac6ba,2,1,0.9575193524360657,0.9575193524360657,0.9575193524360657,0.9575193524360657,1.0
905addb0cb67753df90c8e8444686bc4c0852518,4,6,0.9934172630310059,0.9937318563461304,0.9964069128036499,0.9960023760795593,1.0
06c787320f4f63eef1c9cc916f913b70c03f75c0,2,1,0.9731858372688293,0.9731858372688293,0.9731858372688293,0.9731858372688293,1.0
9e4eb08790014599ed3711bf540be6ed49ed7f3f,2,1,0.9546222686767578,0.9546222686767578,0.9546222686767578,0.9546222686767578,1.0
4e67b08b73e525ff4aee09938f5efdb98765494f,2,1,0.9833120703697205,0.9833120703697205,0.9833120703697205,0.9833120703697205,1.0
b139aa6ea956d60516739e40c7c8f88e575eb6ea,2,1,0.9607898592948914,0.9607898592948914,0.9607898592948914,0.9607898592948914,1.0
aa048995ad3517999b6bc388c362ce145662a187,2,1,0.9600984454154968,0.9600984454154968,0.9600984454154968,0.9600984454154968,1.0
1d04390d4f295aa17bebfa21ebb775484bf196d7,2,1,0.9793573021888733,0.9793573021888733,0.9793573021888733,0.9793573021888733,1.0
aad5f6795ceff1b54f0d731ebf12b4f46e5de001,3,3,0.9730004072189331,0.9733961224555969,0.9769573211669922,0.9801686406135559,1.0
0a9a7d79c9b39e33c72d3130de26c602902411a6,2,1,0.9934375286102295,0.9934375286102295,0.9934375286102295,0.9934375286102295,1.0
08e72c6d9e91ffaa04939eb859fd20efc1267c14,2,1,0.9789944887161255,0.9789944887161255,0.9789944887161255,0.9789944887161255,1.0
7df8fe85f17d717d10172dbaca4e25f2448dd4a3,2,1,0.9891523122787476,0.9891523122787476,0.9891523122787476,0.9891523122787476,1.0
4ae22ee970942caf175e5f22c0794497ed753750,2,1,0.98715740442276,0.98715740442276,0.98715740442276,0.98715740442276,1.0
8976d3daf5874777cef235fbd247b04db4c57d4b,2,1,0.953761100769043,0.953761100769043,0.953761100769043,0.953761100769043,1.0
e1339259718b1d7c91bdfb394e37e6df082d2a21,3,3,0.9649617075920105,0.9660489559173584,0.9758341312408447,0.9738815426826477,1.0
32c21f7a4986539fb8d83f977e61068483394e02,2,1,0.9889729022979736,0.9889729022979736,0.9889729022979736,0.9889729022979736,1.0
0614277515ebd098f43bc6fe2a0b879f3eb07848,2,1,0.9555883407592773,0.9555883407592773,0.9555883407592773,0.9555883407592773,1.0
73994499d0290af0f40731e8cbcaca2e653a6e75,2,1,0.9662984609603882,0.9662984609603882,0.9662984609603882,0.9662984609603882,1.0
9bbdc80ee99c49357e41d973cd75788c1fc0f671,2,1,0.9777690172195435,0.9777690172195435,0.9777690172195435,0.9777690172195435,1.0
4351e98a1ad6b06e15e1bd92847f2e5af977b3d5,2,1,0.9905126094818115,0.9905126094818115,0.9905126094818115,0.9905126094818115,1.0
78599d880a5fc9588ce5ea936e278faec7ff33fd,2,1,0.9590597748756409,0.9590597748756409,0.9590597748756409,0.9590597748756409,1.0
5ce511a60ca3759e7105d5f2d7b48273d7b03362,2,1,0.9761306047439575,0.9761306047439575,0.9761306047439575,0.9761306047439575,1.0
157e72068ce928596b3a7823ec411ec3121e5bf4,2,1,0.9749921560287476,0.9749921560287476,0.9749921560287476,0.9749921560287476,1.0
0d55b0a40717f96dce27e9fdc4e86d841b013fef,2,1,0.9855219721794128,0.9855219721794128,0.9855219721794128,0.9855219721794128,1.0
a18101590d750b453473c303563bc53aadcf7f97,3,3,0.9853419065475464,0.9854333996772766,0.9862569570541382,0.9879547953605652,1.0
897f10e0801b2a45d0cee3cfd80735bccea0d493,2,1,0.988476574420929,0.988476574420929,0.988476574420929,0.988476574420929,1.0
cbb1cda7e044d710b056066a27712e6a31f1b1c7,4,6,0.9799081087112427,0.9805684089660645,0.9835726618766785,0.9839903712272644,1.0
7e6b7cd48117ec36ed16eeed53cbb70455042bf5,2,1,0.9573161602020264,0.9573161602020264,0.9573161602020264,0.9573161602020264,1.0
6c2aa2e2c7ab435fdb344f9a32f17948ac552687,2,1,0.9854227304458618,0.9854227304458618,0.9854227304458618,0.9854227304458618,1.0
85e4225f736481528c94332686da57758ebbf983,2,1,0.9784013032913208,0.9784013032913208,0.9784013032913208,0.9784013032913208,1.0
7b21ed082b975286c9d6d51f595a88475f3482a7,3,3,0.9733189940452576,0.9741933941841125,0.9820632338523865,0.9800310730934143,1.0
f67069ab152cb578de2ee0081433edc3fbbcf468,2,1,0.9754384160041809,0.9754384160041809,0.9754384160041809,0.9754384160041809,1.0
5dc872634dd7c2476ed89a2b336fd59eca2bfb51,2,1,0.9943474531173706,0.9943474531173706,0.9943474531173706,0.9943474531173706,1.0
aa92691fe228cd54bf849a75cc52f414d98e505f,2,1,0.9800757765769958,0.9800757765769958,0.9800757765769958,0.9800757765769958,1.0
67c56ba377163b5bfed68965f0e7387ab4a6eacc,3,3,0.9859641194343567,0.9861255288124084,0.987578272819519,0.9883580207824707,1.0
4f3a7bd2ca1c7a95d80b5a1c262c45bb5c6a8a18,3,3,0.9966910481452942,0.99680095911026,0.9977900981903076,0.9975206851959229,1.0
734bfda1f5be9b65a08f854291cf5e7cb09d2cb6,2,1,0.9965059161186218,0.9965059161186218,0.9965059161186218,0.9965059161186218,1.0
fd27273650c0c28ace3ce93abeafcdaa18851ac4,2,1,0.9878711104393005,0.9878711104393005,0.9878711104393005,0.9878711104393005,1.0
6d9e48b7e4e5650b46f5ef6977af333e50b8f954,3,3,0.9635910987854004,0.9645669460296631,0.9733495712280273,0.9733753204345703,1.0
aa3a43b2924923c6b95a232378935ca8e483beb5,2,1,0.9786384105682373,0.9786384105682373,0.9786384105682373,0.9786384105682373,1.0
6a46e6d900b5e50c7d02f26e015df1a4fa16ec9c,2,1,0.9766426086425781,0.9766426086425781,0.9766426086425781,0.9766426086425781,1.0
5395dc1c5d757080ee4bf2a3ffe287b77f31a5f3,2,1,0.9670335054397583,0.9670335054397583,0.9670335054397583,0.9670335054397583,1.0
952ee43ec0b7397e418657f2c56bc7a273832bcb,2,1,0.9792073965072632,0.9792073965072632,0.9792073965072632,0.9792073965072632,1.0
2474adf0a06d17d811f950a9c64f88719486fea9,2,1,0.9783307909965515,0.9783307909965515,0.9783307909965515,0.9783307909965515,1.0
f4f30cfbb56b5f24d9ca1d054a5126be364a7054,2,1,0.9831917881965637,0.9831917881965637,0.9831917881965637,0.9831917881965637,1.0
bcd4bee91c6e067718af861bb86931398bd31792,2,1,0.982741117477417,0.982741117477417,0.982741117477417,0.982741117477417,1.0
bd97688c026c103342749fd8d929bfc45a9a787a,3,3,0.9537356495857239,0.9552230834960938,0.9686099290847778,0.9680537581443787,1.0
292b83234aa7d6cc024b546713a8b9344a4a3736,2,1,0.9588562846183777,0.9588562846183777,0.9588562846183777,0.9588562846183777,1.0
07fe773894d9fb4cb2c4dd22073eea3d25127e37,4,6,0.9581811428070068,0.9593309760093689,0.9703533053398132,0.9730321764945984,1.0
c9a45d2e7e00deb3a5b320f7242f9a7320176566,2,1,0.9723004102706909,0.9723004102706909,0.9723004102706909,0.9723004102706909,1.0
143fa2797b5eedfadf7a929fec0ddaffb568bd0e,3,3,0.962527871131897,0.9626645445823669,0.9638944268226624,0.9697673916816711,1.0
0cd7deef4b386b6546352b6700dddb17c54130a9,2,1,0.9650530815124512,0.9650530815124512,0.9650530815124512,0.9650530815124512,1.0
920143c3118b74b7a409e28d2ade05f35847a995,2,1,0.9613273739814758,0.9613273739814758,0.9613273739814758,0.9613273739814758,1.0
ec8936bfabfe81844313bf09756244c2911a25e1,2,1,0.9600120782852173,0.9600120782852173,0.9600120782852173,0.9600120782852173,1.0
013f8e9a0823eb4f98e915a0b9c40cd56dad0952,2,1,0.9683042168617249,0.9683042168617249,0.9683042168617249,0.9683042168617249,1.0
a3a800806d237ba5ca98e44547604864de30562f,2,1,0.9556044936180115,0.9556044936180115,0.9556044936180115,0.9556044936180115,1.0
1084bfc4d8fee11083edd35011c8c879ea1fc42f,2,1,0.9831477999687195,0.9831477999687195,0.9831477999687195,0.9831477999687195,1.0
01cdbbf068d4f248aa859dc8eb0801ce080ba1e7,4,6,0.9645385146141052,0.9655662178993225,0.9728400111198425,0.9758022427558899,1.0
0ffc20c9df0e05aac823d0ad33fc141047d32047,2,1,0.963182806968689,0.963182806968689,0.963182806968689,0.963182806968689,1.0
78a043323383ffa09007fa4ab4eb0c8ca684c2b0,2,1,0.9516514539718628,0.9516514539718628,0.9516514539718628,0.9516514539718628,1.0
36c5c27377f51692f8758db6cd4e1bd7d1fd83f6,3,3,0.9552571773529053,0.9557217955589294,0.9599031209945679,0.9683918356895447,1.0
8c9a10c37690df824d539d7312a0b585a5a95798,2,1,0.9553629755973816,0.9553629755973816,0.9553629755973816,0.9553629755973816,1.0
a7f4df0c1b836ed67773de52c4a5b375041554a8,2,1,0.9805933833122253,0.9805933833122253,0.9805933833122253,0.9805933833122253,1.0
64c462bb140ea830a3a07c8c4205870049044b79,2,1,0.9653975963592529,0.9653975963592529,0.9653975963592529,0.9653975963592529,1.0
0a92f51948e5d396fa0057be50fb53d0b33a6370,4,6,0.9583801031112671,0.9595661759376526,0.9659733176231384,0.9699035286903381,1.0
133fd0125346b9cd8b2501e9728c8c906e9b05ae,2,1,0.9796488285064697,0.9796488285064697,0.9796488285064697,0.9796488285064697,1.0
02d0cb275e4e5202fd090cb9ed07a23c58979e84,2,1,0.9527899622917175,0.9527899622917175,0.9527899622917175,0.9527899622917175,1.0
7d980479b49896bdea4be51409e767a4fd398e63,2,1,0.9862328171730042,0.9862328171730042,0.9862328171730042,0.9862328171730042,1.0
fb0b7a69e928b344121cd7f8f4f334c7d919142c,2,1,0.9848811030387878,0.9848811030387878,0.9848811030387878,0.9848811030387878,1.0
ca715b749f5b4729d24b74b5d404ba9a9fefc72f,4,6,0.9682624340057373,0.9705755710601807,0.985602855682373,0.9842835068702698,1.0
2a5ca87040506c4fc0dd23238e5c1d67f6a40b0e,3,3,0.9628573656082153,0.9638041853904724,0.9723255634307861,0.9767019748687744,1.0
22827821ec3ea958bb430801e4ba224369f1472c,3,3,0.9734441637992859,0.9735687971115112,0.9746901988983154,0.9787343144416809,1.0
26afb78fdcbe6342558d1d43a67420416ffcf550,2,1,0.9785241484642029,0.9785241484642029,0.9785241484642029,0.9785241484642029,1.0
8a827b1574134080ccef342423ddfaa2aeeb28e0,2,1,0.9684188365936279,0.9684188365936279,0.9684188365936279,0.9684188365936279,1.0
93ce6767b35dcd1d98fdf66d04ea48bc6d9a5282,2,1,0.9635569453239441,0.9635569453239441,0.9635569453239441,0.9635569453239441,1.0
cb1a239351094c9e06fee5377214982061307405,2,1,0.9608315229415894,0.9608315229415894,0.9608315229415894,0.9608315229415894,1.0
0a2c0d1a3cf3ba512dd7cd3bbf4818f16c64d0e0,2,1,0.9850881099700928,0.9850881099700928,0.9850881099700928,0.9850881099700928,1.0
1cbde4fcd6a11fcbf303c3e4d2ab8d706197d1e4,2,1,0.9866912961006165,0.9866912961006165,0.9866912961006165,0.9866912961006165,1.0
4a95fd16cf0c080cde98c0c688b766758efb5856,2,1,0.974101722240448,0.974101722240448,0.974101722240448,0.974101722240448,1.0
c82ac429cfc227b7c806b112a1df17324ccdf0fe,2,1,0.9511359930038452,0.9511359930038452,0.9511359930038452,0.9511359930038452,1.0
955d394ccec12602815cade265c7da02d556285b,3,3,0.9724583625793457,0.9729265570640564,0.9771405458450317,0.9770823121070862,1.0
17e870b35faf42a5adf909aebea80dbd8a3db23e,2,1,0.9670409560203552,0.9670409560203552,0.9670409560203552,0.9670409560203552,1.0
c62a2e8192ca8a004debe1df1e31c068976e3baa,2,1,0.9510492086410522,0.9510492086410522,0.9510492086410522,0.9510492086410522,1.0
8d755f3dbcbfb3231548fcb3ebf14fd6455283bd,2,1,0.9551973342895508,0.9551973342895508,0.9551973342895508,0.9551973342895508,1.0
4e5244d863a0e94757abd69cc92954fef25cfa8c,2,1,0.9576725363731384,0.9576725363731384,0.9576725363731384,0.9576725363731384,1.0
732295861cd988acb732d18fa79b08824b45c7b8,4,6,0.9554363489151001,0.9561938047409058,0.9710708856582642,0.9689579010009766,1.0
2b3aa80354a0648270c983f0d5e4bc70a20770e1,2,1,0.9617295861244202,0.9617295861244202,0.9617295861244202,0.9617295861244202,1.0
3caddbc4f0e83c36d21b8a041a07b332f1528d10,2,1,0.9623974561691284,0.9623974561691284,0.9623974561691284,0.9623974561691284,1.0
454e485b28256d84c1e7cd5d9adbafc068c622bc,2,1,0.975581705570221,0.975581705570221,0.975581705570221,0.975581705570221,1.0
37f134989567dc24157538cb973f6e3928667797,2,1,0.9756306409835815,0.9756306409835815,0.9756306409835815,0.9756306409835815,1.0
20460461a30fc76df0e0b0d65f631fa2df8b5613,2,1,0.9912599325180054,0.9912599325180054,0.9912599325180054,0.9912599325180054,1.0
80f1bdc1aa7533f9fd35c6f42d3188094b3de93c,2,1,0.9513445496559143,0.9513445496559143,0.9513445496559143,0.9513445496559143,1.0
af6f524f0da98b9cddd659ed7306b8d7062cf406,2,1,0.9723771214485168,0.9723771214485168,0.9723771214485168,0.9723771214485168,1.0
2b5c911b346c2aa6c4324c4c3a3d2a1ede37b103,3,3,0.9678082466125488,0.9678544998168945,0.968271017074585,0.9738343358039856,1.0
91c225835021fa0d2950dd82fbfd1408d73594f4,3,3,0.9564425349235535,0.9566650390625,0.9586677551269531,0.970296323299408,1.0
ebabf2ef6a6d7e678450eaff2009b679c8e799ac,2,1,0.9602892398834229,0.9602892398834229,0.9602892398834229,0.9602892398834229,1.0
90fda51b18e42eb852383477b1f5b153880c85ff,2,1,0.9619797468185425,0.9619797468185425,0.9619797468185425,0.9619797468185425,1.0
62c42c32bc8bc913f00d1dc59def707d12455a68,2,1,0.9618129730224609,0.9618129730224609,0.9618129730224609,0.9618129730224609,1.0
3eaf5dc470aae62bf87e9e3ea92f6b8d912a53f9,3,3,0.9784155488014221,0.9785613417625427,0.9798734188079834,0.9846832156181335,1.0
a0602a185a9c3afb0708f96287dcb1f51c62d84e,2,1,0.9853301644325256,0.9853301644325256,0.9853301644325256,0.9853301644325256,1.0
88fd77059c4c389e6d7b6159cec78e7f08dcb862,3,3,0.9527991414070129,0.9541298151016235,0.9661057591438293,0.9619883894920349,1.0
1eb13f96a711f882e845821bbf73794308ad4fa0,2,1,0.9681198000907898,0.9681198000907898,0.9681198000907898,0.9681198000907898,1.0
579b7be67010896d3b72dc9428211558b85b90c1,2,1,0.9589048624038696,0.9589048624038696,0.9589048624038696,0.9589048624038696,1.0
b9cd41c7dea456fbe7746c1ffcb905999dccc702,2,1,0.9676311612129211,0.9676311612129211,0.9676311612129211,0.9676311612129211,1.0
2c483f19b3248b419b080700991376e9986b7dea,2,1,0.9744430184364319,0.9744430184364319,0.9744430184364319,0.9744430184364319,1.0
64bc051a947aa60625d8dadd41d92da86e09fb32,3,3,0.9555466175079346,0.9559839963912964,0.9599202275276184,0.9670313000679016,1.0
07faa07724f52c8cabe3f14b53ed9d63c67dd609,3,3,0.9753028154373169,0.9755518436431885,0.9777928590774536,0.9771763682365417,1.0
cb91d0bab0e7682044c30e9cd06c0878a49126c5,4,6,0.9691110849380493,0.9693785309791565,0.9756167531013489,0.9763489365577698,1.0
504df8e537415765f8cee9f57b815c051ddb6407,2,1,0.9888306856155396,0.9888306856155396,0.9888306856155396,0.9888306856155396,1.0
fde85518edfd6aee8e5233619db9514ca7f0d1ff,2,1,0.9772123098373413,0.9772123098373413,0.9772123098373413,0.9772123098373413,1.0
334f7927ca39192eeb0687039c337cb3392c675b,2,1,0.9666418433189392,0.9666418433189392,0.9666418433189392,0.9666418433189392,1.0
70d4c9a6788707461f0267040dc6bae8978c9d04,2,1,0.9759150743484497,0.9759150743484497,0.9759150743484497,0.9759150743484497,1.0
9748fdd3bf42f97ed78ab81bb390e67a1a0e3529,2,1,0.9861355423927307,0.9861355423927307,0.9861355423927307,0.9861355423927307,1.0
b1e7dc8e60f4bd496767f3d5ebdba0db0b7aa969,2,1,0.9690465927124023,0.9690465927124023,0.9690465927124023,0.9690465927124023,1.0
024cdcda99ced70ab0848ec55b56a69b90c886c1,2,1,0.9501912593841553,0.9501912593841553,0.9501912593841553,0.9501912593841553,1.0
9acaeb0636a8020fe3f67c27f9baa52352f20164,2,1,0.9726607799530029,0.9726607799530029,0.9726607799530029,0.9726607799530029,1.0
b068a7b68b2379842cb5284e581391e460c1d896,2,1,0.958658754825592,0.958658754825592,0.958658754825592,0.958658754825592,1.0
a9d71d2871ccd9452eb295939e4e0a83ac71c353,4,6,0.9684139490127563,0.9704204797744751,0.9799528121948242,0.9791483879089355,1.0
cb7c0078af48e2f60e88a79e4019e73b0c7f4ec2,3,3,0.9640766382217407,0.9645137786865234,0.968447744846344,0.9690423011779785,1.0
d71bf1aa05c403fa59a441d79c5223940805093d,2,1,0.95306396484375,0.95306396484375,0.95306396484375,0.95306396484375,1.0
3cf19e6d70699253584d42fb791192b97bea5317,2,1,0.9623531699180603,0.9623531699180603,0.9623531699180603,0.9623531699180603,1.0
bef1c5126163a53c72aeff35abcb75d26e492920,2,1,0.9642825126647949,0.9642825126647949,0.9642825126647949,0.9642825126647949,1.0
aac66024cdde4c283cd16c3f4aaa6a8fc4c608a4,2,1,0.9597729444503784,0.9597729444503784,0.9597729444503784,0.9597729444503784,1.0
67c8e310a70fc25d36481738e39e96d5d01112a1,2,1,0.9769673347473145,0.9769673347473145,0.9769673347473145,0.9769673347473145,1.0
724eb3d703a0815855b615392f1790c0ef643cd6,2,1,0.957489013671875,0.957489013671875,0.957489013671875,0.957489013671875,1.0
1288d0d2fcc7fe9df3aa28a7183053cc4288e182,2,1,0.9792764186859131,0.9792764186859131,0.9792764186859131,0.9792764186859131,1.0
33975a935b73a161c342e4cf59ca9273ce19b6da,2,1,0.9907635450363159,0.9907635450363159,0.9907635450363159,0.9907635450363159,1.0
45875b8dbcb3bec2426a8e8248f0a963db29f170,4,6,0.9742757678031921,0.9749622344970703,0.9801590442657471,0.9816229343414307,1.0
69b63e7a552d402a2154decdbc7b566395f9429f,2,1,0.9680746793746948,0.9680746793746948,0.9680746793746948,0.9680746793746948,1.0
7983b469e99241612665d82103a49d290ade8396,2,1,0.9657692909240723,0.9657692909240723,0.9657692909240723,0.9657692909240723,1.0
21a1ab96deef6b35cee639bd106df08d6464f165,2,1,0.9728817343711853,0.9728817343711853,0.9728817343711853,0.9728817343711853,1.0
fedab200cb233ff88a0d48d0d93da45ea4ddec54,3,3,0.9809612035751343,0.9816099405288696,0.9874483346939087,0.985439121723175,1.0
f51c9c0afa7d052a2c4392f8f45e366e27f31645,2,1,0.9757362008094788,0.9757362008094788,0.9757362008094788,0.9757362008094788,1.0
502b0e3def6a0bcc19d94154b33df288f1df11e2,3,3,0.9564418792724609,0.9572342038154602,0.9643648862838745,0.9643885493278503,1.0
6ae89caad26b200ea432df9c47da2c56d50d8228,3,3,0.9732329845428467,0.9736804366111755,0.9777075052261353,0.9776616096496582,1.0
d0bbfac8b0715265a58e79bbd98269250d1e8d6b,2,1,0.9824275970458984,0.9824275970458984,0.9824275970458984,0.9824275970458984,1.0
599c14d68977169f33bf4816eb37cbdf94e98d36,2,1,0.9674283266067505,0.9674283266067505,0.9674283266067505,0.9674283266067505,1.0
75a2a19c7bd65e5b94405355f67849a57143e272,3,3,0.9764117002487183,0.9768991470336914,0.9812859296798706,0.9824313521385193,1.0
2b4316f258273abcebe00817e948e19752afa9aa,2,1,0.9922813773155212,0.9922813773155212,0.9922813773155212,0.9922813773155212,1.0
3e9631d0936b3170a9441df12ad8dbdf7d52c457,2,1,0.9583154916763306,0.9583154916763306,0.9583154916763306,0.9583154916763306,1.0
e9713cf7d9faf1caed09dbf1fbdb73a5a1f9f707,2,1,0.9754794239997864,0.9754794239997864,0.9754794239997864,0.9754794239997864,1.0
21c1fd68c4188fc3260d3a9cdb530d82f4a98b1f,2,1,0.9575327038764954,0.9575327038764954,0.9575327038764954,0.9575327038764954,1.0
5b5fc4ab68c148f8b13dfcce400c102bb4b78706,2,1,0.9879972338676453,0.9879972338676453,0.9879972338676453,0.9879972338676453,1.0
62b76aed71a887c1336dff45af71597bac7d7500,2,1,0.9587559103965759,0.9587559103965759,0.9587559103965759,0.9587559103965759,1.0
48fffc27f7e26980f9f58e81865d0fab34ed0783,2,1,0.9744442701339722,0.9744442701339722,0.9744442701339722,0.9744442701339722,1.0
f5c2a50f814e2338c407e88acfeae2999c1a458e,3,3,0.9647834300994873,0.966099739074707,0.977946400642395,0.976381778717041,1.0
6f2b22524223bb1372dbd281fe9ba5a0ab58b923,3,3,0.9738479256629944,0.9747894406318665,0.9832630157470703,0.981205940246582,1.0
2621ae62255c5742761d326485e38f1613fcb83b,2,1,0.9540798664093018,0.9540798664093018,0.9540798664093018,0.9540798664093018,1.0
14ffa979cacea75aaf05a7a88f85c4f3dde0ab01,2,1,0.9929747581481934,0.9929747581481934,0.9929747581481934,0.9929747581481934,1.0
ca787fb6cbf107a24712495c69b09bd4f984d993,3,3,0.9610807299613953,0.9626021385192871,0.9762948751449585,0.9737146496772766,1.0
a62e30c4c898d42a0ad7812082aaea338671852e,2,1,0.9676384329795837,0.9676384329795837,0.9676384329795837,0.9676384329795837,1.0
63114196ae0f5545a4c0ac34cc77340eb286bb4a,2,1,0.9744060039520264,0.9744060039520264,0.9744060039520264,0.9744060039520264,1.0
e9ba9b6ab60119b481826df335a768afa99e82b2,2,1,0.9617565274238586,0.9617565274238586,0.9617565274238586,0.9617565274238586,1.0
03868d6583437752c557b2a33f7690cc0f902f67,2,1,0.9528863430023193,0.9528863430023193,0.9528863430023193,0.9528863430023193,1.0
a34c8ef6471b11d9fe21e76c828df7a9f075049e,2,1,0.9541230201721191,0.9541230201721191,0.9541230201721191,0.9541230201721191,1.0
913a19c654b9b9f1f856850ee0aa9868d2681103,2,1,0.9560039043426514,0.9560039043426514,0.9560039043426514,0.9560039043426514,1.0
d2bff3aa98694f0ebb1a6034b9fdbf027f145d61,3,3,0.9757347106933594,0.9759305715560913,0.9776933789253235,0.9841926693916321,1.0
fd0ea71010f4ed4b3c08fe4920f2ef98d75d2074,2,1,0.9800968170166016,0.9800968170166016,0.9800968170166016,0.9800968170166016,1.0
2c5a2a53d7bb8aafd9816460f296c05407ad66a3,3,3,0.9725708365440369,0.9729029536247253,0.9758919477462769,0.9759449362754822,1.0
016381bc0e5405f037b5a063146216d6082debff,2,1,0.950197160243988,0.950197160243988,0.950197160243988,0.950197160243988,1.0
cc0bdb5c7aceedfd1448ed974796fbb6630efce4,2,1,0.9567049145698547,0.9567049145698547,0.9567049145698547,0.9567049145698547,1.0
bdf39b461dbb48638df89adfa1727f976565dbe8,2,1,0.962498128414154,0.962498128414154,0.962498128414154,0.962498128414154,1.0
96c48b2d54ce62dbe672fd674e823f36500c0321,3,3,0.9622612595558167,0.9623920917510986,0.9635693430900574,0.964120626449585,1.0
794025bead0dad9b98d0d1c795178f938d1a88f7,2,1,0.9608777165412903,0.9608777165412903,0.9608777165412903,0.9608777165412903,1.0
3b41e5a4caa0bbdc5fe29764947d61aa67744d24,2,1,0.9766881465911865,0.9766881465911865,0.9766881465911865,0.9766881465911865,1.0
ea93297a5496b12d3e95be7ce2784867de815bbd,2,1,0.9729501008987427,0.9729501008987427,0.9729501008987427,0.9729501008987427,1.0
15d496ad6370f96b407d40fb817cae3d8147daa0,2,1,0.9769434928894043,0.9769434928894043,0.9769434928894043,0.9769434928894043,1.0
578c538bf0f44b8808fe1dfd5c1efca33be1fbf1,2,1,0.9881513118743896,0.9881513118743896,0.9881513118743896,0.9881513118743896,1.0
f5db74facc5ccf25ab6f18092cdfb6a2cb29edae,2,1,0.9503958225250244,0.9503958225250244,0.9503958225250244,0.9503958225250244,1.0
73516005ab90a0980627216d83bfc6f099cefaef,2,1,0.9784450531005859,0.9784450531005859,0.9784450531005859,0.9784450531005859,1.0
88eba5e685d1eb926ecfa4e7ed065de523558f0a,3,3,0.9692070484161377,0.9701581597328186,0.9787184000015259,0.9759190678596497,1.0
502609dec7f0415d5c00c92b57c65e18f0b0043b,4,6,0.9592728018760681,0.9612818956375122,0.9708473682403564,0.9724305272102356,1.0
12d1e7905d751da4c8b6de76172b6137624943fa,2,1,0.962692379951477,0.962692379951477,0.962692379951477,0.962692379951477,1.0
1e0ab125afad87ab05145894d8484d065ff65fa7,2,1,0.9840798377990723,0.9840798377990723,0.9840798377990723,0.9840798377990723,1.0
a44d91c9f5fb26b05ca9aa1a328288a3b698998a,2,1,0.9786094427108765,0.9786094427108765,0.9786094427108765,0.9786094427108765,1.0
9820a9578ee2ae6daa6d4839b1c82a893f2d2a50,3,3,0.9741367101669312,0.9746357202529907,0.9791268110275269,0.9819543361663818,1.0
3ac6db5bde10419a5f5791c60b544a4f13e32068,2,1,0.9954142570495605,0.9954142570495605,0.9954142570495605,0.9954142570495605,1.0
13aeaa339545005730e85b829df28e442a2c7fb2,4,6,0.951427698135376,0.9531005620956421,0.9682806134223938,0.9643745422363281,1.0
f1529fe4d746cab5363841b592fc7bae2659736e,2,1,0.9660411477088928,0.9660411477088928,0.9660411477088928,0.9660411477088928,1.0
cc489cba85bd3c1c1bf15d4751e504a74dc1f6a2,2,1,0.9515832662582397,0.9515832662582397,0.9515832662582397,0.9515832662582397,1.0
3688b7d2986bad524fed691b47b11cdd23d30259,2,1,0.9682766199111938,0.9682766199111938,0.9682766199111938,0.9682766199111938,1.0
656e9d86830b346eb822276a1e26dc30a354985e,3,3,0.9717991352081299,0.9718744158744812,0.9725518822669983,0.9781497120857239,1.0
839fe1b0f34db46e5fc4114b9d9b25378e0ded76,2,1,0.9737840890884399,0.9737840890884399,0.9737840890884399,0.9737840890884399,1.0
6ca3cc974982ed4158b006c2ecaa867eb9b661bd,2,1,0.997151792049408,0.997151792049408,0.997151792049408,0.997151792049408,1.0
f637bf9ef005ea5820b92115e339fcb22a115efc,2,1,0.9766747951507568,0.9766747951507568,0.9766747951507568,0.9766747951507568,1.0
3d34c982691267d90c0d71caf78d4509eefe318b,4,6,0.9733901023864746,0.9736337661743164,0.9849836826324463,0.9831132888793945,1.0
f372f480de17d6bcc8aa1a833abf46b9fc3f89f3,2,1,0.9650444984436035,0.9650444984436035,0.9650444984436035,0.9650444984436035,1.0
556e39d86a1164490d7328724007a5b5591f2a04,4,6,0.9812227487564087,0.9813058376312256,0.9863029718399048,0.9865413308143616,1.0
73a2ef0c8590ebd77f971e8dd0224a8eed933e2c,2,1,0.9513437747955322,0.9513437747955322,0.9513437747955322,0.9513437747955322,1.0
5236d082bafae37413f8a812057638b91526bfd5,2,1,0.988606333732605,0.988606333732605,0.988606333732605,0.988606333732605,1.0
86cd774c21a4bd9f0eb7239594aa278461330776,3,3,0.967273473739624,0.9676547646522522,0.9710864424705505,0.9758777022361755,1.0
32bbfbe60f23b1bbf2ff5b8679d03223eda8ba90,2,1,0.989093542098999,0.989093542098999,0.989093542098999,0.989093542098999,1.0
8d2f4017e3736c540408c763712c4e871cd280ca,2,1,0.972488284111023,0.972488284111023,0.972488284111023,0.972488284111023,1.0
c594a857ced80367b686e123fbd2eea251038ba4,3,3,0.9513828158378601,0.9528195261955261,0.9657500982284546,0.9668852686882019,1.0
e355dc53c29e8d86c9ad1048bc22b40c0099045d,3,3,0.9538207650184631,0.9542874097824097,0.9584869742393494,0.9583852887153625,1.0
6cfa9935860abcc2692aca3d1b39d28ea2ab5a8b,2,1,0.9635074734687805,0.9635074734687805,0.9635074734687805,0.9635074734687805,1.0
b5086af58e08ec8993f16109f50103f3b9454eea,2,1,0.9757824540138245,0.9757824540138245,0.9757824540138245,0.9757824540138245,1.0
80951be5bd2799b40c58efde3eb7c1f13a0fa6af,2,1,0.9795352816581726,0.9795352816581726,0.9795352816581726,0.9795352816581726,1.0
1b78d4acd77c21d47f57e416d4b8d9873dad4714,2,1,0.985944390296936,0.985944390296936,0.985944390296936,0.985944390296936,1.0
75242ce11188335fd5e9adc3a40d18ce51b6d8be,2,1,0.955645740032196,0.955645740032196,0.955645740032196,0.955645740032196,1.0
c2db8fdb3fa8b780346bce975f4950340b84c830,2,1,0.9675770998001099,0.9675770998001099,0.9675770998001099,0.9675770998001099,1.0
d549f171b3315335279b010dc66165052fe9b7c4,2,1,0.9505391120910645,0.9505391120910645,0.9505391120910645,0.9505391120910645,1.0
9eac9a20c16b2f4d485e314713bf559409b65827,2,1,0.9712636470794678,0.9712636470794678,0.9712636470794678,0.9712636470794678,1.0
1a8ad8f8b9cd20004cbdc9f5b3a0c51ea85f2843,2,1,0.9578482508659363,0.9578482508659363,0.9578482508659363,0.9578482508659363,1.0
afc171a407248d6c42556d1d63b596e5f804ea02,2,1,0.9614204168319702,0.9614204168319702,0.9614204168319702,0.9614204168319702,1.0
9348adf39829d22e07b868b7ae15b63c28224608,2,1,0.9746214151382446,0.9746214151382446,0.9746214151382446,0.9746214151382446,1.0
271f0be1ff369d191cab8059e934b177bc52545d,3,3,0.9622870087623596,0.9631681442260742,0.9710984230041504,0.9694767594337463,1.0
cf9aff77cb8a644c1647f038cb2f158edf03d91c,2,1,0.9590392708778381,0.9590392708778381,0.9590392708778381,0.9590392708778381,1.0
ad7cbc3c2e44b657457a838c38e1ae9221feb254,2,1,0.958429217338562,0.958429217338562,0.958429217338562,0.958429217338562,1.0
d8be3c1a054000716e3a4666f925b8c9b6fecf43,2,1,0.9544671773910522,0.9544671773910522,0.9544671773910522,0.9544671773910522,1.0
3f9464ecd919b89e4d2049290db62ccf0fac9303,3,3,0.9533113241195679,0.9542508721351624,0.9627069234848022,0.9686658978462219,1.0
c900f930690efa42a65ffb0501ea0b3c6af06085,2,1,0.9520577192306519,0.9520577192306519,0.9520577192306519,0.9520577192306519,1.0
e45e17a257fff33162602fd81edf633039b9eea2,3,3,0.9554758667945862,0.9560752511024475,0.9614695906639099,0.9637004733085632,1.0
29c44abc1434c1938a89e948302dc69f57a84e5e,2,1,0.9776918888092041,0.9776918888092041,0.9776918888092041,0.9776918888092041,1.0
87ca1477da7255b349822f155c662db6164d11cb,2,1,0.9628437757492065,0.9628437757492065,0.9628437757492065,0.9628437757492065,1.0
6882815abfdf703a5a97b910b07807fa1b72d350,2,1,0.9857083559036255,0.9857083559036255,0.9857083559036255,0.9857083559036255,1.0
2e416303fd23fc971d9ee3df1396bf41308adbb9,2,1,0.9660123586654663,0.9660123586654663,0.9660123586654663,0.9660123586654663,1.0
68addbd7e9b3f7f40deb3b6ebf7e6269af7913ac,2,1,0.9742876887321472,0.9742876887321472,0.9742876887321472,0.9742876887321472,1.0
0c7e89f5e5f7b88a3a6e1e3064fc3c51f040ec73,2,1,0.973543107509613,0.973543107509613,0.973543107509613,0.973543107509613,1.0
e2949ca42ac388958dbcff8a0dcf26705a148d42,2,1,0.9733554124832153,0.9733554124832153,0.9733554124832153,0.9733554124832153,1.0
89562e15a133f02dbc4911e37f9f16136732d980,2,1,0.9937623739242554,0.9937623739242554,0.9937623739242554,0.9937623739242554,1.0
870a4828872aec24468afa15ff5eecfd26dd7f6d,2,1,0.9543949365615845,0.9543949365615845,0.9543949365615845,0.9543949365615845,1.0
b47c276a517860932e503c8f661df6f569ea0ed8,2,1,0.958881676197052,0.958881676197052,0.958881676197052,0.958881676197052,1.0
690ba45cb9c0b91844a707233be38c945fe1526d,2,1,0.9845760464668274,0.9845760464668274,0.9845760464668274,0.9845760464668274,1.0
b0fcc58435a1aeef900f65d635866f209b80e336,2,1,0.9684038758277893,0.9684038758277893,0.9684038758277893,0.9684038758277893,1.0
6f4dba703ff9fbfd6568ee099b1a3aa57018db22,2,1,0.9899592399597168,0.9899592399597168,0.9899592399597168,0.9899592399597168,1.0
94c1b6539c9f70269e4d6d705c774daa2b3320cc,2,1,0.9929873943328857,0.9929873943328857,0.9929873943328857,0.9929873943328857,1.0
10a8c7b0f0557a2999c63db64634c44092c32fe0,2,1,0.9596692323684692,0.9596692323684692,0.9596692323684692,0.9596692323684692,1.0
d94c758fbe322dbbc48fe264e2199a8c0e6ecdfa,3,3,0.9783619046211243,0.9784662127494812,0.9794047474861145,0.9811591506004333,1.0
f03d3d406b927d4878c13a1792e598821df3f5e4,2,1,0.9662846922874451,0.9662846922874451,0.9662846922874451,0.9662846922874451,1.0
a33b70cf5491f0a57a776cd11e96d5c920c4af8e,2,1,0.9727809429168701,0.9727809429168701,0.9727809429168701,0.9727809429168701,1.0
53653ea26a4cadff08be0ca69f08c7057d74aa16,2,1,0.9856756925582886,0.9856756925582886,0.9856756925582886,0.9856756925582886,1.0
56c0db76593ae67b02f3de0a56710a9b347c344d,2,1,0.9527289867401123,0.9527289867401123,0.9527289867401123,0.9527289867401123,1.0
71c67e5bea668fb5e89f5502283bc8db5d8746d8,5,10,0.9578330516815186,0.9600487947463989,0.9756332635879517,0.9741131663322449,1.0
da23ea94cdf06535b90da693b2a48189708e1301,2,1,0.9660979509353638,0.9660979509353638,0.9660979509353638,0.9660979509353638,1.0
32e9839e464188789b8bb9a9563233da3c614216,3,3,0.9500687122344971,0.9512155652046204,0.9615370631217957,0.9668116569519043,1.0
8da841ba3632a7970b25ab65342ae81f1064a74c,2,1,0.9769346117973328,0.9769346117973328,0.9769346117973328,0.9769346117973328,1.0
06470342ee59e936b6a94d2c3a9d68484f4c4c5f,3,3,0.983883798122406,0.9842709302902222,0.9877549409866333,0.986714780330658,1.0
92811716c46a872c545e76aa43cab39fceed3b45,3,3,0.9525763988494873,0.9529571533203125,0.9563838243484497,0.9576780200004578,1.0
aacb544ccca1079dd5d31257f4d05e8dd0e0f6e0,3,3,0.9621199369430542,0.9627577662467957,0.9684979915618896,0.9698686599731445,1.0
a36fe0849f9263ddf824273641b4dcb9ab6b2a58,2,1,0.9717225432395935,0.9717225432395935,0.9717225432395935,0.9717225432395935,1.0
55c690ef5610510549de45209324ef056c2d4518,3,3,0.9625843167304993,0.9631710052490234,0.9684513211250305,0.9689724445343018,1.0
d28efb237dba7b94224ee6b4b00035a25d034017,4,6,0.9631567001342773,0.9637724161148071,0.9738020896911621,0.9728620648384094,1.0
cea2080b05a5425331027206141630075ee8eeae,2,1,0.9918438196182251,0.9918438196182251,0.9918438196182251,0.9918438196182251,1.0
3c63aae71be139259aed42ad6788d43e97d3e43e,2,1,0.9750102758407593,0.9750102758407593,0.9750102758407593,0.9750102758407593,1.0
9919dd500ea2530606454e8814b52dca796379dc,2,1,0.9584780931472778,0.9584780931472778,0.9584780931472778,0.9584780931472778,1.0
33e7086b1a91635c2389afd9478616bae090ad96,2,1,0.9643394351005554,0.9643394351005554,0.9643394351005554,0.9643394351005554,1.0
499c2d0981b2bb1fb5ec9a8ae5f492a2ba56c62b,2,1,0.9637733697891235,0.9637733697891235,0.9637733697891235,0.9637733697891235,1.0
8a3918247cec363d9234981836441787a26318f4,3,3,0.9731037616729736,0.9733520150184631,0.9755865335464478,0.9770111441612244,1.0
2c065eeb4d069bc099c8cf74cf30a59cce83725d,3,3,0.9602329134941101,0.9606691598892212,0.9645953178405762,0.9681084156036377,1.0
cc7f41e5fb118e6d06639192c4e1aa76c0d5a492,2,1,0.9869344234466553,0.9869344234466553,0.9869344234466553,0.9869344234466553,1.0
9c9438e48b4c4f28082ccd0a40c088bff21ae904,2,1,0.9552727341651917,0.9552727341651917,0.9552727341651917,0.9552727341651917,1.0
709d7b24b6c12dc2f75b7e5a18156c01962d0a1c,3,3,0.983676552772522,0.984086811542511,0.9877793788909912,0.9864987730979919,1.0
0224863ab370090336165222963319889b12c1d9,2,1,0.9827095866203308,0.9827095866203308,0.9827095866203308,0.9827095866203308,1.0
b93470642fd152d7687ec407d8338576bdf6c6fb,3,3,0.9552426934242249,0.9564065337181091,0.9668809175491333,0.9681037068367004,1.0
a029b407a193a43371b16771b330afcd0ff7bd08,3,3,0.9625465869903564,0.9629836678504944,0.9669173955917358,0.9682437777519226,1.0
b0c2426c393d0c008726e12cdd2992682812dd39,3,3,0.9669930934906006,0.9669988751411438,0.9670510292053223,0.9770124554634094,1.0
ae451bcfafc980a88f4b91cc8cdfd3e559282660,2,1,0.960912823677063,0.960912823677063,0.960912823677063,0.960912823677063,1.0
047c9533c087d784964a3e437294bb4320f811e5,2,1,0.9854167699813843,0.9854167699813843,0.9854167699813843,0.9854167699813843,1.0
d4d786c9ebf437118c5f3ba426fca4bc6b59e309,2,1,0.9733444452285767,0.9733444452285767,0.9733444452285767,0.9733444452285767,1.0
a5e09f323ab097d81123fd9f4a0d2b4fb4b18f7b,2,1,0.9793426394462585,0.9793426394462585,0.9793426394462585,0.9793426394462585,1.0
a986b4e328f4aa6d3702ab1d3f3640cd631c8d11,2,1,0.98052978515625,0.98052978515625,0.98052978515625,0.98052978515625,1.0
8e63852c447fa089caf8c1a7ace6d269224c972c,4,6,0.9750032424926758,0.9775270819664001,0.9858793616294861,0.9859911799430847,1.0
716dc85abf0ca9b15a310ae1a4abd601392aa1dd,2,1,0.990893542766571,0.990893542766571,0.990893542766571,0.990893542766571,1.0
35a022e86d02f3d46dff78a863147f607a52fbac,2,1,0.9569917917251587,0.9569917917251587,0.9569917917251587,0.9569917917251587,1.0
418a72bcb8970616822f8f7831b434cad8b14cbc,2,1,0.9505888223648071,0.9505888223648071,0.9505888223648071,0.9505888223648071,1.0
0931be7487893887b8500d341d5484121fe25df4,2,1,0.988793671131134,0.988793671131134,0.988793671131134,0.988793671131134,1.0
e4216b316581ef74e7afbf9fb2d3924a272a1834,3,3,0.9510715007781982,0.9524145126342773,0.9645019173622131,0.9665036797523499,1.0
83bbb5283cfa3974084fc5fcd0ebc35228313b01,2,1,0.9534429311752319,0.9534429311752319,0.9534429311752319,0.9534429311752319,1.0
e7fdd9f02eb735f26eeb38f7de595b8a0554e960,2,1,0.9621190428733826,0.9621190428733826,0.9621190428733826,0.9621190428733826,1.0
6e626f20d7d4dbc99609b942ef529b84beeadd5c,3,3,0.9779476523399353,0.9779765605926514,0.9782367944717407,0.9820612072944641,1.0
567f1d96e3a05807ad6f7da8cd71553ef35dbcd0,3,3,0.9815196990966797,0.9817830920219421,0.9841536283493042,0.9853931069374084,1.0
50a3966d7240b5c66f316f3ef7cc6b12c9542d27,2,1,0.9848635196685791,0.9848635196685791,0.9848635196685791,0.9848635196685791,1.0
2b765482db243609b50d2362d4d41560bed2e021,4,6,0.9573448300361633,0.9576111435890198,0.970795214176178,0.9704810976982117,1.0
0d67a522b3b1401e78c3410ea5d40147b2f506ba,2,1,0.9602442383766174,0.9602442383766174,0.9602442383766174,0.9602442383766174,1.0
31f1fe59b64765bc4bace2c9ec3e0515bb0e3de3,2,1,0.9867991805076599,0.9867991805076599,0.9867991805076599,0.9867991805076599,1.0
ad1da9503313f2cd51ad168ce5eb8351e08545da,2,1,0.9820412397384644,0.9820412397384644,0.9820412397384644,0.9820412397384644,1.0
d6fdfebb2591b8c94f81fce7eca728f0e5b20abc,5,10,0.9579906463623047,0.9616697430610657,0.9846080541610718,0.9796822667121887,1.0
c12345cf86bd4fa38d0a4bebc00d4c78a5e38684,2,1,0.9523439407348633,0.9523439407348633,0.9523439407348633,0.9523439407348633,1.0
57eac4fd8a373e088252a1d46778ace57a2a5770,3,3,0.9779968857765198,0.9781619906425476,0.9796481728553772,0.9847413897514343,1.0
628f29563d42e08bfcf7171dbea04f67f763459b,3,3,0.9520906209945679,0.9530175924301147,0.9613604545593262,0.9612380862236023,1.0
06b700fc957d2d5d72cfbe73ce22dd8e3f8ca74b,4,6,0.9720060229301453,0.9730783700942993,0.9851754903793335,0.9836762547492981,1.0
2778dc4ba77e2e95ca5e4fb54e6093f83ab7262a,2,1,0.9741606116294861,0.9741606116294861,0.9741606116294861,0.9741606116294861,1.0
2651984f55bade4fd9dba6201d7cf5fc8bbea34a,2,1,0.9653011560440063,0.9653011560440063,0.9653011560440063,0.9653011560440063,1.0
d25aca2e38d447201ce2a3ce28dc448795e5a7e9,4,6,0.9678452610969543,0.9687948822975159,0.9749007821083069,0.9771050810813904,1.0
1d2c4e96d46775143385f975e027a9e1af1b3c9e,2,1,0.9804830551147461,0.9804830551147461,0.9804830551147461,0.9804830551147461,1.0
45f08a74a3a0eed42cfed6621a336b93c3625e7f,2,1,0.9547971487045288,0.9547971487045288,0.9547971487045288,0.9547971487045288,1.0
3d27e7de6d440c4e2aaba9e1a543c266b0be621e,3,3,0.9607036709785461,0.9623933434486389,0.9776005744934082,0.9721555113792419,1.0
bc57f9a5879792ace19c12279ccf650c66c8e4f7,2,1,0.9668912291526794,0.9668912291526794,0.9668912291526794,0.9668912291526794,1.0
f736712a881318ab0b4338a6d219c5f4d5f74867,3,3,0.9675194025039673,0.9677698016166687,0.9700231552124023,0.9743821620941162,1.0
f8f4fed432fd4b90d2ff81a1698f48ac20ec99b5,3,3,0.9695004224777222,0.9704006314277649,0.9785025119781494,0.9778857827186584,1.0
586fbab8010e510c970aea44dcac90b2d5e6cebf,3,3,0.9845529794692993,0.984811007976532,0.987133264541626,0.9882842898368835,1.0
5b8ce079e8587297ec995ea2c3f1197bdd5c243b,2,1,0.9736155271530151,0.9736155271530151,0.9736155271530151,0.9736155271530151,1.0
bccf09f26f5b423a377d3be19021a8a85f2c4dc5,3,3,0.9603400826454163,0.9611420035362244,0.9683592319488525,0.9699974060058594,1.0
c9cecab5477c95940b632dcf1f169c9b68facc02,2,1,0.967090368270874,0.967090368270874,0.967090368270874,0.967090368270874,1.0
507619569099db58de13f35d022e203c535482c5,2,1,0.9640871286392212,0.9640871286392212,0.9640871286392212,0.9640871286392212,1.0
7b9272e5f594939d1c7bf5ba5dd75bf6466c1b3e,4,6,0.9681805372238159,0.9692797660827637,0.9817009568214417,0.9800095558166504,1.0
22ce77ada5ca80a02df512e1a8e1be6b5b09941a,2,1,0.9874127507209778,0.9874127507209778,0.9874127507209778,0.9874127507209778,1.0
462222e51794154fe78e72650d597155cf8dda6b,2,1,0.9590173959732056,0.9590173959732056,0.9590173959732056,0.9590173959732056,1.0
da3b5464d721898a99e307a3584b2595f302eba4,2,1,0.9718905687332153,0.9718905687332153,0.9718905687332153,0.9718905687332153,1.0
097207a1e816bb9a02238930f373b2a65468bf1f,2,1,0.9541268348693848,0.9541268348693848,0.9541268348693848,0.9541268348693848,1.0
d7febfc8a90e71f2b2163e9ac0d214566af361ef,2,1,0.9793392419815063,0.9793392419815063,0.9793392419815063,0.9793392419815063,1.0
f1f45bad4ae0043debd08b579a7883976ae13e6f,3,3,0.9864128828048706,0.9865595102310181,0.98787921667099,0.9876663684844971,1.0
286a5eb1d9b1743ff61e463c1009c96457be384d,2,1,0.9898168444633484,0.9898168444633484,0.9898168444633484,0.9898168444633484,1.0
1ee9f4e0e42814e6231e9767cd4415eb1d6b62dc,2,1,0.9556906819343567,0.9556906819343567,0.9556906819343567,0.9556906819343567,1.0
b5e945333c3ff80089058f1913d81110f9b7b131,2,1,0.9592621326446533,0.9592621326446533,0.9592621326446533,0.9592621326446533,1.0
ed9abc92bf8ebc34cb0cb939c95f067250c94958,2,1,0.9834725856781006,0.9834725856781006,0.9834725856781006,0.9834725856781006,1.0
d3ea80122e56470d54279320ae037b58d35f1a6b,2,1,0.9607939124107361,0.9607939124107361,0.9607939124107361,0.9607939124107361,1.0
32ede65edc178bb5ceefcd6066ecadba1f1875f0,2,1,0.9680261611938477,0.9680261611938477,0.9680261611938477,0.9680261611938477,1.0
2dc0363cb0bb5bc74bf413606dec99c6ea75b2e0,2,1,0.9676649570465088,0.9676649570465088,0.9676649570465088,0.9676649570465088,1.0
a406b02739f431e763a41a7aad83ec5c245838cf,2,1,0.9523674249649048,0.9523674249649048,0.9523674249649048,0.9523674249649048,1.0
0586dd38653e1623fbf5cee6aa79caf480187cac,2,1,0.9618707299232483,0.9618707299232483,0.9618707299232483,0.9618707299232483,1.0
56c99101198afdea99463173fe9d8167b5a22522,2,1,0.960716724395752,0.960716724395752,0.960716724395752,0.960716724395752,1.0
a98c5c30ccfacc49b8b1bf6f391403f2aa35a051,3,3,0.9771764874458313,0.9776203632354736,0.9816153049468994,0.982868492603302,1.0
348f045c49e07fc9ba53795a671349b3aecdcf41,2,1,0.9774102568626404,0.9774102568626404,0.9774102568626404,0.9774102568626404,1.0
bed3a60ee91fe8a9169cdf8fd72a2395db005b88,4,6,0.9635758399963379,0.9645580053329468,0.9709532856941223,0.970726728439331,1.0
b3671251be3a981795e04b90ec7ce70cf24940a5,2,1,0.9662338495254517,0.9662338495254517,0.9662338495254517,0.9662338495254517,1.0
4e7d9cc78d0f48009408f756bd75841c107ac108,3,3,0.990265965461731,0.9904589653015137,0.992196261882782,0.9922745227813721,1.0
06fb5b332488d76c260de1ddd86aa942855dc7b4,3,3,0.9722632169723511,0.9724566340446472,0.9741974472999573,0.9807677268981934,1.0
91a3196db3ba22187dc57b8cd60e628f7b878d1f,4,6,0.9722020030021667,0.9722791910171509,0.9807749390602112,0.9813817143440247,1.0
6afa4e78edef50bab2ded2f4132d212c3d13b0f6,2,1,0.9649685621261597,0.9649685621261597,0.9649685621261597,0.9649685621261597,1.0
fb588e0add36e5c6f84553301da22e8078f08c4a,2,1,0.9685661792755127,0.9685661792755127,0.9685661792755127,0.9685661792755127,1.0
0608ce888934f170bd7a34a4d9aab4ee4b9dfc4d,4,6,0.9588783979415894,0.9589807987213135,0.9619449377059937,0.9650793075561523,1.0
edb001d497a6fe658477e56999a9105098106276,2,1,0.988839328289032,0.988839328289032,0.988839328289032,0.988839328289032,1.0
74f0f8c524dace6194ddff3e2fc32bf0b4b34c55,2,1,0.9834250807762146,0.9834250807762146,0.9834250807762146,0.9834250807762146,1.0
90165135bc08ee67a3e2dd01543fca2951f7cf3f,2,1,0.9895603656768799,0.9895603656768799,0.9895603656768799,0.9895603656768799,1.0
7c31cbcd315b7f1f9a53e14665d0a0ab2cd859e0,3,3,0.9507491588592529,0.9517085552215576,0.9603431224822998,0.957146942615509,1.0
effec79a29e826d7b76abe0be168885fba29b950,2,1,0.9673590064048767,0.9673590064048767,0.9673590064048767,0.9673590064048767,1.0
d79173111a7cb190b2f1c93d73c2328662745de9,2,1,0.9679272770881653,0.9679272770881653,0.9679272770881653,0.9679272770881653,1.0
9cafbb75414651d263fa1cfc888975727586d728,3,3,0.9583404064178467,0.9584077000617981,0.9590133428573608,0.9675604701042175,1.0
c54bec2a793914e81327ad458f7b257c8f85325a,4,6,0.9600250720977783,0.9610875844955444,0.9745111465454102,0.9754193425178528,1.0
317c26adb01023663a75fe131811ec1f53593b0c,3,3,0.9892619848251343,0.9894772171974182,0.9914143085479736,0.9914989471435547,1.0
b8b69a3a2ea85112a0ea9f1dcbb041d8f7583744,2,1,0.9733226895332336,0.9733226895332336,0.9733226895332336,0.9733226895332336,1.0
d405ab89fd79b4e8f87f9cd09602472ef28cda1b,2,1,0.9528060555458069,0.9528060555458069,0.9528060555458069,0.9528060555458069,1.0
f8ee80b8e53304376f257fcbe0de94355f24efd1,3,3,0.9707964658737183,0.9709330797195435,0.9721623659133911,0.9732406735420227,1.0
45d2188daad9634bf82beaef62ae26df6a188f9c,3,3,0.9825884699821472,0.9830591678619385,0.9872951507568359,0.9863031506538391,1.0
62c1bad058aad30b22fbd36491175ef1ede242f0,2,1,0.9549126625061035,0.9549126625061035,0.9549126625061035,0.9549126625061035,1.0
14c478a9bb9d66a8d36fb4631fe156200c48af24,3,3,0.9623690247535706,0.962396502494812,0.9626438617706299,0.9675946235656738,1.0
2d03fae1b2d90d1faa373272b4cc3103a8197b93,3,3,0.9615362286567688,0.9617006778717041,0.9631805419921875,0.9684394001960754,1.0
c28b4ae5cc2a904eddb392552e5e845c91f6904b,3,3,0.9641490578651428,0.9642199873924255,0.9648585915565491,0.9688755869865417,1.0
1db0e1e57464e482f5ed68f7497e148c68b5a90f,2,1,0.9796814322471619,0.9796814322471619,0.9796814322471619,0.9796814322471619,1.0
8170618d8cde253deda492548905b4b9cc96bcb1,2,1,0.9596670866012573,0.9596670866012573,0.9596670866012573,0.9596670866012573,1.0
f1667a3b1092908c1f8f2db5c2b083589147e9e8,2,1,0.9641982913017273,0.9641982913017273,0.9641982913017273,0.9641982913017273,1.0
aca1f2d7cd44aa0433f35f4a6a4cb0dffc225b80,2,1,0.9776861667633057,0.9776861667633057,0.9776861667633057,0.9776861667633057,1.0
5aaad953d02ebcf5e5ea8aef2a81bb68a782fd59,3,3,0.9652911424636841,0.9665825366973877,0.9782047867774963,0.9789993166923523,1.0
08a73059a41e60f5892e9a657596b0eac4a87837,2,1,0.9604561924934387,0.9604561924934387,0.9604561924934387,0.9604561924934387,1.0
a17a74ed245ae2d1a81ae35d7d3f54e0d75e5edf,2,1,0.9835362434387207,0.9835362434387207,0.9835362434387207,0.9835362434387207,1.0
c405d987d682c4449a76dd53c9a56577d386bdc7,3,3,0.9643268585205078,0.9654167890548706,0.9752259254455566,0.9764798283576965,1.0
ec741a47bc41915bce6e65074a6fc6dfb38dc4bc,2,1,0.9728014469146729,0.9728014469146729,0.9728014469146729,0.9728014469146729,1.0
b38a62b8e38f4a5fe8c0ee34c449969ab73cea5f,2,1,0.9634536504745483,0.9634536504745483,0.9634536504745483,0.9634536504745483,1.0
bf0447c319a2e1fb4177df7d854040190a6c922c,3,3,0.9566609859466553,0.9567589163780212,0.9576403498649597,0.9683523774147034,1.0
4ed0675ec9bb90391273ac2797efeedfc49c11c1,2,1,0.9596054553985596,0.9596054553985596,0.9596054553985596,0.9596054553985596,1.0
72a2316c8b94f5c9d74b12857efe38bfe4df1c86,2,1,0.9843629598617554,0.9843629598617554,0.9843629598617554,0.9843629598617554,1.0
6d252c4104fff4ee2f7bb36599b4fbb2467a7f0a,5,10,0.9536760449409485,0.9571398496627808,0.9768766760826111,0.9759178161621094,1.0
0fc6c2c63327316c92930a5194230b265c0d9194,2,1,0.9907888770103455,0.9907888770103455,0.9907888770103455,0.9907888770103455,1.0
b11338d4f82c2f2a3cc381766cd5898003b3c2e3,2,1,0.9853556156158447,0.9853556156158447,0.9853556156158447,0.9853556156158447,1.0
531526c8bf54b18568afb340e177b6a0bee51f8a,3,3,0.9787500500679016,0.9789782762527466,0.9810322523117065,0.9804801344871521,1.0
e52eb81e54fc167582ff45a2372281686abe13a0,3,3,0.9713989496231079,0.9717255234718323,0.9746648669242859,0.9738259315490723,1.0
7fb0157e403978349d4c2d4809707e1566e3067b,3,3,0.9728801250457764,0.9730427265167236,0.9745062589645386,0.9747406840324402,1.0
b7b2cf5770e354fe22f21a5cf12ebb59ab521a87,2,1,0.9718117117881775,0.9718117117881775,0.9718117117881775,0.9718117117881775,1.0
b6563b7ac3311da956d9a605fd429878f8d2a32c,2,1,0.9839741587638855,0.9839741587638855,0.9839741587638855,0.9839741587638855,1.0
6d06544844da1be4f990336c855e95a38075a19c,2,1,0.9660465717315674,0.9660465717315674,0.9660465717315674,0.9660465717315674,1.0
0c0d11f17f92632b9b35a5161f2cd01dea95b0dd,2,1,0.9810625314712524,0.9810625314712524,0.9810625314712524,0.9810625314712524,1.0
c4209f9379636166355f69600e9e9c7f791b3681,2,1,0.9582393169403076,0.9582393169403076,0.9582393169403076,0.9582393169403076,1.0
37128c7ac3a91d6377f30f78cf36a67431e57116,2,1,0.9906216859817505,0.9906216859817505,0.9906216859817505,0.9906216859817505,1.0
662d1f7229e0828886cfd23c925b9e43f78ddf20,2,1,0.9692848920822144,0.9692848920822144,0.9692848920822144,0.9692848920822144,1.0
d153c8bf7dcc07bbde3ec4464163edfbdd1dc266,3,3,0.9831697344779968,0.9834057092666626,0.9855296611785889,0.9887351989746094,1.0
8aa105651ebd9123bf8a2383c8af177efd0d0f03,3,3,0.9607252478599548,0.9607393741607666,0.9608667492866516,0.9708237051963806,1.0
2f69e6c84464407746711f39ca2d08fee0ca97ee,2,1,0.9505938291549683,0.9505938291549683,0.9505938291549683,0.9505938291549683,1.0
777f50919d4da9e7d62eafdc2904ad0d365b919f,3,3,0.9654467701911926,0.9662138223648071,0.9731175899505615,0.9778714179992676,1.0
06e6bf61b3fb7fa06d563c4284e9a339226fbb71,3,3,0.9751911163330078,0.9754104018211365,0.9773840308189392,0.9805299639701843,1.0
c29fbcd211c385da669a97f16c0fea760782283c,4,6,0.9592410922050476,0.9605700373649597,0.9685309529304504,0.9700480103492737,1.0
19b136b8c112c2965c9e90590fb7e3d5cdc724cc,3,3,0.9619635939598083,0.9622416496276855,0.9647442698478699,0.9660462737083435,1.0
5532c7b3f2b91d4a98ef1e292f368179ea8c066e,3,3,0.961097240447998,0.96185302734375,0.9686554074287415,0.9721822738647461,1.0
80018aaaa4a634aa6d57c72a5646494a2ae99338,3,3,0.9516128897666931,0.9523523449897766,0.9590075016021729,0.9604423642158508,1.0
53f2ca707efef17bcfc86a4532dbed3ab7a24b7f,2,1,0.9880460500717163,0.9880460500717163,0.9880460500717163,0.9880460500717163,1.0
af063b81a919f5cc6e8639f42caf315dabdc6beb,4,6,0.9607391953468323,0.9608429074287415,0.9752522706985474,0.9757206439971924,1.0
262f0643e3109d25ef45dba8147e687364d67797,3,3,0.972274661064148,0.973578155040741,0.9853095412254333,0.9811301231384277,1.0
8607c5ae7a99d11332805bae8450d7e299f51a9a,2,1,0.9507441520690918,0.9507441520690918,0.9507441520690918,0.9507441520690918,1.0
fd7631b814803a85c163dec0899a2913a8fd2c86,4,6,0.9542833566665649,0.9548677802085876,0.9576207995414734,0.9603622555732727,1.0
f288d208738a1a3bb4f2045681a7660ade2f3911,2,1,0.9569560289382935,0.9569560289382935,0.9569560289382935,0.9569560289382935,1.0
87609919315b84f483c4d13bcf2d193474e4eb3b,2,1,0.9558614492416382,0.9558614492416382,0.9558614492416382,0.9558614492416382,1.0
042aeef4d0cbe7a90b8120b6df32a51dea715a02,3,3,0.963377058506012,0.9644225835800171,0.9738325476646423,0.9729993939399719,1.0
cb147ed2febc2575b1ff8dfc540933f7dad0deee,2,1,0.9606796503067017,0.9606796503067017,0.9606796503067017,0.9606796503067017,1.0
026a010b47aabdf12f83cac8a200fc928665849f,3,3,0.9638264179229736,0.9653302431106567,0.9788649082183838,0.9750192761421204,1.0
be8de43c1c05d514d0bbff4f79e2e88b3f1b8677,2,1,0.9703977108001709,0.9703977108001709,0.9703977108001709,0.9703977108001709,1.0
c2a25144c6be95296d85132fbe1cee85a2b35703,2,1,0.9747920632362366,0.9747920632362366,0.9747920632362366,0.9747920632362366,1.0
bcb4fe44c4df956d6dc3661e8d599b432d83b4ee,2,1,0.9650216698646545,0.9650216698646545,0.9650216698646545,0.9650216698646545,1.0
bb0f099db615033e1171ea57374bdfade719dc2a,2,1,0.9874504208564758,0.9874504208564758,0.9874504208564758,0.9874504208564758,1.0
a63d059d313073420a473cfbdf6166de947a74a6,2,1,0.9695305824279785,0.9695305824279785,0.9695305824279785,0.9695305824279785,1.0
0973fc6469b023a33063aecdfef7b39eae671fcb,3,3,0.9537346363067627,0.9548734426498413,0.9651229977607727,0.9618861079216003,1.0
77901b8eb4fbf62a7afd85293d959bab65abda3f,2,1,0.9711829423904419,0.9711829423904419,0.9711829423904419,0.9711829423904419,1.0
b536783945844b20d07aef26076860e0ee7dbfb2,2,1,0.9736769795417786,0.9736769795417786,0.9736769795417786,0.9736769795417786,1.0
7d9cdf07cfc2508bbaf51e6542260f6b7198eb6e,2,1,0.9876387715339661,0.9876387715339661,0.9876387715339661,0.9876387715339661,1.0
6789162127c259131309935185346f333c20be40,4,6,0.962356448173523,0.9627370834350586,0.9758846759796143,0.975782573223114,1.0
b0708c5642fab9aeead8477f43d3b624dd7c663a,3,3,0.9642497301101685,0.9651976823806763,0.9737293720245361,0.9763330817222595,1.0
fc6d71753919b40235678796f5306bd5c3cb8789,3,3,0.9602012634277344,0.9609038233757019,0.9672271013259888,0.9663602709770203,1.0
8899765b58eca8b129d2a61523d4def95cf3b90d,2,1,0.9623261094093323,0.9623261094093323,0.9623261094093323,0.9623261094093323,1.0
06a59cb5e7f763fe952ed6f62ece2ab3b9f65475,2,1,0.9657533168792725,0.9657533168792725,0.9657533168792725,0.9657533168792725,1.0
6e19557c119207d20481bf76eb3a2c56647d12bc,2,1,0.9837304949760437,0.9837304949760437,0.9837304949760437,0.9837304949760437,1.0
d8aab4aaa12d70a746f3f43745c957e4c8b1f3d5,2,1,0.9850248098373413,0.9850248098373413,0.9850248098373413,0.9850248098373413,1.0
52a7e5ce83675b1f2ee27cc0d54e95a0a7c25a3d,3,3,0.9607300758361816,0.9610719084739685,0.9641486406326294,0.9689999222755432,1.0
7f79a24e358262839b0d4025b16e35371cb394d9,4,6,0.9865878224372864,0.9868496060371399,0.989266037940979,0.9896900653839111,1.0
a89888293b9bb5e1438696cfcd37f9ca5328c50f,2,1,0.9567830562591553,0.9567830562591553,0.9567830562591553,0.9567830562591553,1.0
37d21fb9bae6bafcc5d9816d07eb1a10144834b3,3,3,0.9727559089660645,0.9732506275177002,0.9777028560638428,0.9804032444953918,1.0
ad716e8806e518322c325f7a44e056cfda4f4219,2,1,0.9627096056938171,0.9627096056938171,0.9627096056938171,0.9627096056938171,1.0
0fb8857395535308e9191c466f0d73d9133fbcc4,2,1,0.9765767455101013,0.9765767455101013,0.9765767455101013,0.9765767455101013,1.0
c9e1aa40228a82d3705076e008aaff174453ed7c,2,1,0.9730191230773926,0.9730191230773926,0.9730191230773926,0.9730191230773926,1.0
17fa61b5a4f6a502c1c93f180adbff4561a0a3ce,3,3,0.9817747473716736,0.9821293950080872,0.9853211641311646,0.986413300037384,1.0
0a28e7da7d46df8d7bcb4f0d6ea9dd73095675c0,2,1,0.9886990785598755,0.9886990785598755,0.9886990785598755,0.9886990785598755,1.0
98553300f74abcda0a170b6635ad524cf927739b,2,1,0.9860786199569702,0.9860786199569702,0.9860786199569702,0.9860786199569702,1.0
7550ad379483b11133204637c44f412a455a4797,2,1,0.9565050601959229,0.9565050601959229,0.9565050601959229,0.9565050601959229,1.0
8e70aa492b4586ad1c4c7bbdc3023ac3156f125b,2,1,0.9525003433227539,0.9525003433227539,0.9525003433227539,0.9525003433227539,1.0
9a7586e98fd46d8da0eaaa7c8b94f20dc14cd134,3,3,0.9519460797309875,0.9522674679756165,0.9551600813865662,0.9587194323539734,1.0
a0b96abe4e42503c80a6e2628f21e4ba2a053c65,2,1,0.979059100151062,0.979059100151062,0.979059100151062,0.979059100151062,1.0
d93fad95e6c0ecb3d40cb180500f30dd2b382a54,2,1,0.9547028541564941,0.9547028541564941,0.9547028541564941,0.9547028541564941,1.0
64fa0d5da92aefe952b9d4eca32e72359d7da2ec,2,1,0.9502215385437012,0.9502215385437012,0.9502215385437012,0.9502215385437012,1.0
cffbbdb87e61f9e0d65a46069a29f16a5d7287c3,2,1,0.9645686745643616,0.9645686745643616,0.9645686745643616,0.9645686745643616,1.0
c240024aaf36e0cd4bb01a98ee241c918e9c1b44,2,1,0.9676209688186646,0.9676209688186646,0.9676209688186646,0.9676209688186646,1.0
f513e8443a01c1108545e35862f2b9eaf223c220,2,1,0.9851873517036438,0.9851873517036438,0.9851873517036438,0.9851873517036438,1.0
d7959098d23bd247766d98f8ee2267230e5dd770,2,1,0.988018274307251,0.988018274307251,0.988018274307251,0.988018274307251,1.0
38daa265a6c39df5c3bca913d508152af105aa8c,3,3,0.9729946851730347,0.9734587073326111,0.9776347279548645,0.9788846969604492,1.0
3b5b1cb80572981b5f686f9bfe89335b62e3c18b,2,1,0.9737188816070557,0.9737188816070557,0.9737188816070557,0.9737188816070557,1.0
e403beec11f7dc90ff69e0e2e832b26f3639ce39,2,1,0.9635254144668579,0.9635254144668579,0.9635254144668579,0.9635254144668579,1.0
62a2e1f1323219c883aa1b9d9ff0598f138ed05a,2,1,0.9628812670707703,0.9628812670707703,0.9628812670707703,0.9628812670707703,1.0
0722d2e31f136c0575001eec0b1437aea86d7a2f,2,1,0.9736008048057556,0.9736008048057556,0.9736008048057556,0.9736008048057556,1.0
088f0da3c193a86a450cd588f7eaf735780d230a,2,1,0.9678413271903992,0.9678413271903992,0.9678413271903992,0.9678413271903992,1.0
7e22f02e8dec7d841419d706e6b5990cebf91921,3,3,0.9761160016059875,0.9765153527259827,0.980109453201294,0.984290361404419,1.0
49e25c6493c2b562b2014ba470a0058503be39cc,2,1,0.9759653210639954,0.9759653210639954,0.9759653210639954,0.9759653210639954,1.0
2204bba4a8f72d088096be3fba66346a5c56ed92,2,1,0.9917158484458923,0.9917158484458923,0.9917158484458923,0.9917158484458923,1.0
f77c69a316184811f8b350ab5a4d9ae714b88a4e,2,1,0.9528405070304871,0.9528405070304871,0.9528405070304871,0.9528405070304871,1.0
0f6a8a6e7bcbe89282301d8358abc19aeaad6d9c,3,3,0.9507678747177124,0.951715350151062,0.960242509841919,0.961744487285614,1.0
c9ada1e0dc5d54053c6e2ba0d8d5e1a85f1abc19,4,6,0.9539375305175781,0.9558711051940918,0.9750291109085083,0.9737873077392578,1.0
257eec02c36d6a81339a9709346f8ea502eca242,2,1,0.9684513211250305,0.9684513211250305,0.9684513211250305,0.9684513211250305,1.0
111c66507164f5c80292c48ac50fe7619676c51c,2,1,0.9643434882164001,0.9643434882164001,0.9643434882164001,0.9643434882164001,1.0
6edb092eb86d515cb5c6dc05732daaa6f3e9cbcd,2,1,0.9564374089241028,0.9564374089241028,0.9564374089241028,0.9564374089241028,1.0
63a192a166310220ef89a5b9b3d66040782968c3,2,1,0.9799749851226807,0.9799749851226807,0.9799749851226807,0.9799749851226807,1.0
fde8f40aadd44df27f7b9186696f794bd7ddb216,3,3,0.9612205028533936,0.9617591500282288,0.9666069746017456,0.9663338661193848,1.0
0038bb54f43134f6c85a1072a55dd3ed95300fa9,2,1,0.96898353099823,0.96898353099823,0.96898353099823,0.96898353099823,1.0
d50f12c701550d48bacdb528d59ac5db96a0f698,2,1,0.9843674898147583,0.9843674898147583,0.9843674898147583,0.9843674898147583,1.0
5f90590910b59fa4897b56066d36063609e0cede,2,1,0.9768182039260864,0.9768182039260864,0.9768182039260864,0.9768182039260864,1.0
73815a09296a3674ff429682c07c1182497ec45f,2,1,0.9572398662567139,0.9572398662567139,0.9572398662567139,0.9572398662567139,1.0
56a076a9a528ea22ea383b1f149ce3f05fa3ff11,2,1,0.9744768142700195,0.9744768142700195,0.9744768142700195,0.9744768142700195,1.0
03816e30ad87d9ce39091e9aa45099caa511a65a,3,3,0.9506829380989075,0.9518998265266418,0.9628516435623169,0.9624088406562805,1.0
bb2e43df5dc0ef6e473b811303a57ddf090bd8e9,2,1,0.9939979314804077,0.9939979314804077,0.9939979314804077,0.9939979314804077,1.0
516f23835b7973972ac47da44581e4a02fd91976,2,1,0.9838148355484009,0.9838148355484009,0.9838148355484009,0.9838148355484009,1.0
a81dc8b6cf985e48fbeabdfaeae33ad577c54445,2,1,0.9862186312675476,0.9862186312675476,0.9862186312675476,0.9862186312675476,1.0
228e87ce66cabff2d325ac464446abc9c7544d06,3,3,0.9799544811248779,0.9801297187805176,0.9817069172859192,0.9853789806365967,1.0
2a45f663cca5a5f385b9140bd5645d92aede1a43,3,3,0.954387366771698,0.9547566175460815,0.958079993724823,0.9628322720527649,1.0
eee6b844729046b19c7baba6411971a670af3651,4,6,0.9709730744361877,0.9718324542045593,0.9773555994033813,0.9771506786346436,1.0
52709760db10341d51afb60e1f390d1b9a2afcba,3,3,0.9660674929618835,0.9664134979248047,0.9695273637771606,0.9694779515266418,1.0
ff6fd3505aefd649aace5cc25f36effbe343ffa0,3,3,0.960412323474884,0.9610705375671387,0.9669947624206543,0.9690002799034119,1.0
098097453402a384817b1cbb5e5b10a78768284c,2,1,0.9651132822036743,0.9651132822036743,0.9651132822036743,0.9651132822036743,1.0
0e17137f5d79aee6646fce6d735192382fe0cb51,2,1,0.9567627310752869,0.9567627310752869,0.9567627310752869,0.9567627310752869,1.0
907869b77550d469b219f42d1b4d06a1c4eaa3c8,3,3,0.9526515007019043,0.9533251523971558,0.9593883156776428,0.9644591808319092,1.0
8b9a953f3dea9ac64e998192e52d95f619c78887,2,1,0.9696705341339111,0.9696705341339111,0.9696705341339111,0.9696705341339111,1.0
657eed68e68cbfb0c4af3bb239f177ea3b96ecd7,2,1,0.9783646464347839,0.9783646464347839,0.9783646464347839,0.9783646464347839,1.0
da524b713968dff4a95d9ecb15a4d417a10216e9,3,3,0.9738123416900635,0.9750440120697021,0.986129105091095,0.984186589717865,1.0
f64fc11b3a3d961482217b9672f6109454a479c6,2,1,0.9717622995376587,0.9717622995376587,0.9717622995376587,0.9717622995376587,1.0
98ac8074843947083571a0f94f3f3420958ee92d,2,1,0.9825380444526672,0.9825380444526672,0.9825380444526672,0.9825380444526672,1.0
14fc4d08ccdf76acd9c982d4ff598b022b0b6d92,2,1,0.9591631889343262,0.9591631889343262,0.9591631889343262,0.9591631889343262,1.0
121315ef867197cbef3bd3eb8e65bf8b46a4b1f2,4,6,0.9854754209518433,0.9857344031333923,0.9898910522460938,0.9902167320251465,1.0
32a9e81c13e067dc84a25a6812755ba1f539d0e7,2,1,0.9771049618721008,0.9771049618721008,0.9771049618721008,0.9771049618721008,1.0
40bea8d1eb68726071dcacddac8dfc5d8af530b7,2,1,0.9580023288726807,0.9580023288726807,0.9580023288726807,0.9580023288726807,1.0
2d15f29aa9a609c2c385981fe2bd33092477dbb5,3,3,0.9606220722198486,0.9624115824699402,0.9785174131393433,0.9745817184448242,1.0
1176f0d39cb125145cfd919a524b343f5d0941fe,2,1,0.9561026096343994,0.9561026096343994,0.9561026096343994,0.9561026096343994,1.0
d38c906c151de7f646b6805e9d461ffade40e693,3,3,0.9667126536369324,0.9677469730377197,0.9770556688308716,0.977968692779541,1.0
f2366ea67341b9684a536ad2fa7f000a4cf81c91,2,1,0.9740687608718872,0.9740687608718872,0.9740687608718872,0.9740687608718872,1.0
08273563b206de7db4decffb1942388ab2169856,3,3,0.9806116819381714,0.9809266328811646,0.9837609529495239,0.9850323796272278,1.0
c246df2b6f2d629df5c83a9931bd2f1acaac7c1d,3,3,0.9579026699066162,0.9595203995704651,0.9740802049636841,0.9690399169921875,1.0
d4c58c4c63525572f37b6d1c38453428b3a3a797,2,1,0.9591414928436279,0.9591414928436279,0.9591414928436279,0.9591414928436279,1.0
7a418853bd7f16f4377afd9bb9245ac9412e54e2,2,1,0.9537097215652466,0.9537097215652466,0.9537097215652466,0.9537097215652466,1.0
0d2b23a2fd16e9bc57da8fbd911c8e283eef7266,2,1,0.9972417950630188,0.9972417950630188,0.9972417950630188,0.9972417950630188,1.0
4af6cf7cc103145d14875052321fc75d637e54a2,2,1,0.9802416563034058,0.9802416563034058,0.9802416563034058,0.9802416563034058,1.0
1e53b5da159f78e2e77718cebd043a6caa557b1a,2,1,0.9698734283447266,0.9698734283447266,0.9698734283447266,0.9698734283447266,1.0
232ef7a2ea3a1310c789a4df5a88630a95c73351,2,1,0.9591419696807861,0.9591419696807861,0.9591419696807861,0.9591419696807861,1.0
a068d7170510538179f38a0fb6a560a330b7ba26,2,1,0.9736166000366211,0.9736166000366211,0.9736166000366211,0.9736166000366211,1.0
d3fddd7bbb247c0023bbbbff036111ab9b3814d7,2,1,0.958898663520813,0.958898663520813,0.958898663520813,0.958898663520813,1.0
8054eb8a1063ecded3d379067e5a07f9c5ee8c88,2,1,0.9829922318458557,0.9829922318458557,0.9829922318458557,0.9829922318458557,1.0
6a6c2e7490fb9e7d5c3fbc7936978e83ec370541,2,1,0.974200427532196,0.974200427532196,0.974200427532196,0.974200427532196,1.0
618ac8ef67bae5eb4ce0fe3f572b2cc63d5732a4,2,1,0.9942018985748291,0.9942018985748291,0.9942018985748291,0.9942018985748291,1.0
f094a616a02715c306edbc990f932e1eb5d9f737,2,1,0.9569017887115479,0.9569017887115479,0.9569017887115479,0.9569017887115479,1.0
dac2a10fe24aaabae753e86ee72dc535ce31604b,2,1,0.9798757433891296,0.9798757433891296,0.9798757433891296,0.9798757433891296,1.0
ca1e37a513dd9583ecff295ea3a44f5c8f7a3de7,3,3,0.9694907665252686,0.9701059460639954,0.975642740726471,0.9756792187690735,1.0
fe446bdbc34ff54b2bd0b9e2354920735704b82a,2,1,0.9650676250457764,0.9650676250457764,0.9650676250457764,0.9650676250457764,1.0
152e9d4a99934062b5356b210623a0851bd1a169,5,10,0.9766923785209656,0.9770421385765076,0.9841817617416382,0.9838361740112305,1.0
685c4ead13583503ae576018eaa3252b0283b927,2,1,0.9602885246276855,0.9602885246276855,0.9602885246276855,0.9602885246276855,1.0
5071da01109d74f37e5ae1233e831000c5669031,3,3,0.9652573466300964,0.9660102128982544,0.9727857112884521,0.9733381271362305,1.0
b27eeb314a73596160c9d841b0e63286b0bf95d3,2,1,0.9712903499603271,0.9712903499603271,0.9712903499603271,0.9712903499603271,1.0
bef8a8dcb6f0fe4aa5dc9a6199214e2da05c9465,2,1,0.9766603708267212,0.9766603708267212,0.9766603708267212,0.9766603708267212,1.0
1601f9f0e78a46ae83a64eb587ca61cec3cb8e90,2,1,0.990544855594635,0.990544855594635,0.990544855594635,0.990544855594635,1.0
67e694ef141e241a00b0666946eadeaae98bc800,2,1,0.9603366851806641,0.9603366851806641,0.9603366851806641,0.9603366851806641,1.0
36792c41bbdcf85cb5736ec282e3049598522acc,2,1,0.9622445106506348,0.9622445106506348,0.9622445106506348,0.9622445106506348,1.0
1e5142ead074a9f1c5826a6eb4d442460fae276c,4,6,0.9604547023773193,0.9632620811462402,0.9804964661598206,0.978742778301239,1.0
c55b11d0e127f72a707db3689922c1812f5007dd,2,1,0.9850944876670837,0.9850944876670837,0.9850944876670837,0.9850944876670837,1.0
2cc17b1d20a19b136830a5a33d0ce6a39d0b4b41,2,1,0.9580065608024597,0.9580065608024597,0.9580065608024597,0.9580065608024597,1.0
ccb9650be6b4aec275795ec6c8f8010bb935e28e,2,1,0.9766247272491455,0.9766247272491455,0.9766247272491455,0.9766247272491455,1.0
3b90b17f3d391710bb4f5aab741e49fca60b80e0,2,1,0.9551993608474731,0.9551993608474731,0.9551993608474731,0.9551993608474731,1.0
75ee3706e83ba186bedb27232439b644a82f7972,2,1,0.9600945115089417,0.9600945115089417,0.9600945115089417,0.9600945115089417,1.0
24bf2e8d0f2a64aa51871b4b3302ea3111b5a971,4,6,0.9708250761032104,0.9709083437919617,0.9734424352645874,0.9749593734741211,1.0
59c156b4ca5fbb7e4e2dd9287a921abb27f0f384,3,3,0.9649701118469238,0.965354323387146,0.9688119888305664,0.9719559550285339,1.0
072acd6b550810c28494ad510d97e51099012163,2,1,0.9737424254417419,0.9737424254417419,0.9737424254417419,0.9737424254417419,1.0
3d68b7405b92a2b72b04cc28fd018789d18141e9,4,6,0.9625722169876099,0.9637758135795593,0.9795531034469604,0.9781056046485901,1.0
39b3ae743cc7ba494cd6a2ddf5bb6aa0cdf89f68,2,1,0.9606543779373169,0.9606543779373169,0.9606543779373169,0.9606543779373169,1.0
3c3a5d1532e92eb468914184b2dd0b27ab02f021,3,3,0.9725714921951294,0.9730647802352905,0.9775044918060303,0.9818933606147766,1.0
e37844317193348bc2baf389180d751689040e26,3,3,0.9647402763366699,0.9647480249404907,0.9648175239562988,0.9737520217895508,1.0
3551d5f97c9e03c4939660e2021abc93777816c5,2,1,0.9799491763114929,0.9799491763114929,0.9799491763114929,0.9799491763114929,1.0
453f7add2bea6cc37d18f28db6d4cdacff7abaf7,3,3,0.9585341811180115,0.9589678049087524,0.9628701210021973,0.9687068462371826,1.0
475f7294464a387a1144dba829f5bf340133a2d2,2,1,0.9624959826469421,0.9624959826469421,0.9624959826469421,0.9624959826469421,1.0
aafee9fa1c6f93d0872ecafc361fac6f2c466fb0,2,1,0.9874755144119263,0.9874755144119263,0.9874755144119263,0.9874755144119263,1.0
c07645381116bab56e5f8edf38d0506c87e58ed7,3,3,0.9603689312934875,0.9606258273124695,0.962938129901886,0.9716694951057434,1.0
9425c87721ba56b66d6f244f22d02173a66abedd,2,1,0.9576713442802429,0.9576713442802429,0.9576713442802429,0.9576713442802429,1.0
71b4836f0599e2d96efcc0ace515cbdffdc7620f,3,3,0.9754741191864014,0.975767970085144,0.978412926197052,0.9787145256996155,1.0
dde5f63dfb3dc8ae04fd39490b4e4172057a7bca,2,1,0.970099151134491,0.970099151134491,0.970099151134491,0.970099151134491,1.0
f4bdfd27ec8f216a8b7c61c1dba57bd86a8fdb34,2,1,0.968014121055603,0.968014121055603,0.968014121055603,0.968014121055603,1.0
e7167aac3d46ac425faa617dd6b110de4dbcfaca,2,1,0.975845456123352,0.975845456123352,0.975845456123352,0.975845456123352,1.0
7047fdeace10bb7a171e9c8f763bd68675b5f4af,2,1,0.9544095993041992,0.9544095993041992,0.9544095993041992,0.9544095993041992,1.0
5a7d79bfdd68cdd82738084c76febc2798eba8ed,2,1,0.9766622185707092,0.9766622185707092,0.9766622185707092,0.9766622185707092,1.0
d1261679ed54e78c56fe9e36264feb7a8c2c426f,2,1,0.9604151248931885,0.9604151248931885,0.9604151248931885,0.9604151248931885,1.0
fe05cb0a9e838a62a0abad0dfa5b3a8c72d196e5,2,1,0.9701800346374512,0.9701800346374512,0.9701800346374512,0.9701800346374512,1.0
1974977eeb2a99118248a187c7370ef4cbe7a367,2,1,0.9509814381599426,0.9509814381599426,0.9509814381599426,0.9509814381599426,1.0
6ee1b7a77232a919995a6b89fbeb6564a4d9f9f7,3,3,0.9561913013458252,0.9564312100410461,0.9585902690887451,0.9657695293426514,1.0
95c7326f1473c9dd668b323f096c411124ca5fe5,2,1,0.9686457514762878,0.9686457514762878,0.9686457514762878,0.9686457514762878,1.0
e48fc28de9fb1c0dc465dba2faa22f9b2a9930b2,2,1,0.9652078151702881,0.9652078151702881,0.9652078151702881,0.9652078151702881,1.0
cd4facbe8c6aff618f93ee827e6a39df6c1286ba,2,1,0.9659825563430786,0.9659825563430786,0.9659825563430786,0.9659825563430786,1.0
6a983764eb4f8fb0ecff89739d03af4d8ab9af85,2,1,0.9719614386558533,0.9719614386558533,0.9719614386558533,0.9719614386558533,1.0
a13c5ff72d41958ae924b6055b48d178260eac3a,4,6,0.9744641780853271,0.975675106048584,0.9811971187591553,0.9823086857795715,1.0
2379cbb656fed9ee1431dde511e7d767784d92ff,2,1,0.956558883190155,0.956558883190155,0.956558883190155,0.956558883190155,1.0
7932a791d42ca0fd2d44066a048b024c6ff52ce5,2,1,0.9785031080245972,0.9785031080245972,0.9785031080245972,0.9785031080245972,1.0
2350a3b37d949af6bc5bbf1dd9bb845b9dcc2681,2,1,0.9871582388877869,0.9871582388877869,0.9871582388877869,0.9871582388877869,1.0
caf9dba9e47b61fe6eea083cc532d7f1595bc42e,2,1,0.9685744047164917,0.9685744047164917,0.9685744047164917,0.9685744047164917,1.0
f0134c835e0dad3e7b47330c3b55545772e7b651,2,1,0.9914266467094421,0.9914266467094421,0.9914266467094421,0.9914266467094421,1.0
491c0dacbdc0b4c4710d9df60b224b1acce43f6a,2,1,0.9521771669387817,0.9521771669387817,0.9521771669387817,0.9521771669387817,1.0
9888bdd6c242903617bc5b6e5da224ee421e589c,3,3,0.9922367334365845,0.9922505021095276,0.9923745393753052,0.992575466632843,1.0
8cbe63139ec82a39b11c512ecbf90c5e94460f46,3,3,0.950967013835907,0.9510716795921326,0.9520137906074524,0.9521773457527161,1.0
dabf158534a399711038a475c901eff469635f4b,2,1,0.9812597036361694,0.9812597036361694,0.9812597036361694,0.9812597036361694,1.0
dbaf1fa12a6bb3bf22c2d635930b8febd7044e2c,4,6,0.973806619644165,0.9741174578666687,0.9836928248405457,0.9845945239067078,1.0
6ab9007283b313b9243f6c4704f31a2f8fc0f62f,2,1,0.9615843296051025,0.9615843296051025,0.9615843296051025,0.9615843296051025,1.0
281a96f32d31072fd96ce4a980aee63c286e37f9,3,3,0.9616217613220215,0.9630413055419922,0.9758169651031494,0.9743249416351318,1.0
f9b2eb3d514ffe9093d286b47553f18bcf202763,2,1,0.9697287082672119,0.9697287082672119,0.9697287082672119,0.9697287082672119,1.0
74d9624856d468a2b389fe1dcc9cc21b361edf5a,2,1,0.9709141254425049,0.9709141254425049,0.9709141254425049,0.9709141254425049,1.0
911d47bb704324ad4df3a3edb32bb3710949cb65,2,1,0.9852192401885986,0.9852192401885986,0.9852192401885986,0.9852192401885986,1.0
25222e2da28a871ea1a830e21350e0a19b44f3a4,4,6,0.9591548442840576,0.9593924880027771,0.9649056792259216,0.9671206474304199,1.0
9def569929da8d3637d99aefcf73cdbd2127dd65,2,1,0.9764173030853271,0.9764173030853271,0.9764173030853271,0.9764173030853271,1.0
01e67d9072862687262bb0cdbe0ac497295fbedf,3,3,0.9500566720962524,0.9503752589225769,0.9532424211502075,0.9558634757995605,1.0
6d7c333b3c706d78a138ba5684c5511a4cf75076,2,1,0.9880386590957642,0.9880386590957642,0.9880386590957642,0.9880386590957642,1.0
696f81ca95a35f03360e0b00ca117cdd5507afdb,3,3,0.980279803276062,0.9807304739952087,0.9847862720489502,0.9851274490356445,1.0
b8560d8cf4ef2f7f70dfda14e860a59721f48b7f,2,1,0.9650179147720337,0.9650179147720337,0.9650179147720337,0.9650179147720337,1.0
7395bcf29bd68a901825d8b0f1d9bd5ac82b7ed4,2,1,0.9678601026535034,0.9678601026535034,0.9678601026535034,0.9678601026535034,1.0
12e9345dee1f4f9e96c90207f385986eefa40f83,3,3,0.9723049402236938,0.9726421236991882,0.9756766557693481,0.975407600402832,1.0
0877735674d3ecad6c230ea1e3da199fba02034e,2,1,0.996924638748169,0.996924638748169,0.996924638748169,0.996924638748169,1.0
1f3fec72690d4ca75f084554905752ac4499629c,2,1,0.9525258541107178,0.9525258541107178,0.9525258541107178,0.9525258541107178,1.0
278fb4acc24173b734708d36b4acf7ff356410db,2,1,0.9520035982131958,0.9520035982131958,0.9520035982131958,0.9520035982131958,1.0
cd5d80a1b8740d89cc0a409cbfdc4b52bd4000a6,2,1,0.9500902891159058,0.9500902891159058,0.9500902891159058,0.9500902891159058,1.0
27f2cdc4e55263f7e5326d02de1cb21f53749c96,2,1,0.9561134576797485,0.9561134576797485,0.9561134576797485,0.9561134576797485,1.0
1b5c903481a1baff2ea1791c40297e5ff2afcdb0,3,3,0.9603849649429321,0.9610109925270081,0.966645359992981,0.966589629650116,1.0
3130cf54105b45c1f68bf1b928b72e7634722d90,2,1,0.9930593967437744,0.9930593967437744,0.9930593967437744,0.9930593967437744,1.0
92d188ea22d86191edec6b5cce3fbed06b0b8cd4,3,3,0.9547504186630249,0.956358790397644,0.9708344340324402,0.965809166431427,1.0
58527145303f431d15b2c9594f724c74f870716a,3,3,0.9558762311935425,0.9568835496902466,0.9659494161605835,0.9637444615364075,1.0
2e03bbc854a4a9ed2e2bc4a13c49a1abc5f0ae9d,2,1,0.9727587699890137,0.9727587699890137,0.9727587699890137,0.9727587699890137,1.0
79d5eee81f2a5a0fab7c8a97e5cce07d9a11e4b3,4,6,0.9674072265625,0.9681838154792786,0.9827423095703125,0.9821867942810059,1.0
cea7d9836bf9aed5ff10b4087cc2c9b07766b6d3,3,3,0.9550192952156067,0.9552494287490845,0.9573206901550293,0.9566329121589661,1.0
aec3d02e305f96a3e45890201c4d2ba11bea663d,3,3,0.9597989916801453,0.9606987833976746,0.9687967896461487,0.9681786894798279,1.0
a3f2a3aaba0a8fc034e873d61e9530ada0905531,4,6,0.956570565700531,0.9575121998786926,0.9697526097297668,0.9696455001831055,1.0
3fd4e7329ae3a423fd0843686b47bf51708bb699,2,1,0.9803673028945923,0.9803673028945923,0.9803673028945923,0.9803673028945923,1.0
74b662778a325795860508959bdb4e01b576984c,2,1,0.9525858163833618,0.9525858163833618,0.9525858163833618,0.9525858163833618,1.0
fa921137e0baa4af0c2cbddb4e4cba96784ff34b,2,1,0.9512642621994019,0.9512642621994019,0.9512642621994019,0.9512642621994019,1.0
93fb9e2e9b5e38d9136f3a052b70a2bb0f2fa3e6,2,1,0.9655300378799438,0.9655300378799438,0.9655300378799438,0.9655300378799438,1.0
3d345cdd5729169fdba3986316ba3ca84e275b55,2,1,0.9932666420936584,0.9932666420936584,0.9932666420936584,0.9932666420936584,1.0
839878ae149365faa57297eda769e36033a55b73,2,1,0.9711639285087585,0.9711639285087585,0.9711639285087585,0.9711639285087585,1.0
1fc7f0de18bb012f42e7b52d6174f7272587d6cb,2,1,0.9599486589431763,0.9599486589431763,0.9599486589431763,0.9599486589431763,1.0
4b626230ecec1b84d7cfeac1feae6e1f7086936f,3,3,0.9867465496063232,0.9869937896728516,0.9892192482948303,0.9888677597045898,1.0
cd02495284351655e2b6c6cacb2b773768aee1e2,3,3,0.9532231092453003,0.9541406035423279,0.9623982310295105,0.9630507826805115,1.0
a20a948b88609133036549663dea6fbe43983207,2,1,0.9877256155014038,0.9877256155014038,0.9877256155014038,0.9877256155014038,1.0
c8ccaeacc19146373bc03398a7add2b47628392c,2,1,0.9792624711990356,0.9792624711990356,0.9792624711990356,0.9792624711990356,1.0
9e3b9eb68cfb91a8e598e95f6be5b6030e5ca68c,2,1,0.9933513402938843,0.9933513402938843,0.9933513402938843,0.9933513402938843,1.0
f440e910efce0daa3f0f3e65eaea233253b8cc4d,3,3,0.9504395723342896,0.9516818523406982,0.9628626108169556,0.965323269367218,1.0
31c689fdad73bdc4dff8d4c58c513d85295bb197,2,1,0.9589115381240845,0.9589115381240845,0.9589115381240845,0.9589115381240845,1.0
321293d3959f60a5a6b8f26be944880cfb11141a,2,1,0.9744802713394165,0.9744802713394165,0.9744802713394165,0.9744802713394165,1.0
ff700adccb98bb448404540e5d49e9ac927858c6,3,3,0.9793252944946289,0.9796417951583862,0.9824902415275574,0.9860873222351074,1.0
b85e9b7c1ff85c4a2a16a7d9728f5ddf1ff9e768,2,1,0.9827251434326172,0.9827251434326172,0.9827251434326172,0.9827251434326172,1.0
3f317701da29b02a4ff65ef25f04d6676288fea2,2,1,0.9596728086471558,0.9596728086471558,0.9596728086471558,0.9596728086471558,1.0
a3999f7c0c454bb4860cbf2946b6a0065ce8d2ec,5,10,0.9781355857849121,0.979820191860199,0.9886858463287354,0.9888127446174622,1.0
0628b068ef6326abd1f848daed97d66b4c117fdf,3,3,0.9645729064941406,0.9657472968101501,0.9763166904449463,0.9753978848457336,1.0
3d6451fdf13e6d9196648e86c1a82e53f3d75125,2,1,0.9917787313461304,0.9917787313461304,0.9917787313461304,0.9917787313461304,1.0
38e498e9e0cd8fd76e072398b363a8c60697397f,5,10,0.9535233974456787,0.9568195343017578,0.9676938056945801,0.9687728881835938,1.0
6c5204fc7a2c34d5e2471fb1f3e11104b4307a6a,2,1,0.9677152633666992,0.9677152633666992,0.9677152633666992,0.9677152633666992,1.0
8220fe87c58a2f07f70706e73fc257cdd0e9834f,2,1,0.9580793380737305,0.9580793380737305,0.9580793380737305,0.9580793380737305,1.0
42d6599e324ab8a423d0acdb7d02bcc6b6207585,2,1,0.9875151515007019,0.9875151515007019,0.9875151515007019,0.9875151515007019,1.0
682062bd1649ee813e47a7f9b4380e457850d10f,2,1,0.9954060912132263,0.9954060912132263,0.9954060912132263,0.9954060912132263,1.0
5708bb9b8baaa9e197ad7ebf8efc9c9a1e61aa04,2,1,0.990430474281311,0.990430474281311,0.990430474281311,0.990430474281311,1.0
5f1fe5f92ed0d87216764f6d582c15f7d57d523b,2,1,0.9668198823928833,0.9668198823928833,0.9668198823928833,0.9668198823928833,1.0
5f605690a98c1adb14534468f049b17ad84ce02b,2,1,0.9585822224617004,0.9585822224617004,0.9585822224617004,0.9585822224617004,1.0
97aed73dc1ab55776c8ad739fadaf3e6fd68b497,3,3,0.9766170978546143,0.9768133163452148,0.9785792827606201,0.9782266616821289,1.0
e0635d61291e5ddb3ca3199f8f07c38b41aa85d9,2,1,0.9835526943206787,0.9835526943206787,0.9835526943206787,0.9835526943206787,1.0
bc358a8e03975aa7baa6a36964adeecc7813ebd4,3,3,0.978800356388092,0.9789679646492004,0.9804766178131104,0.9824342131614685,1.0
c5bd95477577cfe0627312df453fb5c7aba9630b,3,3,0.9576393365859985,0.9580471515655518,0.9617176651954651,0.9612037539482117,1.0
c4b28805a13229f88f5f7416ee24c5a8ff55f542,2,1,0.9839276075363159,0.9839276075363159,0.9839276075363159,0.9839276075363159,1.0
00641ade6a5749003b53f42adcb8c2604d49970b,3,3,0.9921186566352844,0.9923840165138245,0.9947720766067505,0.9941675066947937,1.0
cfcddbd01e20ad75d490abf1ecbfd61b50aa7d34,3,3,0.9803205132484436,0.9807690978050232,0.9848065376281738,0.9842681884765625,1.0
60562f9396747e376d0cdc4b1894411e65aacfb0,3,3,0.9521251916885376,0.9521769881248474,0.952643096446991,0.9626110196113586,1.0
7af04cc542cfa4aa492099f69fc4f204f146155d,2,1,0.9805143475532532,0.9805143475532532,0.9805143475532532,0.9805143475532532,1.0
5aa2c0b96c37b2f40c927f1b97226ccf7bd4b2e2,2,1,0.9769093990325928,0.9769093990325928,0.9769093990325928,0.9769093990325928,1.0
7f62686490e3cb61bf1d4b7e57ba0a7a4b6b4462,2,1,0.9699954390525818,0.9699954390525818,0.9699954390525818,0.9699954390525818,1.0
a4e55b993c9c23e5bf3cd76b4f76927631f9685f,2,1,0.9819612503051758,0.9819612503051758,0.9819612503051758,0.9819612503051758,1.0
13c0f74848534bb41b5c782f9af8130b8fbabf27,3,3,0.9590885043144226,0.9592409729957581,0.9606131315231323,0.9623783230781555,1.0
8e693b6a72b608ab49c443f57211572798736294,3,3,0.9918849468231201,0.9920183420181274,0.9932190775871277,0.9942424297332764,1.0
cf9b9509b871ef32af7cc84cb4dde715575ef7e3,2,1,0.9883344769477844,0.9883344769477844,0.9883344769477844,0.9883344769477844,1.0
62a81370375877c941ff28431ccb7605a383f5fb,2,1,0.9730441570281982,0.9730441570281982,0.9730441570281982,0.9730441570281982,1.0
8c20beb32ed4c61feb93aa62afa043b30f45cc1e,2,1,0.9582362174987793,0.9582362174987793,0.9582362174987793,0.9582362174987793,1.0
86e5ab5a01b9e57b364ef0605b7b1c0f6c69e182,3,3,0.9759457111358643,0.976021945476532,0.976707935333252,0.9815906882286072,1.0
870972574120c97132a8d6a332c7460b9ebacf23,2,1,0.9595003128051758,0.9595003128051758,0.9595003128051758,0.9595003128051758,1.0
71011df1b398aeb454a1236cb89174b6a5d39b9e,2,1,0.9519255757331848,0.9519255757331848,0.9519255757331848,0.9519255757331848,1.0
9eece0e5b27063ce140125064071f7f5530cbade,2,1,0.9956790804862976,0.9956790804862976,0.9956790804862976,0.9956790804862976,1.0
50389c473d97883c141612ebfd08381141f8d587,2,1,0.970136284828186,0.970136284828186,0.970136284828186,0.970136284828186,1.0
acd94d67d9e7510cf40d90dec32e4fb989ccf7f4,2,1,0.9655539393424988,0.9655539393424988,0.9655539393424988,0.9655539393424988,1.0
7f6134a5d942083572f2f9dd448d0dd97b4a5512,2,1,0.974822998046875,0.974822998046875,0.974822998046875,0.974822998046875,1.0
b203fc40d5fa16efb403e470e3cfb471abedae91,2,1,0.9913684129714966,0.9913684129714966,0.9913684129714966,0.9913684129714966,1.0
42e3c16cdf196ecef5c547f4da346a0cef7569cb,3,3,0.9739594459533691,0.9743533730506897,0.9778984785079956,0.9774870276451111,1.0
5797746403455bb9d5157318021c9622cf6f0482,2,1,0.9552583694458008,0.9552583694458008,0.9552583694458008,0.9552583694458008,1.0
3640d6bb633955bab5b06255c542270827f4c2b3,2,1,0.9832710027694702,0.9832710027694702,0.9832710027694702,0.9832710027694702,1.0
8ed5c39731abe1e8f3d0c09723fefcf54e4c0f2e,2,1,0.9574390649795532,0.9574390649795532,0.9574390649795532,0.9574390649795532,1.0
c0d383282a8909cbb0341a3b9706abfa436ccf4d,2,1,0.9503829479217529,0.9503829479217529,0.9503829479217529,0.9503829479217529,1.0
e700f2467267feceea2d37bc1f5530be0b1b6ede,2,1,0.9613953828811646,0.9613953828811646,0.9613953828811646,0.9613953828811646,1.0
8a7c86c8cd767339551195a8c61b60a3c945d246,2,1,0.9813554286956787,0.9813554286956787,0.9813554286956787,0.9813554286956787,1.0
7812d0b85f757b93c13c1fec017b499f06ed1fa8,2,1,0.9800370931625366,0.9800370931625366,0.9800370931625366,0.9800370931625366,1.0
878ac33b42dd96763581f736c7bc6e7e4e8dc6dc,2,1,0.9528012275695801,0.9528012275695801,0.9528012275695801,0.9528012275695801,1.0
bd731ec7bfd36e2e46ff4386b2137031ac8b8918,2,1,0.9898698329925537,0.9898698329925537,0.9898698329925537,0.9898698329925537,1.0
e9517d2ae0755d70d7227842791ad6be1ea5b193,2,1,0.9530947208404541,0.9530947208404541,0.9530947208404541,0.9530947208404541,1.0
42e0716112b697103d73f03d4fa9d804a902fe49,2,1,0.9819439649581909,0.9819439649581909,0.9819439649581909,0.9819439649581909,1.0
43994c25eec2a6bd4c580ae9b3373f08433cb48d,3,3,0.9590887427330017,0.9592440724372864,0.9606419801712036,0.9719418883323669,1.0
fc6c272dd1d4c9f42b1dfb6f87c066ffe4597be4,2,1,0.9610292911529541,0.9610292911529541,0.9610292911529541,0.9610292911529541,1.0
5279bac767b7f07c1ac6e8040ea6b76177dbcf3a,3,3,0.9683845639228821,0.9688259363174438,0.9727981090545654,0.9769472479820251,1.0
d204e1b242a1ee88df664d78bbf2328920f479d7,2,1,0.9716200232505798,0.9716200232505798,0.9716200232505798,0.9716200232505798,1.0
d488800cf18366b77f0eb0b11a7ac82472287dc6,2,1,0.9702571630477905,0.9702571630477905,0.9702571630477905,0.9702571630477905,1.0
b441ca76584918067410cafaacbdec18cb73bb9f,3,3,0.9719515442848206,0.9725744724273682,0.9781811237335205,0.9778632521629333,1.0
f147fbb0eaa23a2f0cd66b9febd7f319a0f94e02,3,3,0.963240385055542,0.9635749459266663,0.9665860533714294,0.970480740070343,1.0
9b6feac5fa5060541dd0ea2aa72692a62f9ab94d,2,1,0.9653224349021912,0.9653224349021912,0.9653224349021912,0.9653224349021912,1.0
8d6022d29ff57a118bf3263287f7828a7f2707f6,2,1,0.9672028422355652,0.9672028422355652,0.9672028422355652,0.9672028422355652,1.0
5bb7d730b134fd52437162f276d09246f8c1abd5,2,1,0.9565484523773193,0.9565484523773193,0.9565484523773193,0.9565484523773193,1.0
57ffc1bbd126d3ca5646c4a87007f866c1cdaf57,2,1,0.984134316444397,0.984134316444397,0.984134316444397,0.984134316444397,1.0
91878fb20316a70a39e7605896d8d932c91a75a5,2,1,0.981426477432251,0.981426477432251,0.981426477432251,0.981426477432251,1.0
c7349b7d9fbb3a58997dbd62bbac459091f3aec0,3,3,0.9626637697219849,0.9634962677955627,0.9709885120391846,0.9688971042633057,1.0
6422aee6a5a7f98b75c6c535ef85c389ffd68e62,2,1,0.974217414855957,0.974217414855957,0.974217414855957,0.974217414855957,1.0
f0ea98ccea932b7ea33e129878e0051c5abd89ed,2,1,0.9549932479858398,0.9549932479858398,0.9549932479858398,0.9549932479858398,1.0
ddbcfe9030695cecf454e6200dd9ec0084bc6774,3,3,0.95549476146698,0.955525815486908,0.9558053612709045,0.9692335724830627,1.0
c7c54c8feeb420e92229e0cae98e3582187eb7fc,2,1,0.9824138879776001,0.9824138879776001,0.9824138879776001,0.9824138879776001,1.0
902551c32e526c4a1dd763d11c6792554660dc5b,3,3,0.9536823630332947,0.9544733166694641,0.9615918397903442,0.9686066508293152,1.0
f7858812af23b54f470989154b127b66ff05fca0,3,3,0.9640395045280457,0.9646791219711304,0.970435619354248,0.9746749997138977,1.0
15408729d711e0bbe994797590b16effedd2d264,3,3,0.9704173803329468,0.9704864621162415,0.9711081385612488,0.9753881096839905,1.0
35ff2fbd4201c924eaac4aeb2120670569bd3778,3,3,0.9770599603652954,0.9773321747779846,0.9797821044921875,0.9795810580253601,1.0
eae991e4dc8fb9fcf198e269de6c55fd31146f2a,2,1,0.9777077436447144,0.9777077436447144,0.9777077436447144,0.9777077436447144,1.0
a37ad79d4f3802730be043db12ff64a5f8bbe81b,2,1,0.9512315988540649,0.9512315988540649,0.9512315988540649,0.9512315988540649,1.0
7fc102ffe0fcbc5ee38c50d9d2cb2788c649d6e1,4,6,0.9623548984527588,0.9642751216888428,0.9738208055496216,0.9744974970817566,1.0
dacde776186de5e046c0f0fc175a6cff11ba4bc8,3,3,0.9851018190383911,0.9854181408882141,0.9882648587226868,0.9889307022094727,1.0
811cf8cefe11f27f38750b44c899a9b63e58b37b,2,1,0.9828653931617737,0.9828653931617737,0.9828653931617737,0.9828653931617737,1.0
1cb6517e79b5da8aac48f4f04cccaf978829dd10,2,1,0.9944305419921875,0.9944305419921875,0.9944305419921875,0.9944305419921875,1.0
e0a34b057e52c38f61e413a3f97f5dde608ca6f5,2,1,0.9662958383560181,0.9662958383560181,0.9662958383560181,0.9662958383560181,1.0
8ffbf69881d1630ec2c79fa003e0e7c8129d19f5,2,1,0.9733761548995972,0.9733761548995972,0.9733761548995972,0.9733761548995972,1.0
1682b12a526f12eedcc368aa1756ef5b8a6c053e,2,1,0.9623149633407593,0.9623149633407593,0.9623149633407593,0.9623149633407593,1.0
000953a11681f606e20226475358aa5e632bf85c,2,1,0.9929624795913696,0.9929624795913696,0.9929624795913696,0.9929624795913696,1.0
7531f62ab372a24a507224e8441e40ec6e2adbb2,3,3,0.9734861850738525,0.9737889766693115,0.9765141010284424,0.9792900681495667,1.0
6d5afc4f6d45d35ecb63e41e2efd7fb8f40b3edf,2,1,0.9554567933082581,0.9554567933082581,0.9554567933082581,0.9554567933082581,1.0
f920f7991db90ee5110abf38571648b1dfd6c7aa,4,6,0.9652843475341797,0.9662917256355286,0.9719891548156738,0.973003089427948,1.0
5430e2af62527b40d63196a193e152f3d37a24f4,3,3,0.9606696963310242,0.9610179662704468,0.9641522169113159,0.9712433218955994,1.0
1083710fdfd9bc2970b47bfd7a73dec9df3068ba,2,1,0.9533557891845703,0.9533557891845703,0.9533557891845703,0.9533557891845703,1.0
22f6f98ec508749e06c4111e2442d5c6f441ebe2,3,3,0.9691300392150879,0.9696989059448242,0.974819004535675,0.9755417704582214,1.0
9b62ce8732e674fb6619736435284279bf730d31,2,1,0.9714712500572205,0.9714712500572205,0.9714712500572205,0.9714712500572205,1.0
bc47cfca7b41cc4a02ea0a3f19102a9bf7cd8522,2,1,0.9674708843231201,0.9674708843231201,0.9674708843231201,0.9674708843231201,1.0
a78b7ffd7559b385a997a48bb0f93fbfeb31beae,2,1,0.9656111001968384,0.9656111001968384,0.9656111001968384,0.9656111001968384,1.0
e2cf28badd21b278e2cff937db98e7176c045d91,2,1,0.9689019918441772,0.9689019918441772,0.9689019918441772,0.9689019918441772,1.0
6d6a3df1898bc38f3b826e6b5b9d7585dec2359a,4,6,0.9709712266921997,0.9719690084457397,0.9833548069000244,0.9836719632148743,1.0
75129e5e6cf5a582cc349d71e40615fa0bc61e16,2,1,0.9504337310791016,0.9504337310791016,0.9504337310791016,0.9504337310791016,1.0
67edd5b774f4f667a8a5fc75d0699d8391189ba7,3,3,0.965929388999939,0.9664737582206726,0.9713732004165649,0.9766797423362732,1.0
c79d8a4f575950808d03d8080b19aaa777651e17,2,1,0.9621126651763916,0.9621126651763916,0.9621126651763916,0.9621126651763916,1.0
5e19e19cb81693d033e4136b4d3f65296bfcae92,2,1,0.994395911693573,0.994395911693573,0.994395911693573,0.994395911693573,1.0
09800e441790c3359f4867f86daab7599c86793c,3,3,0.9516794085502625,0.9517967104911804,0.9528523087501526,0.9536621570587158,1.0
54d46217a28e04e2b5fc1035c01fb13a778bbf94,2,1,0.9654587507247925,0.9654587507247925,0.9654587507247925,0.9654587507247925,1.0
59549bfc5aab3e1793a9b72903a853e2507f6165,4,6,0.9607715010643005,0.9630415439605713,0.9795355796813965,0.9786494374275208,1.0
589ccb97a223e2a979012afd885de78e82813c84,5,10,0.962446928024292,0.9625585079193115,0.9711986184120178,0.9733840227127075,1.0
8c41a65fd6fb51612123f49609bbeafdb968efeb,4,6,0.9558824300765991,0.9565799832344055,0.9648741483688354,0.9649689197540283,1.0
5501bf79a47cc7a2800caecbcbf34000bee13f32,2,1,0.9777957201004028,0.9777957201004028,0.9777957201004028,0.9777957201004028,1.0
9d73b5aa87aab384be2a795e2ab295d36f7a29c4,2,1,0.9626164436340332,0.9626164436340332,0.9626164436340332,0.9626164436340332,1.0
9d3810aac2737531cc6a0d39ee7cb698fbdf9bd7,3,3,0.9696613550186157,0.9699878096580505,0.9729260802268982,0.9739584922790527,1.0
05d048a7805f29b66c7fc36f50324e1ebda5ad96,2,1,0.987868070602417,0.987868070602417,0.987868070602417,0.987868070602417,1.0
50e172bd08799352a1d6f1c2b85bc485d1a2fba5,2,1,0.9740921854972839,0.9740921854972839,0.9740921854972839,0.9740921854972839,1.0
a015590aec17cdd3a2521822ad6fcedce924a6c1,2,1,0.9654006361961365,0.9654006361961365,0.9654006361961365,0.9654006361961365,1.0
adbcc6f310456997f24b06eb7160388426452473,2,1,0.9629787802696228,0.9629787802696228,0.9629787802696228,0.9629787802696228,1.0
54799298ba2ee9018d1cd9135416075db873911e,2,1,0.9514808654785156,0.9514808654785156,0.9514808654785156,0.9514808654785156,1.0
29bf4c2bee0947a2c9b912404188b004e26527ec,2,1,0.9502264261245728,0.9502264261245728,0.9502264261245728,0.9502264261245728,1.0
f3eabf7754721fc98be5bb748491e5fd02ff6646,3,3,0.953643798828125,0.9539390802383423,0.9565966129302979,0.95755934715271,1.0
597293c5dc735568648020c893f6d10c65994887,4,6,0.9544289112091064,0.9589241743087769,0.9737628698348999,0.9726776480674744,1.0
ce4309e0e988182d539e5371f28421ecb18965d2,2,1,0.9586867094039917,0.9586867094039917,0.9586867094039917,0.9586867094039917,1.0
7234b17024922fe73e0de926398427951111124f,3,3,0.9817156791687012,0.9823134541511536,0.9876936674118042,0.9860984683036804,1.0
4a4b6850dcd66df76300aff5a49eea471adf8c40,2,1,0.9703875184059143,0.9703875184059143,0.9703875184059143,0.9703875184059143,1.0
dab43b08569954eb980ce26d7910c910ff98dba1,2,1,0.9642022252082825,0.9642022252082825,0.9642022252082825,0.9642022252082825,1.0
be007a7086029eb7c9cab504d6199417de6a90d8,2,1,0.9590969681739807,0.9590969681739807,0.9590969681739807,0.9590969681739807,1.0
ad6a3e3b35a999033607a69cb24bf464e16d08c9,2,1,0.9642093777656555,0.9642093777656555,0.9642093777656555,0.9642093777656555,1.0
bebb5fd46a23f5e787f876d8771d0e4e5bfdb5b4,2,1,0.9698784947395325,0.9698784947395325,0.9698784947395325,0.9698784947395325,1.0
cdf7951e3d549446d5ab8284b13d01f82a40c22b,2,1,0.9896755814552307,0.9896755814552307,0.9896755814552307,0.9896755814552307,1.0
1c88b91451ab3bc35394e4602b5686e1e8662324,3,3,0.9644277095794678,0.9646371603012085,0.9665220975875854,0.9716863632202148,1.0
d4450cc90e4ec378701c873e338cee9021cb88e3,5,10,0.9533917903900146,0.9535297155380249,0.9675778746604919,0.9690898060798645,1.0
1978a2977503c6779e426e1112a18f5a9ccc1b6d,2,1,0.9502208828926086,0.9502208828926086,0.9502208828926086,0.9502208828926086,1.0
69832ae26336677da7575b19533b6043f10439b6,2,1,0.956794261932373,0.956794261932373,0.956794261932373,0.956794261932373,1.0
32d8020a4baab5e6faf8ef5180d922adfdd15c7e,2,1,0.9561879634857178,0.9561879634857178,0.9561879634857178,0.9561879634857178,1.0
a966609b771d9d864b20e5391f5d7d7f109cc236,3,3,0.9568891525268555,0.9573875665664673,0.9618730545043945,0.9689504504203796,1.0
4fb37d9b82c8520d2bb83af4c63042e0c9b471eb,2,1,0.961137056350708,0.961137056350708,0.961137056350708,0.961137056350708,1.0
40c0846b738e62d0e43a26d2a2ac35b80783e437,2,1,0.9578354954719543,0.9578354954719543,0.9578354954719543,0.9578354954719543,1.0
9c0ab3ca1dd04283fbe13d3383e0ce45f0011c73,3,3,0.9698135852813721,0.9714714884757996,0.9863924980163574,0.9810581207275391,1.0
47178787951636c8099886e3bcc157cd82debd55,3,3,0.9760767221450806,0.9761690497398376,0.9770002365112305,0.9837062954902649,1.0
570f5d6c4939902e4d715ce5eeda4f8415d152b3,2,1,0.9613170623779297,0.9613170623779297,0.9613170623779297,0.9613170623779297,1.0
db5d60f5414d6a474f74c1214ea5fc55b4bb96c4,2,1,0.9616218209266663,0.9616218209266663,0.9616218209266663,0.9616218209266663,1.0
6e76265aa2220f94f9cb74179cc0ae65773a27d6,4,6,0.9658442735671997,0.9659300446510315,0.9794366955757141,0.9786925315856934,1.0
4f63332f882764cc436acd109a01fd96a24b5800,2,1,0.9748796820640564,0.9748796820640564,0.9748796820640564,0.9748796820640564,1.0
f222c6939d126c06fbf7f0f83c12e013eabef887,3,3,0.969770073890686,0.9698933362960815,0.9710028171539307,0.9759151339530945,1.0
13a959b34f0d5ce3b2868a8bceaf49fec54f907a,2,1,0.9736930131912231,0.9736930131912231,0.9736930131912231,0.9736930131912231,1.0
4ea48b130f2b81725713e67e03849527b9e3a641,3,3,0.977297306060791,0.9776021242141724,0.9803453683853149,0.9811992049217224,1.0
1a97e9320559eef4e9c390998a0c0658395d7109,2,1,0.9910069108009338,0.9910069108009338,0.9910069108009338,0.9910069108009338,1.0
5850a0ecf78ccd12993f0f570d27a2f8e73e40e4,2,1,0.988338828086853,0.988338828086853,0.988338828086853,0.988338828086853,1.0
62e9ad21ae0271be81958111dbc820c23ab6da2c,5,10,0.9774888753890991,0.9777791500091553,0.9835150241851807,0.9835177659988403,1.0
7b7d1c7a369b5bc867d84326c54d6b5c287691a1,4,6,0.9859415292739868,0.9867636561393738,0.990333080291748,0.989903450012207,1.0
4761a22fc9e595c5c932a543d3bbbb12914ab1f5,2,1,0.9851690530776978,0.9851690530776978,0.9851690530776978,0.9851690530776978,1.0
066f8981072561ed3ae319aaf767f03e81bfa142,2,1,0.9733021259307861,0.9733021259307861,0.9733021259307861,0.9733021259307861,1.0
d33a889186aad235cfe4b71eb11459768bc58fc4,2,1,0.9930993914604187,0.9930993914604187,0.9930993914604187,0.9930993914604187,1.0
c88c5a634fb698658e5ddf9cf02bce7a8f23e6e6,2,1,0.9592849016189575,0.9592849016189575,0.9592849016189575,0.9592849016189575,1.0
374354ddd4c110f1c28c7f81880bb095e2f60346,3,3,0.967018723487854,0.9673081040382385,0.9699124097824097,0.9763760566711426,1.0
a22e4c81d82f8978a2452243d302c106c2446eb7,3,3,0.9771332740783691,0.9772781133651733,0.9785813689231873,0.9839783310890198,1.0
e868c7444cef9ee565e80b5587e0e84edad8c18a,3,3,0.9563539624214172,0.9564577341079712,0.9573917388916016,0.9623715877532959,1.0
b8c74acf10d51488465ec5f9acfd6062acc315f4,2,1,0.9557032585144043,0.9557032585144043,0.9557032585144043,0.9557032585144043,1.0
fe948068fa1eeaf5be4d0fd2e09e099a95288315,3,3,0.9699562788009644,0.9704608917236328,0.9750023484230042,0.9758414626121521,1.0
652af4749926cdb086f35301af3e9ff616916183,2,1,0.9582945108413696,0.9582945108413696,0.9582945108413696,0.9582945108413696,1.0
4a8bfd822303656e5635b2d79a149a78e85839b6,2,1,0.9778395295143127,0.9778395295143127,0.9778395295143127,0.9778395295143127,1.0
5f15a9a46b2af60fbab32ac70c48eafb2da2c5b4,2,1,0.966593861579895,0.966593861579895,0.966593861579895,0.966593861579895,1.0
bc43cccdd79de90bf65fff41d3fd617178ba1775,2,1,0.9672445058822632,0.9672445058822632,0.9672445058822632,0.9672445058822632,1.0
4afc7fabce6f82800e1805b09b97444024607b1e,2,1,0.9744135737419128,0.9744135737419128,0.9744135737419128,0.9744135737419128,1.0
32d2aec85bb9cecd2e2f950cae2aa2df6bef2c25,2,1,0.9948567152023315,0.9948567152023315,0.9948567152023315,0.9948567152023315,1.0
9aa750c8b405aab8b0cf035120c9a8f0b3039519,4,6,0.9689188003540039,0.9691646099090576,0.9814117550849915,0.9790588021278381,1.0
4cd6986c1f7d181e9a053c1843c4811dda6537df,2,1,0.9787964224815369,0.9787964224815369,0.9787964224815369,0.9787964224815369,1.0
60e48b71ae4a32d792916ab273a9bf8b111e0be8,2,1,0.9747815132141113,0.9747815132141113,0.9747815132141113,0.9747815132141113,1.0
4739944e0f485a7421234df0067172a2bdc9b883,2,1,0.986431360244751,0.986431360244751,0.986431360244751,0.986431360244751,1.0
c53a05bf611a1e20df07f04fa70ccdffb01f68b8,2,1,0.9709240198135376,0.9709240198135376,0.9709240198135376,0.9709240198135376,1.0
71645d4b5fb74dfa88d3bf5f2bfd7dc6a097ae3b,4,6,0.9547114968299866,0.9560018181800842,0.9719299077987671,0.973534107208252,1.0
d125ad415836171f5f806bb47d98f638bb705b98,3,3,0.9679009914398193,0.968178391456604,0.9706752300262451,0.9784545302391052,1.0
a07333fe55b88ebcc8544e4f7ec9a85edd40aea3,2,1,0.9855888485908508,0.9855888485908508,0.9855888485908508,0.9855888485908508,1.0
501543a80616952dec47fe235719a9dfd996e745,3,3,0.9721646308898926,0.9725286364555359,0.97580486536026,0.9797772765159607,1.0
1fe0d809fa08e3d6ee8dc916633c33a1eafd032d,3,3,0.9705240726470947,0.9711509943008423,0.9767931699752808,0.9802355766296387,1.0
bddbb77eca41fb5c42bc06cdbc787d1922747674,2,1,0.9633719325065613,0.9633719325065613,0.9633719325065613,0.9633719325065613,1.0
f44900edde4f511dd0f0497b84b82d55556d8505,2,1,0.9700668454170227,0.9700668454170227,0.9700668454170227,0.9700668454170227,1.0
9207370a980d23cd1e54a80d69f252585a394e7b,2,1,0.9567530155181885,0.9567530155181885,0.9567530155181885,0.9567530155181885,1.0
52ed197d7e90cb68f400345ed8bf112faac9d4f8,2,1,0.9690675735473633,0.9690675735473633,0.9690675735473633,0.9690675735473633,1.0
46eee8b59cbd076fa07530dae993591b3bfc26fc,2,1,0.973212480545044,0.973212480545044,0.973212480545044,0.973212480545044,1.0
b9ba0f8a14c18b7de8fa8c5589fe33849f758674,5,10,0.9622474312782288,0.9669602513313293,0.982873260974884,0.9815590977668762,1.0
7de60b862075e90a8a36ea168c77603dc8f5397e,2,1,0.9672852754592896,0.9672852754592896,0.9672852754592896,0.9672852754592896,1.0
0f59b3a516abbfeeef409e4b8153c0b4a98bd66b,2,1,0.970034122467041,0.970034122467041,0.970034122467041,0.970034122467041,1.0
d6749c6c95c940aa3bc6eb6174c1b97a7192b72d,2,1,0.9502819180488586,0.9502819180488586,0.9502819180488586,0.9502819180488586,1.0
4f38ad4d63a7d0348c148662744d2ed2420d1021,2,1,0.979365885257721,0.979365885257721,0.979365885257721,0.979365885257721,1.0
2c508ef396f45fe4a43de69d1ad0121dc629a9fb,2,1,0.9689726829528809,0.9689726829528809,0.9689726829528809,0.9689726829528809,1.0
99b9dbf22d7849908fdd394a25190c7bf652992e,2,1,0.969548761844635,0.969548761844635,0.969548761844635,0.969548761844635,1.0
e944fa013112cbc61bcf7e4a58f0c25a525001de,2,1,0.9656009674072266,0.9656009674072266,0.9656009674072266,0.9656009674072266,1.0
65a3d2db8bc3a33d0bba06067605516e5ddaba23,2,1,0.9832454323768616,0.9832454323768616,0.9832454323768616,0.9832454323768616,1.0
ec266a1d97e37079d50d528bb5ab75ce66563f5a,3,3,0.963646650314331,0.964324951171875,0.9704298377037048,0.9685825705528259,1.0
6f5b3152165239ae207bbd6a01a34c51b611b621,2,1,0.9904369711875916,0.9904369711875916,0.9904369711875916,0.9904369711875916,1.0
3d4fd510ed44a1bf34b833372d0bdd6876f4557e,5,10,0.9607350826263428,0.9619255661964417,0.970811128616333,0.9724353551864624,1.0
a3076563681917456ae2526204df8b5bc976b079,2,1,0.978980541229248,0.978980541229248,0.978980541229248,0.978980541229248,1.0
75792f4840028a236a794466db20fd3b12db79e7,2,1,0.9743813276290894,0.9743813276290894,0.9743813276290894,0.9743813276290894,1.0
2bc1a515785a0c8c27528edadc6abfd8311571f7,2,1,0.9504408836364746,0.9504408836364746,0.9504408836364746,0.9504408836364746,1.0
fbc0d252c6c869f6b6f2c7c37baf2aae367dfa24,2,1,0.9924029111862183,0.9924029111862183,0.9924029111862183,0.9924029111862183,1.0
dda1a5b059a5bf17b6a6407debd49ca36887a478,2,1,0.9645899534225464,0.9645899534225464,0.9645899534225464,0.9645899534225464,1.0
0baec98bf5893c1c1025c83f97af00b57e4b46c9,2,1,0.9983797073364258,0.9983797073364258,0.9983797073364258,0.9983797073364258,1.0
584e5ba87c9f6f3828ee0341a8109ec4e0bbde76,2,1,0.9705967903137207,0.9705967903137207,0.9705967903137207,0.9705967903137207,1.0
35a6d1a16d7356801d5ef975e5eb5a262ac91042,2,1,0.9678144454956055,0.9678144454956055,0.9678144454956055,0.9678144454956055,1.0
838fa8c6545414dd2d1d47b66faa061929c2a6a0,2,1,0.9791358709335327,0.9791358709335327,0.9791358709335327,0.9791358709335327,1.0
2c58412b8d0724c0b7ea9f45499656f7c200074e,2,1,0.9733700156211853,0.9733700156211853,0.9733700156211853,0.9733700156211853,1.0
1572868ddf1bc57b558fb71f8f22b7f437740c61,2,1,0.9790422320365906,0.9790422320365906,0.9790422320365906,0.9790422320365906,1.0
29abcb71e3fc1f90c1d8bf024fd9dbb4b3a55ddf,2,1,0.967035174369812,0.967035174369812,0.967035174369812,0.967035174369812,1.0
66e8628cda7ff7275c51b8bd77efd542920e8e1b,3,3,0.9935438632965088,0.9935954809188843,0.9940601587295532,0.9950522780418396,1.0
27eac29b9361ef6f7d04375e6566c3c6b33d583c,2,1,0.9745644330978394,0.9745644330978394,0.9745644330978394,0.9745644330978394,1.0
82cb4d6a088102168153953b532ad128533525b4,3,3,0.9882519245147705,0.98839271068573,0.9896600246429443,0.9904802441596985,1.0
e47d277b200d6397e2dcedd31ea246087fd239ab,3,3,0.9523215293884277,0.9525587558746338,0.9546940326690674,0.9599463939666748,1.0
24b85b8fe260821f68ab7dd279032d1e7952253f,2,1,0.9679751396179199,0.9679751396179199,0.9679751396179199,0.9679751396179199,1.0
b794be38099e9301303202f0906ae2982cb78161,2,1,0.9700039029121399,0.9700039029121399,0.9700039029121399,0.9700039029121399,1.0
27d62630031f596dcf18beca036203eb53fae364,4,6,0.9655410051345825,0.965839684009552,0.9826785326004028,0.9785045981407166,1.0
6a2009ffa713c8509b52e98cb186ddeb3432a2ea,2,1,0.9710661172866821,0.9710661172866821,0.9710661172866821,0.9710661172866821,1.0
f685d7597ac9626e0d8289583d3179ae89865670,3,3,0.9646283984184265,0.9652278423309326,0.9706225395202637,0.9734489321708679,1.0
d77058cdc4bf0af05495f5169d019b4665b2e16b,3,3,0.9684468507766724,0.9688036441802979,0.9720150232315063,0.9751841425895691,1.0
8c8c9d319dd0adef78d9dd3ba364359c8d6eef13,2,1,0.9654775261878967,0.9654775261878967,0.9654775261878967,0.9654775261878967,1.0
08ec5ff6db93dd9308557ff7c4fb87f5f6691100,2,1,0.9666786193847656,0.9666786193847656,0.9666786193847656,0.9666786193847656,1.0
bc07c8ac2c8e185e8d3729ca255fbed1111ab7b5,3,3,0.966755747795105,0.9667974710464478,0.9671728610992432,0.9723648428916931,1.0
5e34a5deacd0f765957caedb7b2c3cc04726ed7a,2,1,0.9778388738632202,0.9778388738632202,0.9778388738632202,0.9778388738632202,1.0
278607a63c5d8a73edd38540945ccef9b97fe55f,2,1,0.9533234238624573,0.9533234238624573,0.9533234238624573,0.9533234238624573,1.0
a2aa54f9979dd1e54a5e73e2d6dd6bd7d1e1841d,2,1,0.9530757665634155,0.9530757665634155,0.9530757665634155,0.9530757665634155,1.0
ac91497837e4f505cf2685fc5955f5b76d8c9747,2,1,0.9530377388000488,0.9530377388000488,0.9530377388000488,0.9530377388000488,1.0
dbb20348c35dfdefb9568eb0421a934f977bfe99,2,1,0.9595574736595154,0.9595574736595154,0.9595574736595154,0.9595574736595154,1.0
4cfedd184c98920df782c9066a0ca9963872000a,2,1,0.9647433161735535,0.9647433161735535,0.9647433161735535,0.9647433161735535,1.0
cf3d2063906bf5b2b279906dca133a7576e79073,2,1,0.981253981590271,0.981253981590271,0.981253981590271,0.981253981590271,1.0
196e6540859712cd7ee9c9d24c876d79ce750ece,2,1,0.9561613202095032,0.9561613202095032,0.9561613202095032,0.9561613202095032,1.0
1ee5613225dfd650aa0aaa553e77d27f88db2440,2,1,0.9629584550857544,0.9629584550857544,0.9629584550857544,0.9629584550857544,1.0
25f7d4431fb7f019c67c8434d76c8f6c822d5902,2,1,0.967496395111084,0.967496395111084,0.967496395111084,0.967496395111084,1.0
46aeb45ce6ba76bc504e21d33a403bd42222aeb0,2,1,0.9630769491195679,0.9630769491195679,0.9630769491195679,0.9630769491195679,1.0
d40a763808147062ffb09901f77064c427fd014e,2,1,0.9578571915626526,0.9578571915626526,0.9578571915626526,0.9578571915626526,1.0
ad658db30301d687276e23435e9b0781fcae509f,5,10,0.9532642960548401,0.9589081406593323,0.9739398956298828,0.9733750224113464,1.0
ee827f06e467c1bd18b9a97178a04f3d3f85ef10,2,1,0.9814759492874146,0.9814759492874146,0.9814759492874146,0.9814759492874146,1.0
80ce648304d9531523fa28dfd427f1724ab46a90,3,3,0.9603572487831116,0.9604358077049255,0.9611425995826721,0.9652299880981445,1.0
0ff30e70a408c107ca50524f9a6e149fde049d05,4,6,0.9654377698898315,0.9669879674911499,0.973066508769989,0.9750950932502747,1.0
9de2dab00de541444cf762dc8b061ad54ebbfb1d,3,3,0.9611939191818237,0.9618287682533264,0.9675426483154297,0.970456600189209,1.0
7cd15e4bd3d10d64e71198251b7574ed43fb8bd5,3,3,0.9738073348999023,0.9739197492599487,0.9749314188957214,0.976226270198822,1.0
1dd6d9ae42b6cd15cc2ac121d062a0ee616358f4,3,3,0.960745632648468,0.9609953165054321,0.9632424116134644,0.9628536105155945,1.0
ae711250d19bfc132ed746e028713b5b1ed4e609,3,3,0.9572364091873169,0.9584451913833618,0.969323992729187,0.9732437133789062,1.0
ae96f77f6903f38c92a61c93cce903fe44f1901e,2,1,0.9733165502548218,0.9733165502548218,0.9733165502548218,0.9733165502548218,1.0
318f55549e97e3b09f4008cc1097a2d4ddbe8450,4,6,0.9546350240707397,0.9558210372924805,0.9681441783905029,0.9670246243476868,1.0
d5d3358d0266759829281491075a4b5110b2bd1b,2,1,0.9638650417327881,0.9638650417327881,0.9638650417327881,0.9638650417327881,1.0
996ea21e9559be6dbdb43f44c137edfbbd46cf85,2,1,0.9527239799499512,0.9527239799499512,0.9527239799499512,0.9527239799499512,1.0
729ae80190156e4e797316804efbe5a35ab0fb3f,2,1,0.9672999978065491,0.9672999978065491,0.9672999978065491,0.9672999978065491,1.0
5702ce5c4624d2e059e583f7a8a7796d05a2a3c3,3,3,0.9635094404220581,0.9638345241546631,0.9667604565620422,0.9660992622375488,1.0
1ac9b7c2aaa2893061cfeca31a7bd6034f6221ef,2,1,0.9688126444816589,0.9688126444816589,0.9688126444816589,0.9688126444816589,1.0
c10f904c38849bf46f63f320d6edbf7031204eef,3,3,0.9647594690322876,0.9655836820602417,0.9730014204978943,0.9745314121246338,1.0
4c6a57c8b2a27be417734594a72596c5bba9bb50,3,3,0.9614447951316833,0.9624687433242798,0.9716843366622925,0.9704475402832031,1.0
21cf68ecdc793691a55e96b62796fff941474fed,2,1,0.9675446152687073,0.9675446152687073,0.9675446152687073,0.9675446152687073,1.0
5685fff5e4de19a2f4e8cfb2d352f7f1fc90036a,2,1,0.9687491655349731,0.9687491655349731,0.9687491655349731,0.9687491655349731,1.0
8476a1f4ba4849cb4c2115f9800583c6b4217a86,3,3,0.9585904479026794,0.9605506062507629,0.9781920909881592,0.9717928767204285,1.0
dcd0f4ba0b65d8cf67357b627d6930e4d27ec44a,2,1,0.9717241525650024,0.9717241525650024,0.9717241525650024,0.9717241525650024,1.0
8bdbfcb1607905e57389068701a8965d295f5464,3,3,0.977450430393219,0.9775955677032471,0.9789018630981445,0.9806280732154846,1.0
94314e13d7a0f1107c0b778f2286c70e538edc32,2,1,0.9650745987892151,0.9650745987892151,0.9650745987892151,0.9650745987892151,1.0
f7d322ef3b588f043f2fb2cd9171701caad3922a,2,1,0.9955430030822754,0.9955430030822754,0.9955430030822754,0.9955430030822754,1.0
934a5352ca4d605fc73fc55c18f79dda2fbd8313,2,1,0.9674911499023438,0.9674911499023438,0.9674911499023438,0.9674911499023438,1.0
498106e07ae83f96ae48baadf16918d22ffc8c64,2,1,0.9726797342300415,0.9726797342300415,0.9726797342300415,0.9726797342300415,1.0
c57011d01a8dc0db934d67d6dbad959a06d37a03,2,1,0.9687904715538025,0.9687904715538025,0.9687904715538025,0.9687904715538025,1.0
728c5812409177f8856f4ac1839592b342d26043,2,1,0.9505422115325928,0.9505422115325928,0.9505422115325928,0.9505422115325928,1.0
18edc567799652284a3628516658dea7f05a57eb,2,1,0.9650808572769165,0.9650808572769165,0.9650808572769165,0.9650808572769165,1.0
2a7ba98c9dee5cd4e99a1f3efd4b15f8fb1a18fd,3,3,0.9609820246696472,0.9622085690498352,0.9732472896575928,0.9715414047241211,1.0
1a9f7d2d3ef380d5676fd5afee1f392d4ccd9b7d,4,6,0.9543493986129761,0.9558296799659729,0.9716473817825317,0.9714896082878113,1.0
d3024030e4f07bf81a4249a1a480f5fa6e928646,2,1,0.9790937900543213,0.9790937900543213,0.9790937900543213,0.9790937900543213,1.0
ffe5fcd83a853617aeca5d9d0952f87e9154f612,3,3,0.954871654510498,0.9565115571022034,0.9712705612182617,0.9683493971824646,1.0
a361a35b9d0e2896113c5477d8b0cdf0fa7e1021,2,1,0.9773308038711548,0.9773308038711548,0.9773308038711548,0.9773308038711548,1.0
1ce88430f8a5176e666f5d9b0bbdf50c88c72f72,3,3,0.9653076529502869,0.9658576846122742,0.970808207988739,0.9705678820610046,1.0
570c050772948299c6b6e3c2073783cbc99f42b7,3,3,0.9512970447540283,0.9513986706733704,0.9523130655288696,0.9636524319648743,1.0
adc8e794c661caaf2a8ea1c22c4badc08b6f5df0,2,1,0.9609191417694092,0.9609191417694092,0.9609191417694092,0.9609191417694092,1.0
9c89085d6a94c6a6a54f87b20ba0ac4759e9dc6b,4,6,0.9573472142219543,0.9620476961135864,0.9768452048301697,0.9766616821289062,1.0
f03d821ebbeeb78ab40a5354f430d8bcd6912726,2,1,0.9891750812530518,0.9891750812530518,0.9891750812530518,0.9891750812530518,1.0
a3815de0d163ae5ccddb2d79e6e31c48f3f12247,2,1,0.96763014793396,0.96763014793396,0.96763014793396,0.96763014793396,1.0
6f053ca1ae4adb22bd39391701b7e94b0d9d1f36,2,1,0.9713711738586426,0.9713711738586426,0.9713711738586426,0.9713711738586426,1.0
790f205f744603ec337fa52ef5743218aff03417,2,1,0.9538863897323608,0.9538863897323608,0.9538863897323608,0.9538863897323608,1.0
017ffc38d6a38540660642de0b983f4101968926,2,1,0.9815983176231384,0.9815983176231384,0.9815983176231384,0.9815983176231384,1.0
ff46442b118f6da006a8a2919f10f513479907c8,2,1,0.9575008153915405,0.9575008153915405,0.9575008153915405,0.9575008153915405,1.0
7254acb019045ffd02bb8d3cef855852fece12ec,3,3,0.9637945294380188,0.9647456407546997,0.9733054637908936,0.9707128405570984,1.0
848b9d7308281603727234696218a16f291d01dd,2,1,0.9813927412033081,0.9813927412033081,0.9813927412033081,0.9813927412033081,1.0
0b5dc8910f7373ca7ef41c2703f7c0c70836546b,2,1,0.9880000352859497,0.9880000352859497,0.9880000352859497,0.9880000352859497,1.0
112b18318e37a4c796e25dad961eaefd19c5e5d6,2,1,0.9568169116973877,0.9568169116973877,0.9568169116973877,0.9568169116973877,1.0
983083d97338336aec870f1d8ad7e839d371d07b,3,3,0.9731411337852478,0.9734166860580444,0.9758966565132141,0.9814682602882385,1.0
76811a1c1fba8137210735dafaa88ad06699d6b0,4,6,0.9546250104904175,0.9560188055038452,0.9717038869857788,0.9721073508262634,1.0
6db8786da281746d066b2d0fea2bdd1ceddc5e4d,2,1,0.9652122259140015,0.9652122259140015,0.9652122259140015,0.9652122259140015,1.0
2c1bdf9867e9e4e38c3a22da3fd4149fd8e9a524,2,1,0.9647165536880493,0.9647165536880493,0.9647165536880493,0.9647165536880493,1.0
6fea00719262db57b8aebb31f1303c7eef7f4725,3,3,0.9534931182861328,0.9536060690879822,0.9546226263046265,0.956415593624115,1.0
a905127093e692f8b6c6f1f92e9608dd0b5cd776,3,3,0.9756677150726318,0.975774884223938,0.9767396450042725,0.9824399948120117,1.0
f7083d3cbfc35d62ca3e6fefff9afb73451306fb,2,1,0.9957624077796936,0.9957624077796936,0.9957624077796936,0.9957624077796936,1.0
4e0b0652791186e18a6775b8467a2157cf7be580,3,3,0.9573575258255005,0.9575278759002686,0.9590609073638916,0.966870129108429,1.0
15472de11c128b95ab5517009ce6aac94d33e3d5,2,1,0.971746027469635,0.971746027469635,0.971746027469635,0.971746027469635,1.0
629b005f09f64ede084f2b1d6351fb952fea883e,4,6,0.9888916611671448,0.9889029264450073,0.9913731813430786,0.9912503361701965,1.0
be6221c543cc9ee27a28a809e5d9b3b268dbba6d,3,3,0.9638211131095886,0.964318037033081,0.9687901735305786,0.9705106616020203,1.0
37052b52bda8c29f67e8379b35610f002aa08dce,2,1,0.9729963541030884,0.9729963541030884,0.9729963541030884,0.9729963541030884,1.0
f4de4bc12ae2ca1928bd513f6f62b05d3abb38e8,2,1,0.968199610710144,0.968199610710144,0.968199610710144,0.968199610710144,1.0
eb68cdb1fcde246cc09eebf20a30dd92a03455c6,3,3,0.9700503349304199,0.9702085256576538,0.9716324806213379,0.9747369289398193,1.0
c9e72eff83ac39b584b63ab39d483e2632ae9ce8,2,1,0.9534785151481628,0.9534785151481628,0.9534785151481628,0.9534785151481628,1.0
ae2c9fa6518ceaf15f865db9b7f0adba60db6653,2,1,0.950982928276062,0.950982928276062,0.950982928276062,0.950982928276062,1.0
db0c0c60025a3358fc847fd012578905f0c7a93b,2,1,0.9657629728317261,0.9657629728317261,0.9657629728317261,0.9657629728317261,1.0
e315a9bf3d0f49ddbd84d29bbd3a65827a76ccf6,2,1,0.9636006951332092,0.9636006951332092,0.9636006951332092,0.9636006951332092,1.0
d0957f197250b3744fec40a968cca198a97a36ce,2,1,0.9776096343994141,0.9776096343994141,0.9776096343994141,0.9776096343994141,1.0
0e2d9509406ce8abd780fff702dc12ae80025590,2,1,0.9676551818847656,0.9676551818847656,0.9676551818847656,0.9676551818847656,1.0
af734dfb6617aeb15e41f08cb4a0980f6d333623,2,1,0.9729907512664795,0.9729907512664795,0.9729907512664795,0.9729907512664795,1.0
77ff381bd778f8265a93bbdd22f4ef3b5f07651b,2,1,0.9578694105148315,0.9578694105148315,0.9578694105148315,0.9578694105148315,1.0
1cfc3a49a9450f09cee68e1c9b8a783fe7d160fa,3,3,0.9656542539596558,0.966019868850708,0.9693104028701782,0.9699910283088684,1.0
663991b33b1434eeb77353f2ebe4cf7193d2ace0,2,1,0.967553973197937,0.967553973197937,0.967553973197937,0.967553973197937,1.0
2d4f522ca3af3a8fabf24849c5d68caa81d102f0,2,1,0.9732814431190491,0.9732814431190491,0.9732814431190491,0.9732814431190491,1.0
4298bb4815795b9f7915af42a436ca388ce81120,2,1,0.9578308463096619,0.9578308463096619,0.9578308463096619,0.9578308463096619,1.0
cab4eac82791948bdb69ce5e309382079e525e9a,4,6,0.9579963684082031,0.9580810070037842,0.9642155170440674,0.9667806029319763,1.0
834fad763ee686130813345662788fc39fd15bdf,2,1,0.9685029983520508,0.9685029983520508,0.9685029983520508,0.9685029983520508,1.0
cc8be993a55f1d6d3dc8af27040e3978a997e434,2,1,0.958280086517334,0.958280086517334,0.958280086517334,0.958280086517334,1.0
0ec24ecd96cea8cc04c5bee777be4bcd31d56b05,2,1,0.9736167788505554,0.9736167788505554,0.9736167788505554,0.9736167788505554,1.0
f50290e4bafd2dcfc19fe6e268cba2abc814f266,3,3,0.9825053215026855,0.9829782843589783,0.9872351288795471,0.9876139163970947,1.0
fb725dd9d8bebab46e9003bf95e25f4fae546c0b,3,3,0.9620358943939209,0.9624217748641968,0.965894877910614,0.9688830971717834,1.0
75d97d52024ecca197bbdc84afddd9d39ab9670a,3,3,0.9606247544288635,0.9610180258750916,0.9645576477050781,0.9639583230018616,1.0
7f6038edcf6910da1c56a3e123d474acbe92a978,2,1,0.9661026000976562,0.9661026000976562,0.9661026000976562,0.9661026000976562,1.0
e3349cc709e173ae39969f9a2649623bd25348a7,2,1,0.9759734869003296,0.9759734869003296,0.9759734869003296,0.9759734869003296,1.0
f9118cd41fea70891f4cdec05ceabce17cd84a79,2,1,0.9655681848526001,0.9655681848526001,0.9655681848526001,0.9655681848526001,1.0
33a893b219adc5204229ae8be30e8f2aabeb9ecb,2,1,0.951366126537323,0.951366126537323,0.951366126537323,0.951366126537323,1.0
1983e8e62a2f7659ff9da0efa4ce43f048c946a8,4,6,0.9646034240722656,0.9667866230010986,0.9794899225234985,0.978649914264679,1.0
983d2fb05658f4357b32e74dffcee0604bcde876,2,1,0.9740723371505737,0.9740723371505737,0.9740723371505737,0.9740723371505737,1.0
7688967a5f03d7cabe9829351ad126fae5286f09,2,1,0.9520770907402039,0.9520770907402039,0.9520770907402039,0.9520770907402039,1.0
2d903cd71b5cc1b1cc392921c5537b88c97b6295,2,1,0.9613077640533447,0.9613077640533447,0.9613077640533447,0.9613077640533447,1.0
fe16542c7c2dd7a0b69c5c62f2994b45dac58927,2,1,0.9626208543777466,0.9626208543777466,0.9626208543777466,0.9626208543777466,1.0
ee6900d903e1ffac2fc7c9e3eb4ff6ef0285db01,2,1,0.9626340866088867,0.9626340866088867,0.9626340866088867,0.9626340866088867,1.0
273a1d2dedd150592386d2a2ce6b734f004f6d3b,3,3,0.9750245213508606,0.9754602313041687,0.9793815612792969,0.9821949601173401,1.0
5bf34c74498b04a858ce1df352be382ddaa6a8d5,2,1,0.9696618318557739,0.9696618318557739,0.9696618318557739,0.9696618318557739,1.0
850747586e73606eed0d44408b48dab21815af3b,3,3,0.9546184539794922,0.9552211165428162,0.960645318031311,0.9676740765571594,1.0
d57a030ad1b04ee4afb75f9234bf1a67c1710d86,3,3,0.9520396590232849,0.9533316493034363,0.9649593830108643,0.9627354145050049,1.0
82ee207d0c4e3e13912a953c94d8a67fe93835dd,3,3,0.9591866731643677,0.9594873785972595,0.9621939063072205,0.9685683250427246,1.0
060207f184da5fa8eabadd3578b22cff52dff182,2,1,0.967597246170044,0.967597246170044,0.967597246170044,0.967597246170044,1.0
97aaa8365398e2c5905034775a72e4743298d98d,2,1,0.9762508869171143,0.9762508869171143,0.9762508869171143,0.9762508869171143,1.0
65251da2cb2700ef137ee48df6084b75ee738a55,3,3,0.9931087493896484,0.9931628704071045,0.9936498403549194,0.994236946105957,1.0
8feecfedf34776fb67474627967d38b6cc7897fe,2,1,0.962437093257904,0.962437093257904,0.962437093257904,0.962437093257904,1.0
b2c4a7dc7f9e7c1ee6ca8c19d20898b1f382bfc6,3,3,0.9629259705543518,0.9641402959823608,0.975069522857666,0.9720837473869324,1.0
d265f41b60fc1353e43897d25463bc8893dfef43,2,1,0.9657206535339355,0.9657206535339355,0.9657206535339355,0.9657206535339355,1.0
3f3bc259c43698cac3377a5bf7b54afdeb11ea85,2,1,0.9759110808372498,0.9759110808372498,0.9759110808372498,0.9759110808372498,1.0
f559141b51c99e35d07e9316f028ce04beb79da3,2,1,0.99521803855896,0.99521803855896,0.99521803855896,0.99521803855896,1.0
39f00c370ff263c6a36157af4e196b8f16f3bd0a,2,1,0.9853380918502808,0.9853380918502808,0.9853380918502808,0.9853380918502808,1.0
fb753e4433ea4727f590ecf161c8bbc133d41cd0,3,3,0.9538254737854004,0.9552047848701477,0.9676185846328735,0.9675698280334473,1.0
4b3a458f530e0ed45860837c011f29e863028b19,3,3,0.9701954126358032,0.970671534538269,0.9749564528465271,0.9740275740623474,1.0
a1d63a31db45d5bfafaafa32c43f5c41fb9ceb33,2,1,0.9778439998626709,0.9778439998626709,0.9778439998626709,0.9778439998626709,1.0
a7bced692a7b6182977819f649983194c830b24c,2,1,0.9687144756317139,0.9687144756317139,0.9687144756317139,0.9687144756317139,1.0
9037c781aa3436971325caf898a4a604390ca036,2,1,0.9692160487174988,0.9692160487174988,0.9692160487174988,0.9692160487174988,1.0
acb15dc3dc8e711b7f9551e83d8288aea9ff4ce7,2,1,0.9502983093261719,0.9502983093261719,0.9502983093261719,0.9502983093261719,1.0
d7dec04082f25d537204dc91e3227407511f43df,2,1,0.9554092288017273,0.9554092288017273,0.9554092288017273,0.9554092288017273,1.0
15c7127dacae593aac9be1c38eb433a05072fc6a,2,1,0.9650306701660156,0.9650306701660156,0.9650306701660156,0.9650306701660156,1.0
bbb2a94f33911ca6af78823e76b90a374281b2da,2,1,0.9828101396560669,0.9828101396560669,0.9828101396560669,0.9828101396560669,1.0
18ae39a02091519a0e44b97ec0632d3f36ba1bdb,3,3,0.9504074454307556,0.9509958028793335,0.9562912583351135,0.9559101462364197,1.0
5bd56203b9fe41222ae44da0bfad56a989ab9c29,2,1,0.9721373915672302,0.9721373915672302,0.9721373915672302,0.9721373915672302,1.0
963c001af622c214c2cfd8bec1c83b257dbdff1f,2,1,0.9879379272460938,0.9879379272460938,0.9879379272460938,0.9879379272460938,1.0
4e6053c56945a5a6f025258ca4f7a1d290ddffa3,4,6,0.9790198802947998,0.980122447013855,0.9897274971008301,0.988486111164093,1.0
46685c2b6c2f986c67acfb884504f55801f1036e,2,1,0.9536870718002319,0.9536870718002319,0.9536870718002319,0.9536870718002319,1.0
86f971b4deb0e870f34cbf1f5e5d355ce79b0d1c,2,1,0.953683614730835,0.953683614730835,0.953683614730835,0.953683614730835,1.0
408c6c3782c9fc9465b2aa1828be96c0fd0c2c0c,2,1,0.9575494527816772,0.9575494527816772,0.9575494527816772,0.9575494527816772,1.0
53de4fb8a4d478a1e9d39fddbed987e1c01ab438,2,1,0.9677695035934448,0.9677695035934448,0.9677695035934448,0.9677695035934448,1.0
ce4a29133e52da2ba1546d116f50154471a5c8bc,5,10,0.9537712335586548,0.9550891518592834,0.9719198942184448,0.9685262441635132,1.0
0a5de8faff56cafb597e10c05aea80171ad35f17,2,1,0.9517296552658081,0.9517296552658081,0.9517296552658081,0.9517296552658081,1.0
a50d7ba6e587d96e9adb9babe43b82c8d5716f41,2,1,0.9601045846939087,0.9601045846939087,0.9601045846939087,0.9601045846939087,1.0
30065919eebe80fb5dee4d8413e14343c776c491,4,6,0.9528231620788574,0.9587633013725281,0.9796146154403687,0.9776105284690857,1.0
015488d4f80e6a417ac50656565a2d2edea2dcca,4,6,0.9678604602813721,0.9679536819458008,0.9771733283996582,0.978290855884552,1.0
f8b54de1fa354cb630c3fb1214bea0a6eec968fa,2,1,0.9767104387283325,0.9767104387283325,0.9767104387283325,0.9767104387283325,1.0
4bf2dfa171e2072cdb5c8b17298284b41089454a,2,1,0.9608362913131714,0.9608362913131714,0.9608362913131714,0.9608362913131714,1.0
f171978eae81deb6858c37ca1c1080aff6d1246b,2,1,0.9887460470199585,0.9887460470199585,0.9887460470199585,0.9887460470199585,1.0
3b90f816bafe9e328178ed61d6ba725c35f29635,3,3,0.9655898809432983,0.9668582081794739,0.9782731533050537,0.9757930636405945,1.0
b80f8001c099e490c9a1f91eae5f0c09f042edd4,3,3,0.9543155431747437,0.9559831023216248,0.9709910154342651,0.9663281440734863,1.0
8bec00edc26dfa9009be73fbb61bedd85cdf2b0f,2,1,0.9616023302078247,0.9616023302078247,0.9616023302078247,0.9616023302078247,1.0
fa49c290d5acc06823b6b5b996c829494884eeed,2,1,0.9629561901092529,0.9629561901092529,0.9629561901092529,0.9629561901092529,1.0
e881220877bb165831aa8780c674cf3ecb9bebed,2,1,0.9657943248748779,0.9657943248748779,0.9657943248748779,0.9657943248748779,1.0
38dd4c088c8912288b335ea8520e20cbac1e861f,2,1,0.9577658176422119,0.9577658176422119,0.9577658176422119,0.9577658176422119,1.0
980f55f9ea7ea1ba309717ff70018cc17310d7b1,2,1,0.967357337474823,0.967357337474823,0.967357337474823,0.967357337474823,1.0
12dade2357f08be093719cf46f98d3b0e2760089,2,1,0.9676599502563477,0.9676599502563477,0.9676599502563477,0.9676599502563477,1.0
504f24a1af3190b6ebf01e10d27051227d41be73,3,3,0.9817600250244141,0.981813371181488,0.9822936058044434,0.9856918454170227,1.0
7e724542b7d03e979d7d1ecc15a8d41d8711bb48,2,1,0.99173903465271,0.99173903465271,0.99173903465271,0.99173903465271,1.0
6ad0b6f1a5ecd302a928829547eaa2a8f9693021,2,1,0.9849228858947754,0.9849228858947754,0.9849228858947754,0.9849228858947754,1.0
47152f130364d60e988032d3c930d0acca1e8768,3,3,0.9797007441520691,0.979945957660675,0.982153058052063,0.9819849133491516,1.0
e4246fa467cb22dbe354e4d803d345df3c9e29d5,2,1,0.9615893959999084,0.9615893959999084,0.9615893959999084,0.9615893959999084,1.0
d7269cd4c9bdfe9f7737b129c3637f9dec67afd6,2,1,0.9534298181533813,0.9534298181533813,0.9534298181533813,0.9534298181533813,1.0
f9ec7242cf6203d47a03d4e5f95276cd240d680b,2,1,0.9835208654403687,0.9835208654403687,0.9835208654403687,0.9835208654403687,1.0
302d31c1d333b0147ca249c278fb24dc964f7c7d,2,1,0.9728917479515076,0.9728917479515076,0.9728917479515076,0.9728917479515076,1.0
29e311ddd236e3a8d65dd39950dfff41cd8ce67f,3,3,0.9581758379936218,0.9592470526695251,0.9688880443572998,0.9657232761383057,1.0
3af85943f124f1cd8ba7ed6d8d689c21fc0da43a,2,1,0.9502900838851929,0.9502900838851929,0.9502900838851929,0.9502900838851929,1.0
ca3d244d7123d04e361e001a06172c5e876fcc3b,3,3,0.9589321613311768,0.9592209458351135,0.9618200063705444,0.9608635902404785,1.0
edd590d5e3938301e28460928c356a45796d6cd5,2,1,0.9615461826324463,0.9615461826324463,0.9615461826324463,0.9615461826324463,1.0
598ebfb3778fb3b5d2ddc19e17ba675641b2970a,2,1,0.9885322451591492,0.9885322451591492,0.9885322451591492,0.9885322451591492,1.0
9981d0ab0b61f6de23cfec578babf150f06df62f,2,1,0.9677560329437256,0.9677560329437256,0.9677560329437256,0.9677560329437256,1.0
92929a369cccb2b35fe7e7137fe45cccd86dfd50,2,1,0.9756002426147461,0.9756002426147461,0.9756002426147461,0.9756002426147461,1.0
f8e4d75a8615304d0d7096c092e71e79d626b787,2,1,0.972514271736145,0.972514271736145,0.972514271736145,0.972514271736145,1.0
ab9ff03ef18c0cc7bcfc8bd75dc611058afec6d4,2,1,0.9521544575691223,0.9521544575691223,0.9521544575691223,0.9521544575691223,1.0
f59b4025933c35bd4946fcf5bd146c4119ee4ec5,3,3,0.9738804697990417,0.9743509888648987,0.9785857796669006,0.9780448079109192,1.0
a288e293be2edc5fb88d9143b4a17fa318451888,2,1,0.9528851509094238,0.9528851509094238,0.9528851509094238,0.9528851509094238,1.0
b1995965e4b007cb994275dee843240f36078df3,2,1,0.9523117542266846,0.9523117542266846,0.9523117542266846,0.9523117542266846,1.0
eaeafb5810a564fa611576429a85c229e686ab8a,2,1,0.9567936658859253,0.9567936658859253,0.9567936658859253,0.9567936658859253,1.0
0382ca98b24b0d28471cd1a6c8e8db035e78854c,2,1,0.9703332185745239,0.9703332185745239,0.9703332185745239,0.9703332185745239,1.0
82db4e80b7a7912c76938b6ff1c9c8b6abec42ed,2,1,0.9718234539031982,0.9718234539031982,0.9718234539031982,0.9718234539031982,1.0
673eb6f0c4c56929fdbfbc4e856b62aaa70547f4,2,1,0.9726592302322388,0.9726592302322388,0.9726592302322388,0.9726592302322388,1.0
f67c60bb93e23eb77341aad26a29322e582d3697,2,1,0.9592989683151245,0.9592989683151245,0.9592989683151245,0.9592989683151245,1.0
63866b35615bbcf3d3fa3f96f0a22f232afdd3e0,2,1,0.9573878645896912,0.9573878645896912,0.9573878645896912,0.9573878645896912,1.0
beb86def3f9eb3f92ddd12737cde335fb12b0b92,2,1,0.9812690019607544,0.9812690019607544,0.9812690019607544,0.9812690019607544,1.0
69d43373c570fec8c8368296d5752d1b02246e63,2,1,0.9886033535003662,0.9886033535003662,0.9886033535003662,0.9886033535003662,1.0
71343c1ae8dc370c5612a69c2f555f47ad535c36,2,1,0.9790229797363281,0.9790229797363281,0.9790229797363281,0.9790229797363281,1.0
2eb620ca0c5daf5bdb99a1a166a442d8a5e4a921,2,1,0.9665013551712036,0.9665013551712036,0.9665013551712036,0.9665013551712036,1.0
e900446130ee3a935a983195c77310d8e6905cc9,2,1,0.9605159759521484,0.9605159759521484,0.9605159759521484,0.9605159759521484,1.0
627eef8852d0b0690fa97272aa3a048f3f9cf3a6,2,1,0.960740327835083,0.960740327835083,0.960740327835083,0.960740327835083,1.0
8605e1fe782baf32cf2415dfe901c8435a7501b6,4,6,0.9722728729248047,0.9741919040679932,0.9836359024047852,0.9826483726501465,1.0
bc0c6ae5e0d6b3cbd0383b89dde6c6be40a678ad,2,1,0.9582982063293457,0.9582982063293457,0.9582982063293457,0.9582982063293457,1.0
7611be16415f71b4258978fc35aa36bacebba380,2,1,0.9750963449478149,0.9750963449478149,0.9750963449478149,0.9750963449478149,1.0
8098e0b3db868722b8c758510d26b0688c6a5f08,2,1,0.9750353097915649,0.9750353097915649,0.9750353097915649,0.9750353097915649,1.0
7a3a36fe34284dbbf1aa06c0b87558230a5aca3d,2,1,0.9620376229286194,0.9620376229286194,0.9620376229286194,0.9620376229286194,1.0
392d8793ddac761ca357a0241d9d0f0f50f202c9,2,1,0.9773602485656738,0.9773602485656738,0.9773602485656738,0.9773602485656738,1.0
b14d1ad337ea1bdbbab85892261406258a66d884,2,1,0.9697063565254211,0.9697063565254211,0.9697063565254211,0.9697063565254211,1.0
c1e2bda3e5c05d8af497346870f732a80cec8222,3,3,0.9538381099700928,0.9541794061660767,0.9572511911392212,0.9593801498413086,1.0
69698b87698f89a216acc07846e3bec6fec1c3f4,4,6,0.9745633602142334,0.9747077226638794,0.9776841998100281,0.979499340057373,1.0
60a9755d07ac0a1f67c3600381a5e039ff3a66bc,2,1,0.972173810005188,0.972173810005188,0.972173810005188,0.972173810005188,1.0
40da27ae3811ea327d1738381070502c2b387625,4,6,0.9594831466674805,0.9606068730354309,0.9766864776611328,0.9756155014038086,1.0
3025a88d0732df780492e25b4589c9e394b7faaf,2,1,0.9698658585548401,0.9698658585548401,0.9698658585548401,0.9698658585548401,1.0
2e51e89379b00d7f2f99e7d8e5eebd520367eb46,2,1,0.9587154984474182,0.9587154984474182,0.9587154984474182,0.9587154984474182,1.0
e8f8cef956df07a8304f268ed2722760b295a332,2,1,0.9574986100196838,0.9574986100196838,0.9574986100196838,0.9574986100196838,1.0
29d1912c582d42735bdb2e17bc2f017f4ecfe48f,2,1,0.9672423601150513,0.9672423601150513,0.9672423601150513,0.9672423601150513,1.0
2c4b39162e3717c257f4d3e1120c91cd27933d92,3,3,0.9501728415489197,0.9504645466804504,0.9530900716781616,0.9584195017814636,1.0
bf1816c6963fc0ca2dd02e4d58238ee409888f30,2,1,0.9799434542655945,0.9799434542655945,0.9799434542655945,0.9799434542655945,1.0
111b37fdcdbd15fdc5fd8682bb91b238da9a4427,3,3,0.9602798819541931,0.9603493809700012,0.9609749913215637,0.9649724960327148,1.0
069f99f35b38701a1c812a3af813728200347c13,2,1,0.9823008179664612,0.9823008179664612,0.9823008179664612,0.9823008179664612,1.0
9e226f12b3b37cde785315fc79f22529d29d4d63,2,1,0.9670895338058472,0.9670895338058472,0.9670895338058472,0.9670895338058472,1.0
f2293f8d3fd7aee6377399f6e1893bf033cf23e6,3,3,0.9768208265304565,0.9775564670562744,0.9841769337654114,0.9817695021629333,1.0
fd6642a3c64be99ecd634c5950d7034c9d21fc25,2,1,0.967896044254303,0.967896044254303,0.967896044254303,0.967896044254303,1.0
8dd5110bdd6cbc5dae8f68fdfba0949507706102,4,6,0.9621322154998779,0.9657591581344604,0.9790788888931274,0.9775664806365967,1.0
dc36375bc1cb2be0ab23876864b45e18c76aac03,4,6,0.9635401964187622,0.9647126197814941,0.9727697372436523,0.9728870391845703,1.0
8435f894574272bfc49843468f2f44064e0ce123,2,1,0.9707818627357483,0.9707818627357483,0.9707818627357483,0.9707818627357483,1.0
decc0356c018ad6abd5c43cef8bec9ce5daee6b4,2,1,0.9515122175216675,0.9515122175216675,0.9515122175216675,0.9515122175216675,1.0
608ac03fa7f41f53a459026d438dd4176e504b56,2,1,0.9774695634841919,0.9774695634841919,0.9774695634841919,0.9774695634841919,1.0
cf63c4ef4da14a12ed98e9dc6655471254c72194,4,6,0.9521746635437012,0.9536134600639343,0.9727004766464233,0.9732582569122314,1.0
825f28a94d7d5f687e96683653c0bbb262b07e0a,3,3,0.9558596014976501,0.9573544263839722,0.9708075523376465,0.969078779220581,1.0
2d30bc9e01ffc6e0ae99f979452bae1b1c901d8d,3,3,0.9886901378631592,0.9888321757316589,0.990110456943512,0.9915071129798889,1.0
9278c348602a9e287c00cd893717a25b2dced53a,2,1,0.9567775726318359,0.9567775726318359,0.9567775726318359,0.9567775726318359,1.0
0a622edddca924ac9f8a393b576f32d46c3daa15,2,1,0.9705933332443237,0.9705933332443237,0.9705933332443237,0.9705933332443237,1.0
3f917296f296d01cb79f4104b89e5ba9b993131e,2,1,0.9740591645240784,0.9740591645240784,0.9740591645240784,0.9740591645240784,1.0
ca47aced77b18f6326b0b360d53b6085dba401a9,2,1,0.9559144973754883,0.9559144973754883,0.9559144973754883,0.9559144973754883,1.0
b939c3d050adfe81bb329c54dccd924b4cc9ea12,2,1,0.9673465490341187,0.9673465490341187,0.9673465490341187,0.9673465490341187,1.0
d5542338934035a5d48c0be89758783f489c7b74,3,3,0.9735634326934814,0.9738937020301819,0.9768660664558411,0.9776932597160339,1.0
86169f034c9972e044ab520a7cbd29e425d0b427,3,3,0.9555603265762329,0.9559940695762634,0.9598978757858276,0.965003490447998,1.0
e77f678fbaceefea42e836705c22e2aac3d03a79,4,6,0.9607819318771362,0.9621516466140747,0.9817545413970947,0.9802759289741516,1.0
f9adbb916f1044d52084889d599b15ddfdf3200b,2,1,0.9636166095733643,0.9636166095733643,0.9636166095733643,0.9636166095733643,1.0
90b8e97472b1c6776ab7afa6ad35694ead68d10e,4,6,0.9573612213134766,0.9586800932884216,0.969738245010376,0.9708711504936218,1.0
eb8a86cd2d3e495ab89e3ab3713ea40bf24f3372,3,3,0.9540922045707703,0.9542630314826965,0.9558002948760986,0.958312451839447,1.0
3773676110337c9b65e98ad69786d4a237b4c61c,2,1,0.966465175151825,0.966465175151825,0.966465175151825,0.966465175151825,1.0
5a7c3a627af55ac21abf147d623168274b05acea,2,1,0.9707061052322388,0.9707061052322388,0.9707061052322388,0.9707061052322388,1.0
00c9aab71a65cf8372b3dc9a7e1e6ab4184b506e,2,1,0.9705734252929688,0.9705734252929688,0.9705734252929688,0.9705734252929688,1.0
d21ae046986896514eeb1bff749619eb6742b9a8,3,3,0.9543360471725464,0.9550649523735046,0.9616252183914185,0.9608864784240723,1.0
d1b14cf8096a7e5aacedf9e5d198a07d42fe30a9,2,1,0.9762841463088989,0.9762841463088989,0.9762841463088989,0.9762841463088989,1.0
7ccd9e483b90a7e642174f72eec6be8e8d97afdc,3,3,0.9761216044425964,0.9762901067733765,0.9778069257736206,0.9827349781990051,1.0
b5bda6920c3cf3043334bffc57e069097a250601,2,1,0.9751280546188354,0.9751280546188354,0.9751280546188354,0.9751280546188354,1.0
fdc53a2dc006a33839e068714076eb0e4ee3ae8f,3,3,0.9859893918037415,0.9865403771400452,0.9914994239807129,0.9902092814445496,1.0
a91625179ef49f4f31ab4f3575abe659480a883b,2,1,0.9857971668243408,0.9857971668243408,0.9857971668243408,0.9857971668243408,1.0
a891ced2aa6d25d3b4ac35495b6ffe47a5b39d55,2,1,0.968218207359314,0.968218207359314,0.968218207359314,0.968218207359314,1.0
d4d4a49b59a48d341da9697972da63daac8a4311,2,1,0.9808818101882935,0.9808818101882935,0.9808818101882935,0.9808818101882935,1.0
58e8563c0608f56325a0f20e08d3a428fca4d6d9,2,1,0.9690061807632446,0.9690061807632446,0.9690061807632446,0.9690061807632446,1.0
3dcbb00ffe6e53734c5df0fd1b5422adb5364475,2,1,0.9537107348442078,0.9537107348442078,0.9537107348442078,0.9537107348442078,1.0
0595a7b2f6ab0143ace0aed885782bf336224aa8,2,1,0.9707757234573364,0.9707757234573364,0.9707757234573364,0.9707757234573364,1.0
e00e4d69a19a0598ab49566369d46c42a97d69d1,4,6,0.9543728232383728,0.9571570158004761,0.9783955216407776,0.9756603837013245,1.0
92f77ba9391b553aa7ce3e56c991c2785ba6b4a1,2,1,0.9676519632339478,0.9676519632339478,0.9676519632339478,0.9676519632339478,1.0
cbf1f21a0a94dcb883347b6a86d8515f4a3a4993,3,3,0.9614151120185852,0.9617096781730652,0.964360773563385,0.9666736721992493,1.0
c528dbfc90d998153ff50b4e7e731622d302bbf0,2,1,0.9682972431182861,0.9682972431182861,0.9682972431182861,0.9682972431182861,1.0
78faa84f3b7b735be013e30896393a84938c0107,2,1,0.9836329221725464,0.9836329221725464,0.9836329221725464,0.9836329221725464,1.0
5d42afaf7044d35f826f3a0aa9be9ea315b71811,2,1,0.9679661989212036,0.9679661989212036,0.9679661989212036,0.9679661989212036,1.0
0f1b0e7a7321047de0d99ce6af20d2b31495f51a,2,1,0.9574941396713257,0.9574941396713257,0.9574941396713257,0.9574941396713257,1.0
b9d83e178bf50d76d13a9d6055c7ccc1d0b68492,2,1,0.9710524082183838,0.9710524082183838,0.9710524082183838,0.9710524082183838,1.0
6246ecc115fd5507fabee7a23280830428d05f42,3,3,0.9512817859649658,0.9526490569114685,0.9649543166160583,0.9657348990440369,1.0
4f01dee45fdabd19745c5f387521f43c84da119c,3,3,0.9542616605758667,0.954439640045166,0.9560417532920837,0.9579287171363831,1.0
b0378728a6dd02e831c3c9763e36f0c3bbf2a7f6,3,3,0.9607596397399902,0.9623476266860962,0.9766393899917603,0.9758844375610352,1.0
26e6a4c7f157ca6d4b6d5b1bd12cb361f27b8b6e,2,1,0.9552869200706482,0.9552869200706482,0.9552869200706482,0.9552869200706482,1.0
dd28a1efb1bcd9aa7f437b97d8d669dd15668031,3,3,0.9742443561553955,0.9750490188598633,0.9822908639907837,0.9810029864311218,1.0
b109903c09ec3aeadb15bb0195701dae95f686fc,2,1,0.9720863699913025,0.9720863699913025,0.9720863699913025,0.9720863699913025,1.0
cb576c1921fc48ab499be711938fec1fc95793dc,3,3,0.9640939235687256,0.9648883938789368,0.9720383882522583,0.97491055727005,1.0
c0390e2a0e691bc3c9090da59706dff1d743e612,2,1,0.9516940116882324,0.9516940116882324,0.9516940116882324,0.9516940116882324,1.0
28619b4e38cff5464985d7d7ef648814bc5cabf9,2,1,0.9617027044296265,0.9617027044296265,0.9617027044296265,0.9617027044296265,1.0
c117dd1b7eee805e1feb65b2b90ca1213f365579,2,1,0.9719896912574768,0.9719896912574768,0.9719896912574768,0.9719896912574768,1.0
5de1aea8af57a3ac1dec27727720008bf8039595,2,1,0.952980101108551,0.952980101108551,0.952980101108551,0.952980101108551,1.0
ff8a59d2c81586be172410524ca852c0006103da,2,1,0.9594607949256897,0.9594607949256897,0.9594607949256897,0.9594607949256897,1.0
7ff403a67a48313d637478740072f5b3a3589b8b,2,1,0.9656909704208374,0.9656909704208374,0.9656909704208374,0.9656909704208374,1.0
cc0145299d9eb4a556d88e62adcab2170bfa1371,2,1,0.9546378254890442,0.9546378254890442,0.9546378254890442,0.9546378254890442,1.0
978f148b306f29b5e785501fd2bfc8b83093197e,2,1,0.9838913083076477,0.9838913083076477,0.9838913083076477,0.9838913083076477,1.0
5fc4a8db1040897545e43fbcf86e6a49a39277bc,3,3,0.9583591222763062,0.9592950344085693,0.9677181839942932,0.9651849865913391,1.0
f974ce244b783634b19f9e58691f30e4915fadca,2,1,0.9506824612617493,0.9506824612617493,0.9506824612617493,0.9506824612617493,1.0
999042398ff0ee774bf3471071f69f721843e32b,2,1,0.9500682950019836,0.9500682950019836,0.9500682950019836,0.9500682950019836,1.0
fd1920eabaf5bb5aebf7d2adee293eab9e89b156,2,1,0.9866936206817627,0.9866936206817627,0.9866936206817627,0.9866936206817627,1.0
b7dd827288456f9cd1002182ae6a50eefe2a6bde,2,1,0.9867072105407715,0.9867072105407715,0.9867072105407715,0.9867072105407715,1.0
a502b24c7dc8350522026e0bf0c7ce0b5f68e87a,2,1,0.9729717969894409,0.9729717969894409,0.9729717969894409,0.9729717969894409,1.0
de2016b69b4d55128e30bc318ec87a7a9bf41c0d,2,1,0.9677462577819824,0.9677462577819824,0.9677462577819824,0.9677462577819824,1.0
ced19294f5ec49e919bbeedef6f6b2d0e7a5a692,2,1,0.9731210470199585,0.9731210470199585,0.9731210470199585,0.9731210470199585,1.0
2b875142216787d10b27fce0d03a855b00fd4053,3,3,0.95404052734375,0.9550216197967529,0.9638511538505554,0.9633763432502747,1.0
2e17ad106a61e7db01d260c80586d93ff097a1c7,3,3,0.9594939947128296,0.9598305225372314,0.962859034538269,0.9649477601051331,1.0
834437ec0ecf401880d1880203539c8403c461f6,4,6,0.9532469511032104,0.9536917209625244,0.9676756262779236,0.9667288661003113,1.0
048c4862f5b26d0a637685bf4c3277c34fecbce5,3,3,0.9639009237289429,0.965639054775238,0.9812824726104736,0.9779025912284851,1.0
874953354c6cbec01964cff613c1395fb0e47368,3,3,0.9551340937614441,0.956743061542511,0.9712238311767578,0.9706532955169678,1.0
b527816d96ea2a342fafe1aafe6c65f790f3e39c,2,1,0.9583899974822998,0.9583899974822998,0.9583899974822998,0.9583899974822998,1.0
460e5e0225130851fc1f7142aa5a9a7e10364aab,2,1,0.9666056036949158,0.9666056036949158,0.9666056036949158,0.9666056036949158,1.0
fa5d588310040875c3250e49b871b46f0ec666ce,4,6,0.9653226137161255,0.9658530354499817,0.9748287200927734,0.9744547009468079,1.0
d932b36021ac33001c14e4edead6357b7a9c9885,3,3,0.9559116363525391,0.9566497206687927,0.9632924795150757,0.9712797999382019,1.0
8f2f363ee5cbff22cc1f448996255adbcef7d6b3,3,3,0.9722636938095093,0.9722825884819031,0.9724524021148682,0.9749536514282227,1.0
6399cf4746716d87e7bf4fbc8456583103d15940,2,1,0.9618380665779114,0.9618380665779114,0.9618380665779114,0.9618380665779114,1.0
de9c6d60bf2f0d924b30aee239ed761211e4fb8c,2,1,0.9741994142532349,0.9741994142532349,0.9741994142532349,0.9741994142532349,1.0
fe09b78e1b0ec5d0e8b38b7cc738cc6ac1825af8,3,3,0.9555075168609619,0.9561939835548401,0.9623719453811646,0.9660642743110657,1.0
906f1f0b1e8e535ad2331fabdf08cf2dcca34763,2,1,0.95680832862854,0.95680832862854,0.95680832862854,0.95680832862854,1.0
344e5eb50ef9218177bbbfbe1ca81c8db039ad4d,2,1,0.9665471911430359,0.9665471911430359,0.9665471911430359,0.9665471911430359,1.0
82ac133be2c64ec95d0b157ddaf5a96c66f73e11,3,3,0.972244918346405,0.9735334515571594,0.9851300716400146,0.9819195866584778,1.0
06f792163da2f0783422d80b9392938176990b26,2,1,0.9748973250389099,0.9748973250389099,0.9748973250389099,0.9748973250389099,1.0
df67c08f8d4dd76dc1622e7f46050c4fb503564e,4,6,0.9553728103637695,0.9558178186416626,0.9772460460662842,0.9744994640350342,1.0
f658132ed9bbf5d08b4816dbdfc2c6781c6db067,3,3,0.9739811420440674,0.9751003980636597,0.9851738810539246,0.9827201962471008,1.0
cf7f12ab8fa6d8f374cf817fb13aae79f02c7d92,3,3,0.9619293212890625,0.9632858633995056,0.9754949808120728,0.9749405980110168,1.0
9dca61d5cd6195a13ce6c4087da3e0fe74ce2e7c,2,1,0.980750322341919,0.980750322341919,0.980750322341919,0.980750322341919,1.0
ab4f85cfb1e02b0c1701ed91e9734d66dc8d909f,3,3,0.9522736072540283,0.9523211121559143,0.9527488946914673,0.9635890126228333,1.0
4b6f430cc88eb53b24cb79448d506ec666891b4e,3,3,0.951353907585144,0.9519673585891724,0.9574886560440063,0.9645530581474304,1.0
6d6a66b9def60ea77497585b7325265a49f83c26,2,1,0.9609159231185913,0.9609159231185913,0.9609159231185913,0.9609159231185913,1.0
85529e93225594978f212ccaa2cb0a910afc5740,3,3,0.957494854927063,0.957687258720398,0.9594190716743469,0.9672669768333435,1.0
ea0c87a465d9934072795b80aef2214bc15eb162,3,3,0.9577111005783081,0.9593631625175476,0.9742317199707031,0.9735078811645508,1.0
c8c35c53a120f8bf8e52c06545c1c3c3255368b3,2,1,0.976951003074646,0.976951003074646,0.976951003074646,0.976951003074646,1.0
0555362613428b067f631ed02f89f1f7c5c28ec1,2,1,0.9694330096244812,0.9694330096244812,0.9694330096244812,0.9694330096244812,1.0
2c708523d11ea6888fce9c7e3c116abcb49b1324,2,1,0.9544728398323059,0.9544728398323059,0.9544728398323059,0.9544728398323059,1.0
fd687dce2be3457de84c8063ca8e88013bb29dd1,3,3,0.9552892446517944,0.9568357467651367,0.970754086971283,0.9657216668128967,1.0
68887771f424c87bb464126c58a98ad11120b48b,2,1,0.9628530740737915,0.9628530740737915,0.9628530740737915,0.9628530740737915,1.0
25afdfa6eba033eda7f44a0e0b0b54e7661a46fc,2,1,0.9567421674728394,0.9567421674728394,0.9567421674728394,0.9567421674728394,1.0
ee7cbe013df8f09129cb9757d579cfe8ac7ae497,2,1,0.9594131708145142,0.9594131708145142,0.9594131708145142,0.9594131708145142,1.0
8678a032b9a5209447ce9a71c9040b5d288dc15c,2,1,0.9760712385177612,0.9760712385177612,0.9760712385177612,0.9760712385177612,1.0
4541d39dd11656e206c5bf1976b264a86c65e713,4,6,0.9508898258209229,0.9511008858680725,0.962010383605957,0.9639808535575867,1.0
7c3c1f1dd2f92f6b12183270e7e0bf09ae1b8886,2,1,0.9595656394958496,0.9595656394958496,0.9595656394958496,0.9595656394958496,1.0
6314e4b93e93e617f7ced041cdf31315171d50cb,3,3,0.9879369735717773,0.9885077476501465,0.993644654750824,0.99251389503479,1.0
b9a6e647a3a2c19ef405fabdc44392d50e3682ec,2,1,0.9832833409309387,0.9832833409309387,0.9832833409309387,0.9832833409309387,1.0
0006d73e8f1097938a9134554d9d5871d0807d37,2,1,0.9645707607269287,0.9645707607269287,0.9645707607269287,0.9645707607269287,1.0
b94578736c380619c5070a9d819395f05a8c4458,2,1,0.9589332342147827,0.9589332342147827,0.9589332342147827,0.9589332342147827,1.0
d33200e0ba256f7b167d24d692539d25b1511c59,2,1,0.9638956785202026,0.9638956785202026,0.9638956785202026,0.9638956785202026,1.0
dfc79de9e1301105dc71a6a8f790b94ddacd3e00,2,1,0.989349901676178,0.989349901676178,0.989349901676178,0.989349901676178,1.0
68c053903227d4535bf0d4e552cdd8f1c4390ac8,2,1,0.9635232090950012,0.9635232090950012,0.9635232090950012,0.9635232090950012,1.0
6ea6432a7521ac56c7ea845b4a1954a4bcf922e5,2,1,0.9573107957839966,0.9573107957839966,0.9573107957839966,0.9573107957839966,1.0
dd455f6dca3ac5aa2338db4e778a080349882a74,3,3,0.9732614159584045,0.9740015864372253,0.9806631803512573,0.9794946312904358,1.0
81ad63428e6a4ba782663598c65705e3d9a65188,2,1,0.9719160199165344,0.9719160199165344,0.9719160199165344,0.9719160199165344,1.0
1a05548ce9e79f6cc8be7f317b98ae47e308b0a2,2,1,0.9805036783218384,0.9805036783218384,0.9805036783218384,0.9805036783218384,1.0
b00633f796041380329f641c6b1c061dee6cfdc8,2,1,0.9522433280944824,0.9522433280944824,0.9522433280944824,0.9522433280944824,1.0
cf3c6360df002660087c2e2cafc029deeb246f44,2,1,0.9709230065345764,0.9709230065345764,0.9709230065345764,0.9709230065345764,1.0
538bcaf3cccb38407548973176222d45b77871d2,2,1,0.9552134275436401,0.9552134275436401,0.9552134275436401,0.9552134275436401,1.0
de2a2b5ca8508c1fa0a026073e186ac7ba87f2e4,3,3,0.9896847605705261,0.9901015758514404,0.9938528537750244,0.9927127957344055,1.0
de7567f1273fb85109f6882cdffb93cf71dd12e6,3,3,0.9629082083702087,0.9641895294189453,0.9757215976715088,0.9748405814170837,1.0
781af2fdfc7feb82c459fdaa4bed9bb9259ddc7e,2,1,0.9676504135131836,0.9676504135131836,0.9676504135131836,0.9676504135131836,1.0
bb4fe46c50ac53f6a9a7ffffbc77a093485fb16a,2,1,0.9662003517150879,0.9662003517150879,0.9662003517150879,0.9662003517150879,1.0
52a5b9032b86a7bac8524a7b8598d8064b400803,2,1,0.9544898867607117,0.9544898867607117,0.9544898867607117,0.9544898867607117,1.0
902baf8af41f723f1a62e7f09f6981578df03833,2,1,0.9792842864990234,0.9792842864990234,0.9792842864990234,0.9792842864990234,1.0
78e477628af342a7adfa2ed163f93238198f4950,3,3,0.9543529748916626,0.9544351696968079,0.9551751017570496,0.9649527668952942,1.0
999fb5491de7664cfc953552b480bd243acbd6ed,4,6,0.9689397215843201,0.9712021350860596,0.9800925254821777,0.9805400967597961,1.0
ce2e547270a8915953ba0c26fa110faf15e4cf37,3,3,0.985445499420166,0.9856089949607849,0.9870802164077759,0.989593505859375,1.0
4c153225c86f2c524505bc2c7d5970bf2fa598f4,2,1,0.994198203086853,0.994198203086853,0.994198203086853,0.994198203086853,1.0
deba9333d60bb06d0b30b1559656b84831a3b686,2,1,0.9540718197822571,0.9540718197822571,0.9540718197822571,0.9540718197822571,1.0
9b2938996225b9d86c10870ff902af58102f50a7,2,1,0.9747474789619446,0.9747474789619446,0.9747474789619446,0.9747474789619446,1.0
680a0a2b5bfd99c0b43627207297c5998732c52d,3,3,0.9501184821128845,0.9514092206954956,0.9630255699157715,0.9628366827964783,1.0
0049b56c5ff6b66ed660d6e159c4eb7ce812a7df,3,3,0.9545353055000305,0.9546271562576294,0.9554541110992432,0.9635373950004578,1.0
ccdeb08aea2170890fd5b0aafae38070be3f72d3,4,6,0.9603214263916016,0.9621598124504089,0.9709126949310303,0.9711607098579407,1.0
c66eb05efc349e847981101cb7030a7d7f58445c,3,3,0.9634311199188232,0.964202344417572,0.9711434245109558,0.9759477972984314,1.0
8154cd81d0462bbb0acefe74feb3fb86b753c26f,2,1,0.983791708946228,0.983791708946228,0.983791708946228,0.983791708946228,1.0
30fd73b36aa944163ce3b4db2a142654c1fa7c55,4,6,0.9710146188735962,0.971738338470459,0.9829215407371521,0.9822396636009216,1.0
0c997d9dcff9832707820aac57077167a4bc05a9,2,1,0.9763880968093872,0.9763880968093872,0.9763880968093872,0.9763880968093872,1.0
870f6180b7992e14a9a57ac01fbd6fcf9457f2c3,2,1,0.9539453983306885,0.9539453983306885,0.9539453983306885,0.9539453983306885,1.0
549b912c4953de0d557956247c2b36bb57c386e0,2,1,0.9914550185203552,0.9914550185203552,0.9914550185203552,0.9914550185203552,1.0
f000a4eded7a2cb1b133d028c295e3b385d226bb,2,1,0.9607968926429749,0.9607968926429749,0.9607968926429749,0.9607968926429749,1.0
c5fe344fd7873d7fdee4de55662ac5392b3f0a32,3,3,0.9621387124061584,0.9622820615768433,0.9635722637176514,0.9670349955558777,1.0
6a2a76fc6551214e8585b3d6eaf1e13e40defafa,2,1,0.9766936302185059,0.9766936302185059,0.9766936302185059,0.9766936302185059,1.0
cbb2042ae62e9ca817c66c5d4d5ed8f3ba0f26dc,3,3,0.9591770172119141,0.9595233798027039,0.9626407027244568,0.96263188123703,1.0
dc4ea319f1be8e6b918f966f5f3290716c6eff1b,2,1,0.9923810958862305,0.9923810958862305,0.9923810958862305,0.9923810958862305,1.0
f01e2ec30a40aea7fe80b03d8a9201f85b14faa9,2,1,0.9888109564781189,0.9888109564781189,0.9888109564781189,0.9888109564781189,1.0
4ce08c7c4817c46c37f611f5fe12244b4c2419da,3,3,0.9697601795196533,0.9708905220031738,0.9810633659362793,0.9791343808174133,1.0
0663bd283c31b3d4841bb9118e931d6f004c4dac,2,1,0.9916057586669922,0.9916057586669922,0.9916057586669922,0.9916057586669922,1.0
21dd6625ac1b514df97f2c65be20068b617645b9,2,1,0.9931905269622803,0.9931905269622803,0.9931905269622803,0.9931905269622803,1.0
5ea717fd4b252cb3231b3e267e5acf837b8de842,3,3,0.9646263122558594,0.9648459553718567,0.9668227434158325,0.9669146537780762,1.0
31c98ac8e53abd833ba0c0e17c23df0480ccbe82,2,1,0.9730640649795532,0.9730640649795532,0.9730640649795532,0.9730640649795532,1.0
8c7d10f49e7d1e3fbcdf81d80933b6bdd53e18ab,2,1,0.9647377729415894,0.9647377729415894,0.9647377729415894,0.9647377729415894,1.0
dd53b19da49c8ab98999877aeae269c6823c0a0c,2,1,0.9860508441925049,0.9860508441925049,0.9860508441925049,0.9860508441925049,1.0
c7804acb29701bd821beace0e4f93cdc5c9e378c,3,3,0.9522160887718201,0.9529269933700562,0.9593248963356018,0.9600639343261719,1.0
24d66a5040d73ee3d97a0e0261d6af8575ea8bdd,2,1,0.9579623341560364,0.9579623341560364,0.9579623341560364,0.9579623341560364,1.0
ba0061ca350642d81879005a8e0c6e88354a3eb5,2,1,0.9516581296920776,0.9516581296920776,0.9516581296920776,0.9516581296920776,1.0
e4662e9b9e37aaed27261699c7c370279a6e7b07,2,1,0.9716446995735168,0.9716446995735168,0.9716446995735168,0.9716446995735168,1.0
64fbf4d312da92dae4fc08eafad3007bca6e98e0,3,3,0.9571633338928223,0.9580355286598206,0.9658854007720947,0.9671314358711243,1.0
716f93bad06df2fdbd411c74db800b0bdc3128e7,2,1,0.9623539447784424,0.9623539447784424,0.9623539447784424,0.9623539447784424,1.0
b5b257bb25bb6b00406d7dc62121488fa8391983,2,1,0.9828312397003174,0.9828312397003174,0.9828312397003174,0.9828312397003174,1.0
22d2030fb909dd98256dde6f7f92bf34ceef1b71,2,1,0.9726041555404663,0.9726041555404663,0.9726041555404663,0.9726041555404663,1.0
4d1aa7caffa0c6a988e8aa2d3ca7a5bb7f3827d0,3,3,0.9525405168533325,0.9530997276306152,0.9581325054168701,0.9672091603279114,1.0
ca05606d313f379535819ff82a2376853f5c5b4d,2,1,0.9573581218719482,0.9573581218719482,0.9573581218719482,0.9573581218719482,1.0
41f16cf02af67b9f75a99048f037dd748d7e21c5,2,1,0.966506838798523,0.966506838798523,0.966506838798523,0.966506838798523,1.0
9bcd7b34562abc52ff0cf2227222e4340b1d27b6,2,1,0.9670634865760803,0.9670634865760803,0.9670634865760803,0.9670634865760803,1.0
b078d52997c5ebc147639dbc20c984f6a74b01a8,4,6,0.9522982835769653,0.9528235793113708,0.9687046408653259,0.9708654880523682,1.0
71e8e9bde3f7f906955a4b1b03da14a3bd85eed2,2,1,0.956992506980896,0.956992506980896,0.956992506980896,0.956992506980896,1.0
4ca7f60b4d35ddf2677dd9ddce2eb3b5f2f128bb,2,1,0.9534057974815369,0.9534057974815369,0.9534057974815369,0.9534057974815369,1.0
d4a898ea4e3f4c96b39c3ea7fc6910d873be681a,2,1,0.9697078466415405,0.9697078466415405,0.9697078466415405,0.9697078466415405,1.0
2290752dcdb4067fd84f865021a6025a2b24dae1,2,1,0.9742107391357422,0.9742107391357422,0.9742107391357422,0.9742107391357422,1.0
0942bd823c21092f6564ed1a00031d90652da30f,4,6,0.989746630191803,0.9901190400123596,0.992787778377533,0.9924829006195068,1.0
8e39490f9178d6bbead046b2281e622eaa9feb70,3,3,0.9792784452438354,0.9797177910804749,0.9836719632148743,0.9846968054771423,1.0
423abbeff083505038f0c395b16ec4b3e808526b,4,6,0.9569531679153442,0.957842230796814,0.971226692199707,0.9723102450370789,1.0
5ebd0508bbc876fee983773563d68f79d6924449,2,1,0.9821162819862366,0.9821162819862366,0.9821162819862366,0.9821162819862366,1.0
526f9cb11072350c3345780fcdf3bb666c7b6b51,2,1,0.9515035152435303,0.9515035152435303,0.9515035152435303,0.9515035152435303,1.0
4f1117e6955cbe417cfbe2d5e2fedf920ba5923c,2,1,0.9524125456809998,0.9524125456809998,0.9524125456809998,0.9524125456809998,1.0
0604b1e1c261811a7760637064c47f425296ee94,3,3,0.9692253470420837,0.9703575372695923,0.980547308921814,0.9778671860694885,1.0
9d7a3bc8a767fb6374643c76119750ca1fd9b817,4,6,0.9508285522460938,0.9528588652610779,0.959547221660614,0.9591150283813477,1.0
110c9df2c0f00ec512dc8f43eb885d56946192ce,2,1,0.956717848777771,0.956717848777771,0.956717848777771,0.956717848777771,1.0
a18333ab9117bc5f8b1f3a0bfe695364ffeda791,3,3,0.9543496966362,0.9548265933990479,0.9591188430786133,0.9575750827789307,1.0
c444641134e0252c2d728439f6f05b3bf756c846,2,1,0.9533867239952087,0.9533867239952087,0.9533867239952087,0.9533867239952087,1.0
5ee6b230b7b4ee4cf109a7ab399e76906b2cd80a,2,1,0.9632354974746704,0.9632354974746704,0.9632354974746704,0.9632354974746704,1.0
481a5b4a845b28484c435436c7a26298e6e6841e,2,1,0.9771078824996948,0.9771078824996948,0.9771078824996948,0.9771078824996948,1.0
cf95cf3792ba94425abf84f12771a8c62efb725d,3,3,0.9582129120826721,0.9587875008583069,0.9639586210250854,0.9645887017250061,1.0
a08070820babc35e097ce071af85fdcc26105314,2,1,0.9800306558609009,0.9800306558609009,0.9800306558609009,0.9800306558609009,1.0
30b0771ffc8e8c2e13277d904388188a5de486be,2,1,0.95928555727005,0.95928555727005,0.95928555727005,0.95928555727005,1.0
5f9afa37eda046685d26cb86e310a8b560fd7c1e,2,1,0.985758900642395,0.985758900642395,0.985758900642395,0.985758900642395,1.0
73b2d28fdd6c0863500d210b525288577344ee32,2,1,0.9579704999923706,0.9579704999923706,0.9579704999923706,0.9579704999923706,1.0
e1c1efb7bb1c3e4c4769a2e5057826036bc580a6,4,6,0.977088987827301,0.9774821996688843,0.9860735535621643,0.9845669865608215,1.0
387816b86a86c8a7462e0367278d90ad33083c57,5,10,0.9735416173934937,0.9753018021583557,0.9843493700027466,0.9831482172012329,1.0
bbb5c35798f120485df73bcd40aedf385d5e5dae,4,6,0.9653069376945496,0.9670189619064331,0.979564905166626,0.9789033532142639,1.0
0a52207e74f62f70fe9724a9a3dc5b7335327eaf,5,10,0.9813593626022339,0.9832130670547485,0.9900626540184021,0.9899771809577942,1.0
d986429f5b8c1ad04e78cd937ce9d20bbc36c3db,3,3,0.9634731411933899,0.9638012051582336,0.9667535424232483,0.9667193293571472,1.0
d281ef93ad6c909d884d974eb5614d3f99101f12,2,1,0.9946263432502747,0.9946263432502747,0.9946263432502747,0.9946263432502747,1.0
5658430bbe7bd35639e9ed94e73274036ef27c34,3,3,0.9734082221984863,0.9734655618667603,0.9739817380905151,0.9789813160896301,1.0
165e2f79c5e3c39a4f7d0659c3cce01a5a828221,3,3,0.9520702958106995,0.9529728889465332,0.9610964059829712,0.965184211730957,1.0
bee30a2adf3de6e2468a14766861fcf9b33db0a6,2,1,0.9630039930343628,0.9630039930343628,0.9630039930343628,0.9630039930343628,1.0
096a42272f3274183c235f43f3d40f02179a5af4,2,1,0.9577879309654236,0.9577879309654236,0.9577879309654236,0.9577879309654236,1.0
232b31db57cc5fa860ae4368ac47c33a95c387d1,3,3,0.97181636095047,0.9725708961486816,0.9793615341186523,0.9771538376808167,1.0
2d56b896f4016f29b95ed0526c4a202e29151fc5,2,1,0.9646152853965759,0.9646152853965759,0.9646152853965759,0.9646152853965759,1.0
ec73ea6320b883f6cd7c553825181b4aa9e94699,3,3,0.9620310068130493,0.9634504914283752,0.9762260317802429,0.9724194407463074,1.0
3b772de9d6dcbbe76597a30037b56dfc39282a96,2,1,0.9569166302680969,0.9569166302680969,0.9569166302680969,0.9569166302680969,1.0
1eea4598e50c8c9cfbb38f67246e76a81ff47451,3,3,0.9738737344741821,0.9745000004768372,0.9801362752914429,0.9795462489128113,1.0
a6c9ce4e32f82054f2aa052415121903ae0c8d4d,3,3,0.9680345058441162,0.9690532088279724,0.9782216548919678,0.9773864150047302,1.0
7a158615bec88561056433d671042f1a04eec4ea,4,6,0.9550496339797974,0.9563666582107544,0.9670999646186829,0.971499502658844,1.0
d18033ea6a7e74270caf829c0608fa80eb3117e4,2,1,0.9660610556602478,0.9660610556602478,0.9660610556602478,0.9660610556602478,1.0
5d66fb6183308c261124b736badce42cec27307a,2,1,0.9585561752319336,0.9585561752319336,0.9585561752319336,0.9585561752319336,1.0
b37add8fb186dc007ec2a4e647df5b52e53ab3ae,2,1,0.9787631034851074,0.9787631034851074,0.9787631034851074,0.9787631034851074,1.0
27efef7818cc5b98e3cfffcea77961360d984819,2,1,0.9809919595718384,0.9809919595718384,0.9809919595718384,0.9809919595718384,1.0
5d4920c7d0c063243fd14890eb607a2562e8109b,2,1,0.9587152004241943,0.9587152004241943,0.9587152004241943,0.9587152004241943,1.0
0f69f22648c0e58789ad5833b3421e2014331dca,3,3,0.9787523746490479,0.9790199398994446,0.9814278483390808,0.9809579253196716,1.0
1c66ae8324bf24b4ae4fcde0826741aebe5aa646,3,3,0.9863978624343872,0.9864746332168579,0.9871652722358704,0.9888861775398254,1.0
2f4a1ca5029e092bb1cfb59a48d5250e6e8b5969,2,1,0.9832791090011597,0.9832791090011597,0.9832791090011597,0.9832791090011597,1.0
dd5542dcd8f61c4e80c93689ade54bf1cb790aa9,3,3,0.9556307196617126,0.9567592144012451,0.9669156074523926,0.9653801321983337,1.0
9d61793cc8b25c4a41597e6c174e219cdfbfd36b,2,1,0.9509421586990356,0.9509421586990356,0.9509421586990356,0.9509421586990356,1.0
1ce4e98ce9a053d3692f102c0af8854d8e2baf30,2,1,0.9542540311813354,0.9542540311813354,0.9542540311813354,0.9542540311813354,1.0
40ac5238a5a11c7e618abfbe23af7aa28f4afa3f,2,1,0.9778987169265747,0.9778987169265747,0.9778987169265747,0.9778987169265747,1.0
cb96f83db36ac7a143f796aa4494d4616bcf6699,2,1,0.9630212783813477,0.9630212783813477,0.9630212783813477,0.9630212783813477,1.0
02503e4be307d7daec808e8ce21e34fe67b0377e,2,1,0.9633069634437561,0.9633069634437561,0.9633069634437561,0.9633069634437561,1.0
90bef278ef87dfc3ce5b8a424feaf83961f48e6f,2,1,0.9690425992012024,0.9690425992012024,0.9690425992012024,0.9690425992012024,1.0
14afb1743cbbe69d988457e68711cfd94a820133,2,1,0.9911054372787476,0.9911054372787476,0.9911054372787476,0.9911054372787476,1.0
31efd7c3068f76a9832cd5c706c4a442f4a51bd0,2,1,0.9548086524009705,0.9548086524009705,0.9548086524009705,0.9548086524009705,1.0
e517ea3dd5b7f5324646eb357c10974338725459,2,1,0.9787082672119141,0.9787082672119141,0.9787082672119141,0.9787082672119141,1.0
b223b85a8f51bd58e6302d07eb231353cb5c1048,2,1,0.9776486158370972,0.9776486158370972,0.9776486158370972,0.9776486158370972,1.0
640e627bdacc8e9693a576324dc34ef7a1610596,2,1,0.9558845162391663,0.9558845162391663,0.9558845162391663,0.9558845162391663,1.0
a4f6f330b60a451753c8b3e51845b64530b2df01,2,1,0.9650673866271973,0.9650673866271973,0.9650673866271973,0.9650673866271973,1.0
ab9620faf477eeb26c68d0e39e5eef0c3001d789,2,1,0.9641167521476746,0.9641167521476746,0.9641167521476746,0.9641167521476746,1.0
8576469b66a26bda13bc5e03bd7a15fcd028c601,2,1,0.9600651264190674,0.9600651264190674,0.9600651264190674,0.9600651264190674,1.0
95bf219e23332e987a03b5bb0500112f86f62729,3,3,0.9504963159561157,0.9512840509414673,0.958373486995697,0.9636030197143555,1.0
6353c27b4ffebd1b80593eee5fcf6ba674a17d88,2,1,0.9813516139984131,0.9813516139984131,0.9813516139984131,0.9813516139984131,1.0
dbc3488a5edb6a316c1d5dbe4015f567006bc5ee,3,3,0.9554475545883179,0.9563344717025757,0.9643169045448303,0.9679327011108398,1.0
a359f45e4854d76e8cd28e74d4a9cfa7735e4b32,2,1,0.9646520018577576,0.9646520018577576,0.9646520018577576,0.9646520018577576,1.0
525fe77282bbb19988ec7c2f362adc9d82dd8cdb,4,6,0.958732545375824,0.9588596224784851,0.9650991559028625,0.9693038463592529,1.0
8e198aefcb2a44c1de8cef9400e56ea63d796225,2,1,0.9538229703903198,0.9538229703903198,0.9538229703903198,0.9538229703903198,1.0
2a4c50adc4a7ffcf5dee8c77743d0e6421f00465,2,1,0.9591901302337646,0.9591901302337646,0.9591901302337646,0.9591901302337646,1.0
22ede9737d081ad281ce0824ffba91c7a8286662,2,1,0.9544484615325928,0.9544484615325928,0.9544484615325928,0.9544484615325928,1.0
2e69769520f705d6f67711eadb15198bc74641bb,3,3,0.9647753238677979,0.9651079177856445,0.9681015610694885,0.9707537293434143,1.0
5e4658bf19e26d77c7853174a51c8563de432ccf,3,3,0.951928973197937,0.9523821473121643,0.9564609527587891,0.9648506045341492,1.0
589432a9c81834b0398c7e739cd31fa5f0d28a45,3,3,0.9650740623474121,0.9654982686042786,0.9693163633346558,0.9705023765563965,1.0
a437aa0b36703109af62051cdda0d580b810a541,2,1,0.9951084852218628,0.9951084852218628,0.9951084852218628,0.9951084852218628,1.0
f2a8b5fcb1b8c4d4893958869ad64fc382533291,2,1,0.9889360666275024,0.9889360666275024,0.9889360666275024,0.9889360666275024,1.0
22899698b5131d2068985b6bd7e431d17d0fd220,2,1,0.9858160018920898,0.9858160018920898,0.9858160018920898,0.9858160018920898,1.0
6d8956976a4dd6b1924c622f8b07677e8b475374,2,1,0.9736236929893494,0.9736236929893494,0.9736236929893494,0.9736236929893494,1.0
0899481e14cedc2159166a16e0d530fc51f39569,2,1,0.9643063545227051,0.9643063545227051,0.9643063545227051,0.9643063545227051,1.0
89e688253eb66a96944ae2db8a4c81b6109f642f,2,1,0.9839088916778564,0.9839088916778564,0.9839088916778564,0.9839088916778564,1.0
590b1ca43e780cf134305098c367ad5419719bc1,2,1,0.9559382796287537,0.9559382796287537,0.9559382796287537,0.9559382796287537,1.0
7b7c1ecc6ea9d46c2dc7f69c2f033869d83bb85b,2,1,0.9894644618034363,0.9894644618034363,0.9894644618034363,0.9894644618034363,1.0
b72863601d71ce50e8f06528fd0699ff05268d51,2,1,0.9821092486381531,0.9821092486381531,0.9821092486381531,0.9821092486381531,1.0
78007df6e6561f262e9fce1b49a52e2ef33c8b6e,2,1,0.9562233686447144,0.9562233686447144,0.9562233686447144,0.9562233686447144,1.0
f45e73b2e630a2f734fa13de986195c55d96bc2a,2,1,0.9648220539093018,0.9648220539093018,0.9648220539093018,0.9648220539093018,1.0
aadc02609ce1bfba715736e5cde296926b21ed5d,3,3,0.9733164310455322,0.9740950465202332,0.9811025857925415,0.9810616374015808,1.0
b8d4f2ba636af029580309afcf811d489df1302a,2,1,0.9905925989151001,0.9905925989151001,0.9905925989151001,0.9905925989151001,1.0
5cc2fa6351be95b38d1721f91e58d57697f2c742,2,1,0.963904619216919,0.963904619216919,0.963904619216919,0.963904619216919,1.0
5a939093a4af5e04742ad595e43c79a03df90b52,2,1,0.9516794681549072,0.9516794681549072,0.9516794681549072,0.9516794681549072,1.0
b6b05994b7d64ca493986f5c6457d689ea3f079f,2,1,0.9987825155258179,0.9987825155258179,0.9987825155258179,0.9987825155258179,1.0
9aee4af152ae726c13c512688971129cbf8541d9,2,1,0.9634167551994324,0.9634167551994324,0.9634167551994324,0.9634167551994324,1.0
3cc365643805f22a1114d1a656905cc2c8aa4782,2,1,0.9709314107894897,0.9709314107894897,0.9709314107894897,0.9709314107894897,1.0
896e8bfe86b7219dda9aafd7e32cc261948b24b0,3,3,0.969151496887207,0.9695543050765991,0.9731795191764832,0.9736619591712952,1.0
fab688cb57b332890fc98896f7c592c67e93b96e,2,1,0.9956024885177612,0.9956024885177612,0.9956024885177612,0.9956024885177612,1.0
69175236150b2d448da80150f4852b159f30b0c9,2,1,0.9750784635543823,0.9750784635543823,0.9750784635543823,0.9750784635543823,1.0
157b9483b25fa6a1de5f037fb7cc7f6984820808,2,1,0.9522608518600464,0.9522608518600464,0.9522608518600464,0.9522608518600464,1.0
4efdaab9c581f851620cfd5a64be323853f72117,2,1,0.9881213307380676,0.9881213307380676,0.9881213307380676,0.9881213307380676,1.0
61104505a28495dc8631cb3194cb9e4eeafc39d8,3,3,0.9886868000030518,0.988754153251648,0.9893603324890137,0.9894840121269226,1.0
dbc21dfb0447e93aaa2996c2dd931b2dcdb544e1,2,1,0.9893090724945068,0.9893090724945068,0.9893090724945068,0.9893090724945068,1.0
4ba908aec04fe58baf7bc057dbb35baa86f6ce14,2,1,0.9560495018959045,0.9560495018959045,0.9560495018959045,0.9560495018959045,1.0
e800af60d008e462a04c74751dc1d521f6604819,2,1,0.9762688875198364,0.9762688875198364,0.9762688875198364,0.9762688875198364,1.0
85af8cb73486bd3b1991766884f1f5a692b76b14,2,1,0.9905904531478882,0.9905904531478882,0.9905904531478882,0.9905904531478882,1.0
0f555b48c2c217d7c1382dd9874bab2aed8d7a76,2,1,0.95728999376297,0.95728999376297,0.95728999376297,0.95728999376297,1.0
d2aa05315d440d15ec015690611ed600df110309,3,3,0.9960649609565735,0.9960986375808716,0.9964020252227783,0.9970755577087402,1.0
09c7fb3702795bb04bb10a72b49bb72c3add4a23,2,1,0.9692060947418213,0.9692060947418213,0.9692060947418213,0.9692060947418213,1.0
458d4dd2f533443361c88369f8d685aa20cc816b,2,1,0.9542310237884521,0.9542310237884521,0.9542310237884521,0.9542310237884521,1.0
4ab82d4358cfd807fb07fdf30e1f675f035a0a5e,2,1,0.963092565536499,0.963092565536499,0.963092565536499,0.963092565536499,1.0
adedf6cb537c2d0ce44263dc0c1e3a3c5136c522,3,3,0.9744318723678589,0.9747642874717712,0.9777562618255615,0.9824213981628418,1.0
a5b19fe504daa00843701b99fda9fe02d108a40b,2,1,0.954210102558136,0.954210102558136,0.954210102558136,0.954210102558136,1.0
aaeb6b92da865a0538d87a5ce359f4dfc4034796,2,1,0.9916328191757202,0.9916328191757202,0.9916328191757202,0.9916328191757202,1.0
256fed77bf117b02da9f7c4ed29bf3e82d7ca5dc,4,6,0.9801982045173645,0.9806270599365234,0.986003577709198,0.9853885769844055,1.0
cbf8952931133e74e395aa70a41aa75424d1dc6d,3,3,0.9543878436088562,0.954555094242096,0.956060528755188,0.9608449935913086,1.0
05130cc5312fdea64f615e3fc5de9afd77d45897,3,3,0.9512394070625305,0.9528082609176636,0.9669281840324402,0.9632506370544434,1.0
287fe8902509bfdbd2f2bd8b68a9e4cf18a3b015,3,3,0.9535983800888062,0.9548496007919312,0.966110348701477,0.9643182754516602,1.0
42f8806bd438f355445f1b3ed85cbdb6c97a1b05,3,3,0.9704265594482422,0.9705644249916077,0.9718053936958313,0.9758343696594238,1.0
d28d97ae141afed18bd80dc8d8f9e9a6c6024d4a,2,1,0.9828648567199707,0.9828648567199707,0.9828648567199707,0.9828648567199707,1.0
1dfe37d50555c2acfbf2f0ef9a4b9373bdc380de,3,3,0.9822507500648499,0.9825224280357361,0.9849673509597778,0.9861606955528259,1.0
280677f9e07693d62a60d2bb64385782b8a5493a,3,3,0.960919976234436,0.961700975894928,0.9687299728393555,0.967419445514679,1.0
99c239903ea8039fd170bcad627349abd59980ce,2,1,0.9678887128829956,0.9678887128829956,0.9678887128829956,0.9678887128829956,1.0
dc46361ab1042dba7f088857dee24628d5941ab2,2,1,0.9705142974853516,0.9705142974853516,0.9705142974853516,0.9705142974853516,1.0
6e62d944c183721b67b21e8f3b58740923934c87,4,6,0.9777999520301819,0.9784705638885498,0.9833781719207764,0.984684407711029,1.0
5265c1b911644ddbe4b23a025aa185677bda51fd,2,1,0.9761892557144165,0.9761892557144165,0.9761892557144165,0.9761892557144165,1.0
6b966d9d2d24ee63b8d85dd291d4c487221a1fc9,3,3,0.9563325047492981,0.9563901424407959,0.9569090604782104,0.9665563702583313,1.0
8579ee72a5f9ee06741d89c8046500ce5f0fb6ef,2,1,0.9831228256225586,0.9831228256225586,0.9831228256225586,0.9831228256225586,1.0
32a0a21a54496218aa9a8a4177c3f5cc16e78bda,2,1,0.9806380271911621,0.9806380271911621,0.9806380271911621,0.9806380271911621,1.0
7cecdc8c273c0c0d1479043834104c2745cd0c5b,3,3,0.9567538499832153,0.9583339095115662,0.9725545644760132,0.9687786102294922,1.0
1eb8edf86a674cec3d09636310836445ab25f559,3,3,0.9771990776062012,0.977662980556488,0.9818379282951355,0.9811665415763855,1.0
c3bc681f7e9b3170221c3c9e6d5bbaeac37d39ed,3,3,0.957764744758606,0.9582620859146118,0.9627384543418884,0.9613604545593262,1.0
c084ab5c8126e85254f0d81de46b5b6f34ba330b,2,1,0.976512610912323,0.976512610912323,0.976512610912323,0.976512610912323,1.0
23d1023249ced6e61258ac3a8bbe0942eaf50eb2,2,1,0.9702862501144409,0.9702862501144409,0.9702862501144409,0.9702862501144409,1.0
387c3a345160997365c28d37ae58d481391b97f3,2,1,0.9898200035095215,0.9898200035095215,0.9898200035095215,0.9898200035095215,1.0
1b9f7d7ccf9d40ebbc965cf1c272fcb32797962c,2,1,0.9599970579147339,0.9599970579147339,0.9599970579147339,0.9599970579147339,1.0
e1f1acca212fd8197b3125bc1d45e8ee89bd611b,2,1,0.9629234075546265,0.9629234075546265,0.9629234075546265,0.9629234075546265,1.0
dd33e25c40b2d73ef2795aed6c80825a350a9cfb,2,1,0.9722596406936646,0.9722596406936646,0.9722596406936646,0.9722596406936646,1.0
7ec04f90ae64c6a731986fc4b1f53de0298fbe43,3,3,0.9779784679412842,0.9782299995422363,0.9804940223693848,0.9842516779899597,1.0
446dbc8a5989b57b315da2d0ee6e3ef10e5bf642,2,1,0.9743250012397766,0.9743250012397766,0.9743250012397766,0.9743250012397766,1.0
19a0ed312bc2f9e32bbca4d99868048969276a03,2,1,0.9829981923103333,0.9829981923103333,0.9829981923103333,0.9829981923103333,1.0
b87e820b7ecf6ada7a194df371a7a3acec4f3b33,2,1,0.953194797039032,0.953194797039032,0.953194797039032,0.953194797039032,1.0
c293841fdda10e6e933722e0b712a7d71b171b8c,2,1,0.9925587773323059,0.9925587773323059,0.9925587773323059,0.9925587773323059,1.0
97d7f4b17cee4491f2df7626a22a6ed808ef7da1,2,1,0.9896010756492615,0.9896010756492615,0.9896010756492615,0.9896010756492615,1.0
0e865a707236966abc1f61773ed168d45a95abb3,2,1,0.9622775316238403,0.9622775316238403,0.9622775316238403,0.9622775316238403,1.0
6378624766f1c2f561808d3ae5487e9f9ebf11cb,2,1,0.9520022869110107,0.9520022869110107,0.9520022869110107,0.9520022869110107,1.0
b45e64212cdecf4eef454e79eaf87e88e3a87eb1,2,1,0.9937801361083984,0.9937801361083984,0.9937801361083984,0.9937801361083984,1.0
fe76dd608fd71f35ab7a0f5eae49ab94ccb09c42,2,1,0.9777905344963074,0.9777905344963074,0.9777905344963074,0.9777905344963074,1.0
5ce0fa5266c07edcf872efd73444c3c6ad0d55b9,2,1,0.9758619666099548,0.9758619666099548,0.9758619666099548,0.9758619666099548,1.0
3103dc5fb3b501f110cb81d33d7866d9e687ba09,2,1,0.9649637937545776,0.9649637937545776,0.9649637937545776,0.9649637937545776,1.0
754c787ab008e8a7454bde2eeb138f7ce8feb299,4,6,0.9609710574150085,0.9621137976646423,0.9735407829284668,0.9750182032585144,1.0
06b6a5a98e73c5611630ab29f258c0a7e1686ab8,2,1,0.9711669683456421,0.9711669683456421,0.9711669683456421,0.9711669683456421,1.0
a5d0735b1328e02be5854e2902816c91a8be1bb4,2,1,0.9785592555999756,0.9785592555999756,0.9785592555999756,0.9785592555999756,1.0
c3e3940a5487f3074445845a8a2fae4e96ebb742,2,1,0.9635916948318481,0.9635916948318481,0.9635916948318481,0.9635916948318481,1.0
11fb7403f0f076820dcdce8592180fd651beec2d,3,3,0.958459198474884,0.9586743712425232,0.96061110496521,0.9728837609291077,1.0
08d267d4c0b8becada982f5ffa247a5f4d6517de,2,1,0.9760209918022156,0.9760209918022156,0.9760209918022156,0.9760209918022156,1.0
a8bcf1b17ad0c764d65c3d57cdee950a9774aeca,3,3,0.952546238899231,0.9530609846115112,0.9576936960220337,0.9652796387672424,1.0
d90d534c318c1557bdd96a54071add81524b3825,2,1,0.966427206993103,0.966427206993103,0.966427206993103,0.966427206993103,1.0
80f5a6de74bd01de170ab1a4b3c5f0e8adfe7143,3,3,0.9804766178131104,0.9805483818054199,0.9811940789222717,0.9811274409294128,1.0
b043755020380fd22858d2f0633dd59344fb9270,2,1,0.997121274471283,0.997121274471283,0.997121274471283,0.997121274471283,1.0
1fe89708a545f666b9cfac64026c4de1ff9e6984,2,1,0.9684289693832397,0.9684289693832397,0.9684289693832397,0.9684289693832397,1.0
5b51096e5f1a3ec33d6c5256ff8aa9bac36efcbc,2,1,0.9581148028373718,0.9581148028373718,0.9581148028373718,0.9581148028373718,1.0
959ed40e759a5a26d4f4262db86db089a9d689e1,2,1,0.9778276681900024,0.9778276681900024,0.9778276681900024,0.9778276681900024,1.0
49bbc6db1090dc9abb6d5553bfbd6b135e2ee781,3,3,0.9787023067474365,0.9788024425506592,0.9797038435935974,0.9801437258720398,1.0
2eaa171b138c821b60871834ab0891448bd49176,2,1,0.9680141806602478,0.9680141806602478,0.9680141806602478,0.9680141806602478,1.0
1edd7c9210c8c76ff0b708f5596a2e4337c975f3,2,1,0.9684878587722778,0.9684878587722778,0.9684878587722778,0.9684878587722778,1.0
5ca1c13bfd73c4a4dde077c4e4b6132ff57a05df,3,3,0.9575421810150146,0.9582631587982178,0.9647517800331116,0.96248459815979,1.0
8d7c1dbcf9815c061fe561dd383794b549a66881,2,1,0.9854525327682495,0.9854525327682495,0.9854525327682495,0.9854525327682495,1.0
e056d1e89b44a32aceb30fc41cf3c78586fd0d0b,3,3,0.9759588837623596,0.9765869975090027,0.982239842414856,0.9825698733329773,1.0
45611b95fb99d17ad43f137e88920d2caf338da0,3,3,0.9721317887306213,0.9735561609268188,0.9863752126693726,0.9827782511711121,1.0
57e8b3896bfa20d6ce790e4b687e5b10291a48e0,2,1,0.9527633190155029,0.9527633190155029,0.9527633190155029,0.9527633190155029,1.0
c4971f50966f12c62bd1becda50f41e0692e2423,2,1,0.9643098711967468,0.9643098711967468,0.9643098711967468,0.9643098711967468,1.0
f8937f2b2a7083b0000c0660d7ed2bb7be01ee09,2,1,0.9778525829315186,0.9778525829315186,0.9778525829315186,0.9778525829315186,1.0
b0d05e0e91f1ecc296d0c926c0279b0a67feb853,2,1,0.9663202166557312,0.9663202166557312,0.9663202166557312,0.9663202166557312,1.0
0570c6d5ac26bb8988a4007a4430e181b83f5c51,3,3,0.9561511278152466,0.9563220739364624,0.9578604698181152,0.9684643745422363,1.0
e829eb0af82af8db35bfa6f5a65ee617182b13a6,2,1,0.9803487658500671,0.9803487658500671,0.9803487658500671,0.9803487658500671,1.0
62250ca7b882b06d449c6734d00b7a9a4172c739,2,1,0.9860892295837402,0.9860892295837402,0.9860892295837402,0.9860892295837402,1.0
f561543db2be36fc745dd331c40e57b283f73ad7,2,1,0.9574979543685913,0.9574979543685913,0.9574979543685913,0.9574979543685913,1.0
ad313e4958ff619e79f24943df337a57db9cb511,2,1,0.9661934971809387,0.9661934971809387,0.9661934971809387,0.9661934971809387,1.0
b6596eb08412f2fe26699ec7cce81ff1ab4e6fbb,3,3,0.9825025796890259,0.9826480746269226,0.9839577674865723,0.9873000979423523,1.0
529b4ee8865494afe7787f7a8b817b0254fb230d,2,1,0.9582296013832092,0.9582296013832092,0.9582296013832092,0.9582296013832092,1.0
cacf47518070361f49b5c1cb02788da44e363837,4,6,0.9634793996810913,0.9640696048736572,0.9688131809234619,0.9690818786621094,1.0
a98ab6464d2c0951cb3e742cd4939db603200b60,2,1,0.9504456520080566,0.9504456520080566,0.9504456520080566,0.9504456520080566,1.0
ac347fe60ab43ab273db8f26ee1507012ae247e7,2,1,0.9754973649978638,0.9754973649978638,0.9754973649978638,0.9754973649978638,1.0
294ccbbdf8d59e8b65bfcc7b4c905dc83a5afcf2,3,3,0.9940715432167053,0.9943045377731323,0.9964017868041992,0.9962262511253357,1.0
4a49bb20d4918f3174ea9e5a146bd8e6157126be,2,1,0.9853063225746155,0.9853063225746155,0.9853063225746155,0.9853063225746155,1.0
6bdc90b3ad6f8afef3eefd849cee71ffb5da8a09,2,1,0.9733482003211975,0.9733482003211975,0.9733482003211975,0.9733482003211975,1.0
d43bdf093a360eb03a4a3f18a7412f4ef349b72f,2,1,0.9720444083213806,0.9720444083213806,0.9720444083213806,0.9720444083213806,1.0
86d986ac520f732897fbce862066b98a4f44dc60,2,1,0.9504287242889404,0.9504287242889404,0.9504287242889404,0.9504287242889404,1.0
6999980bab81577c5ce8cb411a578450cbe8a33f,2,1,0.9577121138572693,0.9577121138572693,0.9577121138572693,0.9577121138572693,1.0
ae19ccede77d4b3684610cd32ddd6afbf455d6d6,2,1,0.9898151159286499,0.9898151159286499,0.9898151159286499,0.9898151159286499,1.0
b3b63f6875fa95a1ff921d63ef63e0106084f74e,2,1,0.95990389585495,0.95990389585495,0.95990389585495,0.95990389585495,1.0
6e2e252f1d574865030103bcb0cc214c57193cb5,3,3,0.9527757167816162,0.9532765746116638,0.9577842950820923,0.9573543667793274,1.0
05e79b275f3b23af894db5482aa9e594c58367b1,2,1,0.971709668636322,0.971709668636322,0.971709668636322,0.971709668636322,1.0
4ff69f58d98013a85adf08df21a9d20e3938459d,2,1,0.9804152250289917,0.9804152250289917,0.9804152250289917,0.9804152250289917,1.0
7cea49b7fbe8466eef4db4b749e8b054f9f099b6,2,1,0.9772893190383911,0.9772893190383911,0.9772893190383911,0.9772893190383911,1.0
bb928fbcb25ae25734fe11da25dd305fe09144af,2,1,0.9639784097671509,0.9639784097671509,0.9639784097671509,0.9639784097671509,1.0
7ca713b74290d203b8888acc3f7853a3e44e0e2c,2,1,0.9621230363845825,0.9621230363845825,0.9621230363845825,0.9621230363845825,1.0
ecbfa1d4595662e45227821e12e785c881b7ba0c,3,3,0.9544009566307068,0.9561347365379333,0.9717386960983276,0.9662798047065735,1.0
1f81d0dd8989812927c105349e5d69f94e113be4,2,1,0.9614052772521973,0.9614052772521973,0.9614052772521973,0.9614052772521973,1.0
630a0ec28b6f24ab11c7650a8603baff0b19c0d0,2,1,0.9762762784957886,0.9762762784957886,0.9762762784957886,0.9762762784957886,1.0
2db27c87ed733c3991efc3b08ad5d4280de649c7,2,1,0.9590613842010498,0.9590613842010498,0.9590613842010498,0.9590613842010498,1.0
f4a3e5df910f4cc362c2fa849d0a74e2ce9fc733,2,1,0.9604007601737976,0.9604007601737976,0.9604007601737976,0.9604007601737976,1.0
acd804aea5e43398e7ecad43980aed6934f62818,2,1,0.9857677221298218,0.9857677221298218,0.9857677221298218,0.9857677221298218,1.0
65b5f938e046f5f34b265f0427dcb670d8ea0b6f,2,1,0.9917690753936768,0.9917690753936768,0.9917690753936768,0.9917690753936768,1.0
83d5802b731016ac8dfaf0e1d5e170320c64ce7b,3,3,0.978604793548584,0.9786443114280701,0.9789998531341553,0.9840593338012695,1.0
f6310e2db3a2692a11ff741ebb0203d219a3bf1c,2,1,0.9801809191703796,0.9801809191703796,0.9801809191703796,0.9801809191703796,1.0
0c69c161d7fd78693bc4a2505b29ddb8ec61a96a,2,1,0.9682444930076599,0.9682444930076599,0.9682444930076599,0.9682444930076599,1.0
938464559a7b324f9b92bb51b55aad28c693b9a2,2,1,0.9720278978347778,0.9720278978347778,0.9720278978347778,0.9720278978347778,1.0
e16e3d0eec1a8eef172ab4dcbf92b77e34bf31f1,2,1,0.9794639945030212,0.9794639945030212,0.9794639945030212,0.9794639945030212,1.0
ff391cea904e13bf8474f193e4e160d74a98c4d8,3,3,0.9616731405258179,0.9617934226989746,0.9628759622573853,0.9628164768218994,1.0
dbf0c84c66c2b3d187c19f7b15d39673892162b1,2,1,0.9706474542617798,0.9706474542617798,0.9706474542617798,0.9706474542617798,1.0
d5067afcfff10ad094ccfa22cd569eda88b3050e,3,3,0.9641164541244507,0.9648072123527527,0.9710239171981812,0.9713351130485535,1.0
069c8af15c4c4843cf10151c91e9e64f57d4746e,4,6,0.9615041613578796,0.9639604687690735,0.9810218811035156,0.9772188067436218,1.0
293652510892b26ca11ec726db48826f0378f12f,2,1,0.9640214443206787,0.9640214443206787,0.9640214443206787,0.9640214443206787,1.0
62f68b19a28b49c190aa3b80937bf9764a750e7b,2,1,0.9558159112930298,0.9558159112930298,0.9558159112930298,0.9558159112930298,1.0
0b1fab4da24d4aeb886de1a28f30a39ce0f5c410,2,1,0.9512874484062195,0.9512874484062195,0.9512874484062195,0.9512874484062195,1.0
de4ef50cf218eb09166ac6c732cdf46d662016cc,2,1,0.9683055877685547,0.9683055877685547,0.9683055877685547,0.9683055877685547,1.0
f52fc4be08510e72874951cbbceb866b72d26025,3,3,0.9591343402862549,0.9612531065940857,0.9803219437599182,0.9764197468757629,1.0
a5874ef051f5dfa0b2999fd638127a4b6eb90fe7,2,1,0.9740660190582275,0.9740660190582275,0.9740660190582275,0.9740660190582275,1.0
d61979cc42de52d8b989fec14bf3784a69e5d4ab,3,3,0.9631185531616211,0.9635862112045288,0.9677951335906982,0.972724437713623,1.0
3518c96375d0110adf12945cd9f3c9242a7b3b37,2,1,0.9666877388954163,0.9666877388954163,0.9666877388954163,0.9666877388954163,1.0
e6116e50d996b4421edb0848c0fbc80c660f84e1,5,10,0.9600735902786255,0.9624661803245544,0.9736177325248718,0.9776381254196167,1.0
b98144647316790f6423b1b0e250986349d9323b,2,1,0.9739112854003906,0.9739112854003906,0.9739112854003906,0.9739112854003906,1.0
6577fc18bb144cbc3491447aab7a5220a1cfc9c1,3,3,0.9609643816947937,0.9609922170639038,0.9612429738044739,0.9681221842765808,1.0
cb2e04200c9a4ff7f51616987e17cf381f2d7d5d,2,1,0.9809368848800659,0.9809368848800659,0.9809368848800659,0.9809368848800659,1.0
f3111a580ba0cf726e559efbb2d46023eb9fedb9,4,6,0.9637091159820557,0.9639765620231628,0.9700908064842224,0.9738864302635193,1.0
7266c39ec441752bda579a9fcbde7eefc248b41d,3,3,0.9580585360527039,0.9595921635627747,0.9733949303627014,0.9719007015228271,1.0
54f8736e9d539c729298556302f1efdf131dbbc9,3,3,0.9675992727279663,0.9688960909843445,0.9805676937103271,0.9797394275665283,1.0
89ded230fb37b63ade5a2d503748aae51a77b124,2,1,0.9507931470870972,0.9507931470870972,0.9507931470870972,0.9507931470870972,1.0
40e74b492fa41e338b264eee61e58c2976d6c81f,2,1,0.975604772567749,0.975604772567749,0.975604772567749,0.975604772567749,1.0
2527cf3962a3455e303b2e34dbf06f7451e30bc2,2,1,0.9719666838645935,0.9719666838645935,0.9719666838645935,0.9719666838645935,1.0
40aac6d84338a6ff0a5c34c69fa67f3a8df42f36,2,1,0.9738039374351501,0.9738039374351501,0.9738039374351501,0.9738039374351501,1.0
0725271d619fc2c143413f020cd9b7869aacec8e,2,1,0.9969830513000488,0.9969830513000488,0.9969830513000488,0.9969830513000488,1.0
6a29ae6f05f4e3b6df3169fc35b8be33f65065b2,2,1,0.9862908124923706,0.9862908124923706,0.9862908124923706,0.9862908124923706,1.0
80aa3ea7c83b0b6503e0f893afbf38cacb601ecd,2,1,0.9798426628112793,0.9798426628112793,0.9798426628112793,0.9798426628112793,1.0
3e86b41d2148930c6aa38457a46e257cbbf05f43,2,1,0.975921094417572,0.975921094417572,0.975921094417572,0.975921094417572,1.0
2590db7e436123fd9940136d4fd50d05e956158e,2,1,0.9888716340065002,0.9888716340065002,0.9888716340065002,0.9888716340065002,1.0
223a0601520c1082851448f526b73b0e2763776d,2,1,0.9647097587585449,0.9647097587585449,0.9647097587585449,0.9647097587585449,1.0
96ee539b64c7ab9bed5894741664b9ae556affc2,2,1,0.9743573665618896,0.9743573665618896,0.9743573665618896,0.9743573665618896,1.0
8ab8a4391ed0c06a177931b3ca98e919a6c8b849,2,1,0.9817759990692139,0.9817759990692139,0.9817759990692139,0.9817759990692139,1.0
1fb20f1fa0e8293d2ede02452915d527e07f2002,2,1,0.9781354665756226,0.9781354665756226,0.9781354665756226,0.9781354665756226,1.0
8f80c0c665299a97111d45763c7bad17d7c18c88,2,1,0.9614906311035156,0.9614906311035156,0.9614906311035156,0.9614906311035156,1.0
4cb921daf04010d51f20ca518d6bde69b03024c0,2,1,0.9627962112426758,0.9627962112426758,0.9627962112426758,0.9627962112426758,1.0
48174d14e0d85ff748c503bb2c128dfaeb27cd82,2,1,0.9574481248855591,0.9574481248855591,0.9574481248855591,0.9574481248855591,1.0
abb7f3d15baf8834cb04ebb8f0825aa0c9a3929d,3,3,0.9693763256072998,0.9703967571258545,0.9795804619789124,0.9772571921348572,1.0
3af5e5a716b964e649f385106f2fc63e11644a8a,2,1,0.9769786596298218,0.9769786596298218,0.9769786596298218,0.9769786596298218,1.0
53fd2f6c42f177936f47b8a43b86da1b5531c229,2,1,0.9892359972000122,0.9892359972000122,0.9892359972000122,0.9892359972000122,1.0
927a8467ebd25e39683d167a442e9aed200162f5,4,6,0.9624355435371399,0.9627549648284912,0.9668756723403931,0.9710654616355896,1.0
7d2b766ec83e07c6067b2d79b391e3de8d987145,2,1,0.9542711973190308,0.9542711973190308,0.9542711973190308,0.9542711973190308,1.0
0bbfd2f5b7d45680c975b8d8a7b3a49e612fba7b,3,3,0.9840415716171265,0.9840474128723145,0.9840999841690063,0.9861457943916321,1.0
01f885e011a8da950d9096352079d70ff1cb996b,3,3,0.97747802734375,0.9776808023452759,0.9795056581497192,0.9824269413948059,1.0
49c0321257fa1c8ec62a513ae738648faa8c20ec,2,1,0.971091628074646,0.971091628074646,0.971091628074646,0.971091628074646,1.0
d6d2082e989f3e86fb11d3c45f8639ba6f7c4b88,2,1,0.9670780897140503,0.9670780897140503,0.9670780897140503,0.9670780897140503,1.0
72a0aace274e9578fe0818d002ee4d743d5f5c4b,2,1,0.9768081903457642,0.9768081903457642,0.9768081903457642,0.9768081903457642,1.0
2ff6c7699e663d4a72f377587482ca6b77dc776a,2,1,0.9616057276725769,0.9616057276725769,0.9616057276725769,0.9616057276725769,1.0
807d2128811f7c7c5d3f1f78f3cf42ec9233912e,2,1,0.9872751235961914,0.9872751235961914,0.9872751235961914,0.9872751235961914,1.0
5ee6f639f58aceffa88d464c771673353d2fd27d,2,1,0.9624605774879456,0.9624605774879456,0.9624605774879456,0.9624605774879456,1.0
a2848afa85cb922675ecf83619121a26f502998f,2,1,0.9750313758850098,0.9750313758850098,0.9750313758850098,0.9750313758850098,1.0
5e348d28e02f9bc31154b36a38ed4aec81e58cbd,4,6,0.9717029929161072,0.9734369516372681,0.9826135635375977,0.9824337959289551,1.0
1fc350f6c219b429aaa72978966251513a6b1be4,2,1,0.988839864730835,0.988839864730835,0.988839864730835,0.988839864730835,1.0
709ffb5597a0ac091ddba367806c939ea971475b,4,6,0.9766720533370972,0.9776679873466492,0.9820560812950134,0.9836466312408447,1.0
cb3b87a9111efa080e5dda7433acaf503b4a1e45,2,1,0.9527004957199097,0.9527004957199097,0.9527004957199097,0.9527004957199097,1.0
2cd243d418bfd28ca7c8fdd063c38771f85d7054,3,3,0.9581459760665894,0.960551381111145,0.9821999073028564,0.9750328660011292,1.0
cac116cf5a47020a79e234b75d4602559d6b109a,2,1,0.9620653390884399,0.9620653390884399,0.9620653390884399,0.9620653390884399,1.0
ac3e3e8ac46a307221118f17c127be7733e30d1b,2,1,0.9647347927093506,0.9647347927093506,0.9647347927093506,0.9647347927093506,1.0
61ed98818c9e6770cf5f00a11ea8fd5dbbf3007d,2,1,0.9738391637802124,0.9738391637802124,0.9738391637802124,0.9738391637802124,1.0
5284406b433ff56c8761f88751f2e2a2deda31de,2,1,0.9838905930519104,0.9838905930519104,0.9838905930519104,0.9838905930519104,1.0
3b222adf86c046ff70f09dce95f74ff243f9b11f,3,3,0.9694295525550842,0.9699915051460266,0.9750491976737976,0.9776320457458496,1.0
15071899f6fae4884c1e3f87aa1fc5f56890cef3,2,1,0.9570642113685608,0.9570642113685608,0.9570642113685608,0.9570642113685608,1.0
baa3eaaafd043f4eb0cc1831dfd432e28b58ea17,2,1,0.98475182056427,0.98475182056427,0.98475182056427,0.98475182056427,1.0
10359a40aa79a3bfc3a77ad8523177ef874b4732,3,3,0.972349226474762,0.9731613993644714,0.9804707169532776,0.9783933162689209,1.0
1d4d16c672f657d541ce6351d3044c5bfb95bef8,2,1,0.9700202941894531,0.9700202941894531,0.9700202941894531,0.9700202941894531,1.0
f59d098ae6130eb3a6816c78a3f29581be843573,2,1,0.9868060350418091,0.9868060350418091,0.9868060350418091,0.9868060350418091,1.0
dc24d057c695da950b4d0a705a45d407756429f0,2,1,0.9532808661460876,0.9532808661460876,0.9532808661460876,0.9532808661460876,1.0
5d1ba2296db6f9c6832b446307bb897e3b135ea9,2,1,0.958783745765686,0.958783745765686,0.958783745765686,0.958783745765686,1.0
a08ee2dc6be19fcddf8b947f4926c291d7b50d46,2,1,0.9750056266784668,0.9750056266784668,0.9750056266784668,0.9750056266784668,1.0
b163ef5c826fd19157a7ec251451d650392f925b,2,1,0.9738974571228027,0.9738974571228027,0.9738974571228027,0.9738974571228027,1.0
e7de68c9aae9f4fdad724fc837a5d2635edf0d1d,2,1,0.9509838819503784,0.9509838819503784,0.9509838819503784,0.9509838819503784,1.0
4fa528ded72b5c934815721d97d08b446bc66f74,3,3,0.9617936611175537,0.9619864821434021,0.963721752166748,0.9656384587287903,1.0
a1687d61e32c452647a63dfeaca0466a24ba47a9,2,1,0.950347900390625,0.950347900390625,0.950347900390625,0.950347900390625,1.0
994dd0df844db7b54917715cbcaa8db35b0f63a1,3,3,0.9621624946594238,0.962577760219574,0.9663149118423462,0.9674455523490906,1.0
1b9e66b70285414bb6e2409876e107bdbcc64796,2,1,0.9847091436386108,0.9847091436386108,0.9847091436386108,0.9847091436386108,1.0
72b11480a7df62b089fd61c4c99d614bed74368c,2,1,0.9789431095123291,0.9789431095123291,0.9789431095123291,0.9789431095123291,1.0
d727e1f27200f12d1e74c9c50ac52f9fa4dbcf04,2,1,0.9659385681152344,0.9659385681152344,0.9659385681152344,0.9659385681152344,1.0
051d6a8e63cd68b765fedb95ece2d9e246f0f36e,3,3,0.9534165859222412,0.955566942691803,0.9749200344085693,0.9717009663581848,1.0
58f1a77eb921ee72b1cb95eaf0e613ca5b45d66b,2,1,0.9576730728149414,0.9576730728149414,0.9576730728149414,0.9576730728149414,1.0
e3f277458227a2d4d31e064eb6f45f58b57665bb,2,1,0.9659047722816467,0.9659047722816467,0.9659047722816467,0.9659047722816467,1.0
eaef4c5926bda5589ffc7ac02ad6e4f9812e1d24,2,1,0.9628908038139343,0.9628908038139343,0.9628908038139343,0.9628908038139343,1.0
f868199cdb068f7f744d3c14896b4377158ffafd,2,1,0.9689651727676392,0.9689651727676392,0.9689651727676392,0.9689651727676392,1.0
09da47d423c30fca92857bf1dc226d9c2a8dc537,2,1,0.9749570488929749,0.9749570488929749,0.9749570488929749,0.9749570488929749,1.0
5800460a04607e32b99d5a61c71c54daefa08c02,2,1,0.955560564994812,0.955560564994812,0.955560564994812,0.955560564994812,1.0
dc908bf715e3821fe6bee9e898cf4c5fc787f23d,3,3,0.9527620077133179,0.9534339308738708,0.9594813585281372,0.9591197967529297,1.0
fa0f7b7a7a5a9ef2e03687a9aee56207f5766f46,2,1,0.9870838522911072,0.9870838522911072,0.9870838522911072,0.9870838522911072,1.0
f046aa725b96b0fc0b1db825a0d30d6c29177b06,2,1,0.977212131023407,0.977212131023407,0.977212131023407,0.977212131023407,1.0
434bf6436e92caaad219d67762766b0526ae2850,2,1,0.9842436909675598,0.9842436909675598,0.9842436909675598,0.9842436909675598,1.0
3865405bd30f8a8a518f8a3e27b57b5fef0a1664,3,3,0.9681565165519714,0.9684798717498779,0.9713897705078125,0.9750835299491882,1.0
3a1a5e0cb9ccec44c71f89415b0b32c8c6c85dbb,2,1,0.9783654808998108,0.9783654808998108,0.9783654808998108,0.9783654808998108,1.0
a911b3ed544da2361f5f8c72f31a5b757740308c,2,1,0.9903898239135742,0.9903898239135742,0.9903898239135742,0.9903898239135742,1.0
f3c8bf5bb765fcaccd8a1fc5636e19bcd76b4df4,3,3,0.9649205207824707,0.9654496312141418,0.9702114462852478,0.9714362025260925,1.0
7260097119897eee156537799e1e5fd48aa7fd6b,2,1,0.9851388931274414,0.9851388931274414,0.9851388931274414,0.9851388931274414,1.0
22ae7b7f9df4beab969dbc6f29747d3c4912d2b1,2,1,0.9777769446372986,0.9777769446372986,0.9777769446372986,0.9777769446372986,1.0
5f25b17b6f51eba96eb9ed00bc80e400fb900716,4,6,0.9709889888763428,0.9714610576629639,0.9815565347671509,0.980434238910675,1.0
9c5d85799351d8e67bc4b9c763790ccac87a25ec,3,3,0.9665019512176514,0.9668905735015869,0.9703882932662964,0.9751741886138916,1.0
54aa1a5430ba95054c1df5fe6b4d0b001d8134ce,2,1,0.9700096249580383,0.9700096249580383,0.9700096249580383,0.9700096249580383,1.0
db6310aeab4ba282cc89fe0dd4135b51bc3e5c0c,2,1,0.9508318901062012,0.9508318901062012,0.9508318901062012,0.9508318901062012,1.0
707720097fc497da15839becb29c51a83192a9d8,2,1,0.9702428579330444,0.9702428579330444,0.9702428579330444,0.9702428579330444,1.0
a5da31010e94a867570c6833b3efd29ecba330ec,3,3,0.9629897475242615,0.9632664918899536,0.9657571315765381,0.9686583876609802,1.0
4c626d7bbe09afb695de9e5ef47adee9000ab487,3,3,0.9563618898391724,0.9569392204284668,0.9621350765228271,0.9628093838691711,1.0
74138e9b84cdafb371b3b4e794839160bb2b01ae,2,1,0.9748193025588989,0.9748193025588989,0.9748193025588989,0.9748193025588989,1.0
20296fa935a9c05dd0a455e596e90aa08cbe6518,2,1,0.9688725471496582,0.9688725471496582,0.9688725471496582,0.9688725471496582,1.0
75abc81f61566bd98443d6699cb2bd5782c440bf,2,1,0.9630708694458008,0.9630708694458008,0.9630708694458008,0.9630708694458008,1.0
e73163c45889b21b718b01c91832e8dc4e488ca0,4,6,0.9637836813926697,0.9645989537239075,0.9738798141479492,0.9744769930839539,1.0
f3b20b15b033919988d97b15649ac586a3a89df4,2,1,0.9628766775131226,0.9628766775131226,0.9628766775131226,0.9628766775131226,1.0
d5a3f975992fd85c7942487ccc14f6e1034cde8f,2,1,0.9757900834083557,0.9757900834083557,0.9757900834083557,0.9757900834083557,1.0
5d88fdb5f971a64bc4cb30eb5e5b93c4a312bdff,2,1,0.9754186868667603,0.9754186868667603,0.9754186868667603,0.9754186868667603,1.0
3205aeafba7a1bf1e7025b520aba79c1404ad0af,2,1,0.9745522737503052,0.9745522737503052,0.9745522737503052,0.9745522737503052,1.0
cf592c9f07179c2277ceb7091f084f3f323198ac,2,1,0.9773530960083008,0.9773530960083008,0.9773530960083008,0.9773530960083008,1.0
deb8bc22139e60647ffa0c7bd4bbd543d9fcf14f,2,1,0.9939484596252441,0.9939484596252441,0.9939484596252441,0.9939484596252441,1.0
fc7192c99ead8cf9db492085d6e519b1c46d010e,2,1,0.9766757488250732,0.9766757488250732,0.9766757488250732,0.9766757488250732,1.0
126b79770461f1c0c9b78ab433a48eee7f999520,2,1,0.9663019776344299,0.9663019776344299,0.9663019776344299,0.9663019776344299,1.0
8d573d91fadb2c462c5e58f45517261c237d86a4,3,3,0.9717918038368225,0.9722393751144409,0.9762674570083618,0.9802413582801819,1.0
111f0a7a07bf02366d56aea3a2cfe85942ee2717,2,1,0.9792640209197998,0.9792640209197998,0.9792640209197998,0.9792640209197998,1.0
0591ef6f8656ccb3a0a8d3c893ea47a7a4363bc3,2,1,0.970514714717865,0.970514714717865,0.970514714717865,0.970514714717865,1.0
f940afd81f693b0e5d9be6d088b98111d213489a,2,1,0.9552887678146362,0.9552887678146362,0.9552887678146362,0.9552887678146362,1.0
d06aa9ef6b81eb43524cb5701511507e5d5efd1b,2,1,0.9694669842720032,0.9694669842720032,0.9694669842720032,0.9694669842720032,1.0
c85e69e320e6288fe3709f716610e5032d87beff,2,1,0.978261411190033,0.978261411190033,0.978261411190033,0.978261411190033,1.0
f68b7c1215eb820c59b81be94894ff4eea7e7585,2,1,0.9590973854064941,0.9590973854064941,0.9590973854064941,0.9590973854064941,1.0
4dd225bd73cb94feab433cca9301969b73ca4bdc,3,3,0.9839642643928528,0.984391450881958,0.9882363677024841,0.9889470934867859,1.0
ab01b9320922707b834046e787d817f59d3bd801,2,1,0.9517226815223694,0.9517226815223694,0.9517226815223694,0.9517226815223694,1.0
4f17c672b8bbf681be058a6eda4b684a0b5504e9,2,1,0.9520543813705444,0.9520543813705444,0.9520543813705444,0.9520543813705444,1.0
0c741f86c00d419acded84a8e8297ddbe1e340db,2,1,0.9713190197944641,0.9713190197944641,0.9713190197944641,0.9713190197944641,1.0
b619857f298aa79f2ef3701c2646d5350dc792a6,2,1,0.9619615077972412,0.9619615077972412,0.9619615077972412,0.9619615077972412,1.0
ec8fd751cc75da5b74d371ea5716de62d014e4ec,2,1,0.978512167930603,0.978512167930603,0.978512167930603,0.978512167930603,1.0
c76e4c618721875014ba29a35e5239cdf242d351,3,3,0.9739154577255249,0.974070131778717,0.9754620790481567,0.9819791913032532,1.0
c8bb488c22d43eb91bf8858b773bf6e16d40ab22,3,3,0.9735594987869263,0.9745988845825195,0.983953058719635,0.9814863801002502,1.0
e2e1754995ad925c06c1cc96e9856c87fbb8892d,2,1,0.9606188535690308,0.9606188535690308,0.9606188535690308,0.9606188535690308,1.0
65385740ed71ebad7f58adfb39f858e70edacb28,3,3,0.9606572389602661,0.9609279632568359,0.96336430311203,0.9635341763496399,1.0
b3fedf83fdfdbb5ec2114bfe917d655a3848efb3,4,6,0.962411642074585,0.9626092910766602,0.9724398851394653,0.9735668301582336,1.0
558731180da5eaf564edc553725222068e43e267,2,1,0.9838752746582031,0.9838752746582031,0.9838752746582031,0.9838752746582031,1.0
c4b9c47b9a29d6394419156c437b6ea79a5f5ec3,3,3,0.9706320762634277,0.970894455909729,0.9732556343078613,0.9760954976081848,1.0
7bfc9a34c272cf7ac5dd14be5ecb0283bd36210e,2,1,0.9857993721961975,0.9857993721961975,0.9857993721961975,0.9857993721961975,1.0
5795b73a734c664868807d17d72840c1d0340d2c,2,1,0.9852969646453857,0.9852969646453857,0.9852969646453857,0.9852969646453857,1.0
db71c4686af022bb885791fde737765d3c9ac2d0,2,1,0.9554297924041748,0.9554297924041748,0.9554297924041748,0.9554297924041748,1.0
b7b13f85c254b578893e608a562e7b9ec101b707,2,1,0.9681147933006287,0.9681147933006287,0.9681147933006287,0.9681147933006287,1.0
0a4930ed8ea4cdc256f60591c6f566b9e4b17d05,3,3,0.9575562477111816,0.958226203918457,0.9642560482025146,0.9676132202148438,1.0
925b9832c09a21142933480de48f9eea590ff079,2,1,0.9913702011108398,0.9913702011108398,0.9913702011108398,0.9913702011108398,1.0
4ab312c182b550a715aa16487247c166ecc963b1,2,1,0.960880696773529,0.960880696773529,0.960880696773529,0.960880696773529,1.0
1b2677eb234530e0d838d80e3134a2f7314a0837,4,6,0.9619461297988892,0.962672233581543,0.9677837491035461,0.9713513851165771,1.0
7bc3947851c2ca8cdfe7a9a39a053741f8b96459,2,1,0.9782559871673584,0.9782559871673584,0.9782559871673584,0.9782559871673584,1.0
a6a6d9577e0cc9bd8e1dff924e6576367fd2dc5b,2,1,0.9807776212692261,0.9807776212692261,0.9807776212692261,0.9807776212692261,1.0
f0770a38c1a8589c7c3a2d33818b262d1a832f08,2,1,0.9618502855300903,0.9618502855300903,0.9618502855300903,0.9618502855300903,1.0
2f19f5a2638aa30c8420ac2d5934a396763a176b,2,1,0.9836269617080688,0.9836269617080688,0.9836269617080688,0.9836269617080688,1.0
c0161889e55112d92b2543872a4032e395d67a0e,3,3,0.9763576984405518,0.9764693975448608,0.977474570274353,0.9815248847007751,1.0
c9b0f85eed3c71c084e5671fd0b50e39105b6ba3,2,1,0.9591237902641296,0.9591237902641296,0.9591237902641296,0.9591237902641296,1.0
4ab69e51065b275789d66eaf0736b36ccc443885,2,1,0.950177788734436,0.950177788734436,0.950177788734436,0.950177788734436,1.0
ea40e7cb531ced7475197477bd617a42c5a13083,3,3,0.9606170654296875,0.9617324471473694,0.9717708826065063,0.9693493843078613,1.0
cae583873f24747496734fd6aedfe5dfc9e7e5d6,3,3,0.9676781892776489,0.9682152271270752,0.9730483889579773,0.9748902320861816,1.0
651d7868c56a60781a4f8b61e3cd42f3f8adb3b6,3,3,0.961605966091156,0.9618135094642639,0.9636813402175903,0.9633499979972839,1.0
e94bfe748a4a9697caef4a1622893474d8b91b62,2,1,0.962332546710968,0.962332546710968,0.962332546710968,0.962332546710968,1.0
ea0ae4be543024d5750f2cffcb8f9f4db855e6d1,2,1,0.9644442796707153,0.9644442796707153,0.9644442796707153,0.9644442796707153,1.0
c2e5580fb7b5044cf60d9443d9a2315dd2ed2823,2,1,0.9719482660293579,0.9719482660293579,0.9719482660293579,0.9719482660293579,1.0
3f94ffe28a37ba969db9242a8037384053c09ab7,2,1,0.9544099569320679,0.9544099569320679,0.9544099569320679,0.9544099569320679,1.0
bd19f6299ece5656628abca2a0d05ef5ffd842ed,2,1,0.9565399289131165,0.9565399289131165,0.9565399289131165,0.9565399289131165,1.0
56baa318212b026c5f4d24f4ae1c9018888e4b45,2,1,0.9550910592079163,0.9550910592079163,0.9550910592079163,0.9550910592079163,1.0
f6d7b083034ce5614dbbec0ef76b3ed5bb51929f,2,1,0.9814671277999878,0.9814671277999878,0.9814671277999878,0.9814671277999878,1.0
dd0e35817bd03762c7512af36f1aa4fd2f5c6a0d,4,6,0.9545261263847351,0.9553543925285339,0.9692959785461426,0.9697985649108887,1.0
f91f8446d9874242d201ccc5247b1b330b5c2606,2,1,0.9865677952766418,0.9865677952766418,0.9865677952766418,0.9865677952766418,1.0
7ff9951b6d6cfca0562251a606e785527e9219df,3,3,0.9822289943695068,0.9822863340377808,0.982802152633667,0.9846310615539551,1.0
0926e44d7055cde934905ddba59febd41ef62d32,3,3,0.9527274966239929,0.953335165977478,0.9588044881820679,0.9585521817207336,1.0
89b5454e0ce51304fa9ecce920651ee22a456915,2,1,0.9539090394973755,0.9539090394973755,0.9539090394973755,0.9539090394973755,1.0
c6e7413ffae7268c2e001f4bcc6b7e3b9306f237,2,1,0.9563406705856323,0.9563406705856323,0.9563406705856323,0.9563406705856323,1.0
baabef50b9cd56811328b7f285911d39537623e4,2,1,0.9735809564590454,0.9735809564590454,0.9735809564590454,0.9735809564590454,1.0
3bc2cd3f7d1181be3b67e5b1bd04b82a3b909ee6,2,1,0.9698325395584106,0.9698325395584106,0.9698325395584106,0.9698325395584106,1.0
53557c0bc964655d1f858a1b1b3c87d280ccac4e,2,1,0.9813292622566223,0.9813292622566223,0.9813292622566223,0.9813292622566223,1.0
ce941ed81205789f02e7f0dab44a79d95ada97eb,2,1,0.9559773802757263,0.9559773802757263,0.9559773802757263,0.9559773802757263,1.0
d59bfcfdcf0f79633f4b5d77a2ec2d1d1ca95c95,2,1,0.9675906896591187,0.9675906896591187,0.9675906896591187,0.9675906896591187,1.0
db2c77af2503915b1a6ea805667ac064642dad64,2,1,0.9738554954528809,0.9738554954528809,0.9738554954528809,0.9738554954528809,1.0
60d081c879680673e928f2e857c32e094b20bb26,2,1,0.9702804088592529,0.9702804088592529,0.9702804088592529,0.9702804088592529,1.0
a48434b8dc732a8a9737ed3961f6cec0dbe042ee,2,1,0.983055591583252,0.983055591583252,0.983055591583252,0.983055591583252,1.0
1430e43ceb20b59c51dd03fb006b146cacb8a95d,2,1,0.9908289909362793,0.9908289909362793,0.9908289909362793,0.9908289909362793,1.0
bd289c39d70cbbc9a558715db3b4e9fbd03e925a,2,1,0.9709271192550659,0.9709271192550659,0.9709271192550659,0.9709271192550659,1.0
46ca0b4eda377c667e295ea4fe8cdd2970f9aba3,2,1,0.9547002911567688,0.9547002911567688,0.9547002911567688,0.9547002911567688,1.0
4e2b15b7715db0c6d1e7e4f375668b70ce5fa338,2,1,0.9792878031730652,0.9792878031730652,0.9792878031730652,0.9792878031730652,1.0
51406332edd97735681a3802a871ed34dd09e57b,2,1,0.9717664122581482,0.9717664122581482,0.9717664122581482,0.9717664122581482,1.0
9469539fb4684766d75655d50780bad53687aa66,2,1,0.9725435972213745,0.9725435972213745,0.9725435972213745,0.9725435972213745,1.0
dc51f2ca521c1789d4f0009ff6c6e2c837c3b74f,3,3,0.9759960174560547,0.9760968089103699,0.9770041704177856,0.9827225804328918,1.0
f5c0583984fbc7e40b278bd1fffaa94c9c8cccfc,2,1,0.9796935319900513,0.9796935319900513,0.9796935319900513,0.9796935319900513,1.0
9dbbf728e8b089006a6885f085e1406cc2866f8c,2,1,0.9974560141563416,0.9974560141563416,0.9974560141563416,0.9974560141563416,1.0
4723be399fca1864465a8369227524b6028f1816,2,1,0.9576224684715271,0.9576224684715271,0.9576224684715271,0.9576224684715271,1.0
58d810ed20b0c66e9cb37923c3da85ef833617db,2,1,0.9681721329689026,0.9681721329689026,0.9681721329689026,0.9681721329689026,1.0
ab61634c200e5138a5006445777249e7363e6a32,3,3,0.9687474370002747,0.9689733982086182,0.9710069894790649,0.9717216491699219,1.0
f6b2ce10a01a491260ed643223538e33de1c76d8,2,1,0.9639976024627686,0.9639976024627686,0.9639976024627686,0.9639976024627686,1.0
593810cde6e6705d13765a6f32ca839baad4386e,2,1,0.9676712155342102,0.9676712155342102,0.9676712155342102,0.9676712155342102,1.0
2b7f7c0913a9b7de048ce5b9258565cd103568a7,2,1,0.9563889503479004,0.9563889503479004,0.9563889503479004,0.9563889503479004,1.0
00bc96dcc11234a207c405d6caefd4b7bd10457e,3,3,0.9554910063743591,0.9560797810554504,0.9613786935806274,0.9657638072967529,1.0
af7136042d7cc627e8c5709684a4e647c4844f86,2,1,0.9871099591255188,0.9871099591255188,0.9871099591255188,0.9871099591255188,1.0
db9a4530a0ef08f5b087b18c99c5929ee87092e3,2,1,0.9567103981971741,0.9567103981971741,0.9567103981971741,0.9567103981971741,1.0
59834a58ed66774b2668516800c75cb9dad3d367,3,3,0.9776626825332642,0.9777379035949707,0.9784148931503296,0.9785181879997253,1.0
28fd52622ea43efc55097ca9663252bdcccd005a,2,1,0.962507963180542,0.962507963180542,0.962507963180542,0.962507963180542,1.0
0dcf6a02fb70663e1c32096a3abbbe4a8f74e680,3,3,0.9553192853927612,0.9566286206245422,0.9684128761291504,0.9709470868110657,1.0
d38d8c2f330c5d417d89859c48b309ab76ab2cc0,2,1,0.9679893851280212,0.9679893851280212,0.9679893851280212,0.9679893851280212,1.0
7a07ef9fba78a55e21f131d5985c32df39a7e113,3,3,0.9525514841079712,0.9530437588691711,0.9574743509292603,0.9624190926551819,1.0
7e978b19516a21bfbe46db0922cca767ceeaaf78,2,1,0.981142520904541,0.981142520904541,0.981142520904541,0.981142520904541,1.0
c43ee3a0a4bd01c25bad7bbf2fc144e15f75d1f3,2,1,0.9855556488037109,0.9855556488037109,0.9855556488037109,0.9855556488037109,1.0
6f05e4268f6398b9dd17817e96b807160bb6192a,2,1,0.9859604239463806,0.9859604239463806,0.9859604239463806,0.9859604239463806,1.0
ff2488d1b4f4ba5ea87f044570ced5cf415192a9,2,1,0.9742546081542969,0.9742546081542969,0.9742546081542969,0.9742546081542969,1.0
2636a0e0ce4a6ddc6d3326e444b6c2e17dad3167,2,1,0.981625497341156,0.981625497341156,0.981625497341156,0.981625497341156,1.0
0d18fffe003dc0b57c5f1f9eae6d632abc54cf8c,2,1,0.9718986749649048,0.9718986749649048,0.9718986749649048,0.9718986749649048,1.0
fd8e82b3b098b45b72b96c7e6f294d9a2a08bb39,2,1,0.9578111171722412,0.9578111171722412,0.9578111171722412,0.9578111171722412,1.0
7cc35857e59c2d50b98f102abf11c3e2f564a419,2,1,0.9736132621765137,0.9736132621765137,0.9736132621765137,0.9736132621765137,1.0
1e4c277ae4df28aecfb6b284f99d0552ab4107b8,2,1,0.9794801473617554,0.9794801473617554,0.9794801473617554,0.9794801473617554,1.0
428e80cd12c2dacc8836edf780fc3df74e51bc89,3,3,0.9685893654823303,0.9688267111778259,0.9709627628326416,0.9703379273414612,1.0
48b361fc7558c005574bbb0f1da82784ad8bf951,2,1,0.9822203516960144,0.9822203516960144,0.9822203516960144,0.9822203516960144,1.0
accbd887f6787eaafede6a7a4e1c254b2161bc56,2,1,0.9797065258026123,0.9797065258026123,0.9797065258026123,0.9797065258026123,1.0
ff1fb18f306d604c69e5e4c6f96b411df4787e63,2,1,0.9651024341583252,0.9651024341583252,0.9651024341583252,0.9651024341583252,1.0
83e424673228c3b895bc0570d2107588dd351252,2,1,0.9833240509033203,0.9833240509033203,0.9833240509033203,0.9833240509033203,1.0
fccef22568c69de5c7433d2560df5a18728ef401,2,1,0.9595603942871094,0.9595603942871094,0.9595603942871094,0.9595603942871094,1.0
66571a2a45f639228fe4a42d156ac28e97d60359,2,1,0.9707906246185303,0.9707906246185303,0.9707906246185303,0.9707906246185303,1.0
a124b24e52c86312f5be6fabbc8bbd255e3612bb,2,1,0.9859445095062256,0.9859445095062256,0.9859445095062256,0.9859445095062256,1.0
9f6489d5ad95d29b9f593a77e0cb01238cc22c32,2,1,0.9831430912017822,0.9831430912017822,0.9831430912017822,0.9831430912017822,1.0
8a20f26a2fdc89d0e1c66d940364e6f2ff8e8727,3,3,0.9507672190666199,0.9514398574829102,0.957493782043457,0.9636942744255066,1.0
c8d14cf05010fd8583c9b64e71f8fdfbe7e3caf7,3,3,0.9580459594726562,0.9581401348114014,0.9589874148368835,0.966210663318634,1.0
09261db6ef74d118076749686a251c6c561de920,2,1,0.9682490825653076,0.9682490825653076,0.9682490825653076,0.9682490825653076,1.0
39ba3920e758107253a12b281677c11656790986,2,1,0.9753486514091492,0.9753486514091492,0.9753486514091492,0.9753486514091492,1.0
baefc71b4362fa1764dc1b8e73a089ec1f833434,2,1,0.9908199310302734,0.9908199310302734,0.9908199310302734,0.9908199310302734,1.0
b720dd611facbf4ad895258820f1cb60e0cef22c,2,1,0.9792686104774475,0.9792686104774475,0.9792686104774475,0.9792686104774475,1.0
350c0fb107bb85b6dce1afba560d2036c5eff978,2,1,0.9635246992111206,0.9635246992111206,0.9635246992111206,0.9635246992111206,1.0
b59a5605bba2d6a7172f7378e2d1ac20800d8589,2,1,0.9688974618911743,0.9688974618911743,0.9688974618911743,0.9688974618911743,1.0
8819758a01507031cef5ff5a64615db3ebfd4c76,2,1,0.9759759902954102,0.9759759902954102,0.9759759902954102,0.9759759902954102,1.0
7e47bc91e874a7ee63849e47adbe5008dcccb19c,3,3,0.9837714433670044,0.9841065406799316,0.9871222972869873,0.9860160946846008,1.0
1f22f3fa9b4eb3412d10d76dbfc6910511604512,3,3,0.9666826725006104,0.9671410322189331,0.9712660312652588,0.9704012274742126,1.0
9981b2091c4d23eccb06ad8f4287ba33e9f2c8dc,3,3,0.9518228769302368,0.9529754519462585,0.963348388671875,0.9613777995109558,1.0
be185d1ee295c2e29633bda7f1142e6b495653cc,3,3,0.9697960615158081,0.969998300075531,0.9718184471130371,0.9721288084983826,1.0
d5388ac6fa4c1f6ea075e673f8ab79fcaeae2f58,2,1,0.9845787882804871,0.9845787882804871,0.9845787882804871,0.9845787882804871,1.0
c45dca14d268c1aa9e6c30b1e2a2ec7f68e537ea,3,3,0.9842046499252319,0.9844111204147339,0.986269474029541,0.9867026209831238,1.0
033a2779f81ad9c5c0b91dca9ecd58b8c9f0bded,3,3,0.9844952821731567,0.9847957491874695,0.9875000715255737,0.9879105687141418,1.0
6a1d46aeca3ca1d7bb0ab0134db97207af779258,2,1,0.9723191857337952,0.9723191857337952,0.9723191857337952,0.9723191857337952,1.0
1f478c838cce0d7fac787c9eb44923880094427e,2,1,0.9688419103622437,0.9688419103622437,0.9688419103622437,0.9688419103622437,1.0
92f5928df38ecae7f7d279a3787e9f51b87eacac,2,1,0.9657237529754639,0.9657237529754639,0.9657237529754639,0.9657237529754639,1.0
95978214b0e72f5deec334bc4c70de5556297b6a,4,6,0.9697304368019104,0.9700860977172852,0.9772853851318359,0.978161096572876,1.0
d34a75d1735ff58c5e9ac6d05c77edb1c6590549,2,1,0.9909882545471191,0.9909882545471191,0.9909882545471191,0.9909882545471191,1.0
56619275fc903c3bff6e4b833430341082aa03cc,3,3,0.9806604385375977,0.9807889461517334,0.981945812702179,0.9821106791496277,1.0
3e9af74002ff50901cd0fcc458f2028659dd5bda,2,1,0.9709331393241882,0.9709331393241882,0.9709331393241882,0.9709331393241882,1.0
23499f39da8fe17ad09edbde4668ccfaafdd68b8,3,3,0.9522891640663147,0.9532932639122009,0.962330162525177,0.9592239260673523,1.0
875116037c694421c17add579b3801553796cf1d,2,1,0.9633501172065735,0.9633501172065735,0.9633501172065735,0.9633501172065735,1.0
69049805fb110fbc89285b7f2ffd2843790d6044,2,1,0.9745352864265442,0.9745352864265442,0.9745352864265442,0.9745352864265442,1.0
02b1635fd305c5412b107962c8364002ac27af7b,3,3,0.9612815380096436,0.9627143144607544,0.9756090044975281,0.9711864590644836,1.0
ef37a5e9a979fd9bc688e784ac0edb9d43b2d61d,2,1,0.9707096815109253,0.9707096815109253,0.9707096815109253,0.9707096815109253,1.0
bc272e962f63b39654c41874052a9c763829fe64,2,1,0.9557949304580688,0.9557949304580688,0.9557949304580688,0.9557949304580688,1.0
3dd77ac0377c86c22a68a2b415d90e68877d9115,2,1,0.9534751772880554,0.9534751772880554,0.9534751772880554,0.9534751772880554,1.0
1faed9201eec72cdfe949ad64e7d86d049171dca,2,1,0.9648541808128357,0.9648541808128357,0.9648541808128357,0.9648541808128357,1.0
613d44b0d90eba7ea344316cddf73f5675bbe98f,2,1,0.9831852912902832,0.9831852912902832,0.9831852912902832,0.9831852912902832,1.0
100fff820996032b3f6ec0f2b615a17bedd25da5,2,1,0.985073447227478,0.985073447227478,0.985073447227478,0.985073447227478,1.0
963c9e7219ad503ccdd59e478cb7ea4084bed16d,2,1,0.9750230312347412,0.9750230312347412,0.9750230312347412,0.9750230312347412,1.0
a2f5b503c1907dd90fa4d8c6df313258ccbb6c69,2,1,0.9661996960639954,0.9661996960639954,0.9661996960639954,0.9661996960639954,1.0
d990d0b47848f3b3742ec306b7a2be5c3b24ac92,3,3,0.9623045921325684,0.9625056982040405,0.9643158316612244,0.9723826050758362,1.0
a715f7a898e1642e63e3e35e5138d1bc78eb3bbb,2,1,0.9511171579360962,0.9511171579360962,0.9511171579360962,0.9511171579360962,1.0
4d3a00a1581c272d7804782aaf07cb26175c75e8,3,3,0.9646853804588318,0.965031087398529,0.9681422710418701,0.9760236740112305,1.0
c45da19d72cba667c720bdc9dcbec28aff1441a4,2,1,0.9772016406059265,0.9772016406059265,0.9772016406059265,0.9772016406059265,1.0
a97a9ce742d2ae34ed2542d035b4d537526072dd,2,1,0.9673302173614502,0.9673302173614502,0.9673302173614502,0.9673302173614502,1.0
e15ef6978d63bf854c487479031645ff855986ad,3,3,0.9720420837402344,0.9721460342407227,0.9730815291404724,0.98067706823349,1.0
73544b1c586c21bc0052b5fabaf1b8b874681da7,2,1,0.9865119457244873,0.9865119457244873,0.9865119457244873,0.9865119457244873,1.0
9d7c44fc1e24758e04486352234e55026f9fb9ad,2,1,0.9812361598014832,0.9812361598014832,0.9812361598014832,0.9812361598014832,1.0
8c73f99c854ae4214ad7519232ca954e410694fc,2,1,0.9716830253601074,0.9716830253601074,0.9716830253601074,0.9716830253601074,1.0
10d782f1199771af8cda75c377ad6b5c102e87d5,3,3,0.9762160778045654,0.9768611192703247,0.982666552066803,0.9805842041969299,1.0
88fc580b48a68f65c022a292245629c4eacb123d,3,3,0.960848867893219,0.9613263607025146,0.9656238555908203,0.9728357195854187,1.0
d95f33f5a5db273003bf928ae6a932588df85c64,2,1,0.9695454835891724,0.9695454835891724,0.9695454835891724,0.9695454835891724,1.0
67b01d42176c1b48f86acb975b7ccac1a074e12c,2,1,0.9766445159912109,0.9766445159912109,0.9766445159912109,0.9766445159912109,1.0
f1eccce437f6ce732f9bb01ff55e79c4755a7990,3,3,0.9934037923812866,0.9935036897659302,0.9944026470184326,0.9949383735656738,1.0
fbdab01a588d70218905024dae6d0cfeaa222cd3,2,1,0.9842774271965027,0.9842774271965027,0.9842774271965027,0.9842774271965027,1.0
7962847902b7ad9ff5a60ae3d995f4eb5e765ddb,2,1,0.9611248970031738,0.9611248970031738,0.9611248970031738,0.9611248970031738,1.0
f4415fc6133ebcca048e7bd6d2d80e11d5b3f0b5,2,1,0.9759723544120789,0.9759723544120789,0.9759723544120789,0.9759723544120789,1.0
102e324ede06706b6b0093a735757cacf08125be,2,1,0.9630794525146484,0.9630794525146484,0.9630794525146484,0.9630794525146484,1.0
c7c07d0738c5d70175d550a76d15e1976a6aa9f5,3,3,0.9786093235015869,0.9789599180221558,0.9821153283119202,0.9818913340568542,1.0
a6148c924e3f94ddb95539f7cdd2f867f9a2fcb3,2,1,0.9738038778305054,0.9738038778305054,0.9738038778305054,0.9738038778305054,1.0
5a459025003c537e969bbea89628fd5614fbf859,2,1,0.9824486374855042,0.9824486374855042,0.9824486374855042,0.9824486374855042,1.0
16d712cbd74fd325181d0af63daefe0eae66ab7f,2,1,0.957852840423584,0.957852840423584,0.957852840423584,0.957852840423584,1.0
280cce57c43a99b1b035ef7abfe5511414ebfe9e,2,1,0.9777356386184692,0.9777356386184692,0.9777356386184692,0.9777356386184692,1.0
09c3369086b6713a7eef22bed50ff8cf10f55615,3,3,0.9657301306724548,0.9659582376480103,0.9680111408233643,0.971544086933136,1.0
8c5ba3e89495f9d3531c2a96dbbdeb810dac773d,2,1,0.9655755162239075,0.9655755162239075,0.9655755162239075,0.9655755162239075,1.0
015ba76359b9f85010024e6349620e3e2791d1bc,2,1,0.9977778792381287,0.9977778792381287,0.9977778792381287,0.9977778792381287,1.0
50cc551377cf91a6fa93ee2c13e0cf42447a6da1,2,1,0.9774572253227234,0.9774572253227234,0.9774572253227234,0.9774572253227234,1.0
ba96a04464e02c6c5e3e0f3c283819b44248fba6,3,3,0.9610676765441895,0.9611049890518188,0.961440920829773,0.9706957936286926,1.0
6f8e8249fc11e79bbf70cacdd816a4ce8fae2684,2,1,0.9664227366447449,0.9664227366447449,0.9664227366447449,0.9664227366447449,1.0
856c18c1f8eede98a5fd74f50c9786a72a4cb74f,2,1,0.9708365797996521,0.9708365797996521,0.9708365797996521,0.9708365797996521,1.0
aafebf4b4b419ac115aeb93e9b704f2d34d2d654,2,1,0.9901542067527771,0.9901542067527771,0.9901542067527771,0.9901542067527771,1.0
96fe9cae88967ec8b991e8acb202116abd10f4e3,2,1,0.9788367748260498,0.9788367748260498,0.9788367748260498,0.9788367748260498,1.0
650c5acf35dfcc58dc37a88375478f4a676fc83e,5,10,0.9823722243309021,0.9824573993682861,0.9858379364013672,0.9867960810661316,1.0
92dff42b8b061bb259a3a54fc8ecbe4fe7adfc00,2,1,0.9700363278388977,0.9700363278388977,0.9700363278388977,0.9700363278388977,1.0
ebd97976a2a6ea0d788230188bfe1d4ee532fcd6,3,3,0.9752863645553589,0.9761493802070618,0.9839162826538086,0.983127772808075,1.0
6598d139aa9cf6c2ec3515f1ccc2505c26eaa518,4,6,0.954355001449585,0.9559644460678101,0.9702292680740356,0.9704914093017578,1.0
180fadebf539b815dfc97186c3326a2900627e90,3,3,0.9606866836547852,0.9613916277885437,0.967736005783081,0.9730599522590637,1.0
4d0359c8a96edf15a7bcbbd3f263045dcda264aa,2,1,0.9945080876350403,0.9945080876350403,0.9945080876350403,0.9945080876350403,1.0
e0487ef976f52a5861b77bfd478db9d70127b4cc,2,1,0.9978698492050171,0.9978698492050171,0.9978698492050171,0.9978698492050171,1.0
60182273e09dc316123fc823929e68fef9e37077,2,1,0.9750908613204956,0.9750908613204956,0.9750908613204956,0.9750908613204956,1.0
9345a6bcfb226f806e886272836d0b0999dbd5a9,3,3,0.9558370113372803,0.9567614793777466,0.9650815725326538,0.965643584728241,1.0
1cd3f9ed86698d75a8e2b7363de27222f7707b31,5,10,0.9508295059204102,0.9509380459785461,0.9714942574501038,0.9695566296577454,1.0
f99b85e7a77b01a15980d0dddc7e15e54e2c4201,3,3,0.9572383165359497,0.957583487033844,0.9606897830963135,0.9615851044654846,1.0
e3489edd5a8473c17b532171f1f1f8b9f4f84aee,4,6,0.9561030268669128,0.9593592882156372,0.9769501686096191,0.9755488038063049,1.0
56dfdfc0331c34bc772b0b658af55109d3f7b974,2,1,0.9752029180526733,0.9752029180526733,0.9752029180526733,0.9752029180526733,1.0
ecf3440131aa884949e0f8803edbdf58ceaa4001,2,1,0.9588939547538757,0.9588939547538757,0.9588939547538757,0.9588939547538757,1.0
61e978127f58b5477b19ba4d2f7ee6e006a9b81d,3,3,0.9690335988998413,0.9699236154556274,0.9779335260391235,0.9774596095085144,1.0
c9c07d90953ebc0f33fa9df874d0b38613e6529f,2,1,0.9570590853691101,0.9570590853691101,0.9570590853691101,0.9570590853691101,1.0
a7f31531ce966db3e25126c54972c81f157fcf77,2,1,0.9764449000358582,0.9764449000358582,0.9764449000358582,0.9764449000358582,1.0
49a3f698cf271871f0ea507808090e0d8f9094df,3,3,0.9740352034568787,0.9744283556938171,0.9779667854309082,0.9781375527381897,1.0
cc3215487f4b8c24d14305d63548189e2e1f4fa9,2,1,0.9574657678604126,0.9574657678604126,0.9574657678604126,0.9574657678604126,1.0
d5331a0eba9758182680c4e3abbe51db6548d3dc,2,1,0.9673500061035156,0.9673500061035156,0.9673500061035156,0.9673500061035156,1.0
765dddbc3f55781c73559f6c91e0a838d3f0ccfb,2,1,0.9542002081871033,0.9542002081871033,0.9542002081871033,0.9542002081871033,1.0
ded69106f7d3d262c9d5943ae0c14dfb1b556c5d,2,1,0.975645899772644,0.975645899772644,0.975645899772644,0.975645899772644,1.0
84818b8ea61e100a941c3890f1dff8640cf0fc16,2,1,0.964293360710144,0.964293360710144,0.964293360710144,0.964293360710144,1.0
94eba432c8232c15b206f17634e100675156449c,2,1,0.9733790755271912,0.9733790755271912,0.9733790755271912,0.9733790755271912,1.0
4295eba438833069303762cb78e4b3b167ffb648,2,1,0.9554530382156372,0.9554530382156372,0.9554530382156372,0.9554530382156372,1.0
df786aa46d5f45899c2162b5c19fdff169cfabee,2,1,0.9711511135101318,0.9711511135101318,0.9711511135101318,0.9711511135101318,1.0
2dc5564d4e85289eb8253faf90f150c587e4955a,2,1,0.9887779951095581,0.9887779951095581,0.9887779951095581,0.9887779951095581,1.0
342bdc6e632622899502196e1daee01f730015db,2,1,0.9821012020111084,0.9821012020111084,0.9821012020111084,0.9821012020111084,1.0
d105abd030613e1ee66bf5426ef32f0e2aac417e,3,3,0.9786390066146851,0.9787487983703613,0.9797371625900269,0.9827427864074707,1.0
db5314d1a41b953c218b536fa017ec0c772e9359,2,1,0.9769579172134399,0.9769579172134399,0.9769579172134399,0.9769579172134399,1.0
e236eafb39e8d89b6c258cb106b335c30940aa24,4,6,0.9634847044944763,0.9653249382972717,0.9761624336242676,0.9747827053070068,1.0
faa014dd8617ddbc01fb43d34186c6352c508102,3,3,0.9618704915046692,0.962269127368927,0.9658569097518921,0.9700762629508972,1.0
4edf4bf0a9328392d0e8314944ebf9d5f54911f9,4,6,0.9626014232635498,0.9629234075546265,0.9660882949829102,0.971621036529541,1.0
91dcf47d4585f16e77d9c2244f906afca105f911,2,1,0.956335186958313,0.956335186958313,0.956335186958313,0.956335186958313,1.0
bf3506e14b5dd119fd5be59015ae1280cc922028,3,3,0.9753865003585815,0.9755766987800598,0.9772887229919434,0.9790043830871582,1.0
0d5761af1efb7246a1cc1d889ec6f90a72950a2d,2,1,0.9606512188911438,0.9606512188911438,0.9606512188911438,0.9606512188911438,1.0
f787c25c76575f2bef5120713fa93fc3169c0c5a,2,1,0.9634607434272766,0.9634607434272766,0.9634607434272766,0.9634607434272766,1.0
d2d6c48a460cf1aecbed29798719a3d12679f259,2,1,0.9645723104476929,0.9645723104476929,0.9645723104476929,0.9645723104476929,1.0
94981d46567bb933c8b7fb6656fc84fcd002592c,3,3,0.9588174223899841,0.9599621295928955,0.9702646732330322,0.9701011180877686,1.0
73be16485930af0ba861a4551264234254e243bb,2,1,0.9802862405776978,0.9802862405776978,0.9802862405776978,0.9802862405776978,1.0
afcbe8c84590f50de70ba4481c73087768b60b60,2,1,0.9517133831977844,0.9517133831977844,0.9517133831977844,0.9517133831977844,1.0
6cd1df27857c408103fea99d585f5ba1ab89344e,2,1,0.9544385671615601,0.9544385671615601,0.9544385671615601,0.9544385671615601,1.0
b6b3284db0ccad0c1e76eec51c52451f69e570d1,2,1,0.9622835516929626,0.9622835516929626,0.9622835516929626,0.9622835516929626,1.0
2cfef99c22d520f0c4e5f40e71b43b8b8e1a327b,4,6,0.9573853015899658,0.9595802426338196,0.9764053225517273,0.9759981036186218,1.0
c980f06f6adac1e419a6320d88a3503011d69b90,2,1,0.9739099144935608,0.9739099144935608,0.9739099144935608,0.9739099144935608,1.0
77e0b3e077a07f6d9b1f124a5ae3f80fa394cb27,2,1,0.9831759929656982,0.9831759929656982,0.9831759929656982,0.9831759929656982,1.0
b5e5c3776ee9729a1aeea580f3a5dbcd521dffaa,2,1,0.9680941700935364,0.9680941700935364,0.9680941700935364,0.9680941700935364,1.0
f82c3ca2616d5a21efa0bf81596db5d06de39850,2,1,0.9638282060623169,0.9638282060623169,0.9638282060623169,0.9638282060623169,1.0
49cc5d5527e4a83ccdfdb0ac1fff0e012928b2b8,2,1,0.9706206321716309,0.9706206321716309,0.9706206321716309,0.9706206321716309,1.0
85a32ecb064c0fb36e792bb660c0e7612b97e36c,3,3,0.9686020016670227,0.9687814712524414,0.9703966975212097,0.9770718216896057,1.0
1807aa9ff513ccc22a74ce64d672aaa62a8f13de,2,1,0.9591640830039978,0.9591640830039978,0.9591640830039978,0.9591640830039978,1.0
03d65984d5434e594fd506f3e1a8444b88f4520b,4,6,0.9616737365722656,0.9640243053436279,0.978996217250824,0.9764611124992371,1.0
1c3ce957760a836ba822dfb0f17fc7eb5ef8b563,2,1,0.9694463014602661,0.9694463014602661,0.9694463014602661,0.9694463014602661,1.0
f84fe07ffbe0a8b547aebd871fb2f6c3a25e2f1b,2,1,0.979205846786499,0.979205846786499,0.979205846786499,0.979205846786499,1.0
e2daaf85f981f9fa9dcfd59975dec345fd0f5392,2,1,0.9875246286392212,0.9875246286392212,0.9875246286392212,0.9875246286392212,1.0
eae63e82d50fcb01f0081f385907a4c6199b993a,2,1,0.968309760093689,0.968309760093689,0.968309760093689,0.968309760093689,1.0
dc53ab5eb633d0f7e093cf2f77e4e60bf56cbb0a,2,1,0.9869726896286011,0.9869726896286011,0.9869726896286011,0.9869726896286011,1.0
2cd937984d4d1421d869d03949c3a02ccf07252f,2,1,0.9529993534088135,0.9529993534088135,0.9529993534088135,0.9529993534088135,1.0
ba09b5ba8762e88623518f3b2821548302c8bbb4,4,6,0.9596368074417114,0.959656834602356,0.9679503440856934,0.9675163626670837,1.0
998ce9e4e74f0ab655d0fa1db3d8bab0030b1e9a,2,1,0.9618362188339233,0.9618362188339233,0.9618362188339233,0.9618362188339233,1.0
7a8fd1959e2fc4aa3748b691340e42a9e78fe096,3,3,0.9684534668922424,0.9689117670059204,0.9730366468429565,0.9721765518188477,1.0
5ffad7e87f2740968192c5907a3dbaba9903d525,3,3,0.9921382665634155,0.992466926574707,0.9954251050949097,0.994714081287384,1.0
b9b523ff2d4f9acce59b9a669d311b87ccc0c8fd,4,6,0.9657139778137207,0.9662011861801147,0.9738414287567139,0.9727017879486084,1.0
dda9abd21092ae0b74e9d5532d04a9d57ff7a65d,2,1,0.9819507598876953,0.9819507598876953,0.9819507598876953,0.9819507598876953,1.0
12bd0e519c92debc0e0fb4cead3f7a3753ae066f,2,1,0.9849956631660461,0.9849956631660461,0.9849956631660461,0.9849956631660461,1.0
09990582bcda32f6f40db81d22a37201ee1273d4,3,3,0.9675697088241577,0.9678798317909241,0.9706708788871765,0.9742965698242188,1.0
05a605c04a027caf76517da8fa16ad34fb334131,2,1,0.9676822423934937,0.9676822423934937,0.9676822423934937,0.9676822423934937,1.0
02beb37b145b5fe49d1c328c4586b2c628027265,2,1,0.9604483842849731,0.9604483842849731,0.9604483842849731,0.9604483842849731,1.0
0d692e5ad149e18ad317fb498219071f275e3560,2,1,0.9838421940803528,0.9838421940803528,0.9838421940803528,0.9838421940803528,1.0
475def3ca99510223ad81cc58e8bf0b183c1fae7,3,3,0.9634431600570679,0.9636103510856628,0.9651151895523071,0.9659755825996399,1.0
9d5ff8ab137310e7695a7319d99c38d9e572a35e,2,1,0.9709552526473999,0.9709552526473999,0.9709552526473999,0.9709552526473999,1.0
55d4b2fe3e9d8fb062a05f7dabbdcf6dfabbebd6,3,3,0.9529615044593811,0.9531970620155334,0.9553171992301941,0.9565818905830383,1.0
45f3bbe425ec91f04c5fbcfce2263c3b7144c13d,2,1,0.9891037940979004,0.9891037940979004,0.9891037940979004,0.9891037940979004,1.0
c880b9c8f02be178e8f673bb21d2f6c52fe9d6d4,2,1,0.9616327285766602,0.9616327285766602,0.9616327285766602,0.9616327285766602,1.0
accd942d6cfaa08574ad10f7e3078d57debbe528,2,1,0.9598190784454346,0.9598190784454346,0.9598190784454346,0.9598190784454346,1.0
df001427cf68719e7521ea48a62a3b8da56ed6d5,2,1,0.9541950821876526,0.9541950821876526,0.9541950821876526,0.9541950821876526,1.0
9422bec4c414baaa42263ed9e5c99d7638dc08e3,3,3,0.9657206535339355,0.966286838054657,0.9713824987411499,0.9742586612701416,1.0
d9ee58b240c08a28f442085963b923451828abdc,2,1,0.9842257499694824,0.9842257499694824,0.9842257499694824,0.9842257499694824,1.0
53738065aab462c067ee6a1928fdb05adaa78fed,2,1,0.9784600734710693,0.9784600734710693,0.9784600734710693,0.9784600734710693,1.0
8efedc8cfb1d53b58ffb7af25eb94ed323492df9,2,1,0.9756608009338379,0.9756608009338379,0.9756608009338379,0.9756608009338379,1.0
2fcbaf7169e36f1f26394a67caedb5f4ad35ad0e,3,3,0.9617207646369934,0.9631717801094055,0.9762309193611145,0.9717986583709717,1.0
2576e93c2cd2dfb20d4bd6a1f976e73662804d1c,2,1,0.9751561880111694,0.9751561880111694,0.9751561880111694,0.9751561880111694,1.0
e4aec46bb85afda33f7cd834faaac9c945bb53f8,2,1,0.9712628126144409,0.9712628126144409,0.9712628126144409,0.9712628126144409,1.0
a25d61a340e4d2bbb8e13a3963582e85e425bb3f,4,6,0.9511467814445496,0.9519934058189392,0.9596766233444214,0.9634280204772949,1.0
76100a8b140250f5558b96eb696fc9e789190382,2,1,0.9706068634986877,0.9706068634986877,0.9706068634986877,0.9706068634986877,1.0
7bdf11aadb6bb4a6cfd45db316820b351be32aaf,3,3,0.9612647891044617,0.9616788625717163,0.9654054045677185,0.9686729311943054,1.0
13edf83a70ad9d35c06d8591a54fb62a16c33606,4,6,0.9669336080551147,0.967387855052948,0.9778544902801514,0.9787139892578125,1.0
49dacda98bd3ba58333bda2eb4158881cca74b13,2,1,0.9874983429908752,0.9874983429908752,0.9874983429908752,0.9874983429908752,1.0
4908eb5cb471ea5cec6d7c0518033ec76cb81c5f,2,1,0.9771802425384521,0.9771802425384521,0.9771802425384521,0.9771802425384521,1.0
3270592cf3a5dafc122e8f05ec53cb6799684837,3,3,0.9785297513008118,0.979202151298523,0.9852539896965027,0.9834136962890625,1.0
8191f5e55c98bdc605491bee3e2e4e36ee1c9d0e,2,1,0.9528847932815552,0.9528847932815552,0.9528847932815552,0.9528847932815552,1.0
b262096a7cb0e8c99df7b2bada1f937176151116,2,1,0.9727540016174316,0.9727540016174316,0.9727540016174316,0.9727540016174316,1.0
9a0508c381547f2261fba79898ae0cef884aad24,2,1,0.9635654091835022,0.9635654091835022,0.9635654091835022,0.9635654091835022,1.0
1332eba68bd331efbb226d01bb9baa920f5f0df7,4,6,0.969789981842041,0.9706289768218994,0.9815797805786133,0.9809816479682922,1.0
02581b69aaad6a07c0f665c382ee89fbc1f30d9e,4,6,0.9950388669967651,0.9952943921089172,0.9969362020492554,0.9967159628868103,1.0
3a91b47cadc95113efb69dc6cb4b2574b5e94598,2,1,0.9526323080062866,0.9526323080062866,0.9526323080062866,0.9526323080062866,1.0
18391356c87bcf29347485b0d26ed87b55a53b7f,2,1,0.9766234755516052,0.9766234755516052,0.9766234755516052,0.9766234755516052,1.0
62230e53139d2e6e7d70d4aafd91a463047dadd2,2,1,0.9931365847587585,0.9931365847587585,0.9931365847587585,0.9931365847587585,1.0
2802b01b7002e9f6778cfeee5d3eb8d84d270374,2,1,0.9534223079681396,0.9534223079681396,0.9534223079681396,0.9534223079681396,1.0
e8b99af3a3a75fe774c440d3b37192a55c825752,2,1,0.9610705375671387,0.9610705375671387,0.9610705375671387,0.9610705375671387,1.0
f11a41785936ad7c2c81997acfbd2dc8abc30161,3,3,0.9903045892715454,0.9907108545303345,0.9943673014640808,0.9937767386436462,1.0
e9d7986ca52bdeb2ad5cf0a078d06ec6a7c214d1,2,1,0.9639923572540283,0.9639923572540283,0.9639923572540283,0.9639923572540283,1.0
ef526d9aae41b75204f2e05b3df47c0ed2d77ba8,3,3,0.9646811485290527,0.9652389883995056,0.9702593088150024,0.9695854187011719,1.0
ccd58eab76eaf65c2e65517d08d1d0275101f03c,2,1,0.9833179712295532,0.9833179712295532,0.9833179712295532,0.9833179712295532,1.0
912d8d07ec6e0aa01169fc0be2f45ddeb3d76688,3,3,0.9536766409873962,0.9540890455245972,0.9578005075454712,0.9646150469779968,1.0
b75e95ed0b8c0d2f249454f5bd1afc1c72626776,2,1,0.9530001282691956,0.9530001282691956,0.9530001282691956,0.9530001282691956,1.0
0f7f5455b4edfc932b93f0ec17f5a70f36d7201b,2,1,0.9877758622169495,0.9877758622169495,0.9877758622169495,0.9877758622169495,1.0
7ad7cd299e31281cdfcd845b9ed8a75c38be9405,2,1,0.9768755435943604,0.9768755435943604,0.9768755435943604,0.9768755435943604,1.0
f628bfddf5807cf3a2313a595baebf087d52c872,2,1,0.966870903968811,0.966870903968811,0.966870903968811,0.966870903968811,1.0
07e5dccd64f07ca17c084da191728ac7bff12d07,3,3,0.9667785167694092,0.9667840003967285,0.9668331146240234,0.9701433777809143,1.0
906f775739a2782b1149d8f16536821cfc495fc3,2,1,0.9715837240219116,0.9715837240219116,0.9715837240219116,0.9715837240219116,1.0
9159936fcdc7e7bc30095ead3d454cfefcf7ea8e,2,1,0.9779871702194214,0.9779871702194214,0.9779871702194214,0.9779871702194214,1.0
08bede4d6e3438c2feb8fbfbae0685ad81592d30,2,1,0.9697974920272827,0.9697974920272827,0.9697974920272827,0.9697974920272827,1.0
d3d5e41dd511b1593607b14c46c847050c8efadd,2,1,0.9630632400512695,0.9630632400512695,0.9630632400512695,0.9630632400512695,1.0
aa8aed7fed60f7d99117395ca0d1e35ca7b8e925,2,1,0.9569264650344849,0.9569264650344849,0.9569264650344849,0.9569264650344849,1.0
a3a1632d5e3269860a30b9a58082b40895d25a19,2,1,0.9549652338027954,0.9549652338027954,0.9549652338027954,0.9549652338027954,1.0
e58049f253063ab7f9f6c4774cdb85c3ced420c4,3,3,0.9562142491340637,0.9578003883361816,0.9720755815505981,0.9700119495391846,1.0
11759b0c3bc30dd61567069e0a15cf109979cefc,3,3,0.9702285528182983,0.9706555008888245,0.9744980335235596,0.9750054478645325,1.0
717e32cb88df68304bbb68682bb45cda2ad2a717,2,1,0.9826687574386597,0.9826687574386597,0.9826687574386597,0.9826687574386597,1.0
75c08a72e5152196f561e4734a37129fd6f568d2,2,1,0.9529563188552856,0.9529563188552856,0.9529563188552856,0.9529563188552856,1.0
f8b8b4cec8b5d0167baa85f52d264b4208fdcf1b,2,1,0.9583842158317566,0.9583842158317566,0.9583842158317566,0.9583842158317566,1.0
f27c63d76b2339f455c14a34aa2724a7af9196e5,3,3,0.9513880014419556,0.9537215232849121,0.9747231602668762,0.9691136479377747,1.0
b3ddb83be269c063380a103d8a66635451cee289,3,3,0.9541422128677368,0.955757200717926,0.9702919721603394,0.9653666615486145,1.0
35141fbdb62540f58bb2978e5ce7dcb9fe6f6c0b,2,1,0.9724714756011963,0.9724714756011963,0.9724714756011963,0.9724714756011963,1.0
eec23ead3116da4047df409167e0a5a4fcb71eaf,3,3,0.9892829060554504,0.989562451839447,0.9920782446861267,0.9928087592124939,1.0
00b0cfcba1bda0906a8a6688e43404f2ec92ffd3,3,3,0.9745060205459595,0.9756954908370972,0.986400842666626,0.9838610291481018,1.0
f663545e2f1a56c02643209bffe12e8732a312ad,2,1,0.9821172952651978,0.9821172952651978,0.9821172952651978,0.9821172952651978,1.0
8cea8a17af54017b0c51b01b010c73e6fcb966a8,3,3,0.9642043709754944,0.9648127555847168,0.970288097858429,0.9738805294036865,1.0
256e992d066c68f6340cc15e501a993a9e86008b,3,3,0.956743061542511,0.957672119140625,0.966033399105072,0.9711310267448425,1.0
05e1423005b88b6429512f105e8987bd10cee6ba,2,1,0.9696005582809448,0.9696005582809448,0.9696005582809448,0.9696005582809448,1.0
7c0e4b4dddda2e386ac01f43be65a518036283b6,4,6,0.9661064147949219,0.967430591583252,0.975868821144104,0.9760974049568176,1.0
bf9cab41024f215d0b6b6c4a0583ec1b7c3a592c,2,1,0.9887666702270508,0.9887666702270508,0.9887666702270508,0.9887666702270508,1.0
4d09b34e384de36f76080217d24507cd5c9369f3,3,3,0.9676350355148315,0.9678608775138855,0.969893217086792,0.9696130752563477,1.0
b6ad0a7fb7628cef6a717a4c3624ff9d9b735af2,2,1,0.9677181243896484,0.9677181243896484,0.9677181243896484,0.9677181243896484,1.0
bfb766018f2e20cc65676c256268a8278acd4648,2,1,0.9675004482269287,0.9675004482269287,0.9675004482269287,0.9675004482269287,1.0
fdedd9735fa279fcab17d3ec549b8b8b3bfc5a89,3,3,0.9741000533103943,0.9749017953872681,0.9821177124977112,0.9811351895332336,1.0
c74998e7f8eebffdea905d70bbfd6db2bd7be7d0,2,1,0.9789999127388,0.9789999127388,0.9789999127388,0.9789999127388,1.0
509b5823292d121a4c54a19da21673fb13b2ba31,3,3,0.9858700037002563,0.9859251379966736,0.9864211082458496,0.9862852096557617,1.0
a6af1b1bfa552d9f96eae531546b8a47375b2046,2,1,0.9624336957931519,0.9624336957931519,0.9624336957931519,0.9624336957931519,1.0
2f29c1a17f5d3e6563a020d95a5128bb2458be60,2,1,0.977009654045105,0.977009654045105,0.977009654045105,0.977009654045105,1.0
bd8a86258abb3b865887faf000620b0836a8d449,2,1,0.95039963722229,0.95039963722229,0.95039963722229,0.95039963722229,1.0
d53d525e362a5cf7817444457f35907e3aef2698,3,3,0.9687267541885376,0.9699697494506836,0.9811567664146423,0.9773127436637878,1.0
85c4c65f480f851765280ba995d2d7ac81abcf95,3,3,0.9560772180557251,0.9567481279373169,0.9627864360809326,0.9679065346717834,1.0
6416da4b9456c7a4ba1524e1d0513c1de8a1e323,2,1,0.9660904407501221,0.9660904407501221,0.9660904407501221,0.9660904407501221,1.0
5e6976503d8917f20757cdd65c190e00fcc7cdbe,2,1,0.9949131011962891,0.9949131011962891,0.9949131011962891,0.9949131011962891,1.0
4bd8d76e2778af2d3fc2f3940c4272b692e7a56f,2,1,0.9727581739425659,0.9727581739425659,0.9727581739425659,0.9727581739425659,1.0
50de6d89bbe82d38bd3ef73563d55cec2d61f1b5,3,3,0.97053062915802,0.9711434841156006,0.9766591191291809,0.9780449271202087,1.0
d460c8d56e83150e10326fec3ad221ebe2f8384c,2,1,0.9717280864715576,0.9717280864715576,0.9717280864715576,0.9717280864715576,1.0
7ddee7fbb8892b30cf285108dfd77bd62a94e8a9,2,1,0.9576966166496277,0.9576966166496277,0.9576966166496277,0.9576966166496277,1.0
e31af1cbcbd10f4869b35a7ae01d285731b8ee12,2,1,0.9700465798377991,0.9700465798377991,0.9700465798377991,0.9700465798377991,1.0
d9102e720c2b434ddb6adfcd42c49973792b7e61,2,1,0.9781956076622009,0.9781956076622009,0.9781956076622009,0.9781956076622009,1.0
92162069acb34d32f01875a86a038f562c340110,3,3,0.9668047428131104,0.9674042463302612,0.9727995991706848,0.9752473831176758,1.0
c93fe1fd8a042ec32830829d2dfd5079523ff889,2,1,0.9730604887008667,0.9730604887008667,0.9730604887008667,0.9730604887008667,1.0
504b4d09f5336b3f9f857e39522059b670f65ba4,2,1,0.960997998714447,0.960997998714447,0.960997998714447,0.960997998714447,1.0
e36e176c628dd78c30b5e287aedf728dde2305f3,2,1,0.9746918678283691,0.9746918678283691,0.9746918678283691,0.9746918678283691,1.0
c0e0a94b8222474ea684e51a2087e1b5f5820c2b,2,1,0.9516176581382751,0.9516176581382751,0.9516176581382751,0.9516176581382751,1.0
0bd59d6139eb405cc9e3fba41ec0feca37bfe62b,3,3,0.9557400941848755,0.9568719267845154,0.9670584201812744,0.964976966381073,1.0
9ce315643388b50856a197d474ed0ccd4d8ff485,2,1,0.9666377305984497,0.9666377305984497,0.9666377305984497,0.9666377305984497,1.0
ee22d7d9168d4048612e29c05ed3b2e73acf4ff7,5,10,0.9678842425346375,0.9679684638977051,0.9786468744277954,0.9782342910766602,1.0
4043b72fb6b66eb1f2fd8736478c9154b1263daf,2,1,0.9753036499023438,0.9753036499023438,0.9753036499023438,0.9753036499023438,1.0
b3351374113c788914eb2c8bf6bc5d9a51f8c4ad,2,1,0.9581116437911987,0.9581116437911987,0.9581116437911987,0.9581116437911987,1.0
e3fcd71a8d9dd5f4d82c10fcd8413c6aba4fe354,2,1,0.9850671887397766,0.9850671887397766,0.9850671887397766,0.9850671887397766,1.0
55a8854affe593bebebc37214f448d87e7ed767c,3,3,0.9590975642204285,0.9606434106826782,0.9745557308197021,0.9694302082061768,1.0
e78173409e992e7aefaf5c8347167a5b283c6498,2,1,0.9572863578796387,0.9572863578796387,0.9572863578796387,0.9572863578796387,1.0
7d0d83648437ae059df22de6d1d8a234ae38b613,2,1,0.9669452905654907,0.9669452905654907,0.9669452905654907,0.9669452905654907,1.0
0e5aed67bd26b8353c3e4e552c10009420ba46da,2,1,0.9603657722473145,0.9603657722473145,0.9603657722473145,0.9603657722473145,1.0
72210ba05d9004bf76aaa8568dfadf0b140f4fe8,3,3,0.9618207216262817,0.9629214406013489,0.9728277325630188,0.9700186848640442,1.0
69b276ea192d7cef84a9fdb890cfc23a5d13e8e6,2,1,0.9837819337844849,0.9837819337844849,0.9837819337844849,0.9837819337844849,1.0
9ed7304a8506d07450a4496ef10f8c98104ee5ef,2,1,0.9647901058197021,0.9647901058197021,0.9647901058197021,0.9647901058197021,1.0
e1e9b59583bcc03cef75e9ac01037e9b25a85239,2,1,0.9813727140426636,0.9813727140426636,0.9813727140426636,0.9813727140426636,1.0
17ff50e11e659cf170fbd0926c3b885a48bc92e0,4,6,0.9604400396347046,0.9609792232513428,0.9703600406646729,0.9713106155395508,1.0
903236cede43d27fb162facdacc86eaaad90acb2,3,3,0.9634481072425842,0.9634857773780823,0.9638246297836304,0.9659968018531799,1.0
e6bbbb451eb8b407d53a9eb30a9eb5e4c47c9db2,2,1,0.9670668840408325,0.9670668840408325,0.9670668840408325,0.9670668840408325,1.0
bd45fb13a92ebffa7718a15fca41586109636b21,2,1,0.9640018939971924,0.9640018939971924,0.9640018939971924,0.9640018939971924,1.0
6ff738ca44b92654b6286ca0f36ef1a8a294b626,2,1,0.9916430711746216,0.9916430711746216,0.9916430711746216,0.9916430711746216,1.0
fa4d8631ceb9405f39e79756a0f9044c0448091d,2,1,0.9747742414474487,0.9747742414474487,0.9747742414474487,0.9747742414474487,1.0
7a509bde22f8d09c7b11da05cc62a92f2b0f37bc,3,3,0.9587462544441223,0.9589938521385193,0.9612221717834473,0.9677283763885498,1.0
ffb7ac3fb5f96d87bc72d01c5abbc07a2975de3f,2,1,0.9640330076217651,0.9640330076217651,0.9640330076217651,0.9640330076217651,1.0
fbe5647ad4e9a5aebd10ca9e5b02e5c8aaeb158f,2,1,0.989177942276001,0.989177942276001,0.989177942276001,0.989177942276001,1.0
127c2911ba9d99572167f0c2c8bb29c9d6edf006,2,1,0.9517650604248047,0.9517650604248047,0.9517650604248047,0.9517650604248047,1.0
3ad13a4de9a098a61a09117958b4343efc91b9bb,2,1,0.9660682678222656,0.9660682678222656,0.9660682678222656,0.9660682678222656,1.0
1ab6ff89f6789111883fc0c59e7dab74ce7b2716,2,1,0.9724991917610168,0.9724991917610168,0.9724991917610168,0.9724991917610168,1.0
4f47c3c1d351874281829031e96978211d5fb38f,2,1,0.9855188727378845,0.9855188727378845,0.9855188727378845,0.9855188727378845,1.0
26e65bda3db2a44cb05a87dee7e53f8a82da5829,2,1,0.9811958074569702,0.9811958074569702,0.9811958074569702,0.9811958074569702,1.0
9aa2f47e0aff5f3851cb6f8a23cead365061f6f7,2,1,0.9526181221008301,0.9526181221008301,0.9526181221008301,0.9526181221008301,1.0
b57d38d33f30ae090d57fd1a5022f1b4fe3d2cd8,2,1,0.9715567231178284,0.9715567231178284,0.9715567231178284,0.9715567231178284,1.0
693b7d6aad70dbe2836c530b21f40da3c42a23f7,2,1,0.9764071702957153,0.9764071702957153,0.9764071702957153,0.9764071702957153,1.0
35f5947a23b58a9bdf9aea7186a3d24ab7220c96,2,1,0.9892390370368958,0.9892390370368958,0.9892390370368958,0.9892390370368958,1.0
438e82b9caf943f26f3af65e56e946eb6e3cbec3,2,1,0.996019721031189,0.996019721031189,0.996019721031189,0.996019721031189,1.0
80483daa4218c675f564be2482408bc59ce858c8,3,3,0.9555166959762573,0.9556503295898438,0.9568529725074768,0.9625667929649353,1.0
1b6e95b623740f5bc49d7e6726b8ce871e85c2e3,2,1,0.955551266670227,0.955551266670227,0.955551266670227,0.955551266670227,1.0
4f978958205ced8bf036d846ab0e3e94c0bd5018,2,1,0.9838070273399353,0.9838070273399353,0.9838070273399353,0.9838070273399353,1.0
9119c1492b8a53e69a195ad6491615cd58686128,2,1,0.9829791784286499,0.9829791784286499,0.9829791784286499,0.9829791784286499,1.0
0a4d300c78c0586d3bf38361a9ef082291d5f86c,2,1,0.9760644435882568,0.9760644435882568,0.9760644435882568,0.9760644435882568,1.0
53703980bf1c9dca68d9c32c09c755941a198eed,2,1,0.9955353736877441,0.9955353736877441,0.9955353736877441,0.9955353736877441,1.0
91bcc93cc3d5a6bcc7c3cf3129f9bab6e7d29569,2,1,0.9512805342674255,0.9512805342674255,0.9512805342674255,0.9512805342674255,1.0
821cceb58f119e95164cfe7f48d597319fb2b575,2,1,0.9960232377052307,0.9960232377052307,0.9960232377052307,0.9960232377052307,1.0
562de2396f7984efb779ddcf7d1f3004442ce469,2,1,0.9760687351226807,0.9760687351226807,0.9760687351226807,0.9760687351226807,1.0
d3179184f1b0142305ccda1e2eba440ceb7f32fe,2,1,0.9954612255096436,0.9954612255096436,0.9954612255096436,0.9954612255096436,1.0
da402b4203ad6ea04e7bdda11a7ded8973356a06,4,6,0.9760391712188721,0.9777123928070068,0.9857267737388611,0.9853147864341736,1.0
6f37e77d4caa6092ff90d08510c25983437e0f0c,2,1,0.9678975939750671,0.9678975939750671,0.9678975939750671,0.9678975939750671,1.0
49dced67936118d2aa15f75da5f65e77908e9a32,3,3,0.9603378772735596,0.9613742828369141,0.970702052116394,0.9681574702262878,1.0
933978ea23a26d5f691e38d352adc90551b30119,2,1,0.9827827215194702,0.9827827215194702,0.9827827215194702,0.9827827215194702,1.0
beba8af74a310bc5debb071b8d7ace24bcbd8c17,2,1,0.9646824598312378,0.9646824598312378,0.9646824598312378,0.9646824598312378,1.0
b9fbe4b48751fa4d0914ddcf7af388377963cde8,3,3,0.9704350829124451,0.970887303352356,0.9749575853347778,0.9774913787841797,1.0
b8fa01ce743f6f2f289f12cf9b0ff8abe207c9ba,2,1,0.955264687538147,0.955264687538147,0.955264687538147,0.955264687538147,1.0
ca7ebd4d4854f08298199ed4d8118c4a1ee47b65,2,1,0.9635593891143799,0.9635593891143799,0.9635593891143799,0.9635593891143799,1.0
d57fd8a0585f736f30fce275e58e8b3951e23c60,2,1,0.9746476411819458,0.9746476411819458,0.9746476411819458,0.9746476411819458,1.0
a732ef92fa29d324929a65e3c5aad13ce00f848e,2,1,0.9580672979354858,0.9580672979354858,0.9580672979354858,0.9580672979354858,1.0
df25849cb9aa942d83f54c4e40a70f89ea79ea16,2,1,0.9585868120193481,0.9585868120193481,0.9585868120193481,0.9585868120193481,1.0
7d2f01433157c5f7b4e89f3a955d087840bdf4a8,2,1,0.9797008037567139,0.9797008037567139,0.9797008037567139,0.9797008037567139,1.0
1d8cc796a4ad2fa3531650ff423eded69a005252,2,1,0.9639143943786621,0.9639143943786621,0.9639143943786621,0.9639143943786621,1.0
0584eb6cd6a936107219be8278b7b055b15a9826,2,1,0.9777926206588745,0.9777926206588745,0.9777926206588745,0.9777926206588745,1.0
7b67db58faf7bf71e5664684843380105ac5e67f,2,1,0.9609493017196655,0.9609493017196655,0.9609493017196655,0.9609493017196655,1.0
37e634cdd8c866cff0bd8a8e6300711221f23360,2,1,0.9799569845199585,0.9799569845199585,0.9799569845199585,0.9799569845199585,1.0
49581a48bc372384b36dd195e66213ea70c54f11,2,1,0.965438723564148,0.965438723564148,0.965438723564148,0.965438723564148,1.0
d007ca98eeb8be121e7f682252f3283ce4d4e774,2,1,0.9792864918708801,0.9792864918708801,0.9792864918708801,0.9792864918708801,1.0
b3168b5dddf44fcf2e02835f42850e9341fc7129,2,1,0.9532684087753296,0.9532684087753296,0.9532684087753296,0.9532684087753296,1.0
cc312fc1d65cdabd5dfea171d45828075aee06f4,3,3,0.9560756683349609,0.9576098322868347,0.9714171290397644,0.969992458820343,1.0
33d5076f09eacd83a411700f767a92a28cfa360a,2,1,0.9652360677719116,0.9652360677719116,0.9652360677719116,0.9652360677719116,1.0
781f821f8685f44199b27f1c7b7251f44af1d97d,2,1,0.9636448621749878,0.9636448621749878,0.9636448621749878,0.9636448621749878,1.0
5cecc1885f4851e9c8885e90e655ab5fc7974b73,2,1,0.9763147830963135,0.9763147830963135,0.9763147830963135,0.9763147830963135,1.0
f997e195e9fba01000bc9f15b5865b6bc0dee538,3,3,0.9512924551963806,0.9523212909698486,0.9615806937217712,0.9587793350219727,1.0
af4187c363b941e33309844735bd41168321df19,3,3,0.9681099057197571,0.9689542651176453,0.976553738117218,0.9755720496177673,1.0
3770a19f8d1a8cce1d7282398773252ba9307fb8,2,1,0.9916042685508728,0.9916042685508728,0.9916042685508728,0.9916042685508728,1.0
8eb56e83c45def0801f9efeeeb4c08a028d1440a,2,1,0.969978928565979,0.969978928565979,0.969978928565979,0.969978928565979,1.0
e77534f4a397b2e5866865e66e7b9ffd82035bed,2,1,0.9977847337722778,0.9977847337722778,0.9977847337722778,0.9977847337722778,1.0
b5c62e50dbdeeacf43aed629f646eb7ed15beb84,3,3,0.9767758250236511,0.9769818186759949,0.9788359999656677,0.9847679138183594,1.0
6a199babd7c4788f47dc887ed7828fb3f4543ae6,2,1,0.960423469543457,0.960423469543457,0.960423469543457,0.960423469543457,1.0
53653c6958a964df5327a6e03c780448f7073f52,3,3,0.9745814800262451,0.9746941328048706,0.9757078886032104,0.9801092743873596,1.0
2cedf2a3ef132c81d1ddc1c2fa1744bee1f3ffec,2,1,0.984463632106781,0.984463632106781,0.984463632106781,0.984463632106781,1.0
ee2f076623907ec9a1c2d1e0c2e3198ba1ca253f,2,1,0.9538791179656982,0.9538791179656982,0.9538791179656982,0.9538791179656982,1.0
668261154c770f4f38e9a157653ca0bfa6778982,2,1,0.9693928360939026,0.9693928360939026,0.9693928360939026,0.9693928360939026,1.0
081f2c6ac3af858d3f4788874090ed0caaa41934,2,1,0.9889751672744751,0.9889751672744751,0.9889751672744751,0.9889751672744751,1.0
2226c26b1d796db223568689e9e64d0b9ea51d26,2,1,0.9813153743743896,0.9813153743743896,0.9813153743743896,0.9813153743743896,1.0
6f4c3c13fcac8d49ef296082f3eeca61f1198f73,2,1,0.9599053859710693,0.9599053859710693,0.9599053859710693,0.9599053859710693,1.0
c925db84ccbb9e6b59164631257ba58eb00199bb,2,1,0.9578970670700073,0.9578970670700073,0.9578970670700073,0.9578970670700073,1.0
c882413b6ecc78f52077d4a2fa030f48f4df327f,2,1,0.9546265602111816,0.9546265602111816,0.9546265602111816,0.9546265602111816,1.0
dbb38b67a6317eaeee13ac97b895b141d0922946,3,3,0.9508582353591919,0.9515419602394104,0.9576956629753113,0.9580416679382324,1.0
777f945d30d12981a21d6b75fa56b7d0758a390f,2,1,0.979114294052124,0.979114294052124,0.979114294052124,0.979114294052124,1.0
5358fd91c60422d67327d6ccb59ad6c18d6f25eb,3,3,0.9583408832550049,0.9583511352539062,0.9584434628486633,0.9609012603759766,1.0
23b3d377cebfc7316c421e6b4f330a48721886ac,2,1,0.9635508060455322,0.9635508060455322,0.9635508060455322,0.9635508060455322,1.0
cb48f30e0b508bb27bae9ecfbd35bdb7c3084812,3,3,0.9554436206817627,0.9559407234191895,0.9604144096374512,0.9603526592254639,1.0
04888784e50c50b1b1ffa449223acc2133b41c7e,3,3,0.9963982105255127,0.9964182376861572,0.996598482131958,0.9972953796386719,1.0
b4afca0a815cbe576fab6e58b852d306449cea0c,3,3,0.9760196208953857,0.9766415357589722,0.98223876953125,0.9816263318061829,1.0
3f92ad0cbc76300fe904c4dac900a513f4c77fe5,3,3,0.9607216119766235,0.9614316821098328,0.9678220748901367,0.9746171832084656,1.0
950f1fd1481594a8415245c88c254502edb08a01,3,3,0.9753252863883972,0.9760129451751709,0.9822018146514893,0.9835116267204285,1.0
b47cd4b589d8115babbc584fe18e1295489c96dc,3,3,0.9519448280334473,0.9530569314956665,0.9630659818649292,0.9635220170021057,1.0
4697a3a10959ca62a6839ba2eda432e7517e4684,2,1,0.951394259929657,0.951394259929657,0.951394259929657,0.951394259929657,1.0
412f0b15237e60d7fb6e7d1fc56dc0eb4a6f2462,3,3,0.9829522371292114,0.9831221103668213,0.9846512079238892,0.9853466153144836,1.0
ee4453c04e868be732f9c075744b61a41b1610a5,3,3,0.967546820640564,0.9676651954650879,0.9687305092811584,0.9733357429504395,1.0
e8387d554f66aa64f49489c77b5de723dd06d5cf,2,1,0.9721102714538574,0.9721102714538574,0.9721102714538574,0.9721102714538574,1.0
dc9bd0f0b4bb54072161cca8fa7dbbc7ab718db7,3,3,0.9549393653869629,0.954967737197876,0.9552227854728699,0.9645945429801941,1.0
4c95f0095a5af48d0c5f2004e7ab96b4a4c2ac33,3,3,0.9509861469268799,0.9511470794677734,0.952595591545105,0.9619876742362976,1.0
6041acb2e8f68280d77f45924325d50aad8ea6ec,2,1,0.9541264772415161,0.9541264772415161,0.9541264772415161,0.9541264772415161,1.0
3ca66aa201f7e8d0a05d316fab2e2c66ccd24f31,2,1,0.9764472842216492,0.9764472842216492,0.9764472842216492,0.9764472842216492,1.0
dfd598f1c98d5a316e63da5ab90894ee537c3e2c,3,3,0.9505970478057861,0.9516839385032654,0.9614658355712891,0.9637159705162048,1.0
7891fcf838746047e83166407d858e56f91cac67,3,3,0.9621419310569763,0.9628745317459106,0.9694677591323853,0.9698166847229004,1.0
57791c596e98187c1ee118c7dae79503e7bb2263,2,1,0.9872759580612183,0.9872759580612183,0.9872759580612183,0.9872759580612183,1.0
8208b321f7d5625efadd51cea11ca9911d60de3e,2,1,0.9522258043289185,0.9522258043289185,0.9522258043289185,0.9522258043289185,1.0
da0a497fab6c565e8fba25c43fb36642c4fbcfe6,2,1,0.9943705201148987,0.9943705201148987,0.9943705201148987,0.9943705201148987,1.0
184f96e9a40365ac4352f71b1083f7a9f0d20de4,2,1,0.9561684727668762,0.9561684727668762,0.9561684727668762,0.9561684727668762,1.0
2e5832fa6dd0628eb87119e5ea73d45bbb1c2d81,3,3,0.9575914740562439,0.9585809707641602,0.9674866795539856,0.9665331244468689,1.0
dab93ce03934fd820a58eea07d43a86bc74c2f8c,2,1,0.9773765802383423,0.9773765802383423,0.9773765802383423,0.9773765802383423,1.0
880b4f57aa366d7ec6ccb119b799e5ed1ec15666,2,1,0.9788787961006165,0.9788787961006165,0.9788787961006165,0.9788787961006165,1.0
7413fba72bbc3ef47acf1e611ba7aa85da2a7f68,2,1,0.9819740653038025,0.9819740653038025,0.9819740653038025,0.9819740653038025,1.0
2dae3178ebf3a72eeea7f42914916807bd423292,2,1,0.958429753780365,0.958429753780365,0.958429753780365,0.958429753780365,1.0
036b6a759b80bc4292ba76a5ecc11bdff69671e3,2,1,0.9710620045661926,0.9710620045661926,0.9710620045661926,0.9710620045661926,1.0
761f4f71a8a9bef0d72acea2c725f3f725173b06,3,3,0.9510490894317627,0.9519866108894348,0.9604242444038391,0.9607968330383301,1.0
ddd644934e5d3d4cd1f6355b6e1c1db00c822296,3,3,0.9623051285743713,0.9625917673110962,0.9651718139648438,0.9668040871620178,1.0
3471e9c21d215322db13204ab9eb3ac8a0d9d363,3,3,0.9561594128608704,0.9566816091537476,0.9613816738128662,0.9614837169647217,1.0
94b23f34d8ab3c9b397df212de19c8f166025c81,2,1,0.9804319739341736,0.9804319739341736,0.9804319739341736,0.9804319739341736,1.0
7bdbd094f8fe22f358209e079a7aa605d872cd3b,2,1,0.9589259028434753,0.9589259028434753,0.9589259028434753,0.9589259028434753,1.0
ec74cb186e10a474885d12b661fb238a6208e62b,4,6,0.9903033375740051,0.9903371334075928,0.9915059804916382,0.9922361373901367,1.0
e4a91e5fb3e43e62267b43998cb7c903f42978fd,2,1,0.9658067226409912,0.9658067226409912,0.9658067226409912,0.9658067226409912,1.0
105bea3b42411d0edd346a1ec5e19c28457dfb53,2,1,0.9607150554656982,0.9607150554656982,0.9607150554656982,0.9607150554656982,1.0
1bc74e9fe44a3778c77e3aa25cae1066bb2f1d8a,2,1,0.9782911539077759,0.9782911539077759,0.9782911539077759,0.9782911539077759,1.0
6342de11af0aa9a45ae89d647638be3a68ae5bb9,2,1,0.9753305315971375,0.9753305315971375,0.9753305315971375,0.9753305315971375,1.0
fbefb0f8c5da1e84fd1277b0b7fe547924b0952c,2,1,0.960010290145874,0.960010290145874,0.960010290145874,0.960010290145874,1.0
00bf0acd5749768e4a120b144c1e32db23469c31,3,3,0.9690468311309814,0.9692357182502747,0.9709359407424927,0.9731743931770325,1.0
b8d4d8f50bc285f5243950ff0b4233d6e0c3b74f,2,1,0.9814393520355225,0.9814393520355225,0.9814393520355225,0.9814393520355225,1.0
6b88d407b17592d47c37d8897959aaa04e40887e,2,1,0.9755728244781494,0.9755728244781494,0.9755728244781494,0.9755728244781494,1.0
3636a924ab1cd826fe8c4b831a69a32161f438ed,2,1,0.9628181457519531,0.9628181457519531,0.9628181457519531,0.9628181457519531,1.0
54dea7a705ab91210788e25b56db895354119901,3,3,0.9624001979827881,0.9628100395202637,0.9664984345436096,0.9701871871948242,1.0
02298adb7cb83307fb8fc23bd9e7732b6d04404b,2,1,0.9579238295555115,0.9579238295555115,0.9579238295555115,0.9579238295555115,1.0
896d754787e982d8d801c9ed28546b09b08ca063,2,1,0.9727060198783875,0.9727060198783875,0.9727060198783875,0.9727060198783875,1.0
bb8eb99165aae3f4708fdb6440eb3696dd8d496c,4,6,0.9554998278617859,0.9556149840354919,0.95725417137146,0.9613027572631836,1.0
2e55858dc01889083dabe93fbfa22f90c73f828f,2,1,0.9705251455307007,0.9705251455307007,0.9705251455307007,0.9705251455307007,1.0
820ef2e6a1e0c5c3fbec85f2bdc7e670b1bc5e18,2,1,0.9652813076972961,0.9652813076972961,0.9652813076972961,0.9652813076972961,1.0
ed8744fbb54cadbc364aabecfd341ea950937d20,4,6,0.9539971351623535,0.9540653228759766,0.9614132642745972,0.9640509486198425,1.0
51da00778833aed69f9436e52c0bc78c0164e4cc,2,1,0.9595146775245667,0.9595146775245667,0.9595146775245667,0.9595146775245667,1.0
2ee2c497ed53a13a5379ce44b7d408fd3391c836,2,1,0.9920376539230347,0.9920376539230347,0.9920376539230347,0.9920376539230347,1.0
129ef25fd498010aa40362020323e9d2538d938f,2,1,0.9541729688644409,0.9541729688644409,0.9541729688644409,0.9541729688644409,1.0
5a8855057fffeef5d9de40e336a2ef3aa8df3296,2,1,0.9610965251922607,0.9610965251922607,0.9610965251922607,0.9610965251922607,1.0
e26ec4f9da824842e40f900a899951b11e8fac77,2,1,0.9608188271522522,0.9608188271522522,0.9608188271522522,0.9608188271522522,1.0
4da83e6951bb514e058ae0ec03039e1790e79ffe,3,3,0.9697083830833435,0.9704176783561707,0.9768011569976807,0.9772832989692688,1.0
98620994c1b4fb278effd9ca07e27692e52f2759,2,1,0.9517793655395508,0.9517793655395508,0.9517793655395508,0.9517793655395508,1.0
05c1032b86a9f39ed97f9d693b049905490a5f78,3,3,0.9557512998580933,0.9565631747245789,0.963870108127594,0.971055269241333,1.0
de892ac80f1a875a9c173ed23a29fb40c90a8cea,2,1,0.9691904783248901,0.9691904783248901,0.9691904783248901,0.9691904783248901,1.0
5f3a676c8ea512658549c3140626dd8ac7bb1c88,4,6,0.9599286913871765,0.9606356620788574,0.9667179584503174,0.9670894145965576,1.0
76727d4a08486a35e84954798069c848aed0b245,2,1,0.974096953868866,0.974096953868866,0.974096953868866,0.974096953868866,1.0
0ee88865237a6c161de071ad933ed44bc57eebda,2,1,0.9806612730026245,0.9806612730026245,0.9806612730026245,0.9806612730026245,1.0
98401973c2b2c19753ce5046287159ab8d53518c,2,1,0.9506584405899048,0.9506584405899048,0.9506584405899048,0.9506584405899048,1.0
352cdcfe1cf788d8b341653b155982197481afb1,4,6,0.9584284424781799,0.9607033133506775,0.9710264205932617,0.9728190898895264,1.0
741aecf8c8c0b66e981e97dd16719998987415ca,4,6,0.9601464867591858,0.9603898525238037,0.9729161858558655,0.9748024940490723,1.0
beb642e3e610cb1102d5b6acb73e29db60c750c4,2,1,0.9625210165977478,0.9625210165977478,0.9625210165977478,0.9625210165977478,1.0
b18857f5e56ddd31863b774ace0f3e1bebc2b979,3,3,0.9553412199020386,0.9555765390396118,0.9576947093009949,0.9695977568626404,1.0
7d7042fb5573e9bae0f4ce000e7a61b12fa6c0dc,2,1,0.9640517830848694,0.9640517830848694,0.9640517830848694,0.9640517830848694,1.0
c340a2fdf0253b5e6e07a8cc5e0f312f855c20a8,2,1,0.9770950078964233,0.9770950078964233,0.9770950078964233,0.9770950078964233,1.0
5e42c48b9aca716c30f14460b3b2d2741674fb6d,2,1,0.9541773796081543,0.9541773796081543,0.9541773796081543,0.9541773796081543,1.0
951dc36aa4f9f38b8eadebc8107927e1b6268b61,2,1,0.9641688466072083,0.9641688466072083,0.9641688466072083,0.9641688466072083,1.0
3c683a400502f496bd61a159c401ae98b0737a70,2,1,0.967877209186554,0.967877209186554,0.967877209186554,0.967877209186554,1.0
c4b22756dc1cc792a011546e546a04b16df59f42,4,6,0.9539002776145935,0.9557769298553467,0.9656213521957397,0.9688572883605957,1.0
9ac42872f07eb677a595c6007a11439a80e25bf6,2,1,0.9750624895095825,0.9750624895095825,0.9750624895095825,0.9750624895095825,1.0
83390d2215086b6e0a24ccc5d95fd4cbeb1f7eea,2,1,0.9817444086074829,0.9817444086074829,0.9817444086074829,0.9817444086074829,1.0
af5431320aa718f72559bbcfa4b8735524646564,2,1,0.9513561725616455,0.9513561725616455,0.9513561725616455,0.9513561725616455,1.0
0fe72884483ea13b5a0cc1aa57bea69a82e5fe08,2,1,0.9532262682914734,0.9532262682914734,0.9532262682914734,0.9532262682914734,1.0
0a0d8c83eba835246a5f49e2efc66195feb4a017,4,6,0.9729664325714111,0.9754761457443237,0.9834039211273193,0.9831552505493164,1.0
8fddaf0a8dfd03341663885105feef351e165fc6,2,1,0.9620261192321777,0.9620261192321777,0.9620261192321777,0.9620261192321777,1.0
3d7575f0b67bb28778b6cf9b3e148cbab9f83c44,2,1,0.9783319234848022,0.9783319234848022,0.9783319234848022,0.9783319234848022,1.0
b1f6165c0a4a548317b6881b0599cddf9d71c224,2,1,0.9727000594139099,0.9727000594139099,0.9727000594139099,0.9727000594139099,1.0
03a1091bc1e72208e6c502e31b07cc57ea5146c4,2,1,0.9610754251480103,0.9610754251480103,0.9610754251480103,0.9610754251480103,1.0
d2d5a20ac54534e245e2e867bb4a13c71b6926b2,3,3,0.9660369753837585,0.9665214419364929,0.9708815217018127,0.9721300601959229,1.0
bd4ae6d11db62de9e28cc50bea6f796f2f0d65e5,2,1,0.9522107839584351,0.9522107839584351,0.9522107839584351,0.9522107839584351,1.0
87f555eeca5cbe9895a3e364a207241432898aca,2,1,0.9538901448249817,0.9538901448249817,0.9538901448249817,0.9538901448249817,1.0
e04dc0d17a88777889ffd9ba4e921978d3bab355,2,1,0.9756800532341003,0.9756800532341003,0.9756800532341003,0.9756800532341003,1.0
419494a0e1db35036234a77ee653202056d337f8,2,1,0.9589121341705322,0.9589121341705322,0.9589121341705322,0.9589121341705322,1.0
8c045737e7adc6609ea302a1dc2e7a6fc2efdc14,5,10,0.9559166431427002,0.9564267992973328,0.9640206098556519,0.9665525555610657,1.0
08b419a491fcc26180b7dbbcaf45679ea92c84a5,3,3,0.951012372970581,0.9521468877792358,0.9623575806617737,0.9643346667289734,1.0
17236d81985b53ae169551fe4cd3eed5f593dc13,2,1,0.9888883829116821,0.9888883829116821,0.9888883829116821,0.9888883829116821,1.0
8d2f827bf282c6ecc6642544bd807bf58b32ac4a,2,1,0.9859272837638855,0.9859272837638855,0.9859272837638855,0.9859272837638855,1.0
4abde2a532a084383eb8864632222742e27afdef,2,1,0.9596132636070251,0.9596132636070251,0.9596132636070251,0.9596132636070251,1.0
9d23ecabbbc39d337d4b17ba72b6ffd23c145ed5,2,1,0.9640218019485474,0.9640218019485474,0.9640218019485474,0.9640218019485474,1.0
c3fdfd3e0c812aac6fa0daa33fe9c43585883446,3,3,0.9868701696395874,0.9874340891838074,0.9925094246864319,0.9907686114311218,1.0
2a89e9a3f81cca9ced0f790adb8ab7d58b27a54e,2,1,0.9548426866531372,0.9548426866531372,0.9548426866531372,0.9548426866531372,1.0
94e7ed6194ff2f2252f898461a48ea91bff28e7c,2,1,0.9825162887573242,0.9825162887573242,0.9825162887573242,0.9825162887573242,1.0
6877f23802de7f808bd0cd8add0d2f4d5660daa1,2,1,0.972845196723938,0.972845196723938,0.972845196723938,0.972845196723938,1.0
9a069a2640b152915a9c01fed2019912c6483766,2,1,0.9864367246627808,0.9864367246627808,0.9864367246627808,0.9864367246627808,1.0
34f5bb8f07646cfd57ba888eccf2ef76ff72931d,2,1,0.9537928700447083,0.9537928700447083,0.9537928700447083,0.9537928700447083,1.0
1a4e8703f798c813342ef523008b4609b4fcd747,2,1,0.9736876487731934,0.9736876487731934,0.9736876487731934,0.9736876487731934,1.0
0217c80536323c07f486a455405bfcd1cc6517ad,4,6,0.969014048576355,0.9694271087646484,0.9786980152130127,0.9794465899467468,1.0
e21be4b7ae4e747b016ede5df1e1656f7db0c964,2,1,0.9777156710624695,0.9777156710624695,0.9777156710624695,0.9777156710624695,1.0
242e373d075bf5a1ad340d79e7635be408d18e65,2,1,0.9655708074569702,0.9655708074569702,0.9655708074569702,0.9655708074569702,1.0
fec68e51b23acd316eec3fa89f842a2777b0cf6a,2,1,0.9543570280075073,0.9543570280075073,0.9543570280075073,0.9543570280075073,1.0
38d4e8b4e78073e3e1dc4d5d81e7bcf11441118b,2,1,0.9744239449501038,0.9744239449501038,0.9744239449501038,0.9744239449501038,1.0
58be2c96616fadae3a5a8f167a72bad4263d74c0,3,3,0.9702683687210083,0.9709686636924744,0.9772710800170898,0.9752523303031921,1.0
eb1654070e6c89d28c3d1a4d9cf21dcd6929be41,2,1,0.9722455739974976,0.9722455739974976,0.9722455739974976,0.9722455739974976,1.0
339eb32fdd8ff88ed984b011ce8207bb926f5f84,2,1,0.9564297795295715,0.9564297795295715,0.9564297795295715,0.9564297795295715,1.0
7f98e7fedec1b553848e1f171aadd6bbf75094bb,2,1,0.9822745323181152,0.9822745323181152,0.9822745323181152,0.9822745323181152,1.0
c9e0de4afc284514264ed1845084a3db9b4245ca,2,1,0.9524611234664917,0.9524611234664917,0.9524611234664917,0.9524611234664917,1.0
389a221a09c199b1b9b07cfa05e55554489bdd85,3,3,0.9602510929107666,0.9610206484794617,0.9679464101791382,0.9734440445899963,1.0
735c9b4822ded38bdfcc5813f60ed57b97ac3f6a,2,1,0.9620965719223022,0.9620965719223022,0.9620965719223022,0.9620965719223022,1.0
eceaec67180aca4174282b49ca8623b299bd7841,2,1,0.9655867218971252,0.9655867218971252,0.9655867218971252,0.9655867218971252,1.0
1f4373fa2f7b8dd7b48fcd153c76d4eb970be3ef,2,1,0.9610896110534668,0.9610896110534668,0.9610896110534668,0.9610896110534668,1.0
11788982192f494b4dcd155768477565f2bcba4a,2,1,0.9749049544334412,0.9749049544334412,0.9749049544334412,0.9749049544334412,1.0
bc3c8614408e1c72ebc8fbbec3dd0fd2300c19db,2,1,0.9670984148979187,0.9670984148979187,0.9670984148979187,0.9670984148979187,1.0
24971e8b4ec470efec1e1bec5be405d53097ceab,2,1,0.9690845608711243,0.9690845608711243,0.9690845608711243,0.9690845608711243,1.0
cbfdbe350749d72f34cf6a3bf1d4868828b72a49,2,1,0.9530689120292664,0.9530689120292664,0.9530689120292664,0.9530689120292664,1.0
7bfe2bbc86654be73e8b6d402c838529ab619d8b,2,1,0.9517130851745605,0.9517130851745605,0.9517130851745605,0.9517130851745605,1.0
9de52849a5afca6e3e9ef3ad3c81c0a7d5335523,2,1,0.9867710471153259,0.9867710471153259,0.9867710471153259,0.9867710471153259,1.0
41f84158d5696b8082dc62280c2b83999ac81a65,4,6,0.9794659614562988,0.9797487258911133,0.9841645956039429,0.984790027141571,1.0
0d3cc0cf7836d99e737189510d84cea9302c978e,2,1,0.9561855792999268,0.9561855792999268,0.9561855792999268,0.9561855792999268,1.0
515e95e7c0d43d5bbc643a1bd3529d405487bf27,2,1,0.9568662643432617,0.9568662643432617,0.9568662643432617,0.9568662643432617,1.0
4dbd1f9dad04aa6b512d33bad93aa64d6e9c7c87,4,6,0.984329342842102,0.9856573343276978,0.9920393824577332,0.9912845492362976,1.0
32f7149430badf0cf244b344d426f9fb3403ab7d,2,1,0.9689049124717712,0.9689049124717712,0.9689049124717712,0.9689049124717712,1.0
310b985d84b11e88f2315bec7894b1689a11c964,2,1,0.9643548727035522,0.9643548727035522,0.9643548727035522,0.9643548727035522,1.0
a6d8753b0864552d6e8a2626322d7b1e3a5495c7,2,1,0.9641400575637817,0.9641400575637817,0.9641400575637817,0.9641400575637817,1.0
5ff889fa17683f0cb248096efb503e35c13a9b66,2,1,0.9590725898742676,0.9590725898742676,0.9590725898742676,0.9590725898742676,1.0
cfbbe28ed88403d05c499af0855382720256563a,3,3,0.9514197111129761,0.9530954360961914,0.968177080154419,0.9639548659324646,1.0
541f4a302dd71096474b279771f63e5b049a4a78,4,6,0.9871026873588562,0.9880171418190002,0.9919399619102478,0.9923458695411682,1.0
c816bffae3b49f1834f6e6547e0e8c298ec045eb,2,1,0.9559972286224365,0.9559972286224365,0.9559972286224365,0.9559972286224365,1.0
48d62c0a5b95eead89ac9c43c8258aeca75a0249,2,1,0.9689800143241882,0.9689800143241882,0.9689800143241882,0.9689800143241882,1.0
30b93e0b3b64099c3fca94f2fec828176cecd176,2,1,0.97524094581604,0.97524094581604,0.97524094581604,0.97524094581604,1.0
28319ddc0992ed48e542cf9439afe830ca8d40a8,2,1,0.9559754729270935,0.9559754729270935,0.9559754729270935,0.9559754729270935,1.0
c50d89c91af6cb50aa637dcd079427840f921240,2,1,0.9749169945716858,0.9749169945716858,0.9749169945716858,0.9749169945716858,1.0
108da14322917eb897ebc713f992cf784cd31988,3,3,0.9647684693336487,0.9652906060218811,0.9699897766113281,0.9689738750457764,1.0
fc3a77228a77e003ea5962e14690a9e01458ea1c,2,1,0.9647859930992126,0.9647859930992126,0.9647859930992126,0.9647859930992126,1.0
a81faac83cbb662ec70c512904f548e5fda98c78,3,3,0.9500171542167664,0.9500677585601807,0.9505231380462646,0.9667380452156067,1.0
f9931d77a1dbbbb788f6ffe387315a797c35d685,2,1,0.9914851784706116,0.9914851784706116,0.9914851784706116,0.9914851784706116,1.0
82fc6b2d2c0e27ea804e7f39958497b1ed0340ce,3,3,0.9823657870292664,0.983128547668457,0.9899936318397522,0.9878230690956116,1.0
ac7308358c7dfcef2a785dc6feb87c36b347ed36,2,1,0.9526217579841614,0.9526217579841614,0.9526217579841614,0.9526217579841614,1.0
1eb460639699c3cc730586a91cd00a2ba918b56f,2,1,0.9860050678253174,0.9860050678253174,0.9860050678253174,0.9860050678253174,1.0
9da54076d71acd9694d0ad9cb8a04fde480368ee,2,1,0.9569147825241089,0.9569147825241089,0.9569147825241089,0.9569147825241089,1.0
50943b8cacb3c8121cdbb2e83807d410a7872abe,5,10,0.9520866870880127,0.9538068175315857,0.9726170301437378,0.9712060689926147,1.0
fb4b91d1d9c959f766a19bc63eeee747749c2bdb,3,3,0.9775604605674744,0.977704644203186,0.9790025949478149,0.9818351864814758,1.0
bff05cb767c97600143a29947d0876223735407d,2,1,0.9700853824615479,0.9700853824615479,0.9700853824615479,0.9700853824615479,1.0
d5883955c3abcf39aec73df7344ec3f38a478e41,3,3,0.9577273726463318,0.9587316513061523,0.9677702784538269,0.9650945663452148,1.0
20c0dd43917576ba5923f75ffe02a87d841a3c93,2,1,0.9501617550849915,0.9501617550849915,0.9501617550849915,0.9501617550849915,1.0
1537534517904eb6e8549091b990c05f1fc07ede,2,1,0.9818446636199951,0.9818446636199951,0.9818446636199951,0.9818446636199951,1.0
f842e4b1ee0735f04f095844f8894589fa6ac428,2,1,0.9669185876846313,0.9669185876846313,0.9669185876846313,0.9669185876846313,1.0
52734c54ab12bcd7d1960f61db30619eb8803d71,2,1,0.9805583953857422,0.9805583953857422,0.9805583953857422,0.9805583953857422,1.0
c55842c7ebd4110f7a28ccca693c95905aa61317,2,1,0.9542996287345886,0.9542996287345886,0.9542996287345886,0.9542996287345886,1.0
b3883b4a8e7518fdc24163e342e3e61872cd3b1d,2,1,0.9703110456466675,0.9703110456466675,0.9703110456466675,0.9703110456466675,1.0
cd124686a7fafc9bce2be61066ba180ba5804861,2,1,0.9618600606918335,0.9618600606918335,0.9618600606918335,0.9618600606918335,1.0
62d17d80dc13dbbecb0e30f4f65721cfa8814278,2,1,0.961631715297699,0.961631715297699,0.961631715297699,0.961631715297699,1.0
cb952ccab51dd02a320af6ae8bcb51c671d40e98,2,1,0.9755218029022217,0.9755218029022217,0.9755218029022217,0.9755218029022217,1.0
90abaab36ed6b1705b1aef44696292b6c31be75d,2,1,0.9683658480644226,0.9683658480644226,0.9683658480644226,0.9683658480644226,1.0
66ae8bfcec877b5afa9121f2d7122728fd6ced21,4,6,0.9607435464859009,0.9624015688896179,0.9779210090637207,0.9773553013801575,1.0
d1a893b8f6bcde10340adf6a7b475172b2daff4f,3,3,0.9625463485717773,0.9629040360450745,0.9661229848861694,0.9696685671806335,1.0
b84deb22fa1d398b1354a5ea954bb7f4185ffb3a,2,1,0.9715368747711182,0.9715368747711182,0.9715368747711182,0.9715368747711182,1.0
77d7b100f47ed041b005a57d4a6185e1adc6f9a6,2,1,0.9599238634109497,0.9599238634109497,0.9599238634109497,0.9599238634109497,1.0
c43613df613a16670644edb1560cd0bd38a7c402,2,1,0.9868012070655823,0.9868012070655823,0.9868012070655823,0.9868012070655823,1.0
0cf690ee7f109e8a4baf5dd3a27790a8000a26df,2,1,0.9711765050888062,0.9711765050888062,0.9711765050888062,0.9711765050888062,1.0
00d599949548a39a55d41834f87a4c709eff910c,3,3,0.963169276714325,0.9639174342155457,0.9706507921218872,0.9696375727653503,1.0
e5498c4779c8728179b400901c9fce323dd60335,2,1,0.9976637363433838,0.9976637363433838,0.9976637363433838,0.9976637363433838,1.0
ed3ab552699d17536d5c35fde9d887c81c84d0c5,2,1,0.9597448110580444,0.9597448110580444,0.9597448110580444,0.9597448110580444,1.0
737089fc28d5ab092ca7813a2e42b002229c8c8d,2,1,0.9896029233932495,0.9896029233932495,0.9896029233932495,0.9896029233932495,1.0
e2a74039ab13d143dff2ca3946a5dd9e35484ced,2,1,0.9628909826278687,0.9628909826278687,0.9628909826278687,0.9628909826278687,1.0
3dbd1c0fc33e69c9c19fa72d514f211a33ee098c,2,1,0.9858728051185608,0.9858728051185608,0.9858728051185608,0.9858728051185608,1.0
80a495a70681279065c6a7e87abe7eb5981a784f,2,1,0.9664389491081238,0.9664389491081238,0.9664389491081238,0.9664389491081238,1.0
f1d5bf6794ea3e355eaffb1126b77579e86f8361,2,1,0.9774237871170044,0.9774237871170044,0.9774237871170044,0.9774237871170044,1.0
4261a564a5bebf0a29f3aa6b1dc9a9597f8be867,2,1,0.9874662756919861,0.9874662756919861,0.9874662756919861,0.9874662756919861,1.0
8f7dfc2c3aeb85674b5dc9631ae0b0e9f7c2612d,3,3,0.9529980421066284,0.9535749554634094,0.9587671756744385,0.9599822163581848,1.0
1d38d52fc79752ba20f91e89106017d24b1f7b1e,3,3,0.960848331451416,0.9616687297821045,0.969052255153656,0.9680471420288086,1.0
9b93d0140c915d79edc162f0bfbbd7dddf21bb1c,3,3,0.988196611404419,0.9882831573486328,0.9890618324279785,0.9908931851387024,1.0
f2413ba6f003924743aab2fd3b5d6b6b6b6ae11a,2,1,0.9592780470848083,0.9592780470848083,0.9592780470848083,0.9592780470848083,1.0
2fe94898ee375a8fff24599cb28eecf4f6bb6ded,3,3,0.9782567024230957,0.9784520864486694,0.9802107810974121,0.9844653010368347,1.0
53173e44b0d9f1ec76038b4b7445065245bc52ce,2,1,0.9749815464019775,0.9749815464019775,0.9749815464019775,0.9749815464019775,1.0
5554398a3c3c403f024ff4acf4eb3e5cd725a1f5,2,1,0.9538221955299377,0.9538221955299377,0.9538221955299377,0.9538221955299377,1.0
71a90e88bd9a09c4722965d96018f0bf0d4c9ee1,2,1,0.9561387300491333,0.9561387300491333,0.9561387300491333,0.9561387300491333,1.0
21c009eccc2462ae1f1b0a2386557b0de3e8439a,2,1,0.95905601978302,0.95905601978302,0.95905601978302,0.95905601978302,1.0
e932ad76efba6daef3a3b9c494aea8d49381a45f,3,3,0.9616824388504028,0.9617586135864258,0.9624439477920532,0.9698152542114258,1.0
9142669f3f1d38583080b0ae107a0ec8dfb531d4,3,3,0.9657436609268188,0.9658198952674866,0.9665062427520752,0.9687631726264954,1.0
148a0b1d0c38920909f49cd8afbbac5459d2b5af,2,1,0.9695461392402649,0.9695461392402649,0.9695461392402649,0.9695461392402649,1.0
c93ba510f1b4369ca0f477048b010046dbe9e5ed,2,1,0.9669158458709717,0.9669158458709717,0.9669158458709717,0.9669158458709717,1.0
08ea339b165dc9c84e41c491283238aed5f0c56f,2,1,0.9755872488021851,0.9755872488021851,0.9755872488021851,0.9755872488021851,1.0
6b0c722ed70a408affcf49efb358ebec2aba320b,4,6,0.9543341398239136,0.9543949365615845,0.9694288969039917,0.9662351608276367,1.0
4fa0a637b1412a7372fdedf8978d5327bbd77e24,2,1,0.9545699954032898,0.9545699954032898,0.9545699954032898,0.9545699954032898,1.0
643ac92c05b41874be4cdb4b37256d90bcd2d565,2,1,0.967913806438446,0.967913806438446,0.967913806438446,0.967913806438446,1.0
37cca0c692760c45ce8cc1f95fde4b970080aeb1,4,6,0.9558300375938416,0.9564159512519836,0.9672582745552063,0.9683148264884949,1.0
5f74a9dafa66f6caddbd0792c5c425c5cdd1a629,2,1,0.9563019275665283,0.9563019275665283,0.9563019275665283,0.9563019275665283,1.0
17ed8d31624778ae8008d9a8069264c9060dcc2a,2,1,0.9631446599960327,0.9631446599960327,0.9631446599960327,0.9631446599960327,1.0
d20f8d0965db2ebb3a049e85c89b431dd3999d30,2,1,0.985539972782135,0.985539972782135,0.985539972782135,0.985539972782135,1.0
8b2fc51647ad33776d97ad181e483b4fb77fda75,2,1,0.98399817943573,0.98399817943573,0.98399817943573,0.98399817943573,1.0
17ad99da1de1cb9dc7b0c170b7bb853be96f9746,2,1,0.9622316956520081,0.9622316956520081,0.9622316956520081,0.9622316956520081,1.0
03b334086566900b39c451aafccf46c1e4b9a60e,3,3,0.9509429931640625,0.9511837959289551,0.9533511996269226,0.953725278377533,1.0
2e7e0f02cbe21cccb23edebbdbe2908dfbae2dbb,3,3,0.9772924184799194,0.9781524538993835,0.9858928918838501,0.9837295413017273,1.0
6c305bc4993fdf74fbe885250f351d335d70b125,2,1,0.9753689765930176,0.9753689765930176,0.9753689765930176,0.9753689765930176,1.0
305a72b90859f49ccb621e3a35cf31eecc67be0d,3,3,0.975204348564148,0.9760234355926514,0.9833952188491821,0.9831042289733887,1.0
44d19694e391b0013279804620768c33d0071f8c,2,1,0.9627551436424255,0.9627551436424255,0.9627551436424255,0.9627551436424255,1.0
21e6ae6f176e82d2748b517fb13e1a2a39fe85ce,3,3,0.9629610776901245,0.9632092714309692,0.9654427766799927,0.9672277569770813,1.0
ee6fb67f782134af1b1e7045bde6c44525eaa4c7,2,1,0.9773637056350708,0.9773637056350708,0.9773637056350708,0.9773637056350708,1.0
5b9cc20ad6720550a632db938a4bf754e6f306dc,5,10,0.9612003564834595,0.9625943899154663,0.970268964767456,0.9723294377326965,1.0
c53f9962937be867f3a0397770d853bb0a923d14,4,6,0.985863208770752,0.986070454120636,0.9890917539596558,0.989575207233429,1.0
5147525fe9afa1a2803f336b2cf3e23921e32630,2,1,0.9961340427398682,0.9961340427398682,0.9961340427398682,0.9961340427398682,1.0
7e21c6eb4d4179b77ea6bf28525ff8f7a8517ee5,4,6,0.9571878910064697,0.9599723815917969,0.9747903943061829,0.9730072021484375,1.0
740fcc3c1c2e3621e47ff55811f1025c23a38f9e,2,1,0.9911197423934937,0.9911197423934937,0.9911197423934937,0.9911197423934937,1.0
6bb1c002be27cda142c9acf3e931b266b630a663,2,1,0.9707512259483337,0.9707512259483337,0.9707512259483337,0.9707512259483337,1.0
7c8e5e3f955ae67c4ba80d5f8bf72bd5498b36b8,2,1,0.9671491384506226,0.9671491384506226,0.9671491384506226,0.9671491384506226,1.0
909766ad264825f1b204a49d45452ed9b3713200,2,1,0.9758726358413696,0.9758726358413696,0.9758726358413696,0.9758726358413696,1.0
bb1886e616cb52c199ca03740362114e08a63df5,2,1,0.955588698387146,0.955588698387146,0.955588698387146,0.955588698387146,1.0
9399688825bb24b6a4bac193753d9f740083fc2b,2,1,0.9587554931640625,0.9587554931640625,0.9587554931640625,0.9587554931640625,1.0
800e4d7b3976d335ddac46e1dfd8077b1275994b,2,1,0.9650940895080566,0.9650940895080566,0.9650940895080566,0.9650940895080566,1.0
d488c99e08022e0261d374308db5cd79ca13dfb0,2,1,0.9737616181373596,0.9737616181373596,0.9737616181373596,0.9737616181373596,1.0
76004ffbf9206e3ca9daf9a829da4d4dd0e1fb30,2,1,0.9659203290939331,0.9659203290939331,0.9659203290939331,0.9659203290939331,1.0
c26b0c122f1d2d537a2f14d1149857352bcaff61,2,1,0.9575235843658447,0.9575235843658447,0.9575235843658447,0.9575235843658447,1.0
610bae67d9919877b3b2ed0119174548222eaafe,2,1,0.9678471088409424,0.9678471088409424,0.9678471088409424,0.9678471088409424,1.0
494c1ae3dc325a25247a99e0eb92f17e31885bc6,2,1,0.986017644405365,0.986017644405365,0.986017644405365,0.986017644405365,1.0
fd00a8b951aa9f2ba7ac3c45da5da4624351a693,2,1,0.988269567489624,0.988269567489624,0.988269567489624,0.988269567489624,1.0
8f166144352c0c26d2484a9a89f031a1b1105b8b,3,3,0.9646663665771484,0.9655060768127441,0.9730632305145264,0.9734876155853271,1.0
12c0f91596503348e05d5b2cfb4b4987c627497b,4,6,0.9549801349639893,0.9567288160324097,0.9649977684020996,0.9656131863594055,1.0
def4ae1388ff72e2b91c4c8664cf9471b27dfd86,2,1,0.9559061527252197,0.9559061527252197,0.9559061527252197,0.9559061527252197,1.0
75d68b220856130b588a93de52eb3efbf10e1e3e,4,6,0.9583774209022522,0.9611627459526062,0.9738770723342896,0.973078727722168,1.0
dbb5d60219cd0aa0c19d9c19c257ebe233be59fd,3,3,0.9652127027511597,0.9655957221984863,0.9690430164337158,0.9742529988288879,1.0
f879a977651b8aada7374abeacde5aa389db748a,2,1,0.9707832336425781,0.9707832336425781,0.9707832336425781,0.9707832336425781,1.0
de56d3403996d6ba049940f8f7575b924ccbbccd,2,1,0.9623461961746216,0.9623461961746216,0.9623461961746216,0.9623461961746216,1.0
7103cf3ea25be5c6aa5683e5038747f6d5c21a8f,2,1,0.9724122881889343,0.9724122881889343,0.9724122881889343,0.9724122881889343,1.0
3e669a10713b731d2cebddcb6fa506ee0358d473,4,6,0.9813365936279297,0.983035147190094,0.9898327589035034,0.9900067448616028,1.0
1adee6d9e24c140d7251c2bcbba686bc429eb326,3,3,0.9708603024482727,0.9712610840797424,0.9748683571815491,0.9739863276481628,1.0
ebfabd60412846b4e960fd9571f730739507fa36,2,1,0.988165020942688,0.988165020942688,0.988165020942688,0.988165020942688,1.0
39811a4fd5290ab7318857bd5dba42b66611890d,3,3,0.9770517349243164,0.9770908355712891,0.9774430394172668,0.9833670258522034,1.0
40e34c9ed541da27ce8190ce9d38cf0ab39227d1,2,1,0.9645100831985474,0.9645100831985474,0.9645100831985474,0.9645100831985474,1.0
56fdcb9f39ab2122ecc77d3ccb814874c2da3ffe,2,1,0.980827271938324,0.980827271938324,0.980827271938324,0.980827271938324,1.0
3937ff2782a91e5200290ecfcfec10549af46686,3,3,0.9618625640869141,0.9622113704681396,0.9653509259223938,0.969059944152832,1.0
de295b4addf2f1b5d0124eb32fecc8466b3713a1,2,1,0.952797532081604,0.952797532081604,0.952797532081604,0.952797532081604,1.0
678fb9adb4260e7c5d025de78c8f4bbc316636d5,2,1,0.9529852271080017,0.9529852271080017,0.9529852271080017,0.9529852271080017,1.0
4667a1989e8f159422fe692cfaf839a8f29fd1c3,2,1,0.9518130421638489,0.9518130421638489,0.9518130421638489,0.9518130421638489,1.0
80b4c8ae3014e562422d397d5f9b4c5e2f99d2db,3,3,0.9747429490089417,0.9748702049255371,0.9760156869888306,0.977684497833252,1.0
8717f1c46fcf9441ceefe555af53ab0b19b92072,2,1,0.9687982797622681,0.9687982797622681,0.9687982797622681,0.9687982797622681,1.0
91eb068908ad46815ee48cc7284b4328f03ed721,2,1,0.9741369485855103,0.9741369485855103,0.9741369485855103,0.9741369485855103,1.0
c313aa448ef8bc257eecc45b2358125e90f5ea81,2,1,0.9942901730537415,0.9942901730537415,0.9942901730537415,0.9942901730537415,1.0
60d397343d53750d71e174a24df3984074220e93,2,1,0.962374210357666,0.962374210357666,0.962374210357666,0.962374210357666,1.0
6ab0672f7175f6fa6ed20f45f536c41e577c5efe,2,1,0.9805805683135986,0.9805805683135986,0.9805805683135986,0.9805805683135986,1.0
eb1ae4353640b2a569f80a3e69a0ed4e065e5bc0,4,6,0.9505100250244141,0.9533256888389587,0.96958327293396,0.967113196849823,1.0
b1e0dc856fb32efd2e5354a88aadab684dff9286,2,1,0.9826682209968567,0.9826682209968567,0.9826682209968567,0.9826682209968567,1.0
3ef442ebb7c2d815f20f953b054fbf9753a2f3a1,2,1,0.9876109957695007,0.9876109957695007,0.9876109957695007,0.9876109957695007,1.0
ca12b57d132a88394cec54395c53a7f848b380d6,2,1,0.9641671180725098,0.9641671180725098,0.9641671180725098,0.9641671180725098,1.0
e0ff3de8831c0e263e3041834b11f59384c2a750,2,1,0.9525688886642456,0.9525688886642456,0.9525688886642456,0.9525688886642456,1.0
3bb5834bab9731d5aa317fff2e1fa3d4e563cf41,3,3,0.9808804392814636,0.981192946434021,0.9840058088302612,0.9845243096351624,1.0
8b5ba048d8e4030e027365a3a6f1d731fa1123d9,2,1,0.9893393516540527,0.9893393516540527,0.9893393516540527,0.9893393516540527,1.0
0954ccada6afb66c646b3f5f13a1c17ce2bf501a,2,1,0.958349347114563,0.958349347114563,0.958349347114563,0.958349347114563,1.0
c9c485f08488ede45c4fa1824cb950e38085528d,2,1,0.9811708927154541,0.9811708927154541,0.9811708927154541,0.9811708927154541,1.0
94fb7ac2d5ae8e47852c82cee5ee3b0e0f42f3d6,3,3,0.9840860366821289,0.984221339225769,0.9854387640953064,0.986152172088623,1.0
00296153b99fdb52830ccb27aad717dd42ab2676,2,1,0.9629997611045837,0.9629997611045837,0.9629997611045837,0.9629997611045837,1.0
b692f4221264f091a1148a6c4ff28fb093ab58c4,2,1,0.980423629283905,0.980423629283905,0.980423629283905,0.980423629283905,1.0
c27ae084fe422b08b2a61b4066ba5ec58020c02e,2,1,0.9529043436050415,0.9529043436050415,0.9529043436050415,0.9529043436050415,1.0
d60e18da41f5e1733f62c684f167b06baa87e4b3,2,1,0.9875635504722595,0.9875635504722595,0.9875635504722595,0.9875635504722595,1.0
2e9b9d4f9691b84ce3854f4ebc9e1dbb082f3b21,2,1,0.9615246057510376,0.9615246057510376,0.9615246057510376,0.9615246057510376,1.0
72f6287ffc2fc12c82850785408845cecc986403,2,1,0.9607652425765991,0.9607652425765991,0.9607652425765991,0.9607652425765991,1.0
4c2d97aa7c5cd6fda3bae410e58d0b4d44ddca3b,2,1,0.990665078163147,0.990665078163147,0.990665078163147,0.990665078163147,1.0
82e752189173fdf5047029175a35a86fb7d7965f,2,1,0.9566041231155396,0.9566041231155396,0.9566041231155396,0.9566041231155396,1.0
79d6b2260dc1e11a0c4b027437ce69590926fd7a,2,1,0.9722586870193481,0.9722586870193481,0.9722586870193481,0.9722586870193481,1.0
50eefee1fcdf99f7cbce5a26c0759b95629436e8,3,3,0.9737105369567871,0.9739905595779419,0.9765105247497559,0.977055013179779,1.0
acf96c42a6f67cd48716a03430858d4b1b929539,2,1,0.9778850078582764,0.9778850078582764,0.9778850078582764,0.9778850078582764,1.0
fdee877d9f04e980e8f2f08041b1bad72123e08d,2,1,0.9556056261062622,0.9556056261062622,0.9556056261062622,0.9556056261062622,1.0
d139090cc53a3aad9548d88a2e874532ba951ce7,2,1,0.9797035455703735,0.9797035455703735,0.9797035455703735,0.9797035455703735,1.0
6a233b43153a6e7743e744cc14ba09d054c7e4f7,3,3,0.9535669088363647,0.9544369578361511,0.9622676372528076,0.9621952176094055,1.0
1498c3934385a8ee82b02e872f3eb86aa7649012,3,3,0.978786051273346,0.9792002439498901,0.9829281568527222,0.9830254912376404,1.0
1488f9e03fbafc84a58ad71b0149e844b76540c4,2,1,0.9553068280220032,0.9553068280220032,0.9553068280220032,0.9553068280220032,1.0
83567b08c9935efea8d0eee688128e2a1b1c1f24,2,1,0.9812527894973755,0.9812527894973755,0.9812527894973755,0.9812527894973755,1.0
fd8131c64da21835efe90afb27289c7c0ad6955c,2,1,0.9731370210647583,0.9731370210647583,0.9731370210647583,0.9731370210647583,1.0
844fb07cc0449d5c155ccb4b733553627caa62d0,2,1,0.9675586223602295,0.9675586223602295,0.9675586223602295,0.9675586223602295,1.0
100be33bcbcff2f63c9eb937ae8ad1dd82259cf9,3,3,0.9648535847663879,0.9655442237854004,0.971760094165802,0.9708866477012634,1.0
308313144edbf87c9e13a0ea0c3aef22a1a6ed4e,2,1,0.9606355428695679,0.9606355428695679,0.9606355428695679,0.9606355428695679,1.0
8d54ab821ab1ddf9064d1ac2c4a22dd4893a7134,2,1,0.9594533443450928,0.9594533443450928,0.9594533443450928,0.9594533443450928,1.0
0458a8d667cf85c09b7b3b5f8e301f03d6e00244,3,3,0.9653480648994446,0.9661100506782532,0.9729679822921753,0.9722990989685059,1.0
f0495e8f6663e52234a65cd7fd532eaa2837f542,4,6,0.9633252620697021,0.9663184881210327,0.979794979095459,0.9783805012702942,1.0
5af0201e594bfa11554356fa5bbce075a835a6c4,2,1,0.9507285356521606,0.9507285356521606,0.9507285356521606,0.9507285356521606,1.0
a0fab7a30b026dfc75697e8c01c6adbb7f412ca2,2,1,0.9706186652183533,0.9706186652183533,0.9706186652183533,0.9706186652183533,1.0
4f04b9e475bc4d8e2c7c9c7d0c452657fbb21f7f,2,1,0.9780991077423096,0.9780991077423096,0.9780991077423096,0.9780991077423096,1.0
56489891abacb6903880deb52a23b28288cfb5a7,2,1,0.9617320895195007,0.9617320895195007,0.9617320895195007,0.9617320895195007,1.0
010dae75bdf63424e52c139ee6de47bb6be7ae29,2,1,0.984021782875061,0.984021782875061,0.984021782875061,0.984021782875061,1.0
ebe7c2df75b8e980ea1ec350c3cec3c7f68a69d2,3,3,0.9538259506225586,0.9548423886299133,0.9639903903007507,0.9697104096412659,1.0
b5782d463a51d71e68501535d4a3cdb4481fb52c,3,3,0.9800726175308228,0.9800828695297241,0.9801751375198364,0.9824215769767761,1.0
2f0cd0e04b0dfc8a7fa48737654c370847458444,3,3,0.9591037034988403,0.9592678546905518,0.9607452154159546,0.96407550573349,1.0
6ce95b4f2d325416ffd76773c3d68fbbf710cf4e,5,10,0.9500606060028076,0.9506328105926514,0.9604009985923767,0.9612842798233032,1.0
ff13319301988669fe946af6fbf12e14563e67c1,3,3,0.9512025713920593,0.9512858986854553,0.9520360231399536,0.9659276008605957,1.0
e943a9196c8acb6c8f760d344052d93e208c5653,2,1,0.9584037661552429,0.9584037661552429,0.9584037661552429,0.9584037661552429,1.0
5830462b7fb27676efcece2e876420ae832fec0c,3,3,0.9653253555297852,0.9665512442588806,0.9775843620300293,0.9741962552070618,1.0
7516e3d016819ebb654bf017cf10cb8d0070ff09,2,1,0.965990424156189,0.965990424156189,0.965990424156189,0.965990424156189,1.0
03ccc840314661d124e6395e95fa9485864d10b0,2,1,0.9500138163566589,0.9500138163566589,0.9500138163566589,0.9500138163566589,1.0
8e0aadb06b2cdbd4043292d1e602d8f8b764c43b,3,3,0.975259006023407,0.9758417010307312,0.9810857772827148,0.9818649291992188,1.0
475050d33041a70779841ec4c961d4244bfe8b24,3,3,0.956714391708374,0.9575148224830627,0.9647188186645508,0.9647154808044434,1.0
e0a2fa8ad00beb0e18e1d2060c4abef38df488ad,2,1,0.9624824523925781,0.9624824523925781,0.9624824523925781,0.9624824523925781,1.0
ecb7d39ddc4b7864db776268e8a377554b327f47,2,1,0.9903010725975037,0.9903010725975037,0.9903010725975037,0.9903010725975037,1.0
91a92d038cd25e22e74555e45c2ef8feb4e1b694,2,1,0.984108030796051,0.984108030796051,0.984108030796051,0.984108030796051,1.0
15721919bf22c24a2045df482ac62a94a928dd53,2,1,0.9725354909896851,0.9725354909896851,0.9725354909896851,0.9725354909896851,1.0
3150a2adfbf35010b73a6b3a0cf19ebfc34c3348,2,1,0.9796773195266724,0.9796773195266724,0.9796773195266724,0.9796773195266724,1.0
12206fbdc9e3f038b5a8881a776082355245d1dd,2,1,0.9716953039169312,0.9716953039169312,0.9716953039169312,0.9716953039169312,1.0
83f616962a54084d8713147d04e7eed31a8eced2,2,1,0.9532748460769653,0.9532748460769653,0.9532748460769653,0.9532748460769653,1.0
77bd795dc0439c00da98d4117e019c54f2cf55c4,3,3,0.9840642809867859,0.9845818281173706,0.9892398118972778,0.989510715007782,1.0
adfaa27350760b809b7e7320521d2b3148292d8d,3,3,0.9737486839294434,0.9742871522903442,0.9791334867477417,0.9832062721252441,1.0
8e33d868c2150a1224d1c6ca4de760925a6c5ed6,2,1,0.9668015241622925,0.9668015241622925,0.9668015241622925,0.9668015241622925,1.0
fdab662e5ff2742ad7cdadbf7fb08796e74d27cc,2,1,0.9876722693443298,0.9876722693443298,0.9876722693443298,0.9876722693443298,1.0
29d1883175a8f6be7f6d84d46158d70b941e5a31,2,1,0.9659159779548645,0.9659159779548645,0.9659159779548645,0.9659159779548645,1.0
07d09d5d08e97658d377eb7d433a887df1552aa3,2,1,0.9733996391296387,0.9733996391296387,0.9733996391296387,0.9733996391296387,1.0
ec1c957c79048ae27d3c7eb010b2053ffbc35fe0,2,1,0.9748275279998779,0.9748275279998779,0.9748275279998779,0.9748275279998779,1.0
b136b5dee6691b8d901de490c980a3c314c5bb7e,2,1,0.9647547006607056,0.9647547006607056,0.9647547006607056,0.9647547006607056,1.0
0ca33b37c03c3c49d48422402119de086b291de6,2,1,0.9555586576461792,0.9555586576461792,0.9555586576461792,0.9555586576461792,1.0
310c4b6c4d32e2a63c5f2fa96fa70d5f31e8de17,3,3,0.953746497631073,0.9549679756164551,0.9659613370895386,0.9647433161735535,1.0
8d2f043fcb4848bfc4f9f96a223c997545622bd2,4,6,0.9601849317550659,0.9614865779876709,0.9721291065216064,0.9714998602867126,1.0
a126340688db84fe29bdea19615f3424e3db3d8b,4,6,0.9764796495437622,0.978373646736145,0.985943078994751,0.9859666228294373,1.0
d9af0455a63de1091ebabd0fc848013b0a66c2aa,3,3,0.9582141041755676,0.9582412242889404,0.9584855437278748,0.9697680473327637,1.0
d5f1858826438df5fb1d3cd65c324ada79cb6c91,2,1,0.9834725856781006,0.9834725856781006,0.9834725856781006,0.9834725856781006,1.0
301e244ea1884467923b2c7f6d7c3953653bc490,2,1,0.9707086086273193,0.9707086086273193,0.9707086086273193,0.9707086086273193,1.0
8a2e1d82402d219e1685fc2fd294bb200788c660,2,1,0.9639459848403931,0.9639459848403931,0.9639459848403931,0.9639459848403931,1.0
388538e1dcf2cfe470607e6579c74218c57b7e90,3,3,0.9503004550933838,0.9506939649581909,0.9542356729507446,0.9551029205322266,1.0
8135e1f628cda8f307e0f263baa5f5b2f2fc3dd1,2,1,0.9761348962783813,0.9761348962783813,0.9761348962783813,0.9761348962783813,1.0
74f189be569710a9723aca9a25a5573d4d3babae,2,1,0.9905641674995422,0.9905641674995422,0.9905641674995422,0.9905641674995422,1.0
34a5fb5be44d906b60f95347c6e7f0e3bc336a76,2,1,0.9553678035736084,0.9553678035736084,0.9553678035736084,0.9553678035736084,1.0
20ac6288e7716a3adcd67a0751dd6b16db1246cc,2,1,0.9656040668487549,0.9656040668487549,0.9656040668487549,0.9656040668487549,1.0
47b90555f9fb8265881d059dd88b112a539c7ecf,5,10,0.9569045305252075,0.9576917886734009,0.9745837450027466,0.9716665148735046,1.0
d852fd6b5295580dc5ce8152a8be4d0c7e9b1391,3,3,0.9621532559394836,0.9628012180328369,0.9686331152915955,0.9708178639411926,1.0
c7d7d309b6fd13d7ddef07bc7b96d18638b3ec9d,2,1,0.9751396179199219,0.9751396179199219,0.9751396179199219,0.9751396179199219,1.0
36ec5d55bb3901edf421cf8875cc290399f2be24,2,1,0.9567946195602417,0.9567946195602417,0.9567946195602417,0.9567946195602417,1.0
95ea61cd224a6a031d366b3d0843ddb9f0e37112,2,1,0.9646232724189758,0.9646232724189758,0.9646232724189758,0.9646232724189758,1.0
ad22136ed031476302d156ee0a0066e876f37b9f,2,1,0.9533214569091797,0.9533214569091797,0.9533214569091797,0.9533214569091797,1.0
ad2f1b94c04bfd888fa991f39cc2aaa998d6ee83,2,1,0.9556431770324707,0.9556431770324707,0.9556431770324707,0.9556431770324707,1.0
7e95d752f0fd7f13bad97905541161a73f0b6db5,2,1,0.9510047435760498,0.9510047435760498,0.9510047435760498,0.9510047435760498,1.0
70095fd0fa9e78ce87344086ae432714c32758b7,2,1,0.960498571395874,0.960498571395874,0.960498571395874,0.960498571395874,1.0
8b8e8e689a8377a434fa717fec7794245c57cdf9,2,1,0.967546820640564,0.967546820640564,0.967546820640564,0.967546820640564,1.0
88af6dad05d9b9268b8beb2e18da6906ba5a75a5,3,3,0.9544970393180847,0.9545741081237793,0.9552677869796753,0.9637060165405273,1.0
f6ae8315c8cade71224dcd74a5cf135ad3344db5,2,1,0.9557049870491028,0.9557049870491028,0.9557049870491028,0.9557049870491028,1.0
383f50c8ec3214d251a25f0595fe01d9c1225757,2,1,0.9553783535957336,0.9553783535957336,0.9553783535957336,0.9553783535957336,1.0
9bea9715e94bf86381edf730c9f38933c303638d,2,1,0.9522389769554138,0.9522389769554138,0.9522389769554138,0.9522389769554138,1.0
343a95f9906ea1e9211274a360bfd2f09214baff,2,1,0.9717053771018982,0.9717053771018982,0.9717053771018982,0.9717053771018982,1.0
42073a278636036de9b448be817892e3e7614633,5,10,0.9533079862594604,0.9579631090164185,0.9757062196731567,0.9741519689559937,1.0
a82a1479a825074fc13f0a4a6b83988b2df74c6a,2,1,0.9876177906990051,0.9876177906990051,0.9876177906990051,0.9876177906990051,1.0
a49e428630e4b7d6fd9e990aa00c046a33d146c9,2,1,0.9576064944267273,0.9576064944267273,0.9576064944267273,0.9576064944267273,1.0
ae423635a761a9894ac3dbcce5923339a397ac1b,2,1,0.9641129970550537,0.9641129970550537,0.9641129970550537,0.9641129970550537,1.0
98d9295895b3eb29ded454d4cf94d55aa386323b,2,1,0.9807450771331787,0.9807450771331787,0.9807450771331787,0.9807450771331787,1.0
95a66dc62c8a5ec739e25d5ac23e1a3aaf8a4fed,4,6,0.9965749979019165,0.9966389536857605,0.9970293641090393,0.9970490336418152,1.0
6a289595e5817afb36035e1472b6d779d930baee,2,1,0.9741103053092957,0.9741103053092957,0.9741103053092957,0.9741103053092957,1.0
a6758bc69a7de4ce86a5da44bb85b27f3fbc45e3,2,1,0.9757022857666016,0.9757022857666016,0.9757022857666016,0.9757022857666016,1.0
ac24df9e98d01750bf167025fab5e32d7e5846e5,2,1,0.9719552993774414,0.9719552993774414,0.9719552993774414,0.9719552993774414,1.0
4cf3db925522fb66b5682e2a140d2521aae5fc61,3,3,0.9779679775238037,0.9785811305046082,0.9840994477272034,0.9821343421936035,1.0
258946d475619625d8e7db0a8d87b8510202f4ce,2,1,0.965779185295105,0.965779185295105,0.965779185295105,0.965779185295105,1.0
7bb35b1cfd18e580b1bdb26879181add3756df1a,4,6,0.9778255820274353,0.9779416918754578,0.9786481857299805,0.9817699790000916,1.0
25469b0fea93de94b646ad045bfd4a80b90f9ba2,2,1,0.9726688861846924,0.9726688861846924,0.9726688861846924,0.9726688861846924,1.0
51290d592a2307dd9506c1c81d6c7b1c5148f2ca,2,1,0.9751989245414734,0.9751989245414734,0.9751989245414734,0.9751989245414734,1.0
a86c42a73be054c88c0be222be7663598d688cd3,2,1,0.9602814316749573,0.9602814316749573,0.9602814316749573,0.9602814316749573,1.0
0290f54be4989a72997d748a86e29c69d8d24724,2,1,0.9841831922531128,0.9841831922531128,0.9841831922531128,0.9841831922531128,1.0
9de378ca0a158ba5473e0f2d80355d58ddc34ee9,4,6,0.9567244648933411,0.957219123840332,0.9599965810775757,0.9662888646125793,1.0
5f05f712fa46363fa85fc087b54506cbe0dab429,3,3,0.9573357105255127,0.9579457640647888,0.963436484336853,0.9706716537475586,1.0
a48c7c860c0e33dc1c0cc2db720dd63f5e3376e1,3,3,0.9577810764312744,0.9588437080383301,0.9684072136878967,0.9696727395057678,1.0
325e462020e3653a371a4897c2ba90a9ecdb854b,4,6,0.965644121170044,0.96586012840271,0.9773836135864258,0.9752519130706787,1.0
39eca7cbeb437a54de3279828da8fa6a0aa30c8e,3,3,0.954573392868042,0.9554592370986938,0.9634315371513367,0.9634963870048523,1.0
dcc453b35f441466c2e195cb5d2240b13240d167,2,1,0.965326189994812,0.965326189994812,0.965326189994812,0.965326189994812,1.0
9ab6bdaf4e82543709e1b7225a874cb98e441ea0,2,1,0.9829649329185486,0.9829649329185486,0.9829649329185486,0.9829649329185486,1.0
9d76c956e146f695aecb3e2b520b417870922e09,2,1,0.9638171195983887,0.9638171195983887,0.9638171195983887,0.9638171195983887,1.0
cbbf31725400b69fcac02881d8e2f44cbd816dd0,2,1,0.9723696708679199,0.9723696708679199,0.9723696708679199,0.9723696708679199,1.0
140a58bdcff99fbf1f8955dacacf10c3f2a357b7,2,1,0.9512041807174683,0.9512041807174683,0.9512041807174683,0.9512041807174683,1.0
6bcfcea60393653a6ac1b9693a64d1904072bed7,2,1,0.9543394446372986,0.9543394446372986,0.9543394446372986,0.9543394446372986,1.0
f5a789baf934b1f8fd6eb04c69b4c3084654b389,2,1,0.9834423065185547,0.9834423065185547,0.9834423065185547,0.9834423065185547,1.0
f253f16b65b74d0e1c5a0c8e913a21019f1dcf3b,3,3,0.9510824680328369,0.9512998461723328,0.9532560110092163,0.960169792175293,1.0
a73a8e07a5be6895b432392c6d9129885fe9c1d1,3,3,0.9511910080909729,0.9519464373588562,0.9587451219558716,0.957083523273468,1.0
02d686d99e4dfb23fde1830afda3cd966848732f,3,3,0.9607642889022827,0.9608611464500427,0.9617326855659485,0.9728743433952332,1.0
28ff3e42b3eb83e19d33e2e661a328bd45b26998,2,1,0.9544134736061096,0.9544134736061096,0.9544134736061096,0.9544134736061096,1.0
8c01ecb748db7996cd023702f54478be14b5e484,2,1,0.9812265634536743,0.9812265634536743,0.9812265634536743,0.9812265634536743,1.0
c920ada92782fceba0fcad702ba358307d86b8c6,2,1,0.9688149690628052,0.9688149690628052,0.9688149690628052,0.9688149690628052,1.0
962a431ee6442506346d7ed9256852b6dbd64c43,3,3,0.962974488735199,0.9639023542404175,0.9722532629966736,0.970977246761322,1.0
31df3e874fb7d5cac1b615a5a96c373526ae1b13,3,3,0.9689618349075317,0.9690735340118408,0.9700785279273987,0.9746530652046204,1.0
cb4fdc9b5af5eade40305771696ac864ecd43d19,2,1,0.9755085706710815,0.9755085706710815,0.9755085706710815,0.9755085706710815,1.0
a83718f2c8db100c37532e5e4ca8019a97fece96,2,1,0.9717804789543152,0.9717804789543152,0.9717804789543152,0.9717804789543152,1.0
4832a10ac797de00c46b1a9904ef0dd0ae49a9a0,3,3,0.9765238761901855,0.9773707985877991,0.9849933385848999,0.9835915565490723,1.0
f6c25801d7c839458c329f77033624774eb5bc11,2,1,0.9761280417442322,0.9761280417442322,0.9761280417442322,0.9761280417442322,1.0
e8fdb09848bc602dc6d1dba7a6e7ef00b2d9391f,2,1,0.9876872301101685,0.9876872301101685,0.9876872301101685,0.9876872301101685,1.0
214c18039566d06937fe5d281b24e664953bba1d,2,1,0.9826791286468506,0.9826791286468506,0.9826791286468506,0.9826791286468506,1.0
77ba4e0fa2870f225a6b1ad7d0dac2952ee35cbc,2,1,0.9794274568557739,0.9794274568557739,0.9794274568557739,0.9794274568557739,1.0
0b106c10a1df585f5843f5231603dd15546c9438,2,1,0.9865853786468506,0.9865853786468506,0.9865853786468506,0.9865853786468506,1.0
4aa3af2ddd529115153aa4ca22281788f77e3b99,2,1,0.9826925992965698,0.9826925992965698,0.9826925992965698,0.9826925992965698,1.0
85e4f5c08575e5c1c58eaa7e922a0d5831034161,3,3,0.9576995968818665,0.9588619470596313,0.9693232774734497,0.9666643142700195,1.0
82ade92391b68a8eeb2bc4d0cf828dba6ebd2b80,3,3,0.9776678681373596,0.9784166812896729,0.9851561784744263,0.9854443669319153,1.0
757ebb0734653c41e6cb271b46ae4a5eac6c1ae0,3,3,0.9629137516021729,0.963232159614563,0.9660981297492981,0.9668564200401306,1.0
ce91efcf10282d86ded95ae467bc8714e66ccc91,4,6,0.9597949981689453,0.9613743424415588,0.972173273563385,0.9730331897735596,1.0
2fbe60ffd1339051be4fc53e2665e834d9f06ac6,2,1,0.9638440012931824,0.9638440012931824,0.9638440012931824,0.9638440012931824,1.0
801b45a09b5b9cd9dd02461f6522157f21bfbda6,3,3,0.9901727437973022,0.9906854033470154,0.9952995777130127,0.9942790865898132,1.0
b9ed3fe0966fdb28660130202a6da7ec20f72d24,2,1,0.9841642379760742,0.9841642379760742,0.9841642379760742,0.9841642379760742,1.0
718a081ca3bfc5f65a36f49f0f85c870ffaf5731,2,1,0.9586063027381897,0.9586063027381897,0.9586063027381897,0.9586063027381897,1.0
b96859b8892f33126ff32fb9868065e745279b25,2,1,0.9597447514533997,0.9597447514533997,0.9597447514533997,0.9597447514533997,1.0
ddd3d469971c119cec66d17a528f6b1a23df68ee,2,1,0.9609135389328003,0.9609135389328003,0.9609135389328003,0.9609135389328003,1.0
8c8902ceb38aa13cee376eb6ed1c03fab7920743,2,1,0.9613768458366394,0.9613768458366394,0.9613768458366394,0.9613768458366394,1.0
c4aa0328242ee953c459dff8ae6102f69c6b2d8b,2,1,0.9665915966033936,0.9665915966033936,0.9665915966033936,0.9665915966033936,1.0
d59be1ec73ce4d765b979b539e4a32b101733a5e,2,1,0.9500389099121094,0.9500389099121094,0.9500389099121094,0.9500389099121094,1.0
857c21ed038d7de50a93bd101dd44e9a92027547,4,6,0.9640822410583496,0.9665957093238831,0.9796239733695984,0.9785987734794617,1.0
6ce03bee4fe6131f816d7c419fa55cfc20d510f0,2,1,0.9684421420097351,0.9684421420097351,0.9684421420097351,0.9684421420097351,1.0
dac7f958f64a836f96ce714f8da41675cbb7e021,2,1,0.9678654670715332,0.9678654670715332,0.9678654670715332,0.9678654670715332,1.0
763bfbe11a2d0b853eeaf7a0a5ecd61d9310292b,2,1,0.960961103439331,0.960961103439331,0.960961103439331,0.960961103439331,1.0
7369d303b3816ab2912921b48b0f348c463abf1b,2,1,0.9616246223449707,0.9616246223449707,0.9616246223449707,0.9616246223449707,1.0
a49e21a1563399896c229ff069ddc841bb940e0c,2,1,0.970213770866394,0.970213770866394,0.970213770866394,0.970213770866394,1.0
fb8d8ba36fc5c4a47e9813dfd69393a3ccf6adfa,3,3,0.9724532961845398,0.9725029468536377,0.9729496240615845,0.9761999249458313,1.0
4ff2cd722cc3d79d96964459877c95de7b509183,3,3,0.9790484309196472,0.9794110059738159,0.9826740026473999,0.9836007952690125,1.0
68401b1bdcd59b5e1731c5fa238801dbc494689f,3,3,0.9504720568656921,0.9516218304634094,0.961969792842865,0.9659802317619324,1.0
501c02d4f02e9735eb611f70b4c53895a75d8ce9,2,1,0.9574713706970215,0.9574713706970215,0.9574713706970215,0.9574713706970215,1.0
8a111e41cdaab41b045ec48c59c973cce7e92389,2,1,0.9775829315185547,0.9775829315185547,0.9775829315185547,0.9775829315185547,1.0
02d1a1f2cf0481eb0cec20522cc4b9f0ffb19d38,2,1,0.9697425365447998,0.9697425365447998,0.9697425365447998,0.9697425365447998,1.0
3cbb8fe884fd793281dbf94849dae3011d09a0fe,2,1,0.9568830728530884,0.9568830728530884,0.9568830728530884,0.9568830728530884,1.0
b58ddf5f2cae77586ad48ffb64f654f89a199a5b,2,1,0.9521487951278687,0.9521487951278687,0.9521487951278687,0.9521487951278687,1.0
a837832eef43f07759c7745ebadbcb91ed9ac161,3,3,0.9762576222419739,0.9768362641334534,0.9820441603660583,0.9805881381034851,1.0
f87e8601c141ac37f7054c52ba8d4ebf4d9fa4f6,2,1,0.9624847769737244,0.9624847769737244,0.9624847769737244,0.9624847769737244,1.0
b83adaec8b076cf7009fa7de2591c728602b18ac,2,1,0.9799076318740845,0.9799076318740845,0.9799076318740845,0.9799076318740845,1.0
c98cc5b3ad1667feee69b8a5096fb1a048781fe1,2,1,0.9753191471099854,0.9753191471099854,0.9753191471099854,0.9753191471099854,1.0
e62094ada7e7a41ea55ee7a3dfbacc908d68fc94,2,1,0.9729943871498108,0.9729943871498108,0.9729943871498108,0.9729943871498108,1.0
9d03e4daa323061193eeb0c7f2ed9af489cafcd1,2,1,0.989316463470459,0.989316463470459,0.989316463470459,0.989316463470459,1.0
2aab65392e31b1c8accf7fdaac896afc93f32896,2,1,0.9647628664970398,0.9647628664970398,0.9647628664970398,0.9647628664970398,1.0
62972ba682f72b4a4506ca3fcdc24bd792ece9e4,3,3,0.9689485430717468,0.9693946838378906,0.97340989112854,0.9736087918281555,1.0
8b03d843cd2aa91dbd1167e1d9dc38e21840e336,2,1,0.9862258434295654,0.9862258434295654,0.9862258434295654,0.9862258434295654,1.0
f092495edb0e8da8763cb4b1cf3bb2e77c8164ad,2,1,0.99791419506073,0.99791419506073,0.99791419506073,0.99791419506073,1.0
0bf818872cdcd761702ee8a40dce96aa4284d7c1,2,1,0.9544705152511597,0.9544705152511597,0.9544705152511597,0.9544705152511597,1.0
4d9be3302c6d8d5c51d4efb15f29996e1703ddd3,2,1,0.957736611366272,0.957736611366272,0.957736611366272,0.957736611366272,1.0
7537528bea94bcc574da4c80960a9e4189d2cfb6,3,3,0.9717391729354858,0.9717471599578857,0.971818745136261,0.975810706615448,1.0
e006c2f0c7d080ca88c2a4e02ac0fdc72a6de0fc,2,1,0.9647589325904846,0.9647589325904846,0.9647589325904846,0.9647589325904846,1.0
8a053232c5988eec1ec504df2a12cff32de1764c,4,6,0.9513815641403198,0.9528053402900696,0.9603632092475891,0.9606022834777832,1.0
e0f137068b8988edc0ea975f8763ce8b41c8133a,2,1,0.9903147220611572,0.9903147220611572,0.9903147220611572,0.9903147220611572,1.0
04cd8b02b93e6bd310e3a373e7e0387f2b7dc57b,3,3,0.9760122299194336,0.9765424728393555,0.9813147783279419,0.9821946024894714,1.0
502474f167f6a4792b7af88c423251164ebe7fa5,2,1,0.9918980598449707,0.9918980598449707,0.9918980598449707,0.9918980598449707,1.0
5c24474362d325875342dc7096ce23f8216a074e,3,3,0.9828049540519714,0.9829713702201843,0.9844689965248108,0.9886741638183594,1.0
027f3d47af6572b2ccd2114f9e6c7b942858a424,2,1,0.9746158123016357,0.9746158123016357,0.9746158123016357,0.9746158123016357,1.0
bd57733b9c5367e59605f72d2224d8ce04c8b9be,2,1,0.9715439081192017,0.9715439081192017,0.9715439081192017,0.9715439081192017,1.0
818ba64caf2ad755c30a34b8c4773fa7ac5a727b,2,1,0.9767196178436279,0.9767196178436279,0.9767196178436279,0.9767196178436279,1.0
155331569fc4654b70b88626277ce7e3294838f1,3,3,0.965072512626648,0.9662808775901794,0.9771561026573181,0.9735071063041687,1.0
fc902d1288d41cdef0979e836dd12e15e03941bc,2,1,0.9605114459991455,0.9605114459991455,0.9605114459991455,0.9605114459991455,1.0
20c295f2ee9187e570d7de717687c2376fca5267,2,1,0.9715048670768738,0.9715048670768738,0.9715048670768738,0.9715048670768738,1.0
a454d182bcb4af080487c73e28c6737b20fdc658,2,1,0.9604304432868958,0.9604304432868958,0.9604304432868958,0.9604304432868958,1.0
2f4a3e3b39814dc700119cc9f91a5fd63079c0a6,2,1,0.9648654460906982,0.9648654460906982,0.9648654460906982,0.9648654460906982,1.0
701a37d2c8f46c93b3bd7cce4ebe52b2fc29a2c6,3,3,0.9614266157150269,0.9623632431030273,0.9707930088043213,0.972070038318634,1.0
15ec2ccce7a1f7d0baa247612a39d769b1dd3ce1,2,1,0.978742241859436,0.978742241859436,0.978742241859436,0.978742241859436,1.0
b9d05ae62b6da9e41d2eae187fd09fa2d3957c6c,2,1,0.976302444934845,0.976302444934845,0.976302444934845,0.976302444934845,1.0
3f6600c6301b5b48d8f6a6e535519890c61d679b,5,10,0.9508834481239319,0.9576131105422974,0.974362313747406,0.9740251302719116,1.0
4dea6bcd6f9efbd7e0986eeccd2ae591d579af9c,2,1,0.9532069563865662,0.9532069563865662,0.9532069563865662,0.9532069563865662,1.0
5f303f022852b3993021dac8a549a0fdd907c460,2,1,0.9644362926483154,0.9644362926483154,0.9644362926483154,0.9644362926483154,1.0
a6260cbf82baa968d7a5fe3d5de3d1eee23be956,2,1,0.9722795486450195,0.9722795486450195,0.9722795486450195,0.9722795486450195,1.0
09eba4d47561fd36628e31d5d3a4b598792b8639,4,6,0.9766278862953186,0.9770268201828003,0.9884394407272339,0.9865309596061707,1.0
151fbb9097ea0bb05281747824fa66ea7e44682b,2,1,0.97762131690979,0.97762131690979,0.97762131690979,0.97762131690979,1.0
1f65f61056af29bdfab227d34d3f0e4011135406,2,1,0.9712864756584167,0.9712864756584167,0.9712864756584167,0.9712864756584167,1.0
9a2672994fa2814d12e5887fa924eade4d141148,3,3,0.9505226612091064,0.9511554837226868,0.9568507671356201,0.9634819030761719,1.0
3bcee1f6b6271042dc3555e68d6a542f32bab51e,2,1,0.9714148044586182,0.9714148044586182,0.9714148044586182,0.9714148044586182,1.0
b342099937727019b9715a0c5a6007e3707ad934,2,1,0.9554077386856079,0.9554077386856079,0.9554077386856079,0.9554077386856079,1.0
6da9f21edafb07ad07601e64c56d0d94aac44cfd,2,1,0.9730198383331299,0.9730198383331299,0.9730198383331299,0.9730198383331299,1.0
684f6616f091834286685c3d79eff51db743f356,3,3,0.9768904447555542,0.9775931239128113,0.9839169979095459,0.9827882647514343,1.0
462d46e4933d9c81b3ff7912227aaf376f27bb4d,2,1,0.9576630592346191,0.9576630592346191,0.9576630592346191,0.9576630592346191,1.0
9bc5a45d47127398e2835ff8ced146686422060a,2,1,0.9812821745872498,0.9812821745872498,0.9812821745872498,0.9812821745872498,1.0
c603bba2307ba3f50b40274c445aefac0775814d,2,1,0.9757833480834961,0.9757833480834961,0.9757833480834961,0.9757833480834961,1.0
ce3fa12ee699bb97190adb15a78a0d41ee969cf6,2,1,0.9908818006515503,0.9908818006515503,0.9908818006515503,0.9908818006515503,1.0
da7e0b7562eb82e321366a067cb3ceb377136dc6,2,1,0.9595415592193604,0.9595415592193604,0.9595415592193604,0.9595415592193604,1.0
f4299f9db46c5a3287c5b65efbcca2bdc4435af3,2,1,0.9812649488449097,0.9812649488449097,0.9812649488449097,0.9812649488449097,1.0
b72eab89458427fe82b4ece6da24ecee73b8c9aa,3,3,0.9829432964324951,0.983495831489563,0.9884687662124634,0.9877521991729736,1.0
fa6dfde23b68fce5bb00483fb159221a153d5df2,3,3,0.9544230699539185,0.9549616575241089,0.9598090648651123,0.9686080813407898,1.0
81a5ebc6fdc41032561c9142a4ed214512313697,2,1,0.9672307372093201,0.9672307372093201,0.9672307372093201,0.9672307372093201,1.0
4ed2fdc01cb72ada3df419e47b263d0815d02427,3,3,0.9549334049224854,0.9556200504302979,0.9618001580238342,0.9686923623085022,1.0
a9b426e2f444f47d6815d8a6c8d9672e4bc9219a,2,1,0.9757265448570251,0.9757265448570251,0.9757265448570251,0.9757265448570251,1.0
44b521adcedca5f31a446f96fbb4eb273c43a552,3,3,0.9602188467979431,0.9603017568588257,0.9610477685928345,0.9631061553955078,1.0
7295843ddb1724a029d03b8c1e1abf2c7bf933e6,2,1,0.9511587023735046,0.9511587023735046,0.9511587023735046,0.9511587023735046,1.0
97c90b428b9d42fc951accb0f57949b7f8d1fa71,2,1,0.957624614238739,0.957624614238739,0.957624614238739,0.957624614238739,1.0
1b83c459f7751d33ee1889ce3ee06d8665e0bfee,2,1,0.9689956307411194,0.9689956307411194,0.9689956307411194,0.9689956307411194,1.0
b6c74d07c53d775948f192de13014d0d3896cd03,3,3,0.9676502346992493,0.9681473970413208,0.9726216793060303,0.9715046882629395,1.0
f57e7ae73b301e7855a1e37ff6511fcc3034622d,2,1,0.9868841767311096,0.9868841767311096,0.9868841767311096,0.9868841767311096,1.0
eaa476ae0d985443b0bca7c58494ff74b943c130,2,1,0.9706024527549744,0.9706024527549744,0.9706024527549744,0.9706024527549744,1.0
aec9b3ca909e3f05a521834b58ae6260e41339a8,3,3,0.9753720760345459,0.975482165813446,0.976472795009613,0.979167640209198,1.0
9834e7ae75b3817a362b4fe9c90ab90b5d8ed905,2,1,0.9783320426940918,0.9783320426940918,0.9783320426940918,0.9783320426940918,1.0
fc48afa64195356aa97a3f1d55717f24a59d2dba,3,3,0.9501603841781616,0.9512566328048706,0.9611228704452515,0.9618087410926819,1.0
d61e86e507039a6f6169e601e32d8896075e921d,2,1,0.980959415435791,0.980959415435791,0.980959415435791,0.980959415435791,1.0
286075f4300757804f2b1f7ee0b39d169f72695a,5,10,0.9760224223136902,0.9772500395774841,0.9842795133590698,0.9850960969924927,1.0
7cee259808d1e80b5180c6269d67187bb33f4dfd,2,1,0.9820826053619385,0.9820826053619385,0.9820826053619385,0.9820826053619385,1.0
7e180d613c12cd949cde2c08fbe92085668c77aa,2,1,0.9536346197128296,0.9536346197128296,0.9536346197128296,0.9536346197128296,1.0
929fae305c80eb0e8cf55c4eeb429f0c894e60e4,3,3,0.9670156240463257,0.9673978090286255,0.9708372950553894,0.9736104011535645,1.0
2af8f7031812f5de5193890cf417c2b00bed1132,2,1,0.994596540927887,0.994596540927887,0.994596540927887,0.994596540927887,1.0
5835c87f61253d3459c931e416db3ce161e0cc47,2,1,0.9665055274963379,0.9665055274963379,0.9665055274963379,0.9665055274963379,1.0
1ff0467c0f2a020887c2710fd0ada7da993f33f6,2,1,0.9529599547386169,0.9529599547386169,0.9529599547386169,0.9529599547386169,1.0
83ea0c72ff3790936562abf935fde1eb5ac992a0,2,1,0.9676863551139832,0.9676863551139832,0.9676863551139832,0.9676863551139832,1.0
b2d25376ea04a7ab5e72cc5e03ecabc27391b703,3,3,0.9648877382278442,0.9657769799232483,0.9737799167633057,0.9770171046257019,1.0
c300d7f4ccef461cff06d587df8b8dda666860c2,2,1,0.9692604541778564,0.9692604541778564,0.9692604541778564,0.9692604541778564,1.0
6b88c72b8334c9772d09d45038babd361549213b,3,3,0.9653629660606384,0.9656370282173157,0.9681034684181213,0.9733060002326965,1.0
53e11b1c975bc048e8bb821e21108d736783b819,2,1,0.9562203288078308,0.9562203288078308,0.9562203288078308,0.9562203288078308,1.0
c5faef1cc0b31c3a908f1bdd1112735566df850f,2,1,0.9686635732650757,0.9686635732650757,0.9686635732650757,0.9686635732650757,1.0
3d767fbb9852ba47503e19ffefb64f51429cade6,2,1,0.9832987189292908,0.9832987189292908,0.9832987189292908,0.9832987189292908,1.0
9e276bd43fb2a92251519e94d626d03ff298564f,2,1,0.9586373567581177,0.9586373567581177,0.9586373567581177,0.9586373567581177,1.0
a51afdf1309e927435fa64259e802c30f641892d,2,1,0.9519007802009583,0.9519007802009583,0.9519007802009583,0.9519007802009583,1.0
414e87c5b42536e3019d6319a4d5fadcb07fb1be,2,1,0.971296489238739,0.971296489238739,0.971296489238739,0.971296489238739,1.0
63f5a2ef2fee96cee879e85560d9e74c7907824b,2,1,0.9622525572776794,0.9622525572776794,0.9622525572776794,0.9622525572776794,1.0
1c5c1d6d7d017f2dc8716e8f34ed21a637f0f6ef,2,1,0.9917675256729126,0.9917675256729126,0.9917675256729126,0.9917675256729126,1.0
a1e23bc6854d50cf1747bf174e5decc542981626,2,1,0.9528681039810181,0.9528681039810181,0.9528681039810181,0.9528681039810181,1.0
8acb5393f2b7d3b00ace1d2c930ace43da63b569,2,1,0.9707397818565369,0.9707397818565369,0.9707397818565369,0.9707397818565369,1.0
123d9f139d847567307133876dfd71ee2a241823,3,3,0.9518744945526123,0.9521695971488953,0.9548255801200867,0.9611408114433289,1.0
93a028d5cff954771375fc92820665af11521f9d,3,3,0.9651015996932983,0.9663938879966736,0.9780243635177612,0.9741921424865723,1.0
7a0a5a7ea67f80d8e867c334cb0f20efee485d81,2,1,0.9624032378196716,0.9624032378196716,0.9624032378196716,0.9624032378196716,1.0
34fd9c7d0e213e48b61256086ac8318c70270bc3,3,3,0.9649038314819336,0.9661595225334167,0.9774605631828308,0.9737297892570496,1.0
3b4343d5579368ec71ffbda05dd03770aab6d0b3,2,1,0.9538084268569946,0.9538084268569946,0.9538084268569946,0.9538084268569946,1.0
8a76bd396d0d3abab6a5a3305e213da35e16b1a7,2,1,0.9687080383300781,0.9687080383300781,0.9687080383300781,0.9687080383300781,1.0
e664a297692cc9cff5e73cb3da7dbe42ec917273,2,1,0.9806838035583496,0.9806838035583496,0.9806838035583496,0.9806838035583496,1.0
b87dc0826bb67d61b52eaa28a68dd8040eadd4c4,2,1,0.9886593818664551,0.9886593818664551,0.9886593818664551,0.9886593818664551,1.0
f2537b8140a24b625ff6cf8e834a00b1c4ec46e4,2,1,0.9513257741928101,0.9513257741928101,0.9513257741928101,0.9513257741928101,1.0
ae07f23b02e6c1f7502241f1f61831a511f3ef6d,2,1,0.9765306711196899,0.9765306711196899,0.9765306711196899,0.9765306711196899,1.0
4b079cc41d6146637068b255d5d569eba1df12a3,2,1,0.977427065372467,0.977427065372467,0.977427065372467,0.977427065372467,1.0
6df4d46e1b7ce782f328e94e5e059138efa86a90,2,1,0.9528392553329468,0.9528392553329468,0.9528392553329468,0.9528392553329468,1.0
71ca1c0056d0035ae1924a7e3087ec7199ba73f5,2,1,0.9726748466491699,0.9726748466491699,0.9726748466491699,0.9726748466491699,1.0
d9ad57b973d94c2bfef69822f30f1cb712eff88b,3,3,0.9702062606811523,0.9706575274467468,0.9747188687324524,0.980875551700592,1.0
fd952ab33a6bfe649240fd5e1d8138334d3cab5e,4,6,0.9864625930786133,0.98710697889328,0.9921359419822693,0.991165816783905,1.0
1f85734002fbd270d0a3535176b01bd49dfb9bae,2,1,0.9861809611320496,0.9861809611320496,0.9861809611320496,0.9861809611320496,1.0
946be752fa876f5130a0025a127e4b49a1a8a0c6,2,1,0.9735774397850037,0.9735774397850037,0.9735774397850037,0.9735774397850037,1.0
24d5554f8ec5f5134b63c85cebbc506ff1ccc405,2,1,0.966701865196228,0.966701865196228,0.966701865196228,0.966701865196228,1.0
3d1ddd0208fbe98143c4be83e10e5491901882d5,3,3,0.9568444490432739,0.9577857255935669,0.9662571549415588,0.9703086018562317,1.0
8f07c6eebc24a5d8b51993f227ad459198556db9,2,1,0.9727367162704468,0.9727367162704468,0.9727367162704468,0.9727367162704468,1.0
5ee09a7cd4c375a1b09c48ace6437d655de39f54,2,1,0.9906235933303833,0.9906235933303833,0.9906235933303833,0.9906235933303833,1.0
8c1cbc3fbedf52de6e555cd7a0f02ceb321f292b,2,1,0.9578000903129578,0.9578000903129578,0.9578000903129578,0.9578000903129578,1.0
8b57796679476ece1b8e1781ecdde3f59b26db54,2,1,0.9652619957923889,0.9652619957923889,0.9652619957923889,0.9652619957923889,1.0
211bdb5294c93bf963612b083a2393d3b7edf609,2,1,0.9550015926361084,0.9550015926361084,0.9550015926361084,0.9550015926361084,1.0
091cfd05f6490470508c242230999c0ce8f7a708,2,1,0.9552303552627563,0.9552303552627563,0.9552303552627563,0.9552303552627563,1.0
c9fae2adf6efabc6ea15f5c644625179585a0964,3,3,0.9670181274414062,0.9674583673477173,0.9714207053184509,0.976655900478363,1.0
e2b65f6946ab0714a2846cf41dcc3984eddc04f5,2,1,0.9726039171218872,0.9726039171218872,0.9726039171218872,0.9726039171218872,1.0
5925a10de623bd95179e19b73f22730a0941d22d,2,1,0.958422064781189,0.958422064781189,0.958422064781189,0.958422064781189,1.0
1066a589fe43cbe2f572ea49ed692f12db653c92,2,1,0.9566010236740112,0.9566010236740112,0.9566010236740112,0.9566010236740112,1.0
9d4e19803f3880f746c22ffec63ca4fa065d61a0,3,3,0.9684751629829407,0.9686189889907837,0.9699132442474365,0.9751880168914795,1.0
af3ccbe38bf4e6bce35f1469ba2cbe20a87d5386,2,1,0.9658571481704712,0.9658571481704712,0.9658571481704712,0.9658571481704712,1.0
05cf41f51ed3dd576c4f5e638afc7c3a8fa2dcef,3,3,0.9636504650115967,0.9640948176383972,0.9680940508842468,0.9727469086647034,1.0
e7dfa913bbd873700a2a6dabe02fc3fdec680cf6,2,1,0.9994949102401733,0.9994949102401733,0.9994949102401733,0.9994949102401733,1.0
515cac045dfecccea8b0deb985ea81c9fd4efd13,2,1,0.9801560640335083,0.9801560640335083,0.9801560640335083,0.9801560640335083,1.0
63a55fe9fb0e97b85b0f3dd6ead9058715b13887,2,1,0.9795362949371338,0.9795362949371338,0.9795362949371338,0.9795362949371338,1.0
09e274716e9f8436841f71a101017a1421fa9985,4,6,0.9617432355880737,0.9625273942947388,0.972285270690918,0.9708207249641418,1.0
bca7c788c7d9513c7c58acc0780bd89f00c0e25c,2,1,0.9855039119720459,0.9855039119720459,0.9855039119720459,0.9855039119720459,1.0
925849643dd2af5a56a5dd98355e445e97fc6ad1,2,1,0.9889528751373291,0.9889528751373291,0.9889528751373291,0.9889528751373291,1.0
94bdaad16a983c7b60dad6babe2d16de2074e834,2,1,0.9723644852638245,0.9723644852638245,0.9723644852638245,0.9723644852638245,1.0
17ac2bd2769c5e5f2e67ad7778f1d274fab18e84,3,3,0.9686131477355957,0.969464898109436,0.9771305322647095,0.9770443439483643,1.0
674a8527ed40474dc67323ec8d8b50df9bc2c580,2,1,0.9686344265937805,0.9686344265937805,0.9686344265937805,0.9686344265937805,1.0
aae4d4f67fceacd4c47b2ecfe722c9120982a83e,2,1,0.959621787071228,0.959621787071228,0.959621787071228,0.959621787071228,1.0
5794c3dd26ed6c4b8f535e33b76ad13037534db9,2,1,0.9826846122741699,0.9826846122741699,0.9826846122741699,0.9826846122741699,1.0
f5463932dc7151593873d64856d9186f9c67cd36,2,1,0.9766136407852173,0.9766136407852173,0.9766136407852173,0.9766136407852173,1.0
f899b5acea416c99f4cedf19dbb6d97d18c096ba,2,1,0.9674594402313232,0.9674594402313232,0.9674594402313232,0.9674594402313232,1.0
714c9c171a2cfc6d8642c0a32459d3bd0082b2cd,2,1,0.9599840044975281,0.9599840044975281,0.9599840044975281,0.9599840044975281,1.0
f15d38a84e1cfc9b0a6119a13ef26fad85c5b218,2,1,0.9604197144508362,0.9604197144508362,0.9604197144508362,0.9604197144508362,1.0
e8c043259a70d66f4ebbc746a37f6e228e2d708a,2,1,0.9576988816261292,0.9576988816261292,0.9576988816261292,0.9576988816261292,1.0
407a9c8fa97e2a8e151a277b97988f27913f7055,4,6,0.9935964345932007,0.9937114119529724,0.994213342666626,0.9950082898139954,1.0
03bbc16d07b5add29d4a2f74f77bf185e0ae40d6,2,1,0.9890022277832031,0.9890022277832031,0.9890022277832031,0.9890022277832031,1.0
193861c912a5d24a43bff0325ca7fe6df5029d13,2,1,0.9680550694465637,0.9680550694465637,0.9680550694465637,0.9680550694465637,1.0
8cac1cb5637e55439ebf55e90573d07d109eaa90,2,1,0.9522234797477722,0.9522234797477722,0.9522234797477722,0.9522234797477722,1.0
7da4a6840455323f8171d6f142449cc324af3d93,2,1,0.9833741188049316,0.9833741188049316,0.9833741188049316,0.9833741188049316,1.0
db3d5cf35c05d22c31c695b9beba79ff1d587407,5,10,0.978298008441925,0.9784241914749146,0.9844062328338623,0.9844335317611694,1.0
08a4808a153bc796df276b50818e6da9abd728a0,3,3,0.9843143820762634,0.9843699336051941,0.9848698973655701,0.9874989986419678,1.0
0b20baf1e48ddd3b02119fa0539146394d1d3031,3,3,0.9634842872619629,0.9637596011161804,0.9662372469902039,0.9715322852134705,1.0
294b757bac069a621678d5a8dcf985dd004b459f,2,1,0.9557846188545227,0.9557846188545227,0.9557846188545227,0.9557846188545227,1.0
28143731ad2f6168a6532c757f6aaa0da3255446,2,1,0.9775904417037964,0.9775904417037964,0.9775904417037964,0.9775904417037964,1.0
875999b015360f5224d03514a4fc7e4e865f6623,2,1,0.9916461706161499,0.9916461706161499,0.9916461706161499,0.9916461706161499,1.0
38a0fee9be3153598d675feffbdf3a6b0fbf4e3c,2,1,0.9876652956008911,0.9876652956008911,0.9876652956008911,0.9876652956008911,1.0
c4ce6323ba5f3f78ce54b2b501e19f13a53a1e8c,2,1,0.965749979019165,0.965749979019165,0.965749979019165,0.965749979019165,1.0
58c3b02ee7965fea6d580651d2358baf0230accb,2,1,0.9870463609695435,0.9870463609695435,0.9870463609695435,0.9870463609695435,1.0
d9c068c681a2278b978e223ab980d7c07580ace5,2,1,0.9780797362327576,0.9780797362327576,0.9780797362327576,0.9780797362327576,1.0
18215e4474cfe7f8c5c7431b266f10162558cc0e,2,1,0.9509648084640503,0.9509648084640503,0.9509648084640503,0.9509648084640503,1.0
094c3f0f77858e5ba091e1343a536193080c79a7,2,1,0.9661679267883301,0.9661679267883301,0.9661679267883301,0.9661679267883301,1.0
1cac9eea2a4df598695067455bd449c1a701c2a6,3,3,0.9689704179763794,0.9694557189941406,0.973823606967926,0.9722469449043274,1.0
cb0ebf6054c440908324a513bf09b0badbe23c75,2,1,0.9802770018577576,0.9802770018577576,0.9802770018577576,0.9802770018577576,1.0
ca1cc2df4775ecc3af1a871d2b04e7a56110f0f6,4,6,0.9758130311965942,0.9771846532821655,0.9861209392547607,0.9859301447868347,1.0
4819d2afa5e754aa490fb6eb7797e2fe8c516f38,2,1,0.9598268270492554,0.9598268270492554,0.9598268270492554,0.9598268270492554,1.0
c34accadfa1b3a6dee3e442cd06796aaebf43dba,2,1,0.9740045666694641,0.9740045666694641,0.9740045666694641,0.9740045666694641,1.0
564417a18aff7899cb80fa36d2689bf5e579f43a,2,1,0.9906493425369263,0.9906493425369263,0.9906493425369263,0.9906493425369263,1.0
27f829ba00ed2bb732546c2bc0e86e2122f6d1c0,3,3,0.9620871543884277,0.9625669717788696,0.9668853878974915,0.9736209511756897,1.0
294d49855a980c0845132c3a5416a801e44994fe,3,3,0.9547976851463318,0.9550217390060425,0.9570380449295044,0.9686112403869629,1.0
f49e1157bc68485a9664a10921164c2d5ff4e305,2,1,0.9684432744979858,0.9684432744979858,0.9684432744979858,0.9684432744979858,1.0
92fe5cc89ffbf830d28f8db79dc8fc792807dc81,2,1,0.9906765222549438,0.9906765222549438,0.9906765222549438,0.9906765222549438,1.0
6ac6cb562be0131227c6bd311ac99487d5096808,4,6,0.9608334898948669,0.9610848426818848,0.9696608781814575,0.9680107235908508,1.0
402f322638f10ee120bd039070876e1a3f4016b0,2,1,0.975708544254303,0.975708544254303,0.975708544254303,0.975708544254303,1.0
6b2e87761e53abcee84ff4c931ad36b4d8e9974f,2,1,0.9708855152130127,0.9708855152130127,0.9708855152130127,0.9708855152130127,1.0
e6c760d228f2b47a5a99503abf8c043589496d4d,2,1,0.9574507474899292,0.9574507474899292,0.9574507474899292,0.9574507474899292,1.0
3aad38588052ac65abcac6b2796c06849f2cdb24,2,1,0.9530768394470215,0.9530768394470215,0.9530768394470215,0.9530768394470215,1.0
18daa332c7462428b67c9eb73aaf26219a8b27e7,2,1,0.9732396602630615,0.9732396602630615,0.9732396602630615,0.9732396602630615,1.0
918f1bae2b703910893ef7cd6a8394d15c958a9d,2,1,0.9688041806221008,0.9688041806221008,0.9688041806221008,0.9688041806221008,1.0
b60a6a92f4787e5eee2f7faf15d593093c30e7ff,2,1,0.9767719507217407,0.9767719507217407,0.9767719507217407,0.9767719507217407,1.0
f02634a9d66a358251e00fe7b5c81d3fe21b2740,2,1,0.9631232619285583,0.9631232619285583,0.9631232619285583,0.9631232619285583,1.0
264de52c8c0baded303df3ab8d426d420e50b97c,2,1,0.9759494066238403,0.9759494066238403,0.9759494066238403,0.9759494066238403,1.0
1363f4fb3b3e22b3e8cc21fd9daa86d347ee6b9b,2,1,0.9562857151031494,0.9562857151031494,0.9562857151031494,0.9562857151031494,1.0
ca28a9e974cd58853c745ee9818dd66f30760c22,2,1,0.9715331792831421,0.9715331792831421,0.9715331792831421,0.9715331792831421,1.0
d478947e06a445fb821c08aacc5c15013a1ef4d0,3,3,0.9551132321357727,0.95606929063797,0.9646738767623901,0.9691959023475647,1.0
7ea33038c1772e65d2e8ba340c6a3d6871f01d00,2,1,0.968809187412262,0.968809187412262,0.968809187412262,0.968809187412262,1.0
416416432fae6467e60500219fb7a3da91d35366,3,3,0.9568620920181274,0.9573804140090942,0.9620453119277954,0.969628095626831,1.0
d454ec5a80c317604ad0122298a337448956536d,2,1,0.9647150635719299,0.9647150635719299,0.9647150635719299,0.9647150635719299,1.0
bb21ae4bd591506769c652814fe96232d5568559,2,1,0.9582763910293579,0.9582763910293579,0.9582763910293579,0.9582763910293579,1.0
835cb072a2eb36c8629587fe9f286a8babefe36e,3,3,0.9726500511169434,0.9727063179016113,0.973212718963623,0.9783334136009216,1.0
697f7498829aad0be8914d9a4a0093cdcc3b4c48,2,1,0.9742190837860107,0.9742190837860107,0.9742190837860107,0.9742190837860107,1.0
03797495a8c3a24669fc1537c8573ac9fdffbb24,3,3,0.976487398147583,0.9766308665275574,0.9779222011566162,0.9838162064552307,1.0
8313ddcd936db959df24da047f7edf34c847c008,2,1,0.9529402256011963,0.9529402256011963,0.9529402256011963,0.9529402256011963,1.0
08f3369f6c5c16bc6f5590c0ca9f81bdf23d4a94,3,3,0.9521945714950562,0.9529358148574829,0.9596067070960999,0.960639476776123,1.0
2631a5dc7a2eee34155b6f7c9c4d05c5b1c47af6,3,3,0.9771324992179871,0.9773921966552734,0.9797292947769165,0.9813587069511414,1.0
0d1612f65e597b6dc5ef0b1ced37f7dee464a61f,2,1,0.9569013118743896,0.9569013118743896,0.9569013118743896,0.9569013118743896,1.0
d515f7a51fd135dbaf71a4a9e047d2efda8b98be,2,1,0.9560260772705078,0.9560260772705078,0.9560260772705078,0.9560260772705078,1.0
792b6fda9396c5e0f3d441660feac6385536fd5e,2,1,0.9867485761642456,0.9867485761642456,0.9867485761642456,0.9867485761642456,1.0
ba57333e3cb4abc216e29c31a9b599fa715eec79,2,1,0.9573996067047119,0.9573996067047119,0.9573996067047119,0.9573996067047119,1.0
4745de4d24ef30e093936401466e54c99709109c,2,1,0.9650471210479736,0.9650471210479736,0.9650471210479736,0.9650471210479736,1.0
45cc216c4c091107600a0c7743327de220193c3b,3,3,0.9680722951889038,0.968481183052063,0.9721613526344299,0.9723274111747742,1.0
da4545efe2cbf076cee1c214cd7a3ac7c274842a,2,1,0.9553620219230652,0.9553620219230652,0.9553620219230652,0.9553620219230652,1.0
e96bc2fa0e7d0e2ac5cccff4b1a85e3a3c7b6bb5,2,1,0.971559464931488,0.971559464931488,0.971559464931488,0.971559464931488,1.0
807ecee7a92ae58e669296266f9d3e8077054426,2,1,0.9669107794761658,0.9669107794761658,0.9669107794761658,0.9669107794761658,1.0
6d070641adf9e5865aafb5811616e98ff60264f1,2,1,0.9821315407752991,0.9821315407752991,0.9821315407752991,0.9821315407752991,1.0
2a4ba96d21e28aacf8fbfa710f4225d12130d30d,2,1,0.9852886199951172,0.9852886199951172,0.9852886199951172,0.9852886199951172,1.0
3314ee03196629c09a2c1fe1d145347327b349cd,2,1,0.9572815299034119,0.9572815299034119,0.9572815299034119,0.9572815299034119,1.0
fd4dead2660f528ae193ecab932f6b94c184f8d6,2,1,0.9711824655532837,0.9711824655532837,0.9711824655532837,0.9711824655532837,1.0
8079726b32474b3597abcf698099bd558ff31fb0,3,3,0.9796953201293945,0.9800246953964233,0.9829893112182617,0.9832270741462708,1.0
a4228ba4b10ed6346271b9220576b9188c581edf,2,1,0.9553306102752686,0.9553306102752686,0.9553306102752686,0.9553306102752686,1.0
53ea5a1de2112318d798e0e3e9d598f4d93ad60e,2,1,0.9663793444633484,0.9663793444633484,0.9663793444633484,0.9663793444633484,1.0
f5339b9ccf36a4295143742003ea3c3983a8e42c,2,1,0.9895474314689636,0.9895474314689636,0.9895474314689636,0.9895474314689636,1.0
43bf2d53ab3429bee5b809d4f8b9611d51c28173,2,1,0.9706222414970398,0.9706222414970398,0.9706222414970398,0.9706222414970398,1.0
192887ce6fc62d4bebcd5a596c2712853304db51,2,1,0.9526727795600891,0.9526727795600891,0.9526727795600891,0.9526727795600891,1.0
be460df4b6273721675fd228e4da347b6e6d589b,3,3,0.9677376747131348,0.9682645797729492,0.9730067253112793,0.9748738408088684,1.0
c042c5f5bddd81a1061f7e053af03003c13a5714,2,1,0.9563407897949219,0.9563407897949219,0.9563407897949219,0.9563407897949219,1.0
c60823c5d278cd93b27f369837b8cc3a4bee175f,2,1,0.9584221839904785,0.9584221839904785,0.9584221839904785,0.9584221839904785,1.0
40e0b5cf9a0d0a8424ffe3d205692462b12b5f58,2,1,0.9516585469245911,0.9516585469245911,0.9516585469245911,0.9516585469245911,1.0
5f1dfdac3b37201f60968a7f51278430b5212d9d,2,1,0.9701634645462036,0.9701634645462036,0.9701634645462036,0.9701634645462036,1.0
e2c1a665ec77bd7ce900153669bade3caeb46014,2,1,0.9634897112846375,0.9634897112846375,0.9634897112846375,0.9634897112846375,1.0
63675b2a8096d65efde62b15e47265b5fc6dfed3,2,1,0.9719556570053101,0.9719556570053101,0.9719556570053101,0.9719556570053101,1.0
0c78af1d523323d2e747978dc8d9dfbe0c289b51,5,10,0.9683977961540222,0.9689853191375732,0.9791032075881958,0.9807904958724976,1.0
b2095cd50cfd8614486507a23fce52e3edee228c,4,6,0.9598769545555115,0.960174024105072,0.9709439277648926,0.9702677726745605,1.0
d626eab5807f450490cdc5540a2ed652df0cfe6e,2,1,0.9642285704612732,0.9642285704612732,0.9642285704612732,0.9642285704612732,1.0
83ba94ab4c784b4abc51f03b0c12ef4f44401354,3,3,0.9901384115219116,0.9903236627578735,0.9919910430908203,0.9931533336639404,1.0
580dc167832b5d2629048b8180920dc62e5dbbdd,2,1,0.9632381200790405,0.9632381200790405,0.9632381200790405,0.9632381200790405,1.0
756d38e67764fbce89f61a5dbec0f13e50c62cc1,2,1,0.9948514103889465,0.9948514103889465,0.9948514103889465,0.9948514103889465,1.0
09e19861d4a9ec4cdce384aa15d4a5f13ff5fdec,3,3,0.9657683372497559,0.9659961462020874,0.9680461287498474,0.9677319526672363,1.0
fb2eb86c380111fc1ddf680c87115644162adf51,2,1,0.9584082365036011,0.9584082365036011,0.9584082365036011,0.9584082365036011,1.0
31f75780830732fdc00cebc948fdb7520faa162c,2,1,0.9983530640602112,0.9983530640602112,0.9983530640602112,0.9983530640602112,1.0
cb1a9963ac2fdeee8da03f5198d88aeb0e49e26f,2,1,0.9513673186302185,0.9513673186302185,0.9513673186302185,0.9513673186302185,1.0
f264270d34a4e43dce3d946c9d2f3bf36fe52481,2,1,0.9593324661254883,0.9593324661254883,0.9593324661254883,0.9593324661254883,1.0
cd5366ed65626fe65cd7ceec1368abf182d2bbae,2,1,0.9635303616523743,0.9635303616523743,0.9635303616523743,0.9635303616523743,1.0
4078169ae97203c41c1a3328e1533d725f056973,2,1,0.9799091815948486,0.9799091815948486,0.9799091815948486,0.9799091815948486,1.0
0070c03b4f81ebe0d7d7b15abdb7f95541851509,2,1,0.9673360586166382,0.9673360586166382,0.9673360586166382,0.9673360586166382,1.0
16b9e191d16963bb18e75b2f3db8dad1a7e7afbe,2,1,0.9724003076553345,0.9724003076553345,0.9724003076553345,0.9724003076553345,1.0
40fa460fe194e8d7aaff724656688a6aa071ff21,2,1,0.9908648729324341,0.9908648729324341,0.9908648729324341,0.9908648729324341,1.0
e94df842d146d9c1fd29727768c615bc0fa31c33,2,1,0.9745079278945923,0.9745079278945923,0.9745079278945923,0.9745079278945923,1.0
f772982101dc4b4b532fd29a3cc50272b1829ccb,2,1,0.9889541864395142,0.9889541864395142,0.9889541864395142,0.9889541864395142,1.0
397fb114a2e2768bfe4caa9955b4466f019e644b,2,1,0.9644497632980347,0.9644497632980347,0.9644497632980347,0.9644497632980347,1.0
4c747ae58c0fce7080cc71f108e8a6089020c12a,3,3,0.9560348987579346,0.9563355445861816,0.9590412378311157,0.9681857228279114,1.0
7805bba7af58adc4aa0daaae3bd2b08b0405a6da,2,1,0.9645463228225708,0.9645463228225708,0.9645463228225708,0.9645463228225708,1.0
eb7c90d6dd2416e887a5e6d9831b50fe9732bb41,2,1,0.9747804999351501,0.9747804999351501,0.9747804999351501,0.9747804999351501,1.0
c8094dced84dfd0f61950e607c6eaaaaa93a487d,3,3,0.964164137840271,0.9643101096153259,0.9656236171722412,0.9682917594909668,1.0
d313731f4e277bb02039013963224312c253d1f2,2,1,0.9598758220672607,0.9598758220672607,0.9598758220672607,0.9598758220672607,1.0
413701137b42a747bd725023b9abc41483b441a5,4,6,0.980604887008667,0.9809091687202454,0.9855338335037231,0.9863478541374207,1.0
616c59b4ada44217fc356e7d195d8ae8f2e2b10a,2,1,0.9735118746757507,0.9735118746757507,0.9735118746757507,0.9735118746757507,1.0
37c3d0c01040691ae53b161a92a400513d3d1ab6,2,1,0.9783660173416138,0.9783660173416138,0.9783660173416138,0.9783660173416138,1.0
3c8ebb74038daae22631302bd4bc3121891bc628,3,3,0.9549763202667236,0.9559831023216248,0.9650439620018005,0.9673736691474915,1.0
f2b9e63dff40775f8114502d4bc2949b42087cfd,2,1,0.9773033857345581,0.9773033857345581,0.9773033857345581,0.9773033857345581,1.0
9e6305307649b790b9b6ded11a95cb0270549b73,2,1,0.9656692147254944,0.9656692147254944,0.9656692147254944,0.9656692147254944,1.0
df43ea1e278663fc27895e8a6b964adb02e171df,2,1,0.9505001306533813,0.9505001306533813,0.9505001306533813,0.9505001306533813,1.0
9244726d87241f7949f40381df9b9244aa5fdb27,2,1,0.9547246694564819,0.9547246694564819,0.9547246694564819,0.9547246694564819,1.0
1fb04e62731acc053bcdcf5c48f2c9947f331251,2,1,0.9616872668266296,0.9616872668266296,0.9616872668266296,0.9616872668266296,1.0
2020e1f9fb12d4cbee459c709050fd6893d99107,2,1,0.9905990362167358,0.9905990362167358,0.9905990362167358,0.9905990362167358,1.0
31cb4250145ce4894a260445102eee43bcd2ffd0,2,1,0.9576947689056396,0.9576947689056396,0.9576947689056396,0.9576947689056396,1.0
a0f24f3fc29e427ee58bb71b3f68056a190ea724,2,1,0.984554648399353,0.984554648399353,0.984554648399353,0.984554648399353,1.0
8f223a18a2c17fee306c0f4b078ae273adc9b744,2,1,0.9959977269172668,0.9959977269172668,0.9959977269172668,0.9959977269172668,1.0
d52b2fb9c24bcab750841a643ca08e0cd4897294,2,1,0.953441858291626,0.953441858291626,0.953441858291626,0.953441858291626,1.0
8ee6c52518bc1c5b01cf01d5250fb7fa5bfd1a7b,2,1,0.9868423938751221,0.9868423938751221,0.9868423938751221,0.9868423938751221,1.0
7d15ac50d7f81a26acff4befed0dd25bb0664871,2,1,0.9658132195472717,0.9658132195472717,0.9658132195472717,0.9658132195472717,1.0
97ceb9d9b3012cd8eff1b2b4a38575ff8edbe557,2,1,0.9790217876434326,0.9790217876434326,0.9790217876434326,0.9790217876434326,1.0
bb702201a53e055ff54ea18651e8971a7edbc4b5,2,1,0.981158435344696,0.981158435344696,0.981158435344696,0.981158435344696,1.0
d43c1698c73e34fe8adba8babfd521a337885d77,2,1,0.9551295638084412,0.9551295638084412,0.9551295638084412,0.9551295638084412,1.0
ab5d44c4c88d69f42a2293c4f6b14b738add3811,3,3,0.9619073867797852,0.9626193046569824,0.9690268635749817,0.9707096219062805,1.0
71fa93f5c9284ae41269a0ea81a6ec21876ad68e,2,1,0.9820834398269653,0.9820834398269653,0.9820834398269653,0.9820834398269653,1.0
3a3287e707fcea94544be761c1a557d6a8001a85,3,3,0.9642014503479004,0.96445631980896,0.9667502641677856,0.9720990657806396,1.0
a048fdcdaa676dcdaac455e162da4ab8eda81c31,3,3,0.9819419980049133,0.9821805953979492,0.9843279719352722,0.9838511347770691,1.0
acfae5fd350d21853dabd229f7630ae74086c432,2,1,0.9559580683708191,0.9559580683708191,0.9559580683708191,0.9559580683708191,1.0
2a5847d0b58e841488b382d34d72e057a31e9223,2,1,0.9596846699714661,0.9596846699714661,0.9596846699714661,0.9596846699714661,1.0
f14e02f0d51240ddbe6b40b6511268af62db904c,2,1,0.962647020816803,0.962647020816803,0.962647020816803,0.962647020816803,1.0
5bda644b76d0cb71de4ec95f45d777506e34f352,2,1,0.9613776206970215,0.9613776206970215,0.9613776206970215,0.9613776206970215,1.0
d568db9fe27427503ec4dd4437138b59d1dc843d,2,1,0.9653842449188232,0.9653842449188232,0.9653842449188232,0.9653842449188232,1.0
80c3db6ad73eead469185244f880f495a1c534bc,2,1,0.97419273853302,0.97419273853302,0.97419273853302,0.97419273853302,1.0
f1528ced984e5bec3e95e5219019d71ad2173c9e,3,3,0.9859803318977356,0.9862805604934692,0.9889829158782959,0.9890791773796082,1.0
31ad39c6e4db3575b33f67c80c386c62ab4121ea,2,1,0.971501350402832,0.971501350402832,0.971501350402832,0.971501350402832,1.0
fd90c26308bef715216b789de81f1fb3aa28b31c,2,1,0.9506508111953735,0.9506508111953735,0.9506508111953735,0.9506508111953735,1.0
a0d9269c6e11a3841713a3b507639e65f27d4376,2,1,0.9863784909248352,0.9863784909248352,0.9863784909248352,0.9863784909248352,1.0
e8272b25fe0024ea3293ffff7cd528be7abca768,2,1,0.9963183999061584,0.9963183999061584,0.9963183999061584,0.9963183999061584,1.0
1c862fa9a8c4d92e432f6cc9ecdc69a534c680e7,2,1,0.9661769866943359,0.9661769866943359,0.9661769866943359,0.9661769866943359,1.0
8924a95e5c8096bb97cc160851aea4bc0b0c180a,2,1,0.9563961029052734,0.9563961029052734,0.9563961029052734,0.9563961029052734,1.0
be27529f9637e8decdd1dc9c66cf49b3dfb0ab5c,2,1,0.9735172390937805,0.9735172390937805,0.9735172390937805,0.9735172390937805,1.0
6caea0015fcdca268602f514b8cf82f96dca6f83,2,1,0.9565843343734741,0.9565843343734741,0.9565843343734741,0.9565843343734741,1.0
26486ead6403b28ee9760250c4c819c293539c8c,2,1,0.9643937349319458,0.9643937349319458,0.9643937349319458,0.9643937349319458,1.0
b161bae59ef02f569e74cd064d09a29cc72b0b63,2,1,0.9645810723304749,0.9645810723304749,0.9645810723304749,0.9645810723304749,1.0
f5c455aaa99d5231dda7f3a59c53d92631ff15ef,2,1,0.9862285256385803,0.9862285256385803,0.9862285256385803,0.9862285256385803,1.0
17d286e6e88c3adb9c5dee899975016eae753975,2,1,0.977799654006958,0.977799654006958,0.977799654006958,0.977799654006958,1.0
7da67ee84b4b15d6a0981e518556cb99ffcd7b8a,3,3,0.9641844034194946,0.9648959040641785,0.9712995290756226,0.9770395159721375,1.0
9935145e03fc58fae86ae47af4ce6a654701790b,2,1,0.9835587739944458,0.9835587739944458,0.9835587739944458,0.9835587739944458,1.0
94516bb858b70fc2280aa15285077cc58863c14a,2,1,0.9807626008987427,0.9807626008987427,0.9807626008987427,0.9807626008987427,1.0
ec2bac4ebcca26a9bd3ca3ec5f68b0c61e01743e,2,1,0.9630098938941956,0.9630098938941956,0.9630098938941956,0.9630098938941956,1.0
092272f83b355216a0d6bb00002ff2c397509f22,3,3,0.9615082144737244,0.9622828960418701,0.969255268573761,0.9684271216392517,1.0
95df8425f4f095af9d31143a599d6dc8a36fdb05,2,1,0.9957667589187622,0.9957667589187622,0.9957667589187622,0.9957667589187622,1.0
8093e385d7b995d193bd58902b15bb822f85e61d,2,1,0.9592314958572388,0.9592314958572388,0.9592314958572388,0.9592314958572388,1.0
ec54588d99b0591e9e4810c8f0d9b0b65512fd9e,2,1,0.9501885175704956,0.9501885175704956,0.9501885175704956,0.9501885175704956,1.0
be876bc519b7413d4defa92ad658cdf8438c958a,2,1,0.9574086666107178,0.9574086666107178,0.9574086666107178,0.9574086666107178,1.0
546b4e239e263cabab35d922c2a76efd7983b91f,2,1,0.9660242795944214,0.9660242795944214,0.9660242795944214,0.9660242795944214,1.0
529f494a15660c6eb8ddd583d1a12f849cdff3db,2,1,0.9552509784698486,0.9552509784698486,0.9552509784698486,0.9552509784698486,1.0
1c6ebf37b44cb1df4c9dfc5e78a297114790c1a0,2,1,0.9762970209121704,0.9762970209121704,0.9762970209121704,0.9762970209121704,1.0
810f05e3f0ee8d51636001692af5f4556f73d4ca,2,1,0.9805262088775635,0.9805262088775635,0.9805262088775635,0.9805262088775635,1.0
05f5752aac30081aab726e7b2c869172c4e68cb9,2,1,0.9870400428771973,0.9870400428771973,0.9870400428771973,0.9870400428771973,1.0
ba97db95c4c10b9ff8afdcf93f04403472cdf2ff,2,1,0.9722874760627747,0.9722874760627747,0.9722874760627747,0.9722874760627747,1.0
71b45c5d9b3124ad669559c2cb8aefc8ba9dbafa,2,1,0.9781532883644104,0.9781532883644104,0.9781532883644104,0.9781532883644104,1.0
b28255d4b491252400d61f8b4e5ba86bae14f85f,2,1,0.9832764863967896,0.9832764863967896,0.9832764863967896,0.9832764863967896,1.0
ba107130bfe14c272eca2d8078afe1ef6b862c37,4,6,0.9633973836898804,0.9634127616882324,0.9783921241760254,0.9749152064323425,1.0
5bac0ed2a62eee71c3bf671d396e689eee37da73,3,3,0.9666261672973633,0.9666627049446106,0.9669915437698364,0.9740983843803406,1.0
6fdb114ef8ef3aa3d1373a15e6158feb112d9098,3,3,0.9546393156051636,0.9549025297164917,0.9572716951370239,0.9582837224006653,1.0
cb8361ef3cc03860bf721e4bbab672bf34667d76,3,3,0.9634208083152771,0.9647879004478455,0.9770915508270264,0.9746082425117493,1.0
33c560622b0385edc8740d96ee9225ce9e4c5666,3,3,0.9734870195388794,0.9735238552093506,0.9738555550575256,0.9739864468574524,1.0
4928bb03a8f52bb212e5f8e7547f15c1e5019f35,2,1,0.9572007656097412,0.9572007656097412,0.9572007656097412,0.9572007656097412,1.0
aac55ec6095523b0d7cd25ee9cf8925bba94eafd,4,6,0.9537099599838257,0.957551121711731,0.9739896059036255,0.9738993644714355,1.0
7a46c54c5790db0e2c1641a4703b0d59d7a096a3,4,6,0.9524665474891663,0.9525386691093445,0.9744338989257812,0.9722128510475159,1.0
9bd33aee52e1327f405185f6a2ac66c210af6cda,2,1,0.957890510559082,0.957890510559082,0.957890510559082,0.957890510559082,1.0
90d96338f2076d7671a21ea996c6687603235e88,2,1,0.9650160670280457,0.9650160670280457,0.9650160670280457,0.9650160670280457,1.0
bafcda313b750a3e297fde697415ca07dee705b8,5,10,0.951134979724884,0.9524357914924622,0.9622897505760193,0.9661345481872559,1.0
359f6def48ac431c143ab3367fe29913a0c4d578,2,1,0.9875684976577759,0.9875684976577759,0.9875684976577759,0.9875684976577759,1.0
ae4d07f3e314061b33edfae1e4a7cd2cc4bf7b58,2,1,0.9874294996261597,0.9874294996261597,0.9874294996261597,0.9874294996261597,1.0
71971316100528e1069b2bc1404c5d6051e2a73e,2,1,0.9599730968475342,0.9599730968475342,0.9599730968475342,0.9599730968475342,1.0
594b7c1cd182936a25b6becceb4d60cbe436daa8,3,3,0.9624053239822388,0.9633641242980957,0.9719934463500977,0.9750211834907532,1.0
29273f49c3e273c38c23df91e798f9620298c21c,2,1,0.9554531574249268,0.9554531574249268,0.9554531574249268,0.9554531574249268,1.0
667ecd3a7450530a4060effe5c5ae5dfdea3dcba,2,1,0.9929176568984985,0.9929176568984985,0.9929176568984985,0.9929176568984985,1.0
d691d04b657ba419fd6c20998abdce1ff6ffd17a,2,1,0.9660999178886414,0.9660999178886414,0.9660999178886414,0.9660999178886414,1.0
f25266f226ec855294b9e006b8cccbbe51c04bf3,2,1,0.9854151606559753,0.9854151606559753,0.9854151606559753,0.9854151606559753,1.0
a9539102fbc59abe0ce86edf1f78397f825337d5,2,1,0.9522159099578857,0.9522159099578857,0.9522159099578857,0.9522159099578857,1.0
e269c08148fd2769a8b74e739e7c1947746af2e3,2,1,0.9784562587738037,0.9784562587738037,0.9784562587738037,0.9784562587738037,1.0
03d1a4ee4389493bc857aea3f91fb8ad099a6b5a,2,1,0.9703895449638367,0.9703895449638367,0.9703895449638367,0.9703895449638367,1.0
859f579372853e583a965bddbc441c75b0a36510,2,1,0.9719657301902771,0.9719657301902771,0.9719657301902771,0.9719657301902771,1.0
64eb8fdad376acde56b793dc1bd8bc03b822ed3c,2,1,0.9619489908218384,0.9619489908218384,0.9619489908218384,0.9619489908218384,1.0
c7de46f806384ecb273c2a58e59cfc5185a77699,2,1,0.9974961876869202,0.9974961876869202,0.9974961876869202,0.9974961876869202,1.0
05f6bf07f65a3d0a108303ba87e9d720ed24843c,3,3,0.9724883437156677,0.972538411617279,0.9729891419410706,0.9793176651000977,1.0
f1c4e2bcab86a3182fc362c38c2fda3988f1316f,2,1,0.9904130101203918,0.9904130101203918,0.9904130101203918,0.9904130101203918,1.0
7290f5bac63c2050595b6b4a47195672741b5993,2,1,0.9603968858718872,0.9603968858718872,0.9603968858718872,0.9603968858718872,1.0
84befa21f3708f0b1373fadbe547a4311b01651c,2,1,0.97718745470047,0.97718745470047,0.97718745470047,0.97718745470047,1.0
2157ea99fc32c6add597f78f4173a5964c891855,2,1,0.9758543372154236,0.9758543372154236,0.9758543372154236,0.9758543372154236,1.0
31e853e26267aef663074929c71af030913c9641,2,1,0.9809443354606628,0.9809443354606628,0.9809443354606628,0.9809443354606628,1.0
82ac0e7edddb92b26b49eefc4c6e5668d2ea2af3,2,1,0.9573028087615967,0.9573028087615967,0.9573028087615967,0.9573028087615967,1.0
acf1a74713ff4037c519845b71ddda35242f657d,2,1,0.9778258800506592,0.9778258800506592,0.9778258800506592,0.9778258800506592,1.0
926eeb9dc118c206a001a4e303c9f0e8364073df,2,1,0.9714838266372681,0.9714838266372681,0.9714838266372681,0.9714838266372681,1.0
6964034a2e9fbb638f187f96543e53930ba77bf8,2,1,0.971495509147644,0.971495509147644,0.971495509147644,0.971495509147644,1.0
8aa7fe819c00fc0eeab46111f6ee2069b5805692,2,1,0.9931815266609192,0.9931815266609192,0.9931815266609192,0.9931815266609192,1.0
6cdaed0411258d86e4c09ac40408315a01562d6e,2,1,0.9707884788513184,0.9707884788513184,0.9707884788513184,0.9707884788513184,1.0
c125664c5e259c66ea67b923d36c18891aee8771,3,3,0.9705387949943542,0.9711323380470276,0.9764741063117981,0.977245569229126,1.0
8294eda7692a3c7dc6d72845ac0ab51adfcec53f,2,1,0.9540186524391174,0.9540186524391174,0.9540186524391174,0.9540186524391174,1.0
edcc43f6d529cfb90c3afe1d35d66395a3c7475f,2,1,0.956916093826294,0.956916093826294,0.956916093826294,0.956916093826294,1.0
62500d51ecd259cf6d1c5cfbbe6bd65b7ab79ec7,2,1,0.9881221652030945,0.9881221652030945,0.9881221652030945,0.9881221652030945,1.0
5d8ad10cdb38cadbbce035ffe2ffcc27c89091f3,4,6,0.9607948064804077,0.9628998041152954,0.9789451956748962,0.976121187210083,1.0
fda0e13dccb63f1bf704d718f9f3776275633d02,2,1,0.96196448802948,0.96196448802948,0.96196448802948,0.96196448802948,1.0
b75c9cf1a125d87b54d64fb668b1abdfbda57035,2,1,0.9666697978973389,0.9666697978973389,0.9666697978973389,0.9666697978973389,1.0
977c3d3d62fa95b9c44b7f80300ff7da55de5719,2,1,0.950882613658905,0.950882613658905,0.950882613658905,0.950882613658905,1.0
be20a74a26be047f7784647ada00c7bca8c96de8,2,1,0.9630948305130005,0.9630948305130005,0.9630948305130005,0.9630948305130005,1.0
e0c554aa456e65bf8137dc5f784784f950120217,2,1,0.9953346252441406,0.9953346252441406,0.9953346252441406,0.9953346252441406,1.0
351fa667b4c79723f3b4f67570a6ffa9e3bec866,2,1,0.9777272939682007,0.9777272939682007,0.9777272939682007,0.9777272939682007,1.0
f9bdcbd0185f93b814add4c7f58b36953feab6de,2,1,0.9739207029342651,0.9739207029342651,0.9739207029342651,0.9739207029342651,1.0
0a22f2b534903db145079dbe12239c58fc92f213,2,1,0.9607793092727661,0.9607793092727661,0.9607793092727661,0.9607793092727661,1.0
28e84921a12082a2207ae89f75c63f9f4e673cd9,2,1,0.9613245129585266,0.9613245129585266,0.9613245129585266,0.9613245129585266,1.0
9431cca45bceb750e82061cd852c4b8187a0d653,2,1,0.9660912156105042,0.9660912156105042,0.9660912156105042,0.9660912156105042,1.0
eeb5c0d881547cf68757357cb8d8c300061e0b31,2,1,0.9720959663391113,0.9720959663391113,0.9720959663391113,0.9720959663391113,1.0
3fb8f505c25cd305e242f9b4f0e5fe9f4819cd54,2,1,0.9614307284355164,0.9614307284355164,0.9614307284355164,0.9614307284355164,1.0
0896f79df49292c02809c172d8b0299ae6beb903,2,1,0.976687490940094,0.976687490940094,0.976687490940094,0.976687490940094,1.0
cccc9a8dfb51aab30f938ca0965cafbe7dacbc2e,2,1,0.9563158750534058,0.9563158750534058,0.9563158750534058,0.9563158750534058,1.0
354d93fdd70b4d0a4f9d1a943ef594aa9c258ae4,4,6,0.9566860198974609,0.9578192234039307,0.9704718589782715,0.9712769985198975,1.0
5408880d4f31618b918a14e394a86c2389305df3,3,3,0.9645112156867981,0.9649954438209534,0.9693536758422852,0.9685738682746887,1.0
f2b4c4ccbc6838bc18a47d72d5de442e11b524f0,2,1,0.9582355618476868,0.9582355618476868,0.9582355618476868,0.9582355618476868,1.0
27021dbbce70f28d27caff829369a196222535f1,3,3,0.9577194452285767,0.9583911299705505,0.9644364714622498,0.9665659070014954,1.0
d09106ef5352822ad190b35f7f034568dd3d4ae9,2,1,0.9804478883743286,0.9804478883743286,0.9804478883743286,0.9804478883743286,1.0
b44fb7cd51e48b9f837794766771020e3ae5d85a,2,1,0.9582967758178711,0.9582967758178711,0.9582967758178711,0.9582967758178711,1.0
86743e0bc5dc09892bb2dc74d940c1e5aac0f873,3,3,0.9586992859840393,0.9594897627830505,0.9666038751602173,0.9714342951774597,1.0
8ced5c7cbe8032552e8a8e1931a857914176611f,2,1,0.9736700057983398,0.9736700057983398,0.9736700057983398,0.9736700057983398,1.0
03cc14aeb62550aca88748effa9f498691f94a59,2,1,0.9607713222503662,0.9607713222503662,0.9607713222503662,0.9607713222503662,1.0
3a8d7ba02cc4401b30411c98c4217b489b5191fc,2,1,0.9699491262435913,0.9699491262435913,0.9699491262435913,0.9699491262435913,1.0
21f4fb299779ed30893e53632d6b7aba36c67395,2,1,0.9806900024414062,0.9806900024414062,0.9806900024414062,0.9806900024414062,1.0
b1cc318e7df075815ddb24e7baa33ff91a2a4007,2,1,0.9682737588882446,0.9682737588882446,0.9682737588882446,0.9682737588882446,1.0
86a8039707e08d7036f18491ad91dd30926016eb,4,6,0.9868074655532837,0.9874705076217651,0.99114590883255,0.9910767078399658,1.0
5dad9526e9b32d777056969f5b78ff9ef52d4d34,3,3,0.9588046669960022,0.9595280885696411,0.9660387635231018,0.9692686200141907,1.0
05cc2f4ff2f7a67a356c954c8c7304fcc1bb44be,3,3,0.9873765110969543,0.9876172542572021,0.9897838234901428,0.9914350509643555,1.0
7848f75c2e9e299dc8a238e3bad9dbae8077e319,2,1,0.986986517906189,0.986986517906189,0.986986517906189,0.986986517906189,1.0
0e65d2b65aacb4e6440b08a5543cbffa1183b62d,2,1,0.9708925485610962,0.9708925485610962,0.9708925485610962,0.9708925485610962,1.0
2a1e11cfa700bb1f44fc7c13d2b1d4f38c3a509c,2,1,0.9638767242431641,0.9638767242431641,0.9638767242431641,0.9638767242431641,1.0
7fe46076ef423e94662750ba5cbb63629ca12576,2,1,0.9687833786010742,0.9687833786010742,0.9687833786010742,0.9687833786010742,1.0
a92afd7feb67cc6a7cf17f2c22f0b39dfd743749,2,1,0.959605872631073,0.959605872631073,0.959605872631073,0.959605872631073,1.0
f965dfa784bddabc37260259bbbefbe3c32b3be4,2,1,0.9756942987442017,0.9756942987442017,0.9756942987442017,0.9756942987442017,1.0
6f389a7194fc872565d44932b910ca57103c1aeb,2,1,0.9653691053390503,0.9653691053390503,0.9653691053390503,0.9653691053390503,1.0
eb9da3391494a0e8c739032f324726a748815608,2,1,0.9657818675041199,0.9657818675041199,0.9657818675041199,0.9657818675041199,1.0
0315cf250e4a9ec4b356fc3fe1852f15c5d3b535,2,1,0.9737434387207031,0.9737434387207031,0.9737434387207031,0.9737434387207031,1.0
d9b9adb85b34358297c864b83a189d53cc6d15ee,2,1,0.9688189029693604,0.9688189029693604,0.9688189029693604,0.9688189029693604,1.0
b034357b29f5167794e9c47431862377838034b3,2,1,0.9515552520751953,0.9515552520751953,0.9515552520751953,0.9515552520751953,1.0
91e259d96ad5c86531e5a1453e8883151741bb65,2,1,0.9853299856185913,0.9853299856185913,0.9853299856185913,0.9853299856185913,1.0
be1187f9e1293cc1eec5afe91eb3e8a51c55f327,2,1,0.9597284197807312,0.9597284197807312,0.9597284197807312,0.9597284197807312,1.0
67332ba496b5aa9b97587051176e099c0a681170,2,1,0.9699066877365112,0.9699066877365112,0.9699066877365112,0.9699066877365112,1.0
45ba29ae01fada66568d8381bd9521e101d9544b,2,1,0.9815220236778259,0.9815220236778259,0.9815220236778259,0.9815220236778259,1.0
2a989228fa1b13c1651b853a58feecd94baff58e,2,1,0.9586621522903442,0.9586621522903442,0.9586621522903442,0.9586621522903442,1.0
b6173fc13aed3375df2b07455937b5d1419767ab,2,1,0.9811477065086365,0.9811477065086365,0.9811477065086365,0.9811477065086365,1.0
a63cbb6d98d83a446d1943461a1ae653272f9757,3,3,0.9568666815757751,0.9570149183273315,0.9583492279052734,0.9683310985565186,1.0
253374e3ed45c66e83cbdf93be229bf402d74900,4,6,0.9801510572433472,0.9824868440628052,0.9895818829536438,0.9899343848228455,1.0
c10e5a97d94288861c8d2e9c51fafa5224f13969,2,1,0.9581434726715088,0.9581434726715088,0.9581434726715088,0.9581434726715088,1.0
d580707978b797e1e815148e9407c9a2240269c5,2,1,0.9726583957672119,0.9726583957672119,0.9726583957672119,0.9726583957672119,1.0
9b4ba3aca9858fbdab4f86339196558ba4c366ca,2,1,0.9564640522003174,0.9564640522003174,0.9564640522003174,0.9564640522003174,1.0
25261c7493153ab41a95687b764872297f83c6b9,2,1,0.9717164039611816,0.9717164039611816,0.9717164039611816,0.9717164039611816,1.0
0b8fbabef6f6a5f31c4e6b14ccb702cc10646a6d,2,1,0.98863685131073,0.98863685131073,0.98863685131073,0.98863685131073,1.0
09d8db6083d08bb3641fd5dbee2ebe6c74e1c229,2,1,0.9898229837417603,0.9898229837417603,0.9898229837417603,0.9898229837417603,1.0
477eb4a0753374198703cc63750f0c480e51bf05,2,1,0.9620952606201172,0.9620952606201172,0.9620952606201172,0.9620952606201172,1.0
066d0b5ce014dc13627fceb868ddaef6214f8796,2,1,0.9945235848426819,0.9945235848426819,0.9945235848426819,0.9945235848426819,1.0
ff202713803078d32e32fbfe9d1c462e9dc2ef18,3,3,0.9532333612442017,0.9547126293182373,0.968025803565979,0.9643999934196472,1.0
fb704df67bfa2c794befbfc1d616df5875fcce3b,2,1,0.9601596593856812,0.9601596593856812,0.9601596593856812,0.9601596593856812,1.0
1c23890fb5e5fa63f18bf4fdf0e76d5d1f32cb7d,3,3,0.9761723279953003,0.97623211145401,0.9767703413963318,0.9780568480491638,1.0
a22826aea4403928a8ee2e8eac624e1c72f54166,2,1,0.9875870943069458,0.9875870943069458,0.9875870943069458,0.9875870943069458,1.0
9c5c04ce7aff0f1e11ca23478e9bb94e44ac8b01,2,1,0.9565872550010681,0.9565872550010681,0.9565872550010681,0.9565872550010681,1.0
25bf2574c2ac9778e1a439bd0eecd985e4eeb26f,4,6,0.9609702825546265,0.9617836475372314,0.977393388748169,0.9736753106117249,1.0
52a8e71b82b38066359e5e4d9915be331289bb1a,2,1,0.9640985131263733,0.9640985131263733,0.9640985131263733,0.9640985131263733,1.0
1a6636a45d2c60199f436058a91e64026feb0f6f,2,1,0.988415002822876,0.988415002822876,0.988415002822876,0.988415002822876,1.0
7fde62bb852bbcc986a20512c55a7c290972af0a,2,1,0.9869333505630493,0.9869333505630493,0.9869333505630493,0.9869333505630493,1.0
9c919bacbecb4f8a0addb92d37d190e845912493,2,1,0.958423376083374,0.958423376083374,0.958423376083374,0.958423376083374,1.0
62fef4486b803312657fb869233b1f1e85c33a83,2,1,0.9739847183227539,0.9739847183227539,0.9739847183227539,0.9739847183227539,1.0
e8d417055c6d6754f68b6d70020b32851b6cf71a,2,1,0.9757774472236633,0.9757774472236633,0.9757774472236633,0.9757774472236633,1.0
6235baf201670264d60c74c32aea1bc18d9d3203,2,1,0.9589987993240356,0.9589987993240356,0.9589987993240356,0.9589987993240356,1.0
c58345ba12995904bd298fc738e22feebba65120,2,1,0.9740723371505737,0.9740723371505737,0.9740723371505737,0.9740723371505737,1.0
b6c00565d1a1de1fac8398f8adc91ffacb93809a,2,1,0.9743766188621521,0.9743766188621521,0.9743766188621521,0.9743766188621521,1.0
0f87e90fb8e3c2877695f4fc18f055c8bba087a4,2,1,0.9765622019767761,0.9765622019767761,0.9765622019767761,0.9765622019767761,1.0
4be5470e86d777960dbbbdc5285f5193de1cfac5,2,1,0.9848660826683044,0.9848660826683044,0.9848660826683044,0.9848660826683044,1.0
b093ae500d7303407e25df11ee42806e25b42859,5,10,0.9634891748428345,0.966864287853241,0.9788422584533691,0.9785428047180176,1.0
27343de857d254daf7e4877c8e53310caa919b95,3,3,0.9576181173324585,0.9586267471313477,0.9677044153213501,0.9693469405174255,1.0
4d5a7d27bfef1dbe6086c9a3bd7708f17f93cb65,2,1,0.9662843942642212,0.9662843942642212,0.9662843942642212,0.9662843942642212,1.0
77994f7cf8e1f94e3441814574db21c50e5a0ed5,2,1,0.9735809564590454,0.9735809564590454,0.9735809564590454,0.9735809564590454,1.0
4ee893f72846b8c6293126dd1301170c2252aa4b,2,1,0.9757521152496338,0.9757521152496338,0.9757521152496338,0.9757521152496338,1.0
1d5255fdca1f8208bcf72ebaa11ab3e0372ac964,3,3,0.977899432182312,0.9787347316741943,0.9862525463104248,0.9844350218772888,1.0
2819329ab535c003b62ef726b9f2f0042b26730f,2,1,0.9509059190750122,0.9509059190750122,0.9509059190750122,0.9509059190750122,1.0
172eb98a95472c7942f9dec55b857f18d33dc336,2,1,0.9792672395706177,0.9792672395706177,0.9792672395706177,0.9792672395706177,1.0
40dc2064a34ac54682ccde5d93770d99422e16c3,3,3,0.9522998332977295,0.9527198076248169,0.9564995169639587,0.9653332829475403,1.0
8f6c5b435df8903051fed0c1248732e4a9b24fbe,2,1,0.9615840911865234,0.9615840911865234,0.9615840911865234,0.9615840911865234,1.0
045ad24ecae5ad0d1e3e730bb1750be7ef691f4f,2,1,0.9531095027923584,0.9531095027923584,0.9531095027923584,0.9531095027923584,1.0
32d813c28df858c37603bf3ac4246d7774d96400,2,1,0.9764457941055298,0.9764457941055298,0.9764457941055298,0.9764457941055298,1.0
4a69e6424f54861d7b4285df43562c90849d325a,2,1,0.9754810929298401,0.9754810929298401,0.9754810929298401,0.9754810929298401,1.0
2cc56b244897bfdb8803576974d279f55e969025,2,1,0.9525437355041504,0.9525437355041504,0.9525437355041504,0.9525437355041504,1.0
6178b91e044bfa3760e9c39470ce4bc61ff12381,2,1,0.9562906622886658,0.9562906622886658,0.9562906622886658,0.9562906622886658,1.0
3e94533cb44f10871ddb145d9fee573edb122138,2,1,0.9794572591781616,0.9794572591781616,0.9794572591781616,0.9794572591781616,1.0
79db6ffa4901dd3de0ded2bf42a1044a821d536a,2,1,0.9504600167274475,0.9504600167274475,0.9504600167274475,0.9504600167274475,1.0
7fcb8679fac9551c52dc9f6d22a83753705d81d4,2,1,0.9573371410369873,0.9573371410369873,0.9573371410369873,0.9573371410369873,1.0
4c45b21424ed868c8869f2f4e198d32b7bc934ce,2,1,0.9757261276245117,0.9757261276245117,0.9757261276245117,0.9757261276245117,1.0
a6a34091826791287f3159341f860f6deeede673,2,1,0.967510998249054,0.967510998249054,0.967510998249054,0.967510998249054,1.0
0068c84424b0c3675306042451bb6c05cf01d5de,2,1,0.9589518904685974,0.9589518904685974,0.9589518904685974,0.9589518904685974,1.0
5b806aab69f1364ecd28fdf9e7bb7787f575a4e5,2,1,0.9554703235626221,0.9554703235626221,0.9554703235626221,0.9554703235626221,1.0
8418f78bed00a605fe317a222204b83526eee66b,2,1,0.9529260993003845,0.9529260993003845,0.9529260993003845,0.9529260993003845,1.0
0407f3412c37ab72a32ce957a097f087670ff6c0,2,1,0.9613410830497742,0.9613410830497742,0.9613410830497742,0.9613410830497742,1.0
dfbc0e5a9ba214d79a49068d266905ec7db1be0f,2,1,0.9829967021942139,0.9829967021942139,0.9829967021942139,0.9829967021942139,1.0
62c847806ffcbc9fad7b885c52046e8ca7d6e79a,3,3,0.967501163482666,0.9687083959579468,0.9795732498168945,0.9759839177131653,1.0
978240a78f885fa57430352f854edcada5c9a7cb,2,1,0.9589745998382568,0.9589745998382568,0.9589745998382568,0.9589745998382568,1.0
d930ad4d1e2b7c2d81a8f3dd57524611306f6325,2,1,0.9911211133003235,0.9911211133003235,0.9911211133003235,0.9911211133003235,1.0
2392e1a1330873eb0ad1b393839ccf17796b29b2,2,1,0.9874352216720581,0.9874352216720581,0.9874352216720581,0.9874352216720581,1.0
ae1b1a9e1c47b223f4133e690bc7f1f1fb0b7512,2,1,0.977843701839447,0.977843701839447,0.977843701839447,0.977843701839447,1.0
0e8f51d0d0e3275666d1a7e3c8ac5f3c36b57945,2,1,0.9728426337242126,0.9728426337242126,0.9728426337242126,0.9728426337242126,1.0
d46ef5eb531bdb8f26a94c3ddbf4e38783bba965,2,1,0.9732704758644104,0.9732704758644104,0.9732704758644104,0.9732704758644104,1.0
08a3c0d2fab264d00db9f9b7dabd7aef6316daad,3,3,0.9734765887260437,0.9742395281791687,0.9811061024665833,0.9802922606468201,1.0
7f957c7d9c6db2c3d10bcad887c127f7340686d4,2,1,0.9526996612548828,0.9526996612548828,0.9526996612548828,0.9526996612548828,1.0
6b7b6566bad995d968d21a0e2933bba340108a62,2,1,0.9608244895935059,0.9608244895935059,0.9608244895935059,0.9608244895935059,1.0
9a1b9887963e21935d8feed0d7a7bbd2c14b25c1,2,1,0.9611808061599731,0.9611808061599731,0.9611808061599731,0.9611808061599731,1.0
9f5ccf3cd147fecfc5e226335644655a8793da3b,3,3,0.9803563356399536,0.9805206656455994,0.9819995164871216,0.9838183522224426,1.0
fe683c27c87ed5b5c63d3ef72fb11106dd555099,2,1,0.9615483283996582,0.9615483283996582,0.9615483283996582,0.9615483283996582,1.0
391a2f200d959f9437771afd05d63b5cdc2ef5a9,2,1,0.9857159852981567,0.9857159852981567,0.9857159852981567,0.9857159852981567,1.0
74ce21bf9e806c51df337f6f76ec539a1fa2fafb,2,1,0.9542469382286072,0.9542469382286072,0.9542469382286072,0.9542469382286072,1.0
b68ede57725f332f2a37cd09abe9b3b5569228dd,2,1,0.9931671619415283,0.9931671619415283,0.9931671619415283,0.9931671619415283,1.0
e0d950a78aacdae6328af60aec859dcc9b8310be,3,3,0.9614228010177612,0.9617621898651123,0.9648163914680481,0.9669727683067322,1.0
8faa7a2ae5cb07c6382a762eae9b5883050ccb22,2,1,0.976961612701416,0.976961612701416,0.976961612701416,0.976961612701416,1.0
e66eb358a09c899e8926597851ee226ed404548e,4,6,0.965239405632019,0.9654096364974976,0.9694419503211975,0.9713531136512756,1.0
e4e27d2139456abd6fddb0c49dfec6281486e89c,2,1,0.9692341089248657,0.9692341089248657,0.9692341089248657,0.9692341089248657,1.0
63c9cc25cb2bcd0c7761eceb574e1b799e47c52c,2,1,0.9781857132911682,0.9781857132911682,0.9781857132911682,0.9781857132911682,1.0
ba12bb085f5f426515aefadb5bfdaa92df726782,2,1,0.9641934633255005,0.9641934633255005,0.9641934633255005,0.9641934633255005,1.0
6bd1da00b144c5f637f3cb440d22d6f74966aa5c,2,1,0.9742931723594666,0.9742931723594666,0.9742931723594666,0.9742931723594666,1.0
4248c70e589763e0fa6a5e4bef969b38c07b4876,2,1,0.9606420993804932,0.9606420993804932,0.9606420993804932,0.9606420993804932,1.0
00bddba5c6eafc7118109319ecdf730a3883df96,3,3,0.9630218744277954,0.963538646697998,0.968189537525177,0.9728355407714844,1.0
3ca843c649f68327435fbd6d45a86e215e805608,3,3,0.9623590111732483,0.9640004634857178,0.978773832321167,0.9766206741333008,1.0
f2c168c153bb74033cb6fcdfb6863b1777d7b869,2,1,0.9740453362464905,0.9740453362464905,0.9740453362464905,0.9740453362464905,1.0
062981308da70326642e2d1a7c29a40379934e3d,2,1,0.9694782495498657,0.9694782495498657,0.9694782495498657,0.9694782495498657,1.0
c18ec2ea70e8d80401d684fcbeb7049cdff031d2,2,1,0.9806135892868042,0.9806135892868042,0.9806135892868042,0.9806135892868042,1.0
cb63e6df1209c6890a6cb937669be1f44946ce18,2,1,0.9584500789642334,0.9584500789642334,0.9584500789642334,0.9584500789642334,1.0
82cfa0abc05e39ec6152064abfdf676e963a600e,2,1,0.9542676210403442,0.9542676210403442,0.9542676210403442,0.9542676210403442,1.0
18dcee793bb3a78ce412c6f45c8901dad1df54ec,2,1,0.9587780237197876,0.9587780237197876,0.9587780237197876,0.9587780237197876,1.0
80acf5119dd4d2cdaaf1137401f1dbb60fa67f1a,3,3,0.9703916311264038,0.9706472158432007,0.9729474186897278,0.9748656153678894,1.0
c81fd03743656d15c560ee9cdf4fda6d04bf5333,2,1,0.9680805206298828,0.9680805206298828,0.9680805206298828,0.9680805206298828,1.0
2e194dc5c759fe1c7e88099c5f49263765d334d1,5,10,0.9655637741088867,0.9685747623443604,0.98158860206604,0.980387806892395,1.0
722399eeadaa978271fc8899662f99a5f4b98bcb,3,3,0.974056601524353,0.9741500616073608,0.9749910831451416,0.9786795973777771,1.0
93e68fac53006f1cb013617d4e0f58fecf4a08f9,2,1,0.9663426876068115,0.9663426876068115,0.9663426876068115,0.9663426876068115,1.0
c381ec3607ff88d2b1807e728c19d41e618922d0,2,1,0.9710849523544312,0.9710849523544312,0.9710849523544312,0.9710849523544312,1.0
91e962aa894aecf8fde5042d714af09cb24481c2,2,1,0.9576131105422974,0.9576131105422974,0.9576131105422974,0.9576131105422974,1.0
0e6f3e694ba76237c3d29bb16d329883200e27f0,2,1,0.9534160494804382,0.9534160494804382,0.9534160494804382,0.9534160494804382,1.0
35ac008941462e0b4bc0bb5771345785a5af9161,2,1,0.9722983241081238,0.9722983241081238,0.9722983241081238,0.9722983241081238,1.0
024469caf02b1108615ddf791a97167b55fda357,2,1,0.9887967109680176,0.9887967109680176,0.9887967109680176,0.9887967109680176,1.0
5332b2c8a1c41e397e2cd6c8c711f6cfdda98217,2,1,0.9714611768722534,0.9714611768722534,0.9714611768722534,0.9714611768722534,1.0
706e0ccad7468f7728038179144f74a8d4415b4e,4,6,0.9764993786811829,0.9768617153167725,0.9866853356361389,0.9867494106292725,1.0
e2a079d50940970713c2a66c4071f145bdbf2792,2,1,0.9807219505310059,0.9807219505310059,0.9807219505310059,0.9807219505310059,1.0
b166da1723e835de28e9dc4eb0f89b64d801f952,2,1,0.9672085046768188,0.9672085046768188,0.9672085046768188,0.9672085046768188,1.0
db75cfb2263ef571876c6e28a7618694fe6d5644,2,1,0.9841318130493164,0.9841318130493164,0.9841318130493164,0.9841318130493164,1.0
99f7a13b2e6497e4055995663ff409dd379dc62b,2,1,0.972246527671814,0.972246527671814,0.972246527671814,0.972246527671814,1.0
e10d88013f30cbe7c2d4a15c483a6fe8bd1efc4a,2,1,0.9584474563598633,0.9584474563598633,0.9584474563598633,0.9584474563598633,1.0
2cf86a627c773532b35ec13229d727432cb0f3dd,3,3,0.9504858255386353,0.9520691633224487,0.96631920337677,0.9638824462890625,1.0
48744fef401ebdcbec8e2bf61b593788113b40c1,2,1,0.9817286133766174,0.9817286133766174,0.9817286133766174,0.9817286133766174,1.0
f776c2851e882f1f169c31873f98ecf1e499999b,3,3,0.9564869403839111,0.9570807814598083,0.962425172328949,0.9688395857810974,1.0
f1f790392be6c0a217ff30b003dca1fce8c4b1f5,2,1,0.9685258865356445,0.9685258865356445,0.9685258865356445,0.9685258865356445,1.0
d0116974328d00fd3563bfa3387d0dca18365644,2,1,0.9540489912033081,0.9540489912033081,0.9540489912033081,0.9540489912033081,1.0
50c781da270158eab8707e0a1e119409984085e2,2,1,0.9678658246994019,0.9678658246994019,0.9678658246994019,0.9678658246994019,1.0
83e335b24569f9b9ba82801fabfda7c6d96214a7,4,6,0.9761621952056885,0.9765523076057434,0.9825397729873657,0.9844021201133728,1.0
164564d85d62451fb5b9bcb400d2ac7b94c5730b,2,1,0.9630022644996643,0.9630022644996643,0.9630022644996643,0.9630022644996643,1.0
11e66066fe84921316b6ca0efa3dc2570f33a43b,3,3,0.9719581604003906,0.972515344619751,0.977530300617218,0.9764127135276794,1.0
1b72fe5ddd876cac4c88a184c059b5d748e34dd8,2,1,0.9693801403045654,0.9693801403045654,0.9693801403045654,0.9693801403045654,1.0
a96fc294afefb174e0a130b4ea927465b0970e01,4,6,0.9801349639892578,0.9814852476119995,0.9892147183418274,0.988696277141571,1.0
56d1b7e8b697456fd643a4dfccd83d78d2945b81,2,1,0.9641066789627075,0.9641066789627075,0.9641066789627075,0.9641066789627075,1.0
44163350906345852ab4046dfd6f6374c7a8d274,2,1,0.9543213248252869,0.9543213248252869,0.9543213248252869,0.9543213248252869,1.0
43c8e790b7c11c91571b4e2421fe2a10227c97a0,2,1,0.9706284403800964,0.9706284403800964,0.9706284403800964,0.9706284403800964,1.0
f9bfc7067bfe7872abb31abf00bf5a9f6267e1e6,2,1,0.9691396951675415,0.9691396951675415,0.9691396951675415,0.9691396951675415,1.0
186bed9dd1b6b1b5ec623758e354aa226bde9b12,2,1,0.9842681884765625,0.9842681884765625,0.9842681884765625,0.9842681884765625,1.0
3de2ca89fb1d33702b1750d24ad5dbcac7ace6e4,2,1,0.9886385202407837,0.9886385202407837,0.9886385202407837,0.9886385202407837,1.0
88236849aa2c1647fa753e3c30bc6c4a93f1e898,2,1,0.9602389931678772,0.9602389931678772,0.9602389931678772,0.9602389931678772,1.0
bfb8c7638f3e1048f74730f11d72bc8079b818f4,2,1,0.9576467275619507,0.9576467275619507,0.9576467275619507,0.9576467275619507,1.0
45b58e493772da077b22b765c99e0b4f23bb1a73,2,1,0.9629835486412048,0.9629835486412048,0.9629835486412048,0.9629835486412048,1.0
d622f47eef02ff4550f933a7aa8fa3ad5013f803,2,1,0.9908506870269775,0.9908506870269775,0.9908506870269775,0.9908506870269775,1.0
605fdfb7f07da2eff1c91e5ff1a9b898665e952f,3,3,0.9789999723434448,0.9796960353851318,0.9859607815742493,0.9840347170829773,1.0
3aee81912fce1ed90c33e078c828371d561b8431,2,1,0.952872097492218,0.952872097492218,0.952872097492218,0.952872097492218,1.0
16b574131260bcbb14e08264f11dd93d8ebf4057,2,1,0.9743607640266418,0.9743607640266418,0.9743607640266418,0.9743607640266418,1.0
714fb0b31999c25a86f8902cd3086d2ee2c09057,2,1,0.9623599052429199,0.9623599052429199,0.9623599052429199,0.9623599052429199,1.0
9fcd4307961b73204c0afb37bdf62e60a0d56ce4,2,1,0.9648524522781372,0.9648524522781372,0.9648524522781372,0.9648524522781372,1.0
1421e3030aaa9672018423666d8d2925962a7653,3,3,0.9502517580986023,0.9506024718284607,0.9537590742111206,0.9597651362419128,1.0
757aa2e4bad92ef88c741ad5bfc6dbd7c120b18c,2,1,0.967828094959259,0.967828094959259,0.967828094959259,0.967828094959259,1.0
5c016ea02a582288d54de9e9c91312edf0eb37fa,2,1,0.9690049290657043,0.9690049290657043,0.9690049290657043,0.9690049290657043,1.0
e8f7b48336ba40103ff99a270c0f34a23cb037cb,2,1,0.9776198863983154,0.9776198863983154,0.9776198863983154,0.9776198863983154,1.0
df551e81308bccfad43b670d220f68fd4941f3f8,2,1,0.9965689182281494,0.9965689182281494,0.9965689182281494,0.9965689182281494,1.0
97afc9e1aea1ead42422faab1b39f45d28281d8b,2,1,0.969643235206604,0.969643235206604,0.969643235206604,0.969643235206604,1.0
9800b0f88916a96cc6a306ae699461d9c3461904,2,1,0.9796198010444641,0.9796198010444641,0.9796198010444641,0.9796198010444641,1.0
127da8c0bb26c54f741d92dd802490ec56595523,3,3,0.9620739221572876,0.962902307510376,0.9703577756881714,0.9677593111991882,1.0
2320397425ed305685acda0bc513b8ce7592eb22,2,1,0.9752949476242065,0.9752949476242065,0.9752949476242065,0.9752949476242065,1.0
081ce615dac44c7ea3fbbea9773b1fd5f6255071,2,1,0.9879894852638245,0.9879894852638245,0.9879894852638245,0.9879894852638245,1.0
03f79524993ecc64d3993fd421ddb68a0419b727,4,6,0.9820365905761719,0.9828635454177856,0.9879910945892334,0.9876512885093689,1.0
64c01ceb228563dd279dc063002c2dc361cb8238,2,1,0.9780884981155396,0.9780884981155396,0.9780884981155396,0.9780884981155396,1.0
6c829a255d9fa84228c4c058739b5be995867d8b,2,1,0.9559140205383301,0.9559140205383301,0.9559140205383301,0.9559140205383301,1.0
8c360eff3ce74f90d7ed2f03a38dfc3e934949a5,3,3,0.9700109362602234,0.9711665511131287,0.981566846370697,0.9800477027893066,1.0
cfc2e81a0e373bbd4f42da8bee4472f986f33376,2,1,0.9760013222694397,0.9760013222694397,0.9760013222694397,0.9760013222694397,1.0
5c2f6f1a5248ed81fbf9f3e30f6671347f1da5d0,3,3,0.9780905842781067,0.9781068563461304,0.9782531261444092,0.9827607274055481,1.0
bf27348b05798b128ec74fd5ec29820c8b97f4e6,2,1,0.956754744052887,0.956754744052887,0.956754744052887,0.956754744052887,1.0
f254b99b08abb01647c364d9e2f48dd6f151bdbf,3,3,0.973861575126648,0.9739772081375122,0.9750176668167114,0.9806585907936096,1.0
6565720e6bf108fcb980831993b4fac37c6fde4b,2,1,0.972245991230011,0.972245991230011,0.972245991230011,0.972245991230011,1.0
9d24eedbc1a86d0961ca0e2fe5bca6c2b41aa66d,2,1,0.9678566455841064,0.9678566455841064,0.9678566455841064,0.9678566455841064,1.0
7c148bb85daf7b40dcd1fc849de7c64121caad21,2,1,0.9733569622039795,0.9733569622039795,0.9733569622039795,0.9733569622039795,1.0
aa7b6d68912b99406ea80b2b62deea50f5dc68c6,3,3,0.9743152260780334,0.9745981693267822,0.9771448969841003,0.9790794849395752,1.0
2dab3afb823193ea88284d8ef080d5f9c35f34a0,2,1,0.9914783239364624,0.9914783239364624,0.9914783239364624,0.9914783239364624,1.0
b43577f5dda059ce8de2e7b6dbb1ce72b8082b52,2,1,0.9948926568031311,0.9948926568031311,0.9948926568031311,0.9948926568031311,1.0
8d05a536a0e0c4e63a03ab5c0cc1c62b55080b09,2,1,0.9722124934196472,0.9722124934196472,0.9722124934196472,0.9722124934196472,1.0
33e6f6e0cd2855157dcb95d907769b79ef9e8b7e,2,1,0.9846252799034119,0.9846252799034119,0.9846252799034119,0.9846252799034119,1.0
eb98293945211a9e98c4f06ef53f99db75dccbdd,2,1,0.984951376914978,0.984951376914978,0.984951376914978,0.984951376914978,1.0
2a71039000577f62aecd2aa9fb780637c530f240,2,1,0.9587904810905457,0.9587904810905457,0.9587904810905457,0.9587904810905457,1.0
947141f6cdd8e692c98f7dc32ad7c34cd976a5aa,4,6,0.9571557641029358,0.9614512920379639,0.9797152876853943,0.9784037470817566,1.0
4379ce0953ba31f7dc008a7d3fc707d46383c231,2,1,0.9785106778144836,0.9785106778144836,0.9785106778144836,0.9785106778144836,1.0
d6bf64ccc37fe4ee8159a7393a4ba2cfa6eabf81,4,6,0.95723557472229,0.9580867290496826,0.9747089743614197,0.9716643691062927,1.0
fc643a49e25109c83ba5c75d22826af1620a9f1a,2,1,0.9875476360321045,0.9875476360321045,0.9875476360321045,0.9875476360321045,1.0
7dac7e4c26e4cc00abb8482ca0114df631b0ca4e,2,1,0.9595304727554321,0.9595304727554321,0.9595304727554321,0.9595304727554321,1.0
4c641a0e91240cdae1a4bdb70a5c5004633d3572,2,1,0.9886409640312195,0.9886409640312195,0.9886409640312195,0.9886409640312195,1.0
de3f06df159724b099c3fe7a7355acba81047a57,2,1,0.9842180013656616,0.9842180013656616,0.9842180013656616,0.9842180013656616,1.0
5a1d5a44814535f0a1045727f5e01f1c831052ca,2,1,0.9859949350357056,0.9859949350357056,0.9859949350357056,0.9859949350357056,1.0
4a7d7649c8d8d74564d4556185804a6b886b07c5,2,1,0.9715428948402405,0.9715428948402405,0.9715428948402405,0.9715428948402405,1.0
be3e097f00f0547ea4e3c48061966909c0a054f5,2,1,0.9896156787872314,0.9896156787872314,0.9896156787872314,0.9896156787872314,1.0
6aabf1d8c7dc51575e28af9fe602780a0f2a4ec7,3,3,0.9613574743270874,0.9618561863899231,0.9663445949554443,0.96736079454422,1.0
da7a9cf423c81e1ca7d959f55d05f7fbdc59a5f6,2,1,0.9974663257598877,0.9974663257598877,0.9974663257598877,0.9974663257598877,1.0
b20f8af8ae1fab9806178caa1f1751b59ad89fa2,2,1,0.9854008555412292,0.9854008555412292,0.9854008555412292,0.9854008555412292,1.0
634733bcc256dfbac8535844efb0c2b025a896e5,3,3,0.973885715007782,0.97437584400177,0.9787872433662415,0.9780125617980957,1.0
e6845eea09207a99222d6fb717276bf8464b09c3,2,1,0.9648396372795105,0.9648396372795105,0.9648396372795105,0.9648396372795105,1.0
0d5022bf88f2939ee2456b75d8cb881e5db3afa9,3,3,0.9653612375259399,0.9661659002304077,0.9734078049659729,0.97331303358078,1.0
2652c0631f4e7deb50665f886aaead0e4bb3d6e8,2,1,0.9669389724731445,0.9669389724731445,0.9669389724731445,0.9669389724731445,1.0
7a123cb89f1479e16f50d9105a0628dbae35cbbd,2,1,0.9515925645828247,0.9515925645828247,0.9515925645828247,0.9515925645828247,1.0
7662fb5725fac4485403bf41bdff28c7f7638faa,3,3,0.9683029055595398,0.9694581627845764,0.9798556566238403,0.9796423316001892,1.0
7cda7c740064269260b84090b64ae50334e3b93d,2,1,0.964847981929779,0.964847981929779,0.964847981929779,0.964847981929779,1.0
c4997a71b82be4099f2424f8a8ee76801c2425c7,3,3,0.9896775484085083,0.9900397658348083,0.9932997226715088,0.9925835132598877,1.0
2fa820e4d5c205e12eb514c8901c873108d6518c,4,6,0.9678034782409668,0.9678252935409546,0.9723386168479919,0.9733521342277527,1.0
ede16c11e3ce61323c121deca1e39f7a748f3c98,2,1,0.9670928716659546,0.9670928716659546,0.9670928716659546,0.9670928716659546,1.0
9c610e26d4ca859c1512af449ff2cac0ffe778de,3,3,0.9833149909973145,0.9833530783653259,0.9836957454681396,0.9875624775886536,1.0
e8550d0be9917a88ab0691384df43c99c550cd33,2,1,0.9812426567077637,0.9812426567077637,0.9812426567077637,0.9812426567077637,1.0
9cb53ebcbb8f1660622e9d43f2fc4d10d920ef99,2,1,0.9769707322120667,0.9769707322120667,0.9769707322120667,0.9769707322120667,1.0
2e6265dc92bf9c5f00cddedc9330c681552d7c86,2,1,0.9638261795043945,0.9638261795043945,0.9638261795043945,0.9638261795043945,1.0
ba7a6fb6f05289208911a815243652f0d9a7cb98,2,1,0.9779280424118042,0.9779280424118042,0.9779280424118042,0.9779280424118042,1.0
786053b0aa9d50cf43c6314848b09e4e98959b9b,2,1,0.9716688394546509,0.9716688394546509,0.9716688394546509,0.9716688394546509,1.0
83c715b5f09920049f992527e929eb40dba141f8,2,1,0.9841257929801941,0.9841257929801941,0.9841257929801941,0.9841257929801941,1.0
1ec6f1549f89a1237c68f15ee4b01387b228d130,5,10,0.9618847370147705,0.9620229005813599,0.9761369228363037,0.9741120338439941,1.0
a0fcd4f5be5df1afb84f27ef5d7a8f96e5a4f870,2,1,0.9898343682289124,0.9898343682289124,0.9898343682289124,0.9898343682289124,1.0
745955b4fb0afb540f4af8b4568c71e7ecf89bb9,2,1,0.9664067029953003,0.9664067029953003,0.9664067029953003,0.9664067029953003,1.0
7ab1b7dc478fcacd303f2f4e546d77b0f794a783,2,1,0.9589715600013733,0.9589715600013733,0.9589715600013733,0.9589715600013733,1.0
a0c7cb8feb731e1dd3b1c128f0879cd8953a3abd,2,1,0.9601104259490967,0.9601104259490967,0.9601104259490967,0.9601104259490967,1.0
64a36a5d04373405fb82f9ea70154e4e1a0bc2bd,3,3,0.9667526483535767,0.966869056224823,0.9679166078567505,0.9700350165367126,1.0
05eb7da51a264574a157c8316b8daa777b398c21,2,1,0.9627407193183899,0.9627407193183899,0.9627407193183899,0.9627407193183899,1.0
a8a72287caed2a7b56329c7684f3c1a608538cef,2,1,0.9576594829559326,0.9576594829559326,0.9576594829559326,0.9576594829559326,1.0
ddd88b20a6b5780957f687ee30b8c1c2f430eb72,2,1,0.9958348870277405,0.9958348870277405,0.9958348870277405,0.9958348870277405,1.0
d5770f9e2ce901c02ce1a01df2ab45983ec75630,2,1,0.9833434224128723,0.9833434224128723,0.9833434224128723,0.9833434224128723,1.0
ee0ed350d0e9af57229c4d73ec0d7bb4769e49fe,2,1,0.9632315039634705,0.9632315039634705,0.9632315039634705,0.9632315039634705,1.0
2df2125edcd2ee71cf1dd978ea5d2825aef5e916,2,1,0.9867844581604004,0.9867844581604004,0.9867844581604004,0.9867844581604004,1.0
03d263bff830a2e5df89c09f4681ac4f82dfdc79,3,3,0.9618813991546631,0.9621803164482117,0.9648705720901489,0.9646496772766113,1.0
714c338c059948bb1e9c3b01bf4bf42399f42ba8,2,1,0.9874409437179565,0.9874409437179565,0.9874409437179565,0.9874409437179565,1.0
a4798f6f14f9c26842d088e3ceccbb1a221a1897,2,1,0.96224045753479,0.96224045753479,0.96224045753479,0.96224045753479,1.0
3e7145219fb0033e073da695a72f941aaed1ee5c,2,1,0.9685709476470947,0.9685709476470947,0.9685709476470947,0.9685709476470947,1.0
a53106d0953d2b309147e15961f86b0ce7e4ba62,2,1,0.9583197236061096,0.9583197236061096,0.9583197236061096,0.9583197236061096,1.0
ed00a4972d0b284c7e771a9f5b6312ae4439672f,2,1,0.9789419174194336,0.9789419174194336,0.9789419174194336,0.9789419174194336,1.0
3b6584b071f344472a786f72dca25eed774b6452,2,1,0.9781694412231445,0.9781694412231445,0.9781694412231445,0.9781694412231445,1.0
e9e804344a5465621fc8836958bade65a620ed53,3,3,0.9615352153778076,0.9625054597854614,0.9712375402450562,0.9722431302070618,1.0
84acd3254f3b13c2c278b21b7755194f2c06e2e1,2,1,0.9762094020843506,0.9762094020843506,0.9762094020843506,0.9762094020843506,1.0
c0d67ed69632398ac7987e59ec4cf2421949a51e,2,1,0.9561820030212402,0.9561820030212402,0.9561820030212402,0.9561820030212402,1.0
609b0afa2f0faab1e3efa171471c07597237761e,2,1,0.9685373306274414,0.9685373306274414,0.9685373306274414,0.9685373306274414,1.0
2de96bfc4929fa921e7f4e4ec046540de139b802,3,3,0.9607667326927185,0.9621032476425171,0.9741316437721252,0.9738770127296448,1.0
e07c10747b5c002a88322ef3d50e743ea6dc67d3,2,1,0.9715595841407776,0.9715595841407776,0.9715595841407776,0.9715595841407776,1.0
8329088a800bc3fd7759f142174203a791545ad3,2,1,0.9522700905799866,0.9522700905799866,0.9522700905799866,0.9522700905799866,1.0
d7049682f11d4c2656f7bd8ee47b77ae3469f7cf,2,1,0.9888104200363159,0.9888104200363159,0.9888104200363159,0.9888104200363159,1.0
b039a1ec3a4a15caf6bc5a1132669a9811ea3101,2,1,0.9559081792831421,0.9559081792831421,0.9559081792831421,0.9559081792831421,1.0
a5e9c358a9e7f10775fe58fe6775d010c6b3363b,2,1,0.9507659673690796,0.9507659673690796,0.9507659673690796,0.9507659673690796,1.0
36e03989af711127b8e312a6a7cb657270d356fd,3,3,0.9577658176422119,0.9583472609519958,0.9635800719261169,0.9680833220481873,1.0
2810b65e39aa271fb973d331b46b1b235ff3e25b,2,1,0.9544200897216797,0.9544200897216797,0.9544200897216797,0.9544200897216797,1.0
1096bf20c0788a9ebbc8f5b40610eb36c8cc56c1,3,3,0.9723812937736511,0.9729095697402954,0.9776637554168701,0.9759822487831116,1.0
c18888690dbe1ea49a021cf8bc1a773b1d222a10,2,1,0.9537359476089478,0.9537359476089478,0.9537359476089478,0.9537359476089478,1.0
11c30ddb36044ff9f1aa4dedbf762cd2b65759c2,2,1,0.9639574289321899,0.9639574289321899,0.9639574289321899,0.9639574289321899,1.0
20f2c5d6015096958a0fb3e97aef941b9bb25bfb,3,3,0.9580944776535034,0.9588547945022583,0.9656974077224731,0.9634551405906677,1.0
1559c0756d801481c39ad9a7e32ef0ee3feed7df,2,1,0.9573838114738464,0.9573838114738464,0.9573838114738464,0.9573838114738464,1.0
fbf65edbdf5c928847200e96324dab34c779095c,2,1,0.9760288596153259,0.9760288596153259,0.9760288596153259,0.9760288596153259,1.0
f3c4275e4dfd53e86f65672aa5548cf364ede9fa,2,1,0.9580696821212769,0.9580696821212769,0.9580696821212769,0.9580696821212769,1.0
91d2364ce95e700033b80923ff66cd09b7b7a084,3,3,0.9511134624481201,0.9524087309837341,0.9640662670135498,0.9611623287200928,1.0
abb972e50b57774f74392aa53caab6063abbdcdd,2,1,0.9856557846069336,0.9856557846069336,0.9856557846069336,0.9856557846069336,1.0
b8eb623b24a0839bb487a35d035f2be8d26a932c,2,1,0.988906741142273,0.988906741142273,0.988906741142273,0.988906741142273,1.0
c3987cc282a104cd73b5d35d4ef9dc3bdec30262,2,1,0.9777722954750061,0.9777722954750061,0.9777722954750061,0.9777722954750061,1.0
6d09aed2df4da29bef2cdebf4e19837ae7660cd6,2,1,0.970731794834137,0.970731794834137,0.970731794834137,0.970731794834137,1.0
acacc7df47accf1f74ef529af97f6d22d0556b97,2,1,0.968213677406311,0.968213677406311,0.968213677406311,0.968213677406311,1.0
223470f93a59e1c95f37536bbc20e5ff0366024a,2,1,0.9611624479293823,0.9611624479293823,0.9611624479293823,0.9611624479293823,1.0
c1d7cf99c3180eb1815570ab66c4cd1c2b9ad8e8,2,1,0.9616564512252808,0.9616564512252808,0.9616564512252808,0.9616564512252808,1.0
af46b7663742b8cba89dd53365fcf764b3ba5790,2,1,0.9645594358444214,0.9645594358444214,0.9645594358444214,0.9645594358444214,1.0
6ffb47400386010f321a90bbcf4569275f8c1e34,2,1,0.9532002806663513,0.9532002806663513,0.9532002806663513,0.9532002806663513,1.0
3cde10af23f6b9c4a439caec06c5b63a326d1cd0,3,3,0.9566322565078735,0.9571833610534668,0.9621435403823853,0.9689159393310547,1.0
f8c1742828b3dd5b8f370e4c43f8801b8da7f3fa,2,1,0.95553058385849,0.95553058385849,0.95553058385849,0.95553058385849,1.0
d4d9a0b57c02cf8511d600a850314d299772f763,2,1,0.962337851524353,0.962337851524353,0.962337851524353,0.962337851524353,1.0
c14f8c7e00c4756847d341ff7319de72881efb45,2,1,0.990466833114624,0.990466833114624,0.990466833114624,0.990466833114624,1.0
3c62c60b1d1f6aa439b2091be5e9eb2fcd7ae510,2,1,0.962052047252655,0.962052047252655,0.962052047252655,0.962052047252655,1.0
2b06bbfc87f88b34c9bc01b87e9a4b237ef0d706,2,1,0.955265462398529,0.955265462398529,0.955265462398529,0.955265462398529,1.0
66af3d141560710a120a44f9eacec934c9d8443f,2,1,0.9665297865867615,0.9665297865867615,0.9665297865867615,0.9665297865867615,1.0
215c73ba09384e3d4b7c74751b05582b47059c12,2,1,0.9822432398796082,0.9822432398796082,0.9822432398796082,0.9822432398796082,1.0
18215a02c06c63db34630080b256ef187ff90603,3,3,0.9698577523231506,0.9700734615325928,0.9720145463943481,0.9740108847618103,1.0
ffdabeb8a1afd8d39c2a2c5228ecd30236bfe82a,2,1,0.975614607334137,0.975614607334137,0.975614607334137,0.975614607334137,1.0
b6b1103b3501403a3bd8066a40c794039cb13c36,2,1,0.9663304686546326,0.9663304686546326,0.9663304686546326,0.9663304686546326,1.0
430a58de32d064c327b5a5fdab9b4cdf493011de,2,1,0.9985623955726624,0.9985623955726624,0.9985623955726624,0.9985623955726624,1.0
9baccfc2b2683bf14d8ac9af7cfdc0b865801176,2,1,0.9851545095443726,0.9851545095443726,0.9851545095443726,0.9851545095443726,1.0
107326429c9930362fa793187817952865894599,2,1,0.9737982749938965,0.9737982749938965,0.9737982749938965,0.9737982749938965,1.0
ab0c6ee6a969053072996ef5ef63d013ffb38024,2,1,0.986315131187439,0.986315131187439,0.986315131187439,0.986315131187439,1.0
46314db2de75fc5a7b712ec9d5eb53e00fd13be5,4,6,0.9666728973388672,0.9667551517486572,0.971516489982605,0.9739238619804382,1.0
50bda4448c5839f8a86d4cfa39968b4bf1333130,2,1,0.9578030109405518,0.9578030109405518,0.9578030109405518,0.9578030109405518,1.0
35b9ecacba3b84df2b97ff64c5778caf6cb6cae1,2,1,0.9561592936515808,0.9561592936515808,0.9561592936515808,0.9561592936515808,1.0
a333ab38c22dc9c7b5c6c84c88ba2c6a116c6df9,3,3,0.9598323702812195,0.9614127278327942,0.9756358861923218,0.9728846549987793,1.0
befa2716e3b309ea86ce8882c98a8b7a46f20b75,2,1,0.9563637375831604,0.9563637375831604,0.9563637375831604,0.9563637375831604,1.0
113b6c39dcddc41db301ff141ccd42936a756c3a,4,6,0.9568374752998352,0.9579723477363586,0.9726122617721558,0.9722927212715149,1.0
34f6d054d00caca8104d4251b10059bc21f45c93,2,1,0.9598824977874756,0.9598824977874756,0.9598824977874756,0.9598824977874756,1.0
29c4fc013cf29088c724cc3ff63f03de8e55df8a,2,1,0.9975591897964478,0.9975591897964478,0.9975591897964478,0.9975591897964478,1.0
4f1e421e556861e28f526a358fb04b716dc5ac76,2,1,0.9817564487457275,0.9817564487457275,0.9817564487457275,0.9817564487457275,1.0
7944fb37589d6fb5e2223ba50d2780e942643ab8,2,1,0.9826710224151611,0.9826710224151611,0.9826710224151611,0.9826710224151611,1.0
a40388be91df352dd649d9ab073bba3da23c89ab,2,1,0.9518139958381653,0.9518139958381653,0.9518139958381653,0.9518139958381653,1.0
43112f009a3e49f6b5503de7d3b788ec7b8c244f,2,1,0.9824304580688477,0.9824304580688477,0.9824304580688477,0.9824304580688477,1.0
f9406f8708c819a39af328229ce7504510bb3f54,2,1,0.9639925956726074,0.9639925956726074,0.9639925956726074,0.9639925956726074,1.0
c64039091bfce05f86a133020e68815e8908b156,2,1,0.9796203970909119,0.9796203970909119,0.9796203970909119,0.9796203970909119,1.0
1ccedfa1cd0a219e38fe05f655302bff3703be13,2,1,0.952297031879425,0.952297031879425,0.952297031879425,0.952297031879425,1.0
530339d3ab845de026e9226f367bd8a9ada82799,2,1,0.9710844159126282,0.9710844159126282,0.9710844159126282,0.9710844159126282,1.0
0d1701d19c80ef6b29e9ac42e31a4dfbc8ac4d69,2,1,0.9628875255584717,0.9628875255584717,0.9628875255584717,0.9628875255584717,1.0
37b217693c6f2ac0b92db6227968e04ce70a4fd7,2,1,0.9697200059890747,0.9697200059890747,0.9697200059890747,0.9697200059890747,1.0
b72385cafebc76dfc2e3ee5a772d4eb3d545f4ff,2,1,0.9562351703643799,0.9562351703643799,0.9562351703643799,0.9562351703643799,1.0
209b7cdb11252804a944b47cc768b900af5bd33f,3,3,0.9516112804412842,0.953504741191864,0.9705458283424377,0.9645741581916809,1.0
b844e92e47fb4c319672bb05407eeecd7182546a,2,1,0.9915691614151001,0.9915691614151001,0.9915691614151001,0.9915691614151001,1.0
8507bce3e49cc05e47d1d3824215b0551987de0b,2,1,0.9766741394996643,0.9766741394996643,0.9766741394996643,0.9766741394996643,1.0
f82d31142d51dd4d1548e64e943b944d075a18be,4,6,0.9706010818481445,0.9707791805267334,0.9826669692993164,0.9817327857017517,1.0
86faeb8710428ffdc1d3fbbeab99739105a2e0d3,2,1,0.9633363485336304,0.9633363485336304,0.9633363485336304,0.9633363485336304,1.0
8a8b4a61d0a2e9d24e625bf4e5759d98a12ad59c,2,1,0.9729890823364258,0.9729890823364258,0.9729890823364258,0.9729890823364258,1.0
04056a594902deaa1c2ece45a535628ca1f37090,4,6,0.9759869575500488,0.9767970442771912,0.9808991551399231,0.9821493029594421,1.0
882aa72a63a2f17022bff12db953a81129451230,2,1,0.9657867550849915,0.9657867550849915,0.9657867550849915,0.9657867550849915,1.0
2170ba44fac3f5f1d7a39f95f80539c81d4d3b02,2,1,0.958290159702301,0.958290159702301,0.958290159702301,0.958290159702301,1.0
f69fe0558ee4d838518c267b97fcde253e78c98c,2,1,0.9654463529586792,0.9654463529586792,0.9654463529586792,0.9654463529586792,1.0
20cc214c401128762ee06a01740469501b3fe87d,2,1,0.9573876857757568,0.9573876857757568,0.9573876857757568,0.9573876857757568,1.0
85c9ab4467aa58dda7e04e00cbd49ba8b1c161e1,2,1,0.9555947780609131,0.9555947780609131,0.9555947780609131,0.9555947780609131,1.0
0f1aa6c0824ca341b5b358bcf7e3ac617fad8218,2,1,0.9653792381286621,0.9653792381286621,0.9653792381286621,0.9653792381286621,1.0
03dc7a0ce87667aa4163353a65d4b5d1d61c8ec0,2,1,0.9701472520828247,0.9701472520828247,0.9701472520828247,0.9701472520828247,1.0
9c3dece1933f3fefab86085ee0df12db87d9466c,2,1,0.9690805673599243,0.9690805673599243,0.9690805673599243,0.9690805673599243,1.0
85b4cb946e0246643bb279d0f7f0896906aa4edf,2,1,0.9762997627258301,0.9762997627258301,0.9762997627258301,0.9762997627258301,1.0
5c9272cff148931332f6c1f69967552c829803c3,2,1,0.9715738296508789,0.9715738296508789,0.9715738296508789,0.9715738296508789,1.0
575acbd442d8d5092192fcd875b32e8ae8a90594,2,1,0.9755284786224365,0.9755284786224365,0.9755284786224365,0.9755284786224365,1.0
367457319b33b3bfcfec8e2c93d04676a86a408f,2,1,0.9698696136474609,0.9698696136474609,0.9698696136474609,0.9698696136474609,1.0
ce4c04b49dbef323dd9cc1f4c94d627c40a37b4e,2,1,0.9662898778915405,0.9662898778915405,0.9662898778915405,0.9662898778915405,1.0
6b325027e522ba3164eee2551c2e7ff7641c7a93,2,1,0.9777758121490479,0.9777758121490479,0.9777758121490479,0.9777758121490479,1.0
948d55a5456d4830ae4f6bcb9f3e2f82822643b7,2,1,0.965167224407196,0.965167224407196,0.965167224407196,0.965167224407196,1.0
6e11dde84e3121bfe5c9bb561469ef6a62335ef8,3,3,0.9738914966583252,0.9744149446487427,0.9791260957717896,0.9785971641540527,1.0
46461b5f9042cd9dd226c376347d8f4c01c081f6,2,1,0.981804609298706,0.981804609298706,0.981804609298706,0.981804609298706,1.0
459ad3e07ae204c04d12b409282102f5831670c2,2,1,0.9536157846450806,0.9536157846450806,0.9536157846450806,0.9536157846450806,1.0
0934e42b8798dcefb8a3391dae5ae79bfdb42e8a,2,1,0.9869047403335571,0.9869047403335571,0.9869047403335571,0.9869047403335571,1.0
5a4ccf947a8b6b382bbc1682010f42940fb72686,2,1,0.9670758247375488,0.9670758247375488,0.9670758247375488,0.9670758247375488,1.0
20e2857a5d2cc59ce043b7cd561cd9ceb08c85c8,2,1,0.9766972661018372,0.9766972661018372,0.9766972661018372,0.9766972661018372,1.0
484f40a45e42d586a0cc52ca17f3df0f26e53607,2,1,0.9524600505828857,0.9524600505828857,0.9524600505828857,0.9524600505828857,1.0
b4ea6864fc23bc1ed00631aab9012a84272d153a,2,1,0.9543002843856812,0.9543002843856812,0.9543002843856812,0.9543002843856812,1.0
b96de95ce0f043b6f8ef85157ca2512d107d1f15,3,3,0.9597913026809692,0.9606627225875854,0.9685056209564209,0.9691760540008545,1.0
7f82231f715702cd6ce796f62a019c505f2e77f4,4,6,0.9713830351829529,0.9717177152633667,0.9827649593353271,0.9828586578369141,1.0
34ff656c030e668b86857a6579bea88171060cf0,2,1,0.9817788004875183,0.9817788004875183,0.9817788004875183,0.9817788004875183,1.0
386b89b48030eb6228072774cb2dd1e42f6f5324,2,1,0.9628608226776123,0.9628608226776123,0.9628608226776123,0.9628608226776123,1.0
c814f6f582d23d1798bc222001881d5304a9ba8d,2,1,0.967571496963501,0.967571496963501,0.967571496963501,0.967571496963501,1.0
c21d66d6920f198a6f9c3e7512425a809c5f1e1f,2,1,0.9942876100540161,0.9942876100540161,0.9942876100540161,0.9942876100540161,1.0
e801b1b77b83851c383490bee2887ff039ce5530,2,1,0.995858907699585,0.995858907699585,0.995858907699585,0.995858907699585,1.0
36b7151c9de8986e8685f920631ed3596d846f56,2,1,0.9547933340072632,0.9547933340072632,0.9547933340072632,0.9547933340072632,1.0
307e86c88bdc7e423ddd64a7ab06c48bf8f84c6f,2,1,0.963333010673523,0.963333010673523,0.963333010673523,0.963333010673523,1.0
ba1558400865f559c5f0ebd50326a6f9b48eee02,4,6,0.9738657474517822,0.9747826457023621,0.9819655418395996,0.9817654490470886,1.0
ed8e6c5f89241fd9fdbe4fde1bcf1624b1c98a8a,3,3,0.9548113346099854,0.9552901387214661,0.9595996141433716,0.9616453051567078,1.0
8a15955effeef9213a4bb7945ea17a9ddc58ab26,2,1,0.9894484281539917,0.9894484281539917,0.9894484281539917,0.9894484281539917,1.0
80d545c34780a1b0ce2cd025c92651fc2901405b,2,1,0.9724072813987732,0.9724072813987732,0.9724072813987732,0.9724072813987732,1.0
5616801b7209f7fe113583df10fbefeb1cecf65a,2,1,0.9554035067558289,0.9554035067558289,0.9554035067558289,0.9554035067558289,1.0
a4b0974554e0399e1a22b88d1f6689dfd4279e92,2,1,0.9562788605690002,0.9562788605690002,0.9562788605690002,0.9562788605690002,1.0
3f7055dbf103436c609912aa00055b196dfa2a04,2,1,0.9624523520469666,0.9624523520469666,0.9624523520469666,0.9624523520469666,1.0
44114228bd4f34aee5d02c565bce1c103728d142,2,1,0.9659136533737183,0.9659136533737183,0.9659136533737183,0.9659136533737183,1.0
24ce3e7ba24d82028f6ad89f593b31d2b4f582b1,2,1,0.9713733196258545,0.9713733196258545,0.9713733196258545,0.9713733196258545,1.0
54beb6ee14ee2f80292cbb0a95249e490922ac0e,2,1,0.9546887874603271,0.9546887874603271,0.9546887874603271,0.9546887874603271,1.0
f20f376cf6e13012b7372c7327bdba0d74754b4f,2,1,0.9539738297462463,0.9539738297462463,0.9539738297462463,0.9539738297462463,1.0
b05c60b8d11140e3fe4b9384992c62cd40f3a411,4,6,0.9783735275268555,0.9788061380386353,0.9837021827697754,0.9840743541717529,1.0
14fc0a57d0803fb44c05bbf4abd9219205605e99,2,1,0.979376494884491,0.979376494884491,0.979376494884491,0.979376494884491,1.0
46b75b7cd09b5d8b25f1661217cc442c1eb254a3,2,1,0.956256628036499,0.956256628036499,0.956256628036499,0.956256628036499,1.0
24a8b966cdf48e4ebccff87edd8a93d54b7782fe,2,1,0.9801484942436218,0.9801484942436218,0.9801484942436218,0.9801484942436218,1.0
fddd76d7956a6a88f09d602edebc73fd272753a9,2,1,0.9739737510681152,0.9739737510681152,0.9739737510681152,0.9739737510681152,1.0
5b8d939f4a879494c4745f43660a0fb4a8a8eabb,2,1,0.9609128832817078,0.9609128832817078,0.9609128832817078,0.9609128832817078,1.0
5d8457cc9512acb4e755a4c959bdbad32d23134b,2,1,0.956282913684845,0.956282913684845,0.956282913684845,0.956282913684845,1.0
8fc78fa9b74c0d89c442be716cec3f9cc3ef3296,2,1,0.9605390429496765,0.9605390429496765,0.9605390429496765,0.9605390429496765,1.0
fe56ed15d6a2a3348c0afbe8587843413ad48473,2,1,0.9595120549201965,0.9595120549201965,0.9595120549201965,0.9595120549201965,1.0
3b208542a3971939ed314378a30f2c56920f7e0c,3,3,0.9601244330406189,0.9609542489051819,0.9684225916862488,0.9702825546264648,1.0
f86a83178841e824905f0539a2e13c573c458127,2,1,0.9958660006523132,0.9958660006523132,0.9958660006523132,0.9958660006523132,1.0
c53dfc5a88611674afa522ada5dd99c1683e8677,2,1,0.9548301100730896,0.9548301100730896,0.9548301100730896,0.9548301100730896,1.0
07ea3418f8cbeb10a1f09afee7b447445d4bff3c,2,1,0.9870399236679077,0.9870399236679077,0.9870399236679077,0.9870399236679077,1.0
459ca17784bc40eae57018a7cfda8dfc2e9fe629,2,1,0.9779202938079834,0.9779202938079834,0.9779202938079834,0.9779202938079834,1.0
41dfda946050d817354607e7b146dc05f1801472,2,1,0.964561402797699,0.964561402797699,0.964561402797699,0.964561402797699,1.0
119866c7c9af669a526483793e689dc4cc203900,3,3,0.9674969911575317,0.9683579206466675,0.9761064052581787,0.9780459403991699,1.0
322daefe9bb0e7b862d314fa25271dbbfb3e2b05,2,1,0.9705280661582947,0.9705280661582947,0.9705280661582947,0.9705280661582947,1.0
435f9878df79d66edb70ac605952641b3600fce5,3,3,0.9598053693771362,0.9598180651664734,0.9599325656890869,0.9644472599029541,1.0
4c807ca4858544e58b2d550b1bf8f3affa684a72,3,3,0.9596315622329712,0.9606427550315857,0.9697437286376953,0.9693459868431091,1.0
fd11bd000a943328b3694bf902ea1e6396a2a5a8,2,1,0.9537745118141174,0.9537745118141174,0.9537745118141174,0.9537745118141174,1.0
4103b1c27ae6f775eddfda974f58c8fa2a52a52f,2,1,0.9538829326629639,0.9538829326629639,0.9538829326629639,0.9538829326629639,1.0
4bf708dc6ff47fc8776f3ecb304d0bb929c6df8e,2,1,0.9948844313621521,0.9948844313621521,0.9948844313621521,0.9948844313621521,1.0
c7722a44c0756b105467bad5fb79f77c0c432067,3,3,0.961885929107666,0.9629282355308533,0.9723091125488281,0.9697396755218506,1.0
766136bd952a74de45b88129f1113644dc9d35bc,3,3,0.9539506435394287,0.9539996981620789,0.9544413089752197,0.956409752368927,1.0
d024648e5549071f250de424145f677b71f1f374,2,1,0.9796708822250366,0.9796708822250366,0.9796708822250366,0.9796708822250366,1.0
d452fda248b1a767225a9145be3ce89ef23000fe,2,1,0.9978745579719543,0.9978745579719543,0.9978745579719543,0.9978745579719543,1.0
de965b5fd48bd04b9674dec153dd1bbdff26b65f,2,1,0.9901977777481079,0.9901977777481079,0.9901977777481079,0.9901977777481079,1.0
9929a046030468af11eaced1abe21ac988d20178,4,6,0.9567634463310242,0.9578197598457336,0.9682868123054504,0.9702167510986328,1.0
2b092cbfb0f73e742fd4ac6a5295079892a129b1,2,1,0.9904575943946838,0.9904575943946838,0.9904575943946838,0.9904575943946838,1.0
f05a79a210d08e6c525420a87a3ed8834f9c1268,3,3,0.9561258554458618,0.9571293592453003,0.9661611914634705,0.9725151062011719,1.0
a7e368d31e1b23e2184a17b550725e1d3c3a4e24,3,3,0.9811782836914062,0.9817084074020386,0.9864794015884399,0.985680341720581,1.0
c766eced8b1cdfb94096a9ce3d03a34019141fde,2,1,0.9662835597991943,0.9662835597991943,0.9662835597991943,0.9662835597991943,1.0
e27f2b30fcfa3e22e7ee55aa8b977a1c3c80e4a2,3,3,0.9946300983428955,0.9946613907814026,0.9949432611465454,0.9961598515510559,1.0
917ed2b9cd2679208da9e4299cb41d2601abe7f6,4,6,0.9649983048439026,0.9662567377090454,0.9807584881782532,0.9801581501960754,1.0
59c4fa126105ccbbd8231e51845f658ecfc8c290,2,1,0.9843537211418152,0.9843537211418152,0.9843537211418152,0.9843537211418152,1.0
c38cf3214ad9cd9358c5e9c0ebe9bec4277f0095,2,1,0.9745009541511536,0.9745009541511536,0.9745009541511536,0.9745009541511536,1.0
757c7d4963b89b5bd748872edd7e659b8d9258ea,2,1,0.9708654880523682,0.9708654880523682,0.9708654880523682,0.9708654880523682,1.0
264a8a4dffdbf9363481acefbfe02255919daa75,2,1,0.9869378209114075,0.9869378209114075,0.9869378209114075,0.9869378209114075,1.0
79511be074b167c75ad6eeea4b9123c10b64de6b,2,1,0.9577641487121582,0.9577641487121582,0.9577641487121582,0.9577641487121582,1.0
6ccc1eace2e6c185a4acc96bd37e1cd17f8e6581,2,1,0.9550868272781372,0.9550868272781372,0.9550868272781372,0.9550868272781372,1.0
f451b740a00aa585aadbd9ed1cfca41fdad5931f,2,1,0.9586796760559082,0.9586796760559082,0.9586796760559082,0.9586796760559082,1.0
08dabfbfa50521bab5567fc9cf13ad6b5b8e1f2d,2,1,0.9690096974372864,0.9690096974372864,0.9690096974372864,0.9690096974372864,1.0
8dbd5d1f5041e6c77959aabeca31f43041e443df,2,1,0.961034893989563,0.961034893989563,0.961034893989563,0.961034893989563,1.0
3147630dfaf2e0f0e775a150211226766878fec2,2,1,0.9699549674987793,0.9699549674987793,0.9699549674987793,0.9699549674987793,1.0
6715da5c11d2fb0f226604919c533eb173c8ec92,2,1,0.9715734720230103,0.9715734720230103,0.9715734720230103,0.9715734720230103,1.0
3f249c868ddd4d1247c3699d39ba98461100b795,2,1,0.9652261734008789,0.9652261734008789,0.9652261734008789,0.9652261734008789,1.0
c6961eff2177822005a19c743702f7bdafc637f2,2,1,0.9562382102012634,0.9562382102012634,0.9562382102012634,0.9562382102012634,1.0
edc5ee9afc1ec5dc118dfe830f148065cd18908b,3,3,0.9563713669776917,0.9565671682357788,0.9583293199539185,0.9595516324043274,1.0
21ef65d558fc62bdb0b5907161ef1f64f7c24498,2,1,0.9574724435806274,0.9574724435806274,0.9574724435806274,0.9574724435806274,1.0
0d2e53867d9746fae8776ade3ef634ef19be65e6,2,1,0.9572818875312805,0.9572818875312805,0.9572818875312805,0.9572818875312805,1.0
0a6834a927d2dde89ea0e3d128b1d5e66d8d7e71,2,1,0.9557033777236938,0.9557033777236938,0.9557033777236938,0.9557033777236938,1.0
296ab5af0911c4ee7cc5fc484d6d8bf156f18d7b,2,1,0.9634057283401489,0.9634057283401489,0.9634057283401489,0.9634057283401489,1.0
fef4304bb73d11ebf42cd721bbf5973e44bd56fa,2,1,0.9686936140060425,0.9686936140060425,0.9686936140060425,0.9686936140060425,1.0
eb78c939a762bce32ffbcafdb0a16346d23b0673,3,3,0.9646279811859131,0.9656298160552979,0.9746465682983398,0.9717097282409668,1.0
e1f3c1f2af496c06ba3142b7cb8297f5f840ea14,2,1,0.9742741584777832,0.9742741584777832,0.9742741584777832,0.9742741584777832,1.0
1876d6ea6a3c3f10e699715f38f3e62b466c42b4,2,1,0.9898120164871216,0.9898120164871216,0.9898120164871216,0.9898120164871216,1.0
5c07c4dea2edc800af1571e77a9451c0a73d9195,2,1,0.9639572501182556,0.9639572501182556,0.9639572501182556,0.9639572501182556,1.0
91c6fcc8c29b7ebcc5f2dec6c62c5f6ab9b2f351,2,1,0.9519229531288147,0.9519229531288147,0.9519229531288147,0.9519229531288147,1.0
c7139ca09376b0578d9720d494152a1f1144c0ff,2,1,0.9595026969909668,0.9595026969909668,0.9595026969909668,0.9595026969909668,1.0
97bc18da8e10cc59db8e90b3dc5415f111552f14,2,1,0.9535002708435059,0.9535002708435059,0.9535002708435059,0.9535002708435059,1.0
cfe1b7ccecf096198fde94134e2453c80961bef1,2,1,0.9523855447769165,0.9523855447769165,0.9523855447769165,0.9523855447769165,1.0
496ed4ef5418110d5f6194aab1191637efcebcd4,4,6,0.9592642784118652,0.9605511426925659,0.9711858034133911,0.9723434448242188,1.0
e45f4bc27ff93de6302f6b51f21e3ac0bb454bc5,2,1,0.9625499248504639,0.9625499248504639,0.9625499248504639,0.9625499248504639,1.0
607f588248523c50419e1219ec2a472fe837d8cf,2,1,0.9558395147323608,0.9558395147323608,0.9558395147323608,0.9558395147323608,1.0
bf60320e13f1d7b33c4876d5d321d109f438899d,2,1,0.9880179166793823,0.9880179166793823,0.9880179166793823,0.9880179166793823,1.0
c5a5b3aa9c11f9eabc87c15cba73e720ceb53be9,2,1,0.9647899866104126,0.9647899866104126,0.9647899866104126,0.9647899866104126,1.0
3364a33221e489755e36d6980ede7bbbbe40066a,2,1,0.9539042711257935,0.9539042711257935,0.9539042711257935,0.9539042711257935,1.0
54ec6db276a562b0bb7a06d7dbb05d3ae79a8743,3,3,0.9555837512016296,0.9560104608535767,0.9598510265350342,0.9643306136131287,1.0
d564014206febe978bbe6879e1c81e2c50dcbd39,2,1,0.980593204498291,0.980593204498291,0.980593204498291,0.980593204498291,1.0
9bd8996e8056afefd4f755af38f0cebedc4b234e,2,1,0.9699758887290955,0.9699758887290955,0.9699758887290955,0.9699758887290955,1.0
ffc7cb92cba29ec793c2410c699c8afda1cbdf23,2,1,0.9521080851554871,0.9521080851554871,0.9521080851554871,0.9521080851554871,1.0
fa61be9fbb81087cf439cd7aab0efb6b59914518,2,1,0.9790583252906799,0.9790583252906799,0.9790583252906799,0.9790583252906799,1.0
2ee4f5ed8c9c84d51df0cb15f294566749cc40b5,2,1,0.9716296792030334,0.9716296792030334,0.9716296792030334,0.9716296792030334,1.0
5b91a01935b5e90dbfee0308175f2c0cf1787e17,2,1,0.9527029395103455,0.9527029395103455,0.9527029395103455,0.9527029395103455,1.0
d1ca09aa6d339ea5f1f5956fd3d92d7c24669dce,2,1,0.9537131786346436,0.9537131786346436,0.9537131786346436,0.9537131786346436,1.0
326ccff280fedc189fe4c00784cdb83fa332eb97,2,1,0.9527696371078491,0.9527696371078491,0.9527696371078491,0.9527696371078491,1.0
e7cba1d3bc393bd6ea4c7cf7116756b001dac530,2,1,0.9837374687194824,0.9837374687194824,0.9837374687194824,0.9837374687194824,1.0
5f95c4bd934243a828a7d91161878a1d3acc3c7b,3,3,0.9502127170562744,0.9509588479995728,0.9576737880706787,0.9657794833183289,1.0
fad51f50367b5ecf591dedca537f9a4d38259a17,2,1,0.967178225517273,0.967178225517273,0.967178225517273,0.967178225517273,1.0
d8c892735b4cf1a354206fa1763efd7d9e01e5a6,2,1,0.9666054248809814,0.9666054248809814,0.9666054248809814,0.9666054248809814,1.0
29ea8a6d3a3b265fba843851003c718ccf01bef9,2,1,0.9713443517684937,0.9713443517684937,0.9713443517684937,0.9713443517684937,1.0
52d94404cdcd308968161bd6b98ec37f4c82e06f,3,3,0.9713821411132812,0.9714031219482422,0.9715920686721802,0.9795370101928711,1.0
36137f687293eb0ff8fe876f261632d13755a699,2,1,0.9828431606292725,0.9828431606292725,0.9828431606292725,0.9828431606292725,1.0
c73fa01cf998e3ca56cceb889b3c0473d410112a,2,1,0.9561160802841187,0.9561160802841187,0.9561160802841187,0.9561160802841187,1.0
0e62d37288771e04fd4ed968aecf87d2bc5ac0db,3,3,0.9528697729110718,0.9529924988746643,0.9540968537330627,0.9588279724121094,1.0
9db08f36e5015ebcfaa21114915856a715b3e6cc,2,1,0.9767956733703613,0.9767956733703613,0.9767956733703613,0.9767956733703613,1.0
fa1fe0b4db6f91184b3aee082ad6caefbaf49f71,2,1,0.9617807865142822,0.9617807865142822,0.9617807865142822,0.9617807865142822,1.0
64758aacf28f456d34b6a0da2975ce6fbf299637,2,1,0.9633839130401611,0.9633839130401611,0.9633839130401611,0.9633839130401611,1.0
63da530081750228341fb6929482066249bbab51,2,1,0.9712841510772705,0.9712841510772705,0.9712841510772705,0.9712841510772705,1.0
d8f951357b97dd62d647aca362e73049c8bda20f,2,1,0.9554699659347534,0.9554699659347534,0.9554699659347534,0.9554699659347534,1.0
1ad01843f16acc4f18fa9f6fd57c01a37592da76,3,3,0.9604164958000183,0.9604453444480896,0.9607051610946655,0.9705672860145569,1.0
693962859edb856fde00b65ca10e326e5723e604,2,1,0.9651405811309814,0.9651405811309814,0.9651405811309814,0.9651405811309814,1.0
9b400ae77419d733a9e76f9f06e752b740d3d08c,2,1,0.9729223251342773,0.9729223251342773,0.9729223251342773,0.9729223251342773,1.0
0afe69f10f98152b634ccba410fe95cee98ca6c6,2,1,0.9783025979995728,0.9783025979995728,0.9783025979995728,0.9783025979995728,1.0
4a7fe9534c4d9532024ea53e8461abd7176acb87,2,1,0.9809480309486389,0.9809480309486389,0.9809480309486389,0.9809480309486389,1.0
b2f96d2f0d03478d6d41edb2e8b7ac253238dec8,2,1,0.9809306263923645,0.9809306263923645,0.9809306263923645,0.9809306263923645,1.0
e8e7d98bfc4d07d3a3a18fe96032e88ae3149903,2,1,0.9691541194915771,0.9691541194915771,0.9691541194915771,0.9691541194915771,1.0
174502aad92f4f01573d8a2c33387e4d96583b13,2,1,0.9663181304931641,0.9663181304931641,0.9663181304931641,0.9663181304931641,1.0
46940c75fa27a5a069a578b2f3913338f81aba8e,2,1,0.9551036953926086,0.9551036953926086,0.9551036953926086,0.9551036953926086,1.0
6627c760c2566e2361f185c1488da8dfbac8037d,2,1,0.9800394773483276,0.9800394773483276,0.9800394773483276,0.9800394773483276,1.0
8518f541c697d64a79e8186a4dcbded3d8e0e490,2,1,0.9553105235099792,0.9553105235099792,0.9553105235099792,0.9553105235099792,1.0
0d500d459969c40ad9c550a13ca86640fb923649,2,1,0.9636891484260559,0.9636891484260559,0.9636891484260559,0.9636891484260559,1.0
7bbd744bfdeea50b67ecee1ba9bc866486278310,4,6,0.9547879695892334,0.9586746692657471,0.9714559316635132,0.9720579981803894,1.0
8017cfb2220cae2b4ee3548d812def1c5bf8f419,2,1,0.9722108840942383,0.9722108840942383,0.9722108840942383,0.9722108840942383,1.0
bc1d1ffb7cbf2c613822520400769f99c386ef32,2,1,0.9757766723632812,0.9757766723632812,0.9757766723632812,0.9757766723632812,1.0
1dbc1920a332cc30a06a006f201aebb91e298939,2,1,0.9929260611534119,0.9929260611534119,0.9929260611534119,0.9929260611534119,1.0
3f1c5686eb593b7e34c71105b99ef899010d0995,2,1,0.9614039659500122,0.9614039659500122,0.9614039659500122,0.9614039659500122,1.0
888f409746da74879c02220203fcc31b83775003,2,1,0.9823108315467834,0.9823108315467834,0.9823108315467834,0.9823108315467834,1.0
f6be300f08e33cb2cf605c3293e1d2d587ce09e6,3,3,0.9600290656089783,0.9605435132980347,0.9651737809181213,0.9696807861328125,1.0
ca9c419c236fcb3172b2fd862137e69be89c6101,3,3,0.9517881274223328,0.952180027961731,0.9557070732116699,0.9651627540588379,1.0
79b56a09bb673583af2d9ddbd317c0bb02c87429,2,1,0.9813866019248962,0.9813866019248962,0.9813866019248962,0.9813866019248962,1.0
65278fe7c2d3bfce8cf5665fc915a40a711cef68,2,1,0.9776821136474609,0.9776821136474609,0.9776821136474609,0.9776821136474609,1.0
42ade774b88a365a14953c08dec42ec872243294,2,1,0.9516469240188599,0.9516469240188599,0.9516469240188599,0.9516469240188599,1.0
4b3f956ff0ffb6df92cf0bf6401435812281e064,2,1,0.9773631691932678,0.9773631691932678,0.9773631691932678,0.9773631691932678,1.0
7f2d7c3c2f6f7a8894d7b89e8eb20f36c210f728,2,1,0.983533501625061,0.983533501625061,0.983533501625061,0.983533501625061,1.0
04651c9f709014990930a9cf6c636c7372847260,2,1,0.983168363571167,0.983168363571167,0.983168363571167,0.983168363571167,1.0
570de33c6a409cf26f53df423f9989d0227ed28c,2,1,0.9744923114776611,0.9744923114776611,0.9744923114776611,0.9744923114776611,1.0
f9a5e380884a0efaf38f17916d815cdb58fbc460,2,1,0.9764686822891235,0.9764686822891235,0.9764686822891235,0.9764686822891235,1.0
a648ff8f8f2769cac2acec4567de8675a375f8da,2,1,0.9967740774154663,0.9967740774154663,0.9967740774154663,0.9967740774154663,1.0
e3262774c557bb21ea97c81c7fde511bd09f4ab4,3,3,0.9708681702613831,0.9711586236953735,0.9737726449966431,0.973325788974762,1.0
15b4d34b92aeb13d3f6c7775c5185e304450d571,2,1,0.962659478187561,0.962659478187561,0.962659478187561,0.962659478187561,1.0
26d7cd7efeeb8443530467e5d0322c1050a8e9bd,3,3,0.9521743059158325,0.9539817571640015,0.9702488780021667,0.9694137573242188,1.0
e02ab28f271a89498e428709002cd2ffd728c855,2,1,0.9588430523872375,0.9588430523872375,0.9588430523872375,0.9588430523872375,1.0
73c71a2131155bd9e07357bd9a2db235bf0254eb,2,1,0.9546297192573547,0.9546297192573547,0.9546297192573547,0.9546297192573547,1.0
387ce8f9dd197d81edd3bb1884eebd816a5c205f,3,3,0.966105043888092,0.9669077396392822,0.9741319417953491,0.9757192730903625,1.0
ff3610ee5c31b94bf751ec42f6d338f3ef7377a5,2,1,0.9564962387084961,0.9564962387084961,0.9564962387084961,0.9564962387084961,1.0
2b5c21fdc7a673d9116f71d099782e6ee19419fd,2,1,0.9702198505401611,0.9702198505401611,0.9702198505401611,0.9702198505401611,1.0
e4cef1cdcf41b01537a59c36df7aa68452bd4c3c,2,1,0.9814162850379944,0.9814162850379944,0.9814162850379944,0.9814162850379944,1.0
38d7e1fd4ea78aa33d7e23b1cace4cb465007c06,2,1,0.9759736657142639,0.9759736657142639,0.9759736657142639,0.9759736657142639,1.0
3dbb43d2b4399f86fb4fcfbef3a2c5496ae0e3ed,4,6,0.9542208909988403,0.9543602466583252,0.9706840515136719,0.9686374068260193,1.0
23680e587b8cb1492bea06de61ba1bcb5871cdd0,2,1,0.9686116576194763,0.9686116576194763,0.9686116576194763,0.9686116576194763,1.0
fc6682e7606dc71416e630538013b033eab12a0a,2,1,0.955258846282959,0.955258846282959,0.955258846282959,0.955258846282959,1.0
b330621c011edd6d15ae07b6806804b64b10ed46,2,1,0.9757001996040344,0.9757001996040344,0.9757001996040344,0.9757001996040344,1.0
41e5c7d24ba8757c069450a884d29ba0e4c71a47,2,1,0.9754999876022339,0.9754999876022339,0.9754999876022339,0.9754999876022339,1.0
9624f9f130dd0d483696491ab8f144ee6ae6431a,2,1,0.9644432067871094,0.9644432067871094,0.9644432067871094,0.9644432067871094,1.0
319d518ff819eae833259e3127c24465c9827839,2,1,0.9556018114089966,0.9556018114089966,0.9556018114089966,0.9556018114089966,1.0
049613c4720c971001a9c8c4e637f98459cdcf42,2,1,0.9566012620925903,0.9566012620925903,0.9566012620925903,0.9566012620925903,1.0
286c39337c286f2cf99b42d5b7485fba0a9e5133,2,1,0.9788228869438171,0.9788228869438171,0.9788228869438171,0.9788228869438171,1.0
292bdfde35f97d7a8fb0fdb7f378cb7c375b6efe,3,3,0.9676136374473572,0.9677073955535889,0.9685511589050293,0.9772741198539734,1.0
d7a8f364ff761ff853e7f5afb54bac07d338297b,2,1,0.9757746458053589,0.9757746458053589,0.9757746458053589,0.9757746458053589,1.0
a572b781852a008da52833bf8648a161428ef149,2,1,0.9665195941925049,0.9665195941925049,0.9665195941925049,0.9665195941925049,1.0
495a9e31ad381ab91b9451e16dbe855c4d548e04,2,1,0.951962947845459,0.951962947845459,0.951962947845459,0.951962947845459,1.0
d27397a2a4341fd3c69567393c9ac25e419c082f,4,6,0.9694079160690308,0.9696382880210876,0.9792983531951904,0.980409562587738,1.0
9dac26e8ac057a3ffa7a88b1c55e97528757b233,2,1,0.9625463485717773,0.9625463485717773,0.9625463485717773,0.9625463485717773,1.0
d692478a9150bbf55ec20d53a1945b4d60109c03,2,1,0.9846483469009399,0.9846483469009399,0.9846483469009399,0.9846483469009399,1.0
1041eeb182bdc553aff1df51deb0df541826d6be,2,1,0.9522346258163452,0.9522346258163452,0.9522346258163452,0.9522346258163452,1.0
4a98ef28c6fa07fdd41aad6f10689f7acfa59e02,2,1,0.9675155878067017,0.9675155878067017,0.9675155878067017,0.9675155878067017,1.0
1f78f13872286010e2e27a2438f04663a67920d9,2,1,0.9590167999267578,0.9590167999267578,0.9590167999267578,0.9590167999267578,1.0
559bf9691051a9a2b8d193651f335f2dcfd49523,2,1,0.9522613286972046,0.9522613286972046,0.9522613286972046,0.9522613286972046,1.0
cda382b5ae707f5016f4770d0a8b1229badd3b80,2,1,0.9712830781936646,0.9712830781936646,0.9712830781936646,0.9712830781936646,1.0
9d3d96d67e2cff19e4f2dc88195ba815ab2f2443,2,1,0.961441159248352,0.961441159248352,0.961441159248352,0.961441159248352,1.0
f4e8667eb86e7da5102391a5a9b0ed31cabba961,2,1,0.9863276481628418,0.9863276481628418,0.9863276481628418,0.9863276481628418,1.0
adfed7527125507c832cc575d4aaa7d3d92cd058,2,1,0.972441554069519,0.972441554069519,0.972441554069519,0.972441554069519,1.0
00c3dd19015929124f44efa1f52923b5afb641a2,2,1,0.9845848679542542,0.9845848679542542,0.9845848679542542,0.9845848679542542,1.0
69b482b28763004151013183e4e8571df22d7081,2,1,0.9685273170471191,0.9685273170471191,0.9685273170471191,0.9685273170471191,1.0
9c87ad24792951248bb31068eb39a91fc8899d15,2,1,0.9890069365501404,0.9890069365501404,0.9890069365501404,0.9890069365501404,1.0
3d71ef68d40cb94a9a3e1011fc0b9d61b07845e4,3,3,0.981075644493103,0.9812189936637878,0.9825089573860168,0.9832317233085632,1.0
4eec472b0e03c0d98bb14e9ad73c8af253d79e02,2,1,0.9610174298286438,0.9610174298286438,0.9610174298286438,0.9610174298286438,1.0
390129bf1e6fe4516e03075950ce425a4493cfbc,2,1,0.9659017324447632,0.9659017324447632,0.9659017324447632,0.9659017324447632,1.0
a1d4305d859a9b9e980509e888e4530bdb4fb39e,2,1,0.987820565700531,0.987820565700531,0.987820565700531,0.987820565700531,1.0
bf014e70e31e68f88a5f84fc0bcc4de2e5b8836d,2,1,0.9543650150299072,0.9543650150299072,0.9543650150299072,0.9543650150299072,1.0
c3823f8687242b4fcbe3f0e7bb672a3c539be97b,3,3,0.9550307989120483,0.9563497304916382,0.9682198762893677,0.9657805562019348,1.0
9a6ffa2462332e3b6ed164cb082ef36ce7094fc2,3,3,0.968368649482727,0.9688713550567627,0.973395586013794,0.9770439267158508,1.0
75d5452ee9ec46d4504c3a6fc47b2e3e688762aa,3,3,0.9628423452377319,0.9634482860565186,0.968901515007019,0.9703089594841003,1.0
354b0fb87d4fe89632fe776c91180db0d87fbd38,2,1,0.9777757525444031,0.9777757525444031,0.9777757525444031,0.9777757525444031,1.0
87625dcab4bd5830f912e222a521f497131d30c8,3,3,0.9562581777572632,0.9567197561264038,0.9608739018440247,0.9654584527015686,1.0
07551584d0fc08ea939189aa23046530d66c2eac,2,1,0.9571487307548523,0.9571487307548523,0.9571487307548523,0.9571487307548523,1.0
38d88678aae2eed54b84e69e22a409535fcc6951,2,1,0.9692686200141907,0.9692686200141907,0.9692686200141907,0.9692686200141907,1.0
f0f66320ad2d2d43861a4c586dda0d728252e8d5,2,1,0.9643533229827881,0.9643533229827881,0.9643533229827881,0.9643533229827881,1.0
d4ceda50e822a933bdcd1b78b5bf1229eb7076ff,2,1,0.960297167301178,0.960297167301178,0.960297167301178,0.960297167301178,1.0
c4a17e9430dd7623353dd8df9dcacbb8b765ef4b,2,1,0.9500705599784851,0.9500705599784851,0.9500705599784851,0.9500705599784851,1.0
0ec5431cbe48397985becac55282b61caaf3f6fd,3,3,0.9869818687438965,0.987041711807251,0.9875804781913757,0.9908650517463684,1.0
482dc665f69e51cbf7b878b884ec768e6ab10c4c,2,1,0.9891324639320374,0.9891324639320374,0.9891324639320374,0.9891324639320374,1.0
74ebb7f2551cae1fc57095e1e5efed8f008484b1,2,1,0.9916126728057861,0.9916126728057861,0.9916126728057861,0.9916126728057861,1.0
592e800448b34ee62135a71b4b8f28f44163859d,2,1,0.9536240100860596,0.9536240100860596,0.9536240100860596,0.9536240100860596,1.0
39d2ac94245a73ea91d758b4d6531b2465ac7876,2,1,0.9914510846138,0.9914510846138,0.9914510846138,0.9914510846138,1.0
d13b11209abd6604c3186196f67b0b2279b4b7a3,3,3,0.9585968255996704,0.9602574110031128,0.9752023816108704,0.9706624150276184,1.0
298a6d12345e5e9386f29746d137126701db47ec,2,1,0.9646853804588318,0.9646853804588318,0.9646853804588318,0.9646853804588318,1.0
eebb6bd378a0d581b9a27eee4148edd8612046f5,2,1,0.9554755091667175,0.9554755091667175,0.9554755091667175,0.9554755091667175,1.0
55e4c63f76609b60d76aeed270a59142f3924d26,2,1,0.9765479564666748,0.9765479564666748,0.9765479564666748,0.9765479564666748,1.0
65832fef9bd41cbb9e2ee2e679b346cba3875cf8,2,1,0.9610192775726318,0.9610192775726318,0.9610192775726318,0.9610192775726318,1.0
bfb135d7a16f3185094b23c4e3cb26a159c16321,3,3,0.9582271575927734,0.9584944248199463,0.960900068283081,0.9685247540473938,1.0
f54a8f81587dc476ffe013f883f552b483adc36a,2,1,0.9721339344978333,0.9721339344978333,0.9721339344978333,0.9721339344978333,1.0
8c9bc1523af88033251ef2fb52dd299917db04df,2,1,0.9632033109664917,0.9632033109664917,0.9632033109664917,0.9632033109664917,1.0
5275ab7a4edeb47f200da24e53deea6a4cccca4a,2,1,0.9751848578453064,0.9751848578453064,0.9751848578453064,0.9751848578453064,1.0
e1b6e5b8e0cc2d7d6ae2a8dd15bb616d5f8e3220,2,1,0.9634625911712646,0.9634625911712646,0.9634625911712646,0.9634625911712646,1.0
7832c9ddbedf430450810bfa23967a4aea619cfb,3,3,0.9597298502922058,0.9610557556152344,0.9729892015457153,0.9749477505683899,1.0
b50b04ad89136b4585c9049d9e3fb1bbd53b9537,3,3,0.9569425582885742,0.9570227861404419,0.9577446579933167,0.9592427611351013,1.0
65d8e43417a242c5d05613a77b5d3b659ae259d1,2,1,0.9508994817733765,0.9508994817733765,0.9508994817733765,0.9508994817733765,1.0
1af3e041ceaf57d5733da26d76f3101bc0ce6a9a,2,1,0.9596068859100342,0.9596068859100342,0.9596068859100342,0.9596068859100342,1.0
4bd3362ffbc146855f5c549d732ddd74cfd820a1,2,1,0.9741600751876831,0.9741600751876831,0.9741600751876831,0.9741600751876831,1.0
920ffd3a5d6bbda38ab2b05a0bec32d4256d3a89,2,1,0.9620373845100403,0.9620373845100403,0.9620373845100403,0.9620373845100403,1.0
af9e462bcf8b01b7217367afc4c0470eb28c4455,2,1,0.9583007097244263,0.9583007097244263,0.9583007097244263,0.9583007097244263,1.0
0c7d956a740e44596d391e67336ade28efabf145,3,3,0.9730849266052246,0.9742692708969116,0.9849286079406738,0.9820627570152283,1.0
dff443204d81de62b92cee10065c98cea8025e04,2,1,0.9546712636947632,0.9546712636947632,0.9546712636947632,0.9546712636947632,1.0
efad6723ab125a3d3f6a65affebe05f8520ab5b7,2,1,0.9555960297584534,0.9555960297584534,0.9555960297584534,0.9555960297584534,1.0
8acd41aea86c6089d497a66691d29b2234770669,2,1,0.9880594611167908,0.9880594611167908,0.9880594611167908,0.9880594611167908,1.0
c4f773112ad8e59a08f854b049960cefdefc61b4,2,1,0.9668676853179932,0.9668676853179932,0.9668676853179932,0.9668676853179932,1.0
6c25d953e71e76ae22a513a9ac821abe9293fb9f,2,1,0.9876687526702881,0.9876687526702881,0.9876687526702881,0.9876687526702881,1.0
9ba4e767b170af215d3233261b051cf71399efd2,2,1,0.9771338105201721,0.9771338105201721,0.9771338105201721,0.9771338105201721,1.0
3d7048010d6b40acfec9a20142ec4d2a01df06e7,2,1,0.9798023700714111,0.9798023700714111,0.9798023700714111,0.9798023700714111,1.0
1aedd85b55867d2efb2b3bd113abd6a68fc0e37b,2,1,0.9732393026351929,0.9732393026351929,0.9732393026351929,0.9732393026351929,1.0
6e2c9c98daaf247f7840b5fb60e956a36ccb3bf2,2,1,0.9558900594711304,0.9558900594711304,0.9558900594711304,0.9558900594711304,1.0
fa2f867516d6a22edc7e7df05e93d8974f8b8895,2,1,0.9851623773574829,0.9851623773574829,0.9851623773574829,0.9851623773574829,1.0
7014af40ba5ceeaed45bb86ffd4811fb549aaee3,3,3,0.95378577709198,0.953974187374115,0.9556698799133301,0.963947594165802,1.0
c64901aa48d9d608d4bf5bcfb63cd5e13236bbbd,2,1,0.9575034379959106,0.9575034379959106,0.9575034379959106,0.9575034379959106,1.0
589fcf57ccec31e8115fe5b6209a85bc9a7fe4ae,2,1,0.9630941152572632,0.9630941152572632,0.9630941152572632,0.9630941152572632,1.0
73cad245c66e99dcd2d8b2cafe004b31fbae94db,2,1,0.9639869332313538,0.9639869332313538,0.9639869332313538,0.9639869332313538,1.0
a335deefce32310610e95adc6f173608bab06630,2,1,0.9666354656219482,0.9666354656219482,0.9666354656219482,0.9666354656219482,1.0
7c8bd27f6dae33ef39d457b1feb58539a9842654,3,3,0.967141330242157,0.9685595035552979,0.9813232421875,0.9768829345703125,1.0
f01f4afb94d69ff0055cc71816071c63998332aa,4,6,0.9637190699577332,0.9668603539466858,0.9786973595619202,0.9771681427955627,1.0
20ef1d177a29c5d75b17f0fe283121237de606f6,2,1,0.9589529037475586,0.9589529037475586,0.9589529037475586,0.9589529037475586,1.0
5b071948cdb677bb7cfff3236b7bd947413c75cd,2,1,0.9963040351867676,0.9963040351867676,0.9963040351867676,0.9963040351867676,1.0
64ac354885e37da2e2d46c193af35cd600cb9268,2,1,0.9678900241851807,0.9678900241851807,0.9678900241851807,0.9678900241851807,1.0
019246284ac5a9479627b1525eabe4854d023642,2,1,0.9676138758659363,0.9676138758659363,0.9676138758659363,0.9676138758659363,1.0
ff94d22cf40aa16bdca4311ffd1fc882d1ed7920,2,1,0.9742821455001831,0.9742821455001831,0.9742821455001831,0.9742821455001831,1.0
53df4ce4bb2947bb030c0787550c436424cb5e08,2,1,0.9527105093002319,0.9527105093002319,0.9527105093002319,0.9527105093002319,1.0
c23c1892df6fc353f73a2d5e250d8155d7c5d48f,2,1,0.965129017829895,0.965129017829895,0.965129017829895,0.965129017829895,1.0
3e2335a961166dd9a6d8a0f2349e13cf040f21bc,2,1,0.9603700637817383,0.9603700637817383,0.9603700637817383,0.9603700637817383,1.0
c373221f7f35be368ab611190e89ff86e9d8524f,2,1,0.9805622100830078,0.9805622100830078,0.9805622100830078,0.9805622100830078,1.0
198b5500284be968e8b3c51757c8cd9dd2d98b45,2,1,0.955144464969635,0.955144464969635,0.955144464969635,0.955144464969635,1.0
e79afe710b4dd07b066944290f761c0a77b84c32,2,1,0.9607175588607788,0.9607175588607788,0.9607175588607788,0.9607175588607788,1.0
fa44c4bc80585d5c79f0037182233909cbeb2b80,2,1,0.9722785353660583,0.9722785353660583,0.9722785353660583,0.9722785353660583,1.0
4b1032f078f77db4c36cf2bb23da048c179cbb83,2,1,0.9771037101745605,0.9771037101745605,0.9771037101745605,0.9771037101745605,1.0
c20e4959cb68fee8d8381a84ef14aa580733dea7,2,1,0.9892202615737915,0.9892202615737915,0.9892202615737915,0.9892202615737915,1.0
4396fc64d69cd08bc690c5774e86317063098157,2,1,0.9689669013023376,0.9689669013023376,0.9689669013023376,0.9689669013023376,1.0
4c7306cd630bfdf11c6c240451b6463a4a0b3906,2,1,0.9672066569328308,0.9672066569328308,0.9672066569328308,0.9672066569328308,1.0
b16e688153aa9e209da981c692b4933d7e2f9755,2,1,0.9844607710838318,0.9844607710838318,0.9844607710838318,0.9844607710838318,1.0
35855decffb220b46deaeb3f0b40ec3ee23fb196,2,1,0.9579704403877258,0.9579704403877258,0.9579704403877258,0.9579704403877258,1.0
53f3790f1ae5c05288699c843e1ff35ed60b52a2,2,1,0.9503493905067444,0.9503493905067444,0.9503493905067444,0.9503493905067444,1.0
06949fb02b3d0fb5e23c95c3d922a0b534de1d04,2,1,0.9792460799217224,0.9792460799217224,0.9792460799217224,0.9792460799217224,1.0
8d18af121f663d16e29f0337a62995de39ebed9e,2,1,0.9620479941368103,0.9620479941368103,0.9620479941368103,0.9620479941368103,1.0
7957aa0c8460f74ad58be438a2f3b0f2cb4c28eb,2,1,0.9589724540710449,0.9589724540710449,0.9589724540710449,0.9589724540710449,1.0
409daed6ba881fc9bda8419f5e3f318b6c4c82ba,2,1,0.9771180152893066,0.9771180152893066,0.9771180152893066,0.9771180152893066,1.0
8ffec989018d0d221a6c0b39f8913e0674fc56c1,2,1,0.9631395936012268,0.9631395936012268,0.9631395936012268,0.9631395936012268,1.0
82ecef76ca1935c2638afc19ceb3ff9619c6a813,2,1,0.9650402069091797,0.9650402069091797,0.9650402069091797,0.9650402069091797,1.0
9bb597ef67992e23c3b0d25608f5174168951249,2,1,0.9544516205787659,0.9544516205787659,0.9544516205787659,0.9544516205787659,1.0
01eaf35c963e61d4b38ef6e410b5ccc5003573bb,2,1,0.9871467351913452,0.9871467351913452,0.9871467351913452,0.9871467351913452,1.0
4513622a195d1755346045e5311de39ed3a7d036,2,1,0.9594696760177612,0.9594696760177612,0.9594696760177612,0.9594696760177612,1.0
2ab7ed5ad40429fa6b8b9289613a146789543c2c,2,1,0.9884425401687622,0.9884425401687622,0.9884425401687622,0.9884425401687622,1.0
9c9ca63caea59816da51f033761b0e6521827810,2,1,0.9733976721763611,0.9733976721763611,0.9733976721763611,0.9733976721763611,1.0
987b8bd6683ca1a4a0f7607436230abcb9ee6be6,2,1,0.9662220478057861,0.9662220478057861,0.9662220478057861,0.9662220478057861,1.0
05a6fd386affee519f401a318fc3823b78296e8a,2,1,0.9594578742980957,0.9594578742980957,0.9594578742980957,0.9594578742980957,1.0
9a74bf7a70ce25cfd31e56d1ef202bc1680f360a,2,1,0.9627664685249329,0.9627664685249329,0.9627664685249329,0.9627664685249329,1.0
13966d32a852b68311c34eb2aeb1cc8a08a3bf31,5,10,0.9813209176063538,0.9828217029571533,0.992546796798706,0.9904052019119263,1.0
d6b9e105e7412747b3849d72f055646fa800b94b,2,1,0.9767386317253113,0.9767386317253113,0.9767386317253113,0.9767386317253113,1.0
5ca821ef2830e3ebebed89c36aeff46d01a25f69,2,1,0.9719094038009644,0.9719094038009644,0.9719094038009644,0.9719094038009644,1.0
2ce394759893fee15df1b8cdcc518630e0be4673,2,1,0.9575177431106567,0.9575177431106567,0.9575177431106567,0.9575177431106567,1.0
01ce58e44d53e114d1d278d41ec85791d86a0209,3,3,0.9833917021751404,0.9838960766792297,0.9884353876113892,0.98712557554245,1.0
f82897fbd5ec3f99bc0355cf05d47bf6c49e99f8,2,1,0.9836203455924988,0.9836203455924988,0.9836203455924988,0.9836203455924988,1.0
f4b4c6ce9cb5ba3f4dc981c98763e81475219877,2,1,0.9584783315658569,0.9584783315658569,0.9584783315658569,0.9584783315658569,1.0
392d103e3831aa446613b13301ef84e3cd319c0b,2,1,0.9739225506782532,0.9739225506782532,0.9739225506782532,0.9739225506782532,1.0
befa5fdf43702d291c77398787db585e50d39d88,2,1,0.9573594331741333,0.9573594331741333,0.9573594331741333,0.9573594331741333,1.0
5d4eaab4b96cae2f2a41c0e2286bbc9465ec58bc,2,1,0.9684151411056519,0.9684151411056519,0.9684151411056519,0.9684151411056519,1.0
ad1dff9dde1c0eb2a4333fe04363457268c95e8c,2,1,0.9527402520179749,0.9527402520179749,0.9527402520179749,0.9527402520179749,1.0
a3c48c027f7a5bbbc130c0dfeebc457511b8401c,2,1,0.9566913843154907,0.9566913843154907,0.9566913843154907,0.9566913843154907,1.0
67e10ad81f0b0f2042d4e0ab1a55d685c4ea392b,2,1,0.9665468335151672,0.9665468335151672,0.9665468335151672,0.9665468335151672,1.0
c1303e1b2539565ada3e8d576198f4ca63da19a3,2,1,0.9554674029350281,0.9554674029350281,0.9554674029350281,0.9554674029350281,1.0
a49dc3a84f7cbcf969a6653bc2255dc7355f6904,2,1,0.9665536880493164,0.9665536880493164,0.9665536880493164,0.9665536880493164,1.0
a03ac030f6681680118af9673ff23aaff5eff615,2,1,0.9922416806221008,0.9922416806221008,0.9922416806221008,0.9922416806221008,1.0
08d3d57ee9413e6498330e37828cea1f66ece3fd,2,1,0.9507085680961609,0.9507085680961609,0.9507085680961609,0.9507085680961609,1.0
cb18dbb8d4912c88a052f6e6529511edc1636844,2,1,0.9737238883972168,0.9737238883972168,0.9737238883972168,0.9737238883972168,1.0
60121967985ecf7b5b5159cadc4ec347d27a097a,2,1,0.9675878882408142,0.9675878882408142,0.9675878882408142,0.9675878882408142,1.0
0727887e0a040a043c9f727a289802d5d5f2d4e1,2,1,0.9878677725791931,0.9878677725791931,0.9878677725791931,0.9878677725791931,1.0
0a7b0bd98ee65725ce2ae6c69ce1e6eb80563e05,2,1,0.9774794578552246,0.9774794578552246,0.9774794578552246,0.9774794578552246,1.0
3a0156b30313afacf4ef1ab2c06aacca820bf46c,2,1,0.9517288208007812,0.9517288208007812,0.9517288208007812,0.9517288208007812,1.0
4aeb6afb6b576f61522590dc435526df9e18e3e2,2,1,0.9776310920715332,0.9776310920715332,0.9776310920715332,0.9776310920715332,1.0
1ab9c59bd7645db90637f0f1d335aa97106b5923,2,1,0.9825873970985413,0.9825873970985413,0.9825873970985413,0.9825873970985413,1.0
13f625b65dcc47d765fc3ef191efd7a863fdc894,2,1,0.9526845812797546,0.9526845812797546,0.9526845812797546,0.9526845812797546,1.0
3792d151a4ec334ed89e52c3a15a1978d1f4b724,2,1,0.9579671621322632,0.9579671621322632,0.9579671621322632,0.9579671621322632,1.0
b9da1d399eba55c5c75c1e6937fb050771dc3f4a,2,1,0.9536586999893188,0.9536586999893188,0.9536586999893188,0.9536586999893188,1.0
70cc9ea97d812493d243b9c6692bb356f208d06d,2,1,0.9520034790039062,0.9520034790039062,0.9520034790039062,0.9520034790039062,1.0
b06c33a3e93bf712f96ce7458754abc2459e05b2,2,1,0.9505298137664795,0.9505298137664795,0.9505298137664795,0.9505298137664795,1.0
e0e518df0155318466ff57f1ae66c545370fd712,2,1,0.9557598233222961,0.9557598233222961,0.9557598233222961,0.9557598233222961,1.0
6d5b27d5f3ee097d50ab0b968ad963c4895b70ee,2,1,0.9957493543624878,0.9957493543624878,0.9957493543624878,0.9957493543624878,1.0
bb4e062c4f6a172d133f3b024a3095b22be4d928,2,1,0.9553792476654053,0.9553792476654053,0.9553792476654053,0.9553792476654053,1.0
9b80b7975b656431d684a6500659ad22f03ae1f2,3,3,0.9504743814468384,0.9510452747344971,0.9561833739280701,0.9600489139556885,1.0
917a90f7d1a34297a166e7a2aa7d60500607ff75,2,1,0.9688012599945068,0.9688012599945068,0.9688012599945068,0.9688012599945068,1.0
199494413ecbbf05f9ae9b1fe9f550cdab650673,2,1,0.9722237586975098,0.9722237586975098,0.9722237586975098,0.9722237586975098,1.0
a7b7174bed18aac310fe870e91475e4fa7824928,2,1,0.9847623109817505,0.9847623109817505,0.9847623109817505,0.9847623109817505,1.0
7b660604cda1765a9f64eb5a9055dd61ffc0c2d2,2,1,0.9719575643539429,0.9719575643539429,0.9719575643539429,0.9719575643539429,1.0
