modeling_row_id,semantic_group_id,text_group_id,priority,screen_outer_fold,screen_cv_fold
7,d189fb1d6f35e31499da856873869eb81d6faac7,0db97ec61ddef7b684ab20a17a472b15e80e681e,medium,1,1
11,35856db759b5308c727cbec71a47bab4f45b7e2b,cf6ecba99ea7a924b4e9673e08847682440b921b,medium,0,0
15,b6ed40eb0ae13bac6e4971ed236c9e2ac59111ea,181c17889ffdff06453e504127bae1087f91072e,medium,1,1
21,5027080743129400ef27769abb4e8c007a21c6a9,0f56c5ea8893382b2f1732001be82f61459b1ee1,high,1,1
25,dba09faa0168b2d201e3f68dfbb507cb7e04026b,74026b55062634b0d4f099a437b9dec9bbd3789d,high,0,0
30,c2268e03a03f75088eb1878356a600368d12fa1e,714c74d9012b8f7fb27043da29fcf29557e8d28b,medium,0,0
36,bfe5302a6bc9da30c1b1ef73c96b12c54192eb5d,db0a2d973f24c14c3521f005de56e80a5cb9a7e3,high,0,0
43,3de68afffee6e6af5711e9953e00c175b1b19a5f,b541209c1f18531a265aa3f1a292ab4444e93379,high,1,1
45,b9d59226a2d2ccc1947d81f69fd72538e3858d27,abe411b4606f8b13c24abe954418bbd1b51d99ea,low,0,0
46,eb25235b1f19336c9c7a0c91a4dbbad8dd1d71d6,c201e091d9bdc59f121807c4c0baa40d1a302afb,high,0,0
48,17ba9b7fe7ca8edbe241339ac8b9674b0d922786,2a4673f10b8fe6a56af995fe648f7b056413b887,medium,0,0
49,b44963746b718f5a2196c5d3a2a7649566144d9e,8ab7afa328292856d9d971d913fdc3623ea7635d,medium,1,1
52,376ac691447b719fb88874161cf8b013ed443398,55c6b4f0da94b36d97c213d7a7459d1810769254,high,0,0
66,325d43063658af47212f2f197a16bf2195faf925,d31412af921cc19868da82424228440f6582cad4,high,0,0
67,d40f2f511851c5cf50c4eb2cbd1177caeff82451,ef8f510ce9df2bf548aa9bc25500f02833fdb7ad,medium,0,0
72,f7c86a2e65b27743204b95a0d54d1282a83b8c71,f90aae06cc072e8fa08b37ea2cfc3ee8af30a9aa,medium,0,0
75,630710723422ea521a4f8944c5837eee49f36bbb,a9a775781ff3675cd7b29d5ee311056155b3b236,medium,0,0
77,701b188d7479200827e2e1d2195ec32441810a57,5f47989922659a07d6eb05101e0c1561a1a69a07,high,0,0
79,f47a5bb32a33a0469255cfa285e6512b32d7ca84,f9e30f8e6802606aee75a012ac7e236976903993,high,0,0
80,aed726468f5b09e58f49a3594d68dcd76f374d43,62fc4af7121784ebf473eae3fa7da8f1d764e251,high,0,0
90,2461060e2bad05af1d83a04614aa553c43d8ea6c,2f73e56382380a657b5c7b6233b608065f886d9c,medium,1,1
93,72be62e454a896ae01319d2495b2ef9cb2d97d6d,039ffef079b11aa7da66945e3ca44806e425150b,medium,0,0
99,f3bac307c052886f186f2a52d8e7ea181a8bdccb,cfa3de76ff0e652fd1ec998b03e23b73aed50937,medium,0,0
106,ea7d13739ad6f6721153e200434a19c1421d5c39,c8a48d2d1f6f7601c4f7205c85ff0890da4f07f0,medium,1,1
107,61309273c1d5586331575113dffa997ce83bb602,664fbf5e0c719b94218464c4ad1b9777b84247bd,high,1,1
108,ba0ca0b528dec927c1c8042fd5e4ed1997a4de02,2047f4e04398e9b7878557181f5fd501b6e1d8fc,medium,0,0
109,3cf81838dfe1a71d803b1cef0b9b9f3a2733e37f,06df52a7850ee737aa1514dab7f910214dfd7c0e,low,0,0
110,9b046e3d38eba98234979aa8d1beb39fdab92ee0,6abb168c0c120f83ba042b5eae6945567df33b07,high,0,0
113,b7019389e0895770f20d8d5a2406616b1e1492a1,2963c125123a18c31a45966cd4220574da691297,low,1,1
114,369c0cf476596759656370d3d12dbb61e0c7d80f,16b53a1e74151984e039d47d3d304a612bb4d91d,low,1,1
117,a77512653f87da68dffa137e0cc03b91e34588e9,4effa4274d6deec240a93d03c7ee8f725e8c5fac,low,0,0
118,801a608e74aedc0c94c93935ba2a1c9c48332d12,46e1e4d1e9f4d7de210ab3055fa21be1fad0325a,high,0,0
119,c34e243b0082a80a5b981a0076b97ebf12f2d396,cb1c5034afe938983be8da46e444cf88a82ecee3,high,0,0
120,69176b50f1727d36b1acc881c56c5a3aed34f28a,5bd43b88592f90fdec51bf2b13a1680b9382acdc,low,1,1
121,85ad5efb2c1a8db54000b011c6881923fc837fd1,c526fbb0e7c1c880cc933a9293dfdaba95a5304b,medium,1,1
137,42a87b201d841919285aeb1873c4b8667b8f8a84,aa52c5dd2e906d7f71512dd9041af0d6b6cda50b,low,0,0
139,0c2079bf65ab9f400fcfd1ce48c76111ea2cde06,39e3b9872000ff94dfe1ea4a3c27654d91eb6e40,low,0,0
140,c46f74a2fc25c3c68354ef79b05289b0ac7cba3f,f8d8760dc348a80b628bb7362f389ff7aa2bc8c7,high,1,1
141,78346973524d0ba7242a925ff4c727067ea15115,89eb85b05a793fd4e5a1f1732386586f16a73ffd,high,1,1
145,42553bc94f67115e025e8e54d07f71a541baca0d,761095b981750b2722664ef4fe1b82f77db2396f,medium,0,0
146,eb25235b1f19336c9c7a0c91a4dbbad8dd1d71d6,863f92b49a2970db05a9a346612d33e21cdd5527,high,0,0
148,f377c735f31c214d60463969269fe0712630f4bd,2fe54f7a1d6bbfda82565c7e5ca27ff9d0cb3617,medium,1,1
149,a5cdab9ce47ecc962c478746d94d8adde1f1488c,e16956e4808161215b796a69a60a706ac020e61a,low,0,0
150,936ba6c6a3100a3768057ff14ddb088d88fdb106,a454cd33c77e7d8ece71cea31bc0d4193fc593bc,medium,1,1
151,dc13c12757f0266681896bdec90ee40675e0dfa0,856230165c0a665b8576209f768694e2ef452f30,low,0,0
160,6c57aa6b9112ce42034b1ac1d93478afa1a0884f,555ddae397115fb6cf36917afd1855f418061251,high,0,0
161,6f9c2e6fb0fb4e9424d6d1b9b34bbd33224e08bc,2cc709bab86a400dd2342796933b159d7f64d5a5,medium,0,0
162,fac2ea8403fea78b4e84eef6e972cc215a3b3790,56b7c2e916bbabfba44a39f8343c764a31437bf7,high,1,1
170,7333581428d97011aedc3ae7d05f828071f3d6a0,4552c4d36c1c46a888fc45140567be2723fcf9ac,medium,0,0
177,d5cd3ad6107f275ed5385191e3c20c01cc905273,76a698fa128be20aee8cb4998e783777e2b40836,low,0,0
180,e91a4a871ce62b37d84913683c998e46313b6bf3,27ccbda53cfa06bf290b16cb0483a46ef3bc950b,medium,0,0
190,e2bf97cfebb97f30e5d4de50d5afa45bf4c849b1,b1b119aced5082bb9ab1555138d60ec0925183e7,medium,0,0
191,10bbdda245e5cbafe9085b6801d1b2fbfabb81e8,ffcff4485e1418aa8a135cd781c76a517c3fa996,high,1,1
194,b5142b2f1fb4af7dfc4de16d12179ef81485386a,f5bed5275fa371f7d7a7d4c0a71713d7719d4893,medium,0,0
197,fea154c80a4802761f5436050d300a3e7016bfa9,74589d797eeda9a184cf00da4fd2acdd621a4818,high,0,0
203,63ded58eaf9a29cec1eb38102246781b3ea2cdb0,c69024c5485e8ebe822851a7a31fe49164a1a5bd,low,0,0
205,b006101b54858b33ef78c669558613395aff05bf,0ece5c5c963616c1ff4a029c7980d6ecd703f0dc,low,1,1
206,60b08b106d3ed9080245bea4dcbbc8d92f6e978a,8a4a1ec841cbd9b088369ae6efe9d026954acea7,high,1,1
209,0c508f56a05973553d1f42d1b2cdf6c3ed8b2350,ce35a2ab572faa78d43ac79ffecded75b759096e,high,1,1
214,8485687b546676edb9b926399ec90caf4c8cca82,807fcfd38508660a6f498d64a40f7581dae7a8cb,low,1,1
217,c8a8cece1819706259a54ed1b0b27d496ca63bdf,3d942cbfeb611a30b6d48aa1570c4b9a73fdd554,low,0,0
218,d5cd3ad6107f275ed5385191e3c20c01cc905273,a57b5a9cb3ac1f7f00256ce1118c673052ed8859,low,0,0
219,31a57ce6faa24606a8c221cfa1191729e0e36e22,0fa68f685fc70865d1d6aacca297ee710ddaed7e,high,1,1
220,d3ec2e8dc8b4cea2a1de0a3b3edd6427e461cac1,b10ddd7a5e541c15f43f8066d6368c98678e4616,medium,0,0
225,3c1641bb86a04fd35180cc61272c1456b998a2c5,c2d6c67d3de91408bf91715305e150a161c66969,high,1,1
228,376ac691447b719fb88874161cf8b013ed443398,eec83af5dec013084f4c408b52d2437e193a2ec3,high,0,0
229,5215d9a184d68d8e988e692eeff26927e6b5d0af,c6e07e3d43e15b0a280860b25170358cb15501b3,medium,1,1
230,84fffc9a5af5dc92b661b84e55109a56eb88c18d,536ec1c7f2172c1a03ca98d0d21aad3df5e8013b,medium,0,0
232,0fe9ac82d9eaf6dbdc3b9141a59016703d7b6fef,3c062eb12ad406f95667681eb04af41904f72eb0,medium,0,0
236,0f2a153fccab10446eaaad143d689532c73f8a89,4a1dddf980ceeed79b023be04808b6158f697ae3,medium,0,0
238,3699c58bcaa80e4740db4fdadc107b667c1b46b7,9e4f3aa09d1d6caea00ced2a5c45c5b63834ffae,medium,1,1
240,be85d1005c9a2315814a6f407d47188391b82d4d,a8e59c4b51863cd29e731876b2c73c3abef078d5,low,0,0
243,dc58edd44b2e771f11954bb44d4ba5c19fc3c2f1,f4a4e83b5228b60f289bf8bde58cf4c58c731753,high,0,0
244,781ad0ceff516f9e7f8e14e9e56adecb5fc3c11a,b1ddaeb66a8704d72475c4acc6e047fd290b5344,high,1,1
245,af8c13d8a13ff021a9ecc23fd916f19aade0f4fd,81f66cf324043b2a32a68ab4d312354377442c69,low,1,1
246,d52aef27b929e9d0c0c58afd6ded70d7b8007281,93058323a1d61a8da5844a5163773b447ced6039,medium,0,0
247,2c69347ead70d703fd8af3fd2a8129d0523a3c34,55370a79fb355582a80acefa27c0b5d79c3f5cf2,medium,1,1
248,6fadfccf653b9cf0f11a502c5fc8cc409207ba4e,fc46611ccab67cbf57a2e873d336868cd39ba3ed,high,0,0
251,d332a7bffc3bf7eb04f9c70fd9d1cd84ea3ce119,476908733f8fefa15104a58b43863d168070ab39,high,1,1
253,221f22e0dffeddaf3a97755f4ca66702f16f72ce,3c6648ff3b4778a1cdcc3294e7e2f696af7a1798,high,0,0
255,c2268e03a03f75088eb1878356a600368d12fa1e,8b9819adfab785f6453940fe75bb94c622b9727f,medium,0,0
256,49e2ed19c6d6b0ef778bd673caf1bf0fa00e2bab,b6e173f13cbb1e5f7ff07d92a63022c87b7db50a,high,1,1
258,255e955f0970ce105b7bfc7ca2c34c762c561d26,d20caa7cae2745c46cda147dec66d8e66454a228,medium,0,0
264,d223d6e2c5e7b1a30370c28b93f67120c8f8da30,c8bf60b6c15b3f275b98281e95ca4a8be0afece2,high,0,0
270,65e4b974cfe158f4e82d2cae178351b2417776d4,c0e69beb8e03cf288b78890626896f1d9763a0e3,high,1,1
272,ff305d70f99b87709d3c4d9494f1853c8ffe0dfa,41c54a5b9c9304fda55b0c324202aec38756d2b1,medium,1,1
273,2e8d65764b909279c5b4f6b8175b66ac903e6c4a,d44024a346ebd0988b068a5eb5130189aa2cbbac,high,0,0
277,ccef3195bdfcd67193ae2f5cc78e6dca1b977633,a464eb41fb24a476a86418844e503efc8198e203,medium,1,1
278,aed726468f5b09e58f49a3594d68dcd76f374d43,08ffa0131aab061c0789a4ce6f6b9668f8f31f52,high,0,0
281,93c11e51d51a5fd7bd56e16b3e867ae78d1e2111,7227943e098273dbfdc7fe17ef12267c6a4bdbbd,medium,0,0
285,1e55515fddd0f6b5b8319fd33de87bc57189373d,9e1e40966a9c9a20677d780e492a6e627357cae2,medium,0,0
287,e2d023689489f3d1c1c5f34b7c8d217fd1f4c8d6,659b0668439f4beeb3c75086c6da8ed20f0f367e,medium,0,0
296,d42120b9cdbe27c90c8b1a8c7964913c176153ad,d5fa5672880247c21fe48c4b01ada371550d7e65,high,0,0
300,221f22e0dffeddaf3a97755f4ca66702f16f72ce,3000028398bdc41bafd40566fa7657a1f0c5e93b,high,0,0
305,7b7ee283fa5e1bf175c7feaee27ebaaaee925bdc,66c2d7565fec5e0634c883d1deb4c566cb1809df,high,0,0
306,eba71e141a7b6eaf39f9ad9ffc8c1026810bbee5,1cd5ffd7fcb3475205c7131566afc5a977426145,high,0,0
307,fd1121352d38868ad52a7e0ac5173057466e580d,cda0836c11e9b99e5f401ccfeab714dea650f969,high,0,0
309,ba379e1939efd650ce85d62d6e71b1d1e6331a22,5af60fef7f1d09e1768d131fd48f1a5f052f6862,low,1,1
310,29388e84e798a999d27e21ed011942ee9ca9046a,b5543118f70cccb65c50bc8f1ddd3d411baeea0d,medium,0,0
313,cb160946aa47e26179358ae92b670b31c1d57940,f39ec46fb2e404e26994f71730691ace9c6e5216,medium,0,0
314,c1c417dfefa03e37ad21b4c3c0d2156d2cfe6bd4,fc12f02a3e533d905e07ea05d650ba329e2d1b38,medium,0,0
319,f87a0f4ebc40717ff2e087ba564507b5eb01e691,0ce5a3408928b129d219e55741d5e4b1037fdd58,medium,0,0
320,8b2e02341cc920dbfacd95489c800dc76fb70eea,663469c3056b455e394c97d9621c0790e3d1b099,high,1,1
322,2e03925bac3d9f5e36918f086d6f29dde7fa136e,e40933fdc41517d79fcceabf4555cbb15ae29df5,high,1,1
324,0de043749f9d6147ee82a06a368cfdac2195b58a,e07893f9bf06c95bdf8a81f1a8c1ae56de082007,high,0,0
325,b11bcfe6a3f28bd64318ffdcf2922a09c9e57a66,cddf5e962e9e08a9248ce2c7a8652a5e15cffcb4,high,1,1
326,555f4e0949a35258f75717beb2c4e11bbb39c92d,cf862c0b638d2fa73c407b2c4989dc3b805722b8,high,0,0
329,ff0136ca5f8a691331fd9db742b489544d14ed31,75dabb158025fa705f57b6991c00c3f11de41913,high,1,1
333,aab422ec096fb8d4d4dd8c7c15f8f8c6620ae7ad,eaed1f283446ae5671d59e677dcde8ee48cad0ec,high,1,1
334,0c2079bf65ab9f400fcfd1ce48c76111ea2cde06,15b796433505b52bb48d7f826564961000654f5f,high,0,0
337,9311ff04293116d45ac42065f6b979f92c49b028,cc55fc0635eff3d1fb1a943751157a754cc84aaa,medium,0,0
338,a8adf0fddc549d758fda5909bc7618b4f81e66bb,fb56a11f5a509843f6813a7bfeea8a9d3265915f,medium,1,1
340,2b18c9a9961d35bd27abdec04d70a233d5460972,b695f8387d51a489fd54cd1586f5adec3bd4e953,high,0,0
356,dbb097737dd70984d029415386d0eac8b1fdba61,87f2bbd97ead552a6890b02d69bcec6070b1dd88,medium,0,0
359,ec5dc0af1f2714c3c0b3e6d5a0b045d61f7b552a,31fc326ef9bd2e53e0bfbaf53f788d74b229d23e,low,1,1
371,aa83551e7a7b370a88375eb42ef543180b6e597b,4d92e0d43bd2c32ac9e226146e648a02c18797a9,medium,0,0
372,c9e39731d5ed4bbfbaf0e1b470538f92ba0b2c72,afdcaa4fac4f924ac3ba8d89aeab8101e80d48f1,high,1,1
374,98d7ab258aae6d9ef64703250bc8c29d5039b932,4edc87754b3fa3b7d5252f621946a8c2e9bc4ba3,low,1,1
375,1617cb2d34a46a218c7c71de04c1274e6d153120,1d0e94bf7127616a9d1dae32316349daa8a194de,medium,0,0
379,6c57aa6b9112ce42034b1ac1d93478afa1a0884f,867986fa8700167cf7e255e0267ab41e07171553,high,0,0
387,697b3c386c33374ce20261cfe6919d0bfe551893,377ceda2d6e2f5b1f936ee7f2dbfdda6a9e44b56,medium,1,1
392,7bddfeb4f9ffccfb6cb47bbc400241d3c5daf249,d6b5f4a25b5abc7a468c4f9c86014a40d6a05908,high,1,1
393,12a7183c9bc96743b3e4d42f4d0c2be178bf29f2,75a3bd0633fed57351d33f811573e0cca7ca0ce9,high,1,1
400,d82b6519c89180f3b1772c7a69d0ab136ce0df9b,4eea4cd65c359ff163600efc974655581bd473b1,medium,1,1
401,6a9d4c45a1dd43ff52b22fa605087d2a1f500919,f7955e54d486df222c868d67a46d407318f890ae,high,0,0
406,3a9b3695a0272189defc1bf2ed0276360ed4fdba,c73ca296e4dc82d085f90a4e1df421efec808653,medium,0,0
407,5c7e3091d9c1d4a3ae38d4a3863416f36f8bf389,53fcfc855d1d9177cd7a054d32e04fffdb577f18,medium,1,1
410,fbbf9b2de391546f2d67a9e66971669ae1a7b42d,9898ec783a266a6380496e3590bd0d9cde0e3c95,low,1,1
412,70e8c0c2b32b9fd6fba2cfc9a34c804d81eca30b,044d4a526c749905ec25dc80d447ab10221eb7a9,low,0,0
417,d52aef27b929e9d0c0c58afd6ded70d7b8007281,5e3a230c6a1e4fc23f1463468445c12569209fcb,medium,0,0
418,e39dac5cf2b023960f1e587a544b273dc13ee3ad,b8ee884cb9fa117d43e62e394e96abef4c26214e,high,0,0
422,d469da088168c6726e93500b56e21217b647e7b6,53525976db5c86d35f643a502264baac0d82efeb,medium,1,1
430,e41e32f5bacc4a3dbc47f6ef1ad2b182390863b8,ad7aadfd8cc70c601466e237707bddb516d222bb,low,0,0
431,16d5129eba91cd157e8c2610ea23e7bca7604966,f7c37ce23e78c8507a7c836793a8ee63da92a929,high,0,0
434,fae2d6c585e84b2f43e58629645f4a71e823e660,31c76d111e0d9583b98f3e9544ba08ab1166703e,medium,1,1
438,70e8c0c2b32b9fd6fba2cfc9a34c804d81eca30b,b1c27d8ebd0fe22613752585e36be4c5976fd6f9,low,0,0
445,ea7d13739ad6f6721153e200434a19c1421d5c39,b5c5d8cbc5b99a6e750ef5817e449e73ed68fd26,medium,1,1
454,164c32a8daa0a037cccd97849e620aeb22ee4e1b,f5373680d6bdbd9635bf7bbe2ab038ca5bf97cd0,medium,0,0
458,bfa62d8e5513c5ee310707031fc000e0928b2244,025f3923caeb2587382e5dc0e6f21c085b7ea34a,high,0,0
460,fb4551a1c0bcee5b29c88a6ea0e03e76821515d8,2b30ef6a7e9a4ca2fd33fa1511282d7cd555e0f8,low,0,0
463,978132eb556187399ec722232fe01e4217ad2af3,a0eee1dfba21b437c6955e26bcdfc73ff06682d1,medium,1,1
468,b6ad610c52a74709660e95a91f32926e36413dcc,b3383a5fe6aae5f4a617e6a964b2d0b2c456a75f,medium,1,1
471,d3920efc1b7d11f8250f1eb9d38ac8bc0aa0b630,807fd224e019f02e4accb0e385759aea101a021a,high,1,1
479,e9b4dc47fa451ae80f99013b4321d5b8953b5e2f,8a24278fe66d90f9f48710991956ea09bd8b7207,high,1,1
489,fb6cdbd0a13313649e586d40b6fc95209b6cedc9,c976cc6b8504a4cdb42038f614108225941714f2,medium,1,1
493,a4c8baed22e84b76bb7c5eb1071bffc36190fdd2,05cb81cca77a75e0f00c7d8d927f1d0f220b0d80,low,0,0
496,b6fe41347f9b5e784b05ac18eb367ba58296e874,2777be11d3ac73186fbadff8170a208ea23e6086,high,0,0
498,00f226971afd327915d16a4ff45138d9d145a96d,34518d45b4338610003b37ee0a13a43e431a2f7b,medium,0,0
503,2aae8c8eda0f9f86769c080bf941345aba8f6341,79c157d6e6f448c60209c25acbd66a5624e302bd,low,0,0
504,389f5858b66b2c845ff4fd1758f30d9c58a01cbd,e39ebad2b2d9644438f273b9e0be5ec4699435b4,high,0,0
506,3526d3936ae4165ea7006f0de3eb13e43d65f1e6,f5b06e641c5dd1fd97a612df7a0f8b029b5d1357,high,0,0
507,ba72b6646636bcefef95ac9f79f40bed174971a0,9b77fe442a3facc2a481edd9d8de21afd5cf046a,medium,0,0
514,edf2f63e37e00a24266e95e607fe2096e34d9416,0568410b81385aa69da000269122ea0f51f13900,medium,0,0
519,44543f2a03dbf7039cd93d87b638d67461b43680,bb9e7de7d93d10df9dd1ccb0e765cd95afd77f87,medium,1,1
526,39bf190dac1c34b2522673e0d1490e94838224e3,1f96890453273f4ce98360527564c6bbff2027ee,medium,1,1
532,7796dce2768fd1f63fbbb8987f60996160c2c11d,0151d83d27609c4c0fdc326b40598df03b34522c,medium,1,1
538,a52ce8e5a03429f8224da1c21d17ca86d41582c2,cfaaf07a28413209f0f40bda0454817f67757638,high,0,0
540,2040291c68123db049e525c099623c43a960ded4,cd7be6adfa19fb6bc73065654b794ce395f06774,high,0,0
543,6ac3f7fd6b0c6ea6618d214e30290428a7ce9112,7c8ec208c3d55ad908bb843b94fd1962744b1050,medium,1,1
544,3b415e1d926f447942bc13a8822f4433ca595971,7e2b44a1d73d50bca0edb879b412f3b249d5e5ad,high,1,1
546,0f2a153fccab10446eaaad143d689532c73f8a89,bc4f3930b5a6eba93f5177dbe4ecf1cd729df79e,medium,0,0
553,ea0c7f28516ac6fbebe2161eb046560fdd35ff1f,ec0ca6d7fd35db84fca3748edd90cea461740fee,low,0,0
554,93711ae04ee5c7436eb6d5a5f96bfa223d557cc9,f52b0738961c9c50025c397a242d04661d874eb7,low,1,1
555,0daded739c5dcdaff48b25039f90854a0b7d5cba,18f951ca2a2d95bac40193ac0d481c520b579ef9,medium,1,1
556,f6c4072db3d9fc149ff4b5066ee5078e7848b184,aca2628af9643d711abc34530223a3888c7f9dbd,high,0,0
559,0ddfd14cc8ac26db648a59f6a78c45baf484018a,c2be9967e959b0b1e8a6ad7a274f6d290ebd45c2,high,0,0
566,e9b4dc47fa451ae80f99013b4321d5b8953b5e2f,f8633372eb6985d3103e117abbdb6900ea04eee7,high,1,1
569,73af4854074111e21ef16bbcaecee044086bddf0,71057fd825b8e4aea192b43ac2668693f4429cac,low,1,1
570,7a108d07356b801dac3839bc06f54e41282d50e2,35fa18085e2207dc51346b786446171f7ce81f01,high,0,0
571,fd1121352d38868ad52a7e0ac5173057466e580d,556b5a1ea8d8749a7e946b8cb1060441ad55d418,high,0,0
572,fb6cdbd0a13313649e586d40b6fc95209b6cedc9,ab45067569933f214b3459c6c86a6308a8bb2f0a,medium,1,1
573,0c2079bf65ab9f400fcfd1ce48c76111ea2cde06,7a5c50c30094be892e5cff6936606553e4df05e0,high,0,0
576,d3920efc1b7d11f8250f1eb9d38ac8bc0aa0b630,771e286ace8e00438d9ea5fd6f491dca44b07fca,high,1,1
581,4d26506e087a3ca1595ce21ca971b6e8af5d4423,4051baec41b47eb5dcb0c36477333e0eba68f0cb,high,0,0
584,c653b2bf8a1b341663b70601c5b2e9870fc272fc,c1e618f244bd062eb86c5dd5c03fa8da6d306457,low,0,0
586,c9e39731d5ed4bbfbaf0e1b470538f92ba0b2c72,8c04a16faa9a57885e0973e432dd9aa249d84385,high,1,1
588,04aae8bac49c2a826eeae2e2e89f544d533776fb,6cf3635ac3f9ccdfcd6b63c9a41a6a8ee02b1424,high,0,0
597,ff0a3ca2ddd739ffae84e12aca8f315c5f00d729,17f2c208aa89a67e73149fc6fc3c2862dd0a3859,high,1,1
600,0fe9ac82d9eaf6dbdc3b9141a59016703d7b6fef,29421d4ecf64b791fa11f0277d06dc9066fe9154,medium,0,0
601,69176b50f1727d36b1acc881c56c5a3aed34f28a,cf78ca3b1cd68a1d37e1cb7ab90eede29bc3b275,low,1,1
605,7983f21038db209326c74dae4225a8bc919fbdd1,5a3a625cc4143b1df557dba18bae524de803c60d,medium,1,1
606,8e3391c9c66996154a0afa912c5a86851f2fba51,afde96febc079cab59dfad8342e02c533d0d0aa8,high,0,0
607,cb20ab2be674cc6af6769c59404eb40951a79fa6,081f2c9b6f843acef5837c5d29dbb746e78ce187,low,0,0
613,8151a19785844e20cfa9128b2845b477729cf6f4,4846f2fcba40b6e1de9cfd5033f7f272efc99cfd,high,1,1
618,541b4243b82eadd8ce667de7f5247925c770bfaa,944d28f8213db328547297781466edd14c96a7fc,high,1,1
622,1e73d61e49883787db4e315221def873d3e5e3ca,d5246bed8857f56795bf6875bcfd32f8f5a9c2e0,low,1,1
623,d28fda72b18e3eddd7b0cb28dee2ae3351d4c7c5,ace6e72804851536153425f9ca771da7cc573dcc,low,0,0
624,98d7ab258aae6d9ef64703250bc8c29d5039b932,921834ea67c3b71a85ebdf188ad2d9f67085e03e,low,1,1
628,61309273c1d5586331575113dffa997ce83bb602,92eb5f0158a383ec3737d247a8cdf2be1a9d8b3f,high,1,1
630,22a4ac4a8b7335cef1b597f6ca9fc2586a9c7023,6d467cab99488f23418f75fcb91c97a9eea0c10e,high,1,1
636,25125ee3daba7497795e4dc7775abcb8d18b86a0,887cc8388dd153d8026999dec8150cd85eff8af1,high,0,0
638,781ad0ceff516f9e7f8e14e9e56adecb5fc3c11a,dcb2bcb3b8402a390a4b28338a0bac6eefb2d728,high,1,1
640,86acb630eadcb73d1a3d5d42b313706cfc6aaa59,f349367df96cbee074c32ef7dd2ca97b6d9ecff6,high,0,0
642,e98e30f50dd69f976879dc3c2b250a42c6f88872,4c759d2cbf0a3443f1394e96808d274f0fae23f3,medium,0,0
647,dcb7de374f10ae1222168e060d2e66fea4695f99,606596e11349c501b23f9006485d6ac2dc4ecea7,high,1,1
649,54341c1e3d0f820b07386e50df73b4c7b5fef0ec,875cfd10c01242ac7cb4c3ad3704844f2552d3ce,medium,1,1
651,c5e9b367ba5064262f6b31012b7dbcdbfa2399c2,51e29061f73d3e226b96af439249eae361af41b5,high,0,0
657,345fcde15d209e82bde738ba7804c791d70bc41e,b24ac7397bdee889e838cd23a6d88a8df9effd62,high,1,1
658,f59c263307b89b3d49302e0f31b0a2eaf9ddde4e,e0501d28e7776c58edf2d4f95100248f54c41925,low,1,1
660,a846d39c7cc8bd6729db2200632203dc0e2a7da7,488565bebd7aa66dcf1f233771121a98755ecae6,medium,0,0
661,2e8d65764b909279c5b4f6b8175b66ac903e6c4a,44ba0c35860ba2eeb63f0a7a5c787a681dfb8587,high,0,0
662,e93859f327701d29ca480413517d094dd2b29368,caf1a5a6dd8a87f51da85d392bed33e4db1d2846,high,1,1
668,ceef0e11253e6cde9cebef24c234d988acdcd2b8,7e0ddee923f189aa6cf95ad53172829eece0c636,medium,1,1
677,54f0c4aa3b7b7bd29c389e59809a37dcfb75b6ed,94d6560928c08368246d870d2124b776a10cf72c,low,1,1
681,978132eb556187399ec722232fe01e4217ad2af3,b5ff1847282771a5474e09583f567376c45cee09,medium,1,1
682,702c3554b0a6150e364c79d8d251eb19d84bc658,6a7ca2f8684586e9e2445fe2eb59e71f0b27434a,medium,0,0
683,1cae8c483ac7925e2d36344a2b23890335490ddb,17c09fe2b744eeb3b8726ac9f4da0c33ab9d3120,medium,0,0
684,9b39e1d1b49c86a1424377ce4a2359abd6ddadc2,c6c6692a1e2d9b1222c2b0f020ef7c84bbf5460a,low,0,0
685,a003b244eda68c00f4aba94fb3d138cd7a7896ba,7a39c63dfd8b8bb1b73a8b9b84ecbcf3573c1c0a,high,0,0
691,fa0a1c7da93bf7919a250554c5beeda5c742a2f6,8eabfb0ce0629ad676bc26632a2e5fe73a8b7aa2,low,1,1
692,dbb097737dd70984d029415386d0eac8b1fdba61,69759775e41da1665fa58939766375b75f1544fa,medium,0,0
695,7ffb90397d8be607307fe29007df800c5fbc9dcb,d46b498817efb79d3669dc539d162b3a42f7d097,low,0,0
697,bfe5302a6bc9da30c1b1ef73c96b12c54192eb5d,28fb28b294282abc680ec2b1eccf23de348b945e,high,0,0
699,bd43e6a10d920216d907735b3b6c166206079f3e,3fb2749434013e073d34a5ba68234e1e13f45890,medium,1,1
703,f0a89165ca675dbb875ac9a33d37455a3abcc13a,0b37efeac2fa74f95a82da60546e6d7880e390a2,low,0,0
704,a5cc5bb43d3c12fc674fafd999870dfec081c0ad,c1bc240924698adba083492f19019727e6d97259,low,1,1
720,1d5e6768bf6617944a6bf20f4d8fcc2589d988f0,488cd58ac94264b54cc5b6d4762373fdb1b9cfa6,medium,0,0
726,9361b071fbaf025a0078b29a4422111758d2696e,946c3874c2ef1611e6b7dc5c35c109fffd8775e6,high,0,0
732,0c21a8a8cdf09b64bce54aa9c2dfc6b8c329348d,19bf3e0be20c71c1057b4fc1abcd90fcc77f6c30,high,0,0
733,d65bacc0790f47ea95a7fef05c8d1137ca48abc0,09f29b0416e28109213d279880bb7a7e54577a4a,medium,0,0
734,ec6124c2c5e5fae7f24fe53748fc46ea5aead003,a8f91b3ffbea765e16cf0eb5a3d18b2b81aca421,high,0,0
738,ecee04896a7d953ba120d4936b99756a898e66ce,3e4278ee454f39974ac154d65ac14cf7e571b4f4,low,0,0
742,31a57ce6faa24606a8c221cfa1191729e0e36e22,85701a5f40b49fd2cee5161fac8b41f099783c6b,high,1,1
744,3c13419c7764c761329fbbee028a4b08048c9c61,b9f300230135ce8f32ea003d07a9d44d6363a9ed,low,0,0
748,47a39c3d941aa7f814d7b0e217348904e763c897,1a773127b943b75bd4648d1a5632303c9529a57d,high,0,0
749,1a00b61a5e06cb2ae553ef4d145b5d31969a7853,6192422cfd46e01e1ac1c7cd54e3d9844d15ddb4,low,1,1
751,e41e32f5bacc4a3dbc47f6ef1ad2b182390863b8,c4883c4ef819a8ff3ac25ebc41390dbf1e4087dc,low,0,0
763,93711ae04ee5c7436eb6d5a5f96bfa223d557cc9,fa76aa3a29985a0f83fee2e9a691347cfa0f2bb9,low,1,1
765,db9f96ffbc8a2450bd9d3b023a91f87cdeb235ee,4d8a2ed719e543088ebb8f0d5ac3886107e1d747,high,1,1
766,24bef85a71e8d5723cd0f4866f6aa674e7005d81,603765986f458a88a4f9ef8ac4695fee0b1cda48,low,0,0
777,c34e243b0082a80a5b981a0076b97ebf12f2d396,baa69a948556c4e4ef902a3ff9b28b0f8efe9d6a,high,0,0
782,b5829a5eb4a6c4c7b9fafc1a050ca14220f26516,e3d9ded0c31e009d6dcb0058606ebcdf26fc1fef,medium,0,0
786,5a5a8b7e11392d6214331f279d455ad75bb07ad2,54fe4a201cbc2113404658e05e6c4e81f04c96c4,high,0,0
787,7d32d5720f28c213c99dba63aecd1739365f309c,5368ab1fd6d23e220a04c0d08bc01c457695b49b,high,0,0
792,e91950d07d54a1209f9eb8852f10fc19cc6df6a8,f6352676bfcce6c7f1a825b26043210dbcbaf850,high,1,1
796,e2761b6d6390445f77bd6f90a5831a6951ae57b3,fe8510ab2bc237d12f3de32b0481b8d340b20ddb,low,1,1
802,f45c7308eca7cf500af146bd212d02c6799d0fb4,784126bfa6dce6df94b0eb56eac4c32c5f159995,high,1,1
805,e98e30f50dd69f976879dc3c2b250a42c6f88872,001602306185aaf7ae5f1b73aaf9bc8655aa4efc,medium,0,0
808,8151a19785844e20cfa9128b2845b477729cf6f4,ec8a36cca9140dc764cfbb54587e2e778ea3c7b7,high,1,1
809,0dfccdee84fe1499423e5438931bc308ef67a4aa,c156e2f1f3b0e1bceb5949d0f2de77e1e4287963,high,1,1
811,ec778ecca7c1ad9ba692feaff3a94436fe32ae76,a9a4f7de0231cf49aafa361a824140cb6e9dc86b,medium,1,1
815,b6ea1d78403f1183fbd082a3c72413b64c17979d,c36da328dbc115dd6fcd91fd2373a0ca56133f98,high,1,1
816,dc58edd44b2e771f11954bb44d4ba5c19fc3c2f1,fac56e9d7500910b90237cffc327c4e33bc5a9be,high,0,0
819,fd5b79568d2e34998ee9c5f630becbd3f061177f,1d72ba98edec5dd7afd5b8a7aca4f40d8b6cd55a,high,1,1
825,d3ec2e8dc8b4cea2a1de0a3b3edd6427e461cac1,f3c7ae954bcfa0340497d9759bf0eab61295436e,medium,0,0
826,16a35acdd4b7dda12a068abbfe3a0dff5f2e112b,dbce815e803da66e7d02f868db18146d3cca0b72,high,0,0
827,17fc8fed2bd24df3f1e5424202737836bd942a46,49fcbb8015e7bf5125df4fe20f0fb75ceb16a559,high,1,1
834,7c7a2c012e59c0b250ec06b5aae0977b8d8e117c,991f5cbbdabc4b00dfa03ebcc6658e6653373ee7,high,0,0
836,266f280367ac4bd90e4d056d0dc8b1f20fe85ddd,dc3117d8775ff0ddcde45058e1ce876f176fd2cc,high,1,1
839,64d0013d06517e980cb73b339920356e7f4ccc3e,17b12accbbc134ae17cb2707d14a015d0ea3d79e,low,0,0
843,c041fe7493e1a4263b8872366dfdcb0bff0c91ca,9eba2e02960d16bc3ba8220e02dc894e6d4c82a6,high,0,0
845,7c7a2c012e59c0b250ec06b5aae0977b8d8e117c,0b8dece81a351d7f6decbe10a3c50a3fdbb9c51a,high,0,0
847,e3c7815600831cf34b865d84023abc46651bcc63,edc98530140e7d9a790f093557a95a9870a46b34,medium,1,1
848,880b1391cf53a748a4d5934d95337113b175babd,0ff3cc913313a012cdd1909314fc825655c99f95,high,0,0
850,4640c84cb86d29b43f9844dcae6a332fa90a7560,39073a25498f6b08658e0196ed1921290ab10c43,high,0,0
851,a3ca6fe58c274808065e3189e5d6ad5d9afe083a,361ccebab2831722059baf25b11f48b98990a98e,medium,1,1
854,af34c022f1b9e52a4d5097cbeadd98e7c8d26bc9,635184f9face5838a6ed4ec595c7e6671db31e83,medium,0,0
856,a5cdab9ce47ecc962c478746d94d8adde1f1488c,e5a8cd59708685aabf59f8bacec7cbe5a185201c,low,0,0
864,b8d823d3fd8635d3c2daba7045f23d8d91a4ae2e,50c072394888a8c2e531777faf363bda82e2f8df,low,1,1
871,e2275533c266179eb893e6ce76524a00cb913fdd,86b850a98965a5d6cdacd827188da4b42fd17024,high,0,0
873,8b5f0516bb3f83d99c473d3e67499446124fcf26,586f55ae66099be4ae3bdf76b9c6cf41128ccbba,medium,0,0
875,8043f2b014391ce2d00ac61cf678ae14406769ac,340ea7ead6b9cb2a7c815ad0d7d8b177388f1db4,medium,0,0
885,e2d8dcedcff5b2586e55f24af4fb4dfaf8428f21,a56ba878c3e7ea4968f78df1e81c8d8d24c01c5d,medium,1,1
888,a8140299207aeae8cc25e695854c17e4a8492a6e,bf079ba4faa9ba6061925156337fbc416a1cdeb3,medium,0,0
890,d20c95560abce35a9a9cd5bffe087ce8a785087e,8aaeee7a498bae7ba263282eed63aac3013caf15,medium,0,0
893,40d7d0036965f85cff9156f99c5c3f551253c96d,63a93b2b780ca147551a4111c10dc9bc1372532f,low,1,1
895,8a184bcd2a6b8adcbf9b2a166765aa6c9317c580,7729cda7c1dedcf57fbd028e58e90a2f03174c84,high,1,1
900,878c481b3c35f496f2c5287c55b26ff962cb3db3,ca6cd6ab45777d6ae343a9d3756d5214a9e85239,medium,1,1
906,4a17aff03f68ba17658e62f222e35f96efef3f75,c50736696b818ae9da5b711df427c4c3348db7d7,high,1,1
913,56c60135e40d196cc676dd4ceeaad59ddae44042,53ba6090d9d3a07927db67ce63cabd42dc0c6f39,high,0,0
916,40249ca80877b99c86cde6b484c7eac42bf43dbd,b698a1ba0f1da23d76ba9052c2354c6197a19b19,medium,1,1
920,5ca7f12e5307868519fa228ab764a7c38be41399,f62cafcdffaf73920e36d4b94edba8761d3b3a5f,medium,0,0
922,6482b8e328d5a5425c01d6b971f4b9dbd3dead0a,5153dca46cf04a854609b4d366603a6f7056742c,medium,1,1
925,4fbe471b58329be3335fa66df53a53941333ba3c,65b3c16417c777054a40d4a53413a5a2f7cbd336,medium,0,0
929,2bcf1475c350e2212e52739706f2fb59d9e74f30,c0d8d83b6ca2a00a6f6548bcd4d2ea5b53402727,high,0,0
932,adc4944547c4c04264b12029eb87242a385ff19d,9cf0ba183712e1e354609b346abd9df29864352d,high,0,0
945,fd92563e75a01f96d3f220424c8d8455d694e482,3a8e28e0022c4af54e783f04ef1045f0ca961f6f,medium,0,0
946,e9997ee8cba12e859329b842feba9faa3d7c71f5,74a203167047a6c088810ed15fcb8d5c48f3b121,medium,0,0
947,33b62195545c66c5f1d9d29b5500aef0c5d87286,334138530639a2f2d1d71515de8622736401ff3f,medium,0,0
950,f773eddfad568ed0031aa3a0b3defeab8a693f43,85621b69961cd1aa64d4d2ee2c1ccc21b9a8cbc4,medium,0,0
951,8a1b5ed0eb3c5e332db60bbcd0ce0cd69b3bd6d2,c8728a750698a0182a3060ee471cad8a077e5a17,high,0,0
953,c66ac5aeb7922de85709bf725178d121e98f68d3,f87230b88b9bbd202abe112854c7cbca1d213c60,high,0,0
957,968c7af74d029dffe506223bd170013ab12a45f8,a5622d65165064dc252dc4311ca84466d353279a,high,1,1
958,c1e42dcc709a1f92598b88ab165f7ae3daff4e64,3452e810a2b62f9d4fd0f37230c0ab03893a761d,low,0,0
959,6679647a2c8c061bed140d113f53be5ab56a5da6,dd8c2c6cdbb59cf3987fbd152576edbf2911eaa4,low,0,0
964,bfd32ea7b7af190fae3f1a06b4acd4c7befab388,fd4d04d406b98e9e4ea66e59af831c331e6141ff,medium,0,0
966,e5b357d43616877ff708d17dd3da727167d87ecb,888f974c2db4082b6ecb2be6c6c2b58214d6a914,medium,0,0
968,56f474def17d3dc979261133675d995c25ea7c90,a37390de293e38d8a7792f58eb8e17ba7b9250b5,high,1,1
969,e9997ee8cba12e859329b842feba9faa3d7c71f5,ac6734c16de38304630257eb19c7fd2fe16833e1,medium,0,0
974,a36486a328187d0122f13926b78fb4fdd7cfcc47,90e430256395bb87453f8e3a2162d4de54f5ae88,medium,0,0
988,93b41b6c6c81c959ad75ff459136b18795c9b625,d44a080ba54253888c30747a9a1bc0239a941ca9,medium,1,1
993,97770ed3e861406d1a4da2da6e3866dd835c2a1d,97e861a346663bce43b16ed0da52149bfe9237fa,low,1,1
996,6622ed91670b3a03b9e82104eac5112302823645,0f5d592fb39d4bc2182b90dd8501a1968b72cec3,low,1,1
999,288479786e217460713a67f7b47eda8a3dd2f85b,bd3ecc92e3b968387841cf50dd7d3143a0ee9a8c,medium,1,1
1003,c4a2809b68d1ee1cfc788941588426b52610c898,796a1404236fca33157aac7287b3b119223f046f,low,0,0
1009,32ebc1dc88bfc70e7bab5c603134e0b281493369,216b82bea063773f5128cb45b4e659c4ff5eb0a9,medium,0,0
1018,3ea79bdbc770a507b225b7c577394f2096f63739,5a2beea35b04df16ec338e55720bc6bd46bad75a,medium,1,1
1019,3d9421e9ff7eea04493cd9820fead021969c9b77,960487aa400b10a00b87ea022eecc0bcba676c60,high,0,0
1022,aead328c3440aa15ff9c6a2c3db3b43a611922d1,9cfce64f1151f1917d80de02c059dec3502b299d,high,0,0
1023,86392954f9203a65f6612c6bf0e381c6ed78c584,156847c73ccfb4ac567e8ccf748ea60344275dc5,high,0,0
1026,24bba651f279ed55a58f8431b8c5b7b663e2968a,07d1bbb5412124bf486c21c6e55392e4c52ed310,medium,1,1
1027,85d0279598cf98f38ead7bdf8baeb5a876a9262a,b8b2f3b353fc4d20f115aad479c4990862538551,high,0,0
1028,e2b9765f48f6156f7ae683e511ae803320743a21,66efe94435dbf27dc699dd629e9062d8ab4a8594,high,1,1
1029,f16584946a776b088bd8bb57e9cd547205b6ca8e,f75d202f8fe38165418783a12dad00aa5ab2f393,medium,0,0
1030,9ed85719d103adfb7b741f4caf26fa7484c7f135,692c3e1a8196d570c5595bc9ba7289dbe5832708,medium,0,0
1031,080e238775a62e0c55d4189f5bcfb21ec213a9e8,bb8fba89712d8226578173aa58dee2bdc99d6814,medium,0,0
1033,95610bd940a1e858471bd50297a18567af97c871,335090c66cf9fb2bcf7b20e7b0370fb01530a81c,medium,0,0
1034,f1a1442ca0f3969acc85f72d621aca82bdcc8e6f,2aebb78158b46787ef117d35bfb985f4f12377dd,medium,1,1
1035,e0317d253ba2ac2224add414a1106865cc5fff34,75302e0e4984f6a8dfed2694d215b466ebfac71e,high,1,1
1039,a08b0aa32065135d895a9b57acbd8ac28cf594d9,5eb1bba644163e7b6133c32be6dff0c3d5f4d4f2,medium,0,0
1040,eddb32b53da98a1be621b22801a586ea65d228d2,52b3bf109797a33cd7abe8a02e42fd702315f426,medium,1,1
1042,b70ba542942125f016efc2f8df4203dfe257cee9,fe0dfade3084a6e4b4b84c67cd3b9da42ebf0d7d,medium,1,1
1047,6d4cf1cbd00ac9ff58cc2fe7b2e35947a429fab6,77aef22a5eccd5da1e75c629078229729b76c455,medium,0,0
1048,e3531bc6d1fba39a412a1d638649b646b63be41f,04da091ba797c004b285b7d81a7fe99ee2071c35,high,0,0
1049,f83fc0bd82c3d997a0dda7bf214917b678388f0e,408744dc90c3741be1c80b85633b2a38914cc995,high,1,1
1056,23f069e051426b11af6c6ea5508332367a5da79a,26dd6c95c9be86323397562f7476a591fc899a51,low,1,1
1057,0ebc6220dc01979187d0804ae9072ed7ef140857,8ea5c08d8a8fb0ad1a86faf4e29de4b77b357043,high,1,1
1061,685a5cb7aa21a931bf97ff61960af0a58ca372e0,2870a9f76f3a12bcc058df76954fce578592bff7,medium,1,1
1062,3543b8dcf5336bde73ca00699986393a8653c3d4,b225ffb99caae2fe98501454078316c6d714c0e6,medium,1,1
1067,9676ed88c863ed78efe30575d07b4e61be257b31,0e387fdc5f21d3a8aaff8a1d68b7ddd94cb2129e,medium,1,1
1072,867bacb7eb5e3c5b2c0e1a4d41e2c54132bb3440,4ebfe3cacbf63205c37f0672c8aa67eddcb4d5b7,low,0,0
1075,61aab8642ef881e18d3c5a9f8530ceaeb23ff760,65894bbcb122958c978ffd3202a40e8f1fd59c4e,high,1,1
1077,33fd0662df9ccbb4b0862348ea3a1eb5d0141f2b,479d138c0132336232a5a0bc2bb1677b3b9c3c5d,high,1,1
1079,efca4a3324ef0c5ec6d3983bdac8ef6024ddca45,7e046d98da6ee0b18130080e00b2f9ecd8f9fa38,high,1,1
1093,aca29d8653b841cfada597faba80843531efbe56,7a21674575fd8725f6434e5932565f004e41480c,medium,1,1
1096,83c217c2782ed7ef1404e1e48e7ec672e0d5499a,9998032fd19f732e6c35d08cd8d33b1a896ec5b6,high,0,0
1097,3a4ce5b106d3ffec3a90ad4e1c6766a4ab94a2f6,ba472a2ab479b865bc51738ca7bd6dc6d238219e,medium,1,1
1098,65def2fee5ecd69f7e58863b59f22fb9f1199153,70a240fe1a6809a7d4456fc90079e3f73b913344,medium,1,1
1099,a47b9433ac5bf8287a9ebfceac7adc482f150125,52824c4521c7be327ee857a88a53c29dc06cf0ee,low,1,1
1100,507059a17f2f2fd8895318e681399505602b590e,39b9b63d4307fbf5690260495338f3e632a325ac,high,1,1
1102,c2cd76d30171795de038dc674bb918321d772e8a,95c6067803c542b0ffb5c7fc7da3e62d0d1ecebb,high,1,1
1105,c241f24678988eedaa0f17031c9484be2898062c,409962cda6b4312dcf0d09b2d6b179d0da33d329,low,0,0
1106,2fc4b7358401c5eaf3b717765a5511cef09bfa71,4718eeb7803d19192e361d5451e2608533ae9e72,high,0,0
1107,8ab014f77b9e3df3a3a42597058bc91f8857a66f,7840ae46bbfae49a4b4d45870b39ebfb156a2ec0,low,1,1
1113,4ab6469a61312e155d541e604fa5adaa93e9f95a,840d4d90d58e4120e735e95bed0750ab988aee50,medium,1,1
1119,194b08833994a6dc468009a9dd100a7a78ef4f87,28c75190480bad210406bf6fbc81333c5e273107,medium,0,0
1121,04fc304f1daff30371dd8766addfd39d7d5ebea9,3429d2c1397a177a5a0db8ffe41185c95181be4a,medium,1,1
1126,6e807dc05b0980a7155361e8d687e62ddbd57d22,ac36b2d5757796f368e32453915e22ab7b16de78,high,0,0
1127,ba21ff5aba5e73a182ad1c7486778dc9493326c8,0acfaff1f699deb0fa1f75a20b8015bf9dac5489,medium,1,1
1130,381bcc744dd8563feb96c5146abbf6947d5fe65e,08148504a2cbdd7f2f0b0520ce4286de0170f284,medium,1,1
1137,69ca4958dc2d2e7b6268798d62b2730ccdb57c67,45d70db52fcc908602a606d833f356d6413f117f,medium,1,1
1138,f1a705c8d848cf46e0a8c4b9cda0b7dad6c06090,16e51fa8b36cb17edb4cd0e138cf93090418718d,high,1,1
1139,5490290bb2aad024ae041abc9a2cc87256094004,76b76c707e39937f3afb9da8c9c34611b0b0dde4,medium,0,0
1146,eed7524d935f02b227461ebcf12ca82784deaf31,2be41c35859b15636c4e3652faa1b8080c3f45b0,high,0,0
1147,452a302c7605ea9892f67c6068bffcd70e9bcec9,bd644b93aae79093866937382fc81841ab3c5622,high,1,1
1149,07d8a0d416b5bfc6b34940c575053bb4eac205db,1b378105e6101ea7a3f1f65d682acc10fc84ec49,low,0,0
1151,8b0fa2c81740c24984bf3052ead9ef7257514563,d0d41fbfb3775e56a4812e2da16de57d19c9c3cb,low,0,0
1152,bb6c77f4ee505c58b10aca547bcfdaa8d052ab01,c85bd0d7613ebf0bc1a611de3ab3e61ecec58b13,high,1,1
1157,e65c9e541a61b640d86b05c13d402abb8a9afb51,506a35e9ecc20448dfeaeee54ff583ab01523f0d,medium,1,1
1164,e6d39aff728b579b182cf288063cadce5c06d169,da48ee7c4363df92df3511ba9c27c6954653f356,low,1,1
1165,62148fa1616768690fc7657cd021cdfbfc154157,8afd0affb147f3c38e6d75d82378689ed621f92f,high,0,0
1169,eab8f19ece18b141eddbc3ccbe403b7789e97e99,93ddbc393be0f460db162ed57d72a593269a36b3,low,1,1
1175,a0831d7e4eac13d00c968ef374e6a50096b9f4f7,f0708d561609fc432ff1f5c59f7be04bf38f90b2,high,1,1
1179,d13533a26c3712386a022a58a3113c63530c3a7d,69b01f89e0c7d9324c1c32fd38bbde1088959905,high,1,1
1186,0fcbace8ed166d873ea21bae0032c093fc990f07,5c848c5e2180929134ec5c900d808fd96decae5b,high,0,0
1189,ef786ca9a1207b8563d48bf3e6ee3677a3a1a505,677ef28149dc65b67ffa795e044a6b115504fafd,high,1,1
1191,7eec912021418442405a4a8e6da3ae288c2a8075,f4be4448684900aaad0d3d836383654b8ce468a5,medium,1,1
1192,eab6084a42c57afcc8c71e8200c951c67a928cd8,503c0f60cec755721a3f049999bce57d1269d160,medium,1,1
1193,360e58c598fc5023eb3053f7389ddaa22084748f,620777a2ac34af5c5c349bf470a54aa1b6bff0a9,high,1,1
1197,f84c769e26d9cdace110ce7276243fc7d6f1f85e,188b563d47b15ca2d3f6d7e4c6bb06e7acd9e453,high,1,1
1207,4de6a89163179729ac7e626e67c874cc4e0d4797,090367d1e3bb71e4d013f5b1f8b259f5f54d5393,high,0,0
1218,7a69dc1e318be974738ac4815b3258067b2abe9d,04a45179804c77eedd031ad7140f2a1b087edc33,high,1,1
1224,fd65a1313ebc2fc0cf4ef5114dd011ae0e44ff3d,e2a52658019bf4339c5d0df044c372c21bc5f7f1,medium,1,1
1229,df5d1f424f48a2757f9ee5c80316572c122e8122,46c66ecb1fb9bfd592205ffaa5ce6ed8831a5caa,high,0,0
1230,9ec73ecd9a6d6e5276d2c802d9349e6312779e2a,f4e3d5f89482d69fb41577d547e2f698f595f5fb,high,1,1
1235,bf3d1cf7cefd11651aec6b4edf32539a57b9dd1e,0b6ae4090c390efdc42e68fdb7c83de05de57e5f,low,1,1
1236,ff0e00e17af3bc5bb02d5245ef611ed4feb62754,28dc65c23532241779337deb185f7119d0c4ec0c,high,0,0
1239,625d4b7f2a37bff57e88119945626b9657da9317,76f5607d0f3f791efca98d7c2f170168a5c0d777,low,1,1
1241,265d4941b110aace191801b042433bcf977a772b,0c304b3b33c5d89a987f5ca1870bebac5f9e645a,low,1,1
1245,ff8bb8a3cd71e893e6cb7834a7c51fa1673ad362,d8e9079216e868539193801135e11a08fa6b89d0,high,1,1
1246,52c682d10e8e5d333378df86f1f738cd4aa41cf5,f09999bf505647bf425f06ab4031d757cdb0d5f4,high,0,0
1253,788b758cca7c141b828468279838c1525f97fc48,a07d976c00743df647f5d7f6df7c699da547ae36,high,1,1
1256,edaea516e5b52a9190e95cb3e18fd32a020719b1,3a14d770925bba34784cda017e9e76d1202612d1,low,1,1
1263,23f069e051426b11af6c6ea5508332367a5da79a,9b0175efd00faf9e30ba3503205592b86216cf3d,low,1,1
1270,2b82c3aa83ddbda748f22337aba3c3662c08a62d,f04753a5533556aa3232bd1bd52dcb19e362a66a,high,0,0
1272,1cea661165908c709db7743f604a1afba436553d,44138839610eabf489c0c5a697fae2b2551aa653,high,0,0
1273,7f619b07a5e5fdf689b654793e886416838d9fa5,1c574fbcac26e523d609875720f74b40874948cc,low,1,1
1275,6fa05cea4afa4d66374d62b4fd45fb2d33eb1397,03d73d6c1c4870aa952b0150b6621c3c176cb81f,low,1,1
1276,816d60de56a900de4cc9df32348894b6f471e25a,b90cf397e5d412fe5237bf361d41609c34423e11,high,0,0
1279,19757f15db158ada2c9cf3c179238b779bba9cc5,ce4fd8b706cc96b3a3eeaa14bc861b67db48aae1,low,0,0
1280,aa7bfc73d248f467bcd8f49776c9deebf52df94b,e4f08cdbdf720cb87312e4447709bd4ef9850874,medium,1,1
1281,dc0266cf862de2dfba84c440bb6c6bd6f3d1c8e5,da792f04077a7e1e4c987278f0ca6558b824e137,high,0,0
1282,caed9950f2b776e6fc8317562dd5146a81ae11a7,88b4576ef7a066c9d00c2792df4962d3e6e7e72e,low,1,1
1283,f4bb85f9b998edadf3e36942794c882b7031fa13,98cb13be92ed29db551e82d4e27fb08efac8489c,high,1,1
1289,97a7313df8eb2169510606f483cfd9863f634c4e,ca4f5ed60705d43f18602cf32754d8c379b49dc4,medium,1,1
1290,62e435e48fdd85cc04253d7a729b72a2c55421e1,a0d895529443c38b48c0acbe05018f9df824584b,high,0,0
1298,b29910e792786d5084a6513c36add3756646de6f,17fe46906f2bd949cda4708a29095c16aa83c74f,low,1,1
1299,142bffa8586475f8eacd1b7a6de1004dfc5ceb96,81a9efa20dfc10c889964622090bbcf5ef735a0f,low,0,0
1301,6622d2da2f8807d1db5ec7d8a10a1a3577664645,f02c0ff24f504ba1132d0b5133cdf9cab17ab40d,low,0,0
1304,cac7b2ef9cddb05d533e88e8f0481247cca8a8bb,58ec0468b252dd0ac7ebe47e5880ac98d4f5ff02,high,1,1
1310,684a836cf960f167a8b21dd7664b3acdd0a2f2ae,07c4282f3a24c1fad7a73c80250c88d81a0ec51b,high,1,1
1314,71849501909e62fe3938afa6b07477059de762a7,3f2d1794ddf493593e3df7e22be665891754f2da,low,1,1
1321,61b058d348c475e2ee04f29f64d125c1d4b23b2a,2012a4d12d2fd2a01214aaa2642bf185a9cf71f1,high,1,1
1322,5c05fc12b55615e3d491680f374d0ce3028d0dd5,a1736b5f00c9ec37c50b04961b782117b21532a5,low,1,1
1323,8946b395d2a5bd896a36bd5c073a37eabaca034f,23d557980895af84437dcc42c656e53395105aea,high,1,1
1325,f37c223c997cd0300024b396b693f3ee7db4a2f7,4ca2d0270cf255b396508762d4fde5358d37719b,medium,1,1
1334,8b3008aa47342faacff089c40c77f4b93154e379,b4ded05dc57ed50ad09892a9ebcdd0d0a454ec4e,medium,1,1
1335,f6780ff28b138fe5253242c1dd34e2d585042b8a,cdab1524ff1ca03f4afbc7c87e801c397f7d4800,low,1,1
1339,f4877b0b66a6a3990df65ea86a69fc587d6d4745,e0b7121d506863c549023bc015eaa5c81615623a,medium,0,0
1342,70ea229072418539ef86ddbdf05f45427f35855f,50832dc0028ba2e851761d295a29a93eb0948f61,high,0,0
1347,68da9c2c5b045c984abe8384077c4fdd2733fb95,a4863bcff7cc3fcdc9a3b875adeef29ce8fe45aa,low,0,0
1348,2430fc2c54ce693de7d339d3a3403435f4de1a0c,7d13110fa1346f876227e4cc740a78fe2e567095,medium,1,1
1353,8655badef0a1bdf6a40919ac996029c0efef3c6f,295fe4a229969e9b499ce76131a2ef169eecc68a,medium,1,1
1354,37d65726736e95ba879347c81aa61c520238653d,0d2b5ad3e10e0e6eb3b63797a7525953ca31ebd7,low,0,0
1355,f464871acc25110a30fd5ff33ac516674a3cab11,d6753b8d4904a117987775928cfbf3ef89f584b8,medium,1,1
1361,0ed4d8adc1d2ab9313904897781fda00c9c08943,849aa903aa314e71429343ccc27a380a4b6d37a4,low,0,0
1362,56df5a30c47c25c8a25e27d1a746d2fa45512e1d,0a6038686449fe1c22d5a4ded50e04b9a8e87942,medium,1,1
1364,b0ff5a9d540ab97f51be9461f5393bcfc7784b4c,af1d1d5963f0d6003342eca3ff031f88091e69b6,high,1,1
1366,e351ce28544ed4b0fcc2406acf32bb1ab83ded40,b88348092e3cf5018b14dc674a6cab0afea47fc7,medium,1,1
1371,5b07f49a9c7fe1aad99f31bc4764ff2651f65123,2293f9867d3d2def59a448bdeddff715477b4580,low,0,0
1377,014f9d83969e080646b34d428abb45d3313cc597,35a1eec7648a0449ac4a827dd909c7f03d5e4e89,medium,1,1
1379,48c3b34d1094839f89fd1cc82295055e72bd5f73,638d50eb581f3fb25b732c4cb02c42288751a094,medium,0,0
1389,2b30d89f927e07b97670cd5e1e9404a9c9ce7e86,690029ea9eacb30b43931974630f9a02d1258af7,low,0,0
1390,6243af0dfaa07ea58ab0e321edc552d2d45e2cc7,d04fff162753f713e8707fd874a1ceef5f3445d2,medium,0,0
1393,7082444617449ac246067717f26544a15ec45328,2e6064ce5377f91c03274db783fa0bfd9b9cbc60,medium,1,1
1396,936538127ede748d5dddd7f4bdc2d3d66387690c,0cb3fd6c84562c2a877d48a1b48e6b35872dfd65,medium,1,1
1399,bd6109761d4e9228afb1480934e71f8077bdb8d0,b279da060ff21d4e15cb89ce02b03ff5396b08a8,high,0,0
1403,5cc2c45a4cd833a5bef953a7cdf22bf9541ca8d8,bc0ce3b971f6df7af8c96ca8baae4c1a6d84737e,high,0,0
1404,70a3d729d86cce75bbc0f2f4bc888f3dd67622df,7aeedf2bb5cfe9a5166d909e3603492354b8bfc3,medium,0,0
1409,300a876c2e641828f5349e6a50987de734e6313f,31dcef2e1e66efa526d920de6a6caa3bea211de8,high,1,1
1415,7c57bfc62007fc968febeee69f6e7b8384ee17fd,4672bd3632fc4ea71f0b12116808afac300b6bd0,high,0,0
1416,577aeb78a28998466007859524ea509ddc989da3,90d26eac950b7d4639e84ec2406d1e064c94d205,high,0,0
1417,25093e2c86cd3fca58d054d2fcef8b4717443140,b285bf723cc6aae4df356f4dff8f5ac34ca26d47,medium,0,0
1418,91485b22e8619e8b49193474b14c58c99fc30892,c3854e2ba7060eb99c7d61c27a332b991f4b7326,low,0,0
1422,f3468e0e79545c9318479bdbd88eac75b3efd6c1,5e976c541dac9f9533376e283957144f0c0dab11,high,1,1
1424,555d20d87149ccc53269ca3a639832e61fedf6c7,e21481406205efa413560064a55c5fbab51c5e28,high,1,1
1433,da7e400390ec88650c9cfc59a0970d64f2192f44,64fb708c520a2cd299919669e1887bc58f79dff8,high,1,1
1435,dfec35a3ab2fae85c674a5a97dbd4c5335ac8c25,314a518c97a0abea9a11cd0b2fe8ba7a70200256,medium,0,0
1440,690b9f2f65b76e9556311e2daa30e02962dd7f7e,e2cf5d57a9998e456afe7472fa0b07eae6031022,low,1,1
1444,4646b411bf551b6ea1e22e1569cfff06b24714a3,10676dfc31f4142c10d9e3ff5431f61566091720,high,0,0
1446,0d3e3ada785ff911bd7b78117637402d25f45c23,e115b1012285974692f206576ec565a433370f76,high,1,1
1448,9fece69ec9375626ed3a42334e803a1c669ce49f,7b15504eb1da90a7d869d0947c6bc1855c06223d,medium,1,1
1450,774576ae01faad072ffe3583996b6ad80ff81e98,fd1a40513b24310b67c450699acb66cfe6514022,high,0,0
1453,b6ae8dc20d5500e6558f8c9696499a0506d9cbbe,20f2eb64f11863c1e1b55afc0227b3ba3f55c84f,high,0,0
1454,4686f6e9516d388dc9d8623a62b35d6499149cda,c5cb41aae6ffd6f53749e46993c74913229a116b,medium,0,0
1455,20fee0505a2ea3d0f729ef19457acc8b91ebed14,c2e97b92188a91bf04c0520189b707b20dc55cb2,medium,1,1
1457,8caeef70b02f8b920ec91a07c66b93af3f715a62,5833108eb442252e66ee42e9b4901338a390bd44,medium,0,0
1461,63d855fbb1e773bb1dce28099482a13aea8c40b5,d6a4fe7ad01b70db1e44e9cff021198e107e926a,high,1,1
1465,09a096e15d26cd8252ab2adc62af8bc98c0a47fb,6692d8502167c1da15e58b0af47691a7bf64e4c4,high,0,0
1467,a0040dfcbc090260a9f534c09cdf5a8c01e5ca71,d7379624540cab4287ecb3afd1035a8b6c4928ce,high,1,1
1468,9935f974a9b10b23f7ada89a67004e26617cd3b7,184fe4941a46ebcd42544e9203148b1b264246ce,medium,0,0
1470,9e5ef0afb609e173e06f29a1b75d9133a84c8cbc,9dfa90463fb653a3772dc755b4f72d4a8b08d16d,high,1,1
1471,492db13074f64b0c5cdea97281ab89c0e6987a0a,d129e217debcc549175d179d24dd2cc4036e668a,low,0,0
1474,bb98b5ae0a4baa6ab459fda5691cb056395f99b8,25b3e9f2a4ef0734d9d7e61c75e9e08117db79dc,medium,1,1
1476,662600504c574ce3f53a649b9ef2430bf7caf2c0,a25b88543cefe68a5813a10ecf94e86218e10173,medium,1,1
1479,f57a0c21ed83f7f67c341f3218cf36f7862c7cb9,1a8bd2a7d0d7be38325c97a0d10be6f2ec1fd0a3,low,1,1
1481,c5203b7214b0a22e635dc41c370b19bb43c00df9,ecc47eaca6f5f6a837da643f11e0eba6fe10ea45,medium,1,1
1487,e40755f410e678cfc44ff5eddde332c4f609ae56,6e9c2108a8c27ab68b619acd855e732a8e4ae147,low,1,1
1488,c11895769ad87566ef7a257c172dd09a3b7faf6d,b1e1ee12fa0a462a559aadd8b23480652dc252f9,high,1,1
1494,e4431bd7b0431538a257c6c58a96c508a756fd36,54a99f812a175256105d4c61284fc2d21b34d00f,medium,1,1
1495,c30a70aade5c8fcf3af80c825248c9790394b0d1,f5baa23f8fc187f801875335640f77ff3b39a95c,medium,1,1
1497,8f8352fd067e52a3e9167858af78c3f765e7f2a3,27ec28e738f2d813da13809858cb086e168c66de,medium,0,0
1499,bb156aa0aec8deae76e8ac45ffc4a1ba896946df,034c2a388712e2a927efc3ba71e43421f86ae076,high,0,0
1503,6b4ae2a32e36fbd5c22f1f1bb692ae93e53117a3,027053a6ba672ec6f6391298304a88561a280c14,medium,1,1
1508,e0aee27b6c9596ffd82ce37c5384e86237d08b60,3c53802f1c7af3fedcd076e78d8fbf98e2ba9462,high,1,1
1514,c9bc94a12dde1ccc88077efe4358424a0ae3e1a3,c017d39a268938394439fe5f063c03f45e23d413,high,0,0
1515,db139a40007f089a8d2351f00266a50b6103b088,759fbb5da5592cb2e6a269756b8c7e3ffac7b127,medium,0,0
1518,4533701f465e9c51a88cb9cdcc0bec4f49dcda73,09e2426546c0a1a4f53a0a5be80fd3a55bdca20f,high,0,0
1519,8c15fc2a2dcd854ac7ca96e00b0ca12775522076,a092ef7851f27a460fe72193cfa3f438dfeea7f5,medium,1,1
1520,a6a89802361d3acc83e62ffa728e3995fff56141,29a656dd93530a27ca1d1f9137b1af4bfded3a7c,medium,1,1
1521,1ed68eb5d78bd1321c2823bf13ba823d78dc26bb,1bcd0c878710f2d70488684ec9821302e584b9f0,medium,1,1
1526,6a03e905658823d47de4260ca37417ba6f106742,f72f5d62fc44e3c43cfda74f86e5a9f035aa0e48,medium,1,1
1533,74a43542b5eb1be5887e8bd5c888453dbd951b0a,a61bc71dec6fa568f9cbf59d1b220e1f1fc18186,low,1,1
1538,7cbcb385512059949553641dcd87da8b0841f858,54f3618b0cb09c73485dff18bdeca4799413a080,low,0,0
1540,a25fedbf05b80df1ed50e72373918195e8c7430d,cc7af57522a67c96dc5fe3b9a87ede9fb3c8b5ce,medium,0,0
1541,ff8425c9e46e7e4ae10ca1bb08b512443369becc,f67ebb95e2743ec272b17f179314b329fc652890,high,0,0
1547,db4fe8aa32778b2893f587047034fd5e01c7908e,a4ccf1ce6615f2d1ccecf9858b51bc85900f2807,high,1,1
1549,23db2fab31405d567ff73f271ad55a177854497d,1e007351f971570e8d078f82e00fdc471be14f7c,medium,0,0
1550,17604e9a4c62eebd3a927b5d8fac6310501c0542,53ac5b32d255c7c7a57711fbb00fd09e68a512da,high,0,0
1553,c5a76605099bc9890750e77571b7165e5708a90b,93bba5f9ef56d424b756bd69b7e3b9cfded9c8c3,high,0,0
1555,70fbc900d74f103e782702ffccf87af6b3dc1b50,73c1125205969214942623972c89d6c8aacc4f7e,medium,1,1
1556,6d8d02f777edff89d36ff11e5b527ab7e531c3b1,1a8170e794ca7b1256fff0add219966b4f72f176,low,1,1
1558,cee7385dc41325d4970ea28e2e5b987b66946382,6218bc8213633282af97c5fd39c1cbf679ebc4d7,high,0,0
1561,73bf580604f7dddfcddf30bf1d09c8af2ab923f4,3ac9ff31a7b5828738cac77880e1791db3611f4f,medium,1,1
1563,2ac3273d5e45a2196f49a738d0540a88884b4430,6399c3c6941b58d8302ec9f4724dab190ff0e951,low,0,0
1570,8d2b334e6349d19804da3ea628684e8cd977b796,40e261a35074e21e65b1e0689c0bb40d87999d3c,low,0,0
1572,8e3e5f5c1fd390d2735e67db8af44c680771bab5,63ff2d51e48d5774c5d5d2cf1bcc9b3a79fbeec5,medium,1,1
1575,ec6ab49e6a0dde3e39b8f9c0d1d92eeec853b3c8,73ccf807be513c90f8d26a23f8e2cf27201fbea7,high,0,0
1578,e606e36e91d2bc299edc1e380c115a2a55c2c8fe,02c65b3a1ef87dad72f86e4306179e110ef30978,medium,1,1
1579,d06c8ee4d39f053e82598524e16c29844fb5ef75,933ea48eaff6386e44300e972376b06d9f35c6e2,low,0,0
1580,67b5275769277b260dc4a8e8e6e7ef5a8b6611b4,0411534ff445278e1d1248339579c9936964f1c3,medium,0,0
1581,a5483172e2a318dafa6b48e02207791eb5cf0545,8d2b2a1912d4a866be191388f046adaeb232a971,high,1,1
1582,9039bbb5d48207ffb8c503457cdf61f246f7d7db,e1bba168cafb856173543209f7ecf3184f2c5dea,low,1,1
1592,eee8af02b0586187a896ab609e54000b4ddd6a8e,585defc6960fddc410d87123e82fb9d2bed80f58,low,1,1
1598,5604c6417508689acc337e51535d2cced64771ff,b390359abdf185b09e067bcb29a23442691ec971,medium,0,0
1603,f8fc7c6f6b588178b5a2d6cb0b9b05f98708d525,58abbcee5a493fe345216aafc2ddb0c290cc316f,medium,1,1
1608,62e73af41f5c166e30c9bcc2ebede4cf0ea310d4,2bbdaf3c510f416a4c91c4c00bce77d33e85ef86,low,1,1
1610,08abcf642fba8f39b22200ede7e0997078efe22c,8486479edb7657ea399eacd7cad8a3db6ac2aedc,low,1,1
1611,242c5aac0c7e89488a43c33af23b76dfda6d4a3f,efee263e6169fa8247a7f7317c0dfe47ebf38485,low,1,1
1613,8b879864e362fef563ede80b5782e7c63b00f378,e60e723429a3d665e5872dd1e231cc2409dc8816,low,0,0
1614,e5b357d43616877ff708d17dd3da727167d87ecb,a8a4f39a1a629a6c8add8bf1d347e73c15c16be2,medium,0,0
1616,eaf4bce4e97f67ade0905ff08ee287ccc33522ac,798ed02ce8d4d131a9c5a8467d8d52d7a7c842e6,high,1,1
1619,6dfcd371c68ed6dffe555460ccf922322173c75d,da7efbccab1c9e3cd3f3aa3967935accf45ed8a1,medium,1,1
1620,915d325cc0e52f5455815c2f15ff29eb641b0efb,08149c1b5a27bd3bab824cdca7d0d26e27c42a8f,medium,0,0
1623,79afd3ba6c72afaef803c9bf8c28bd62d8042347,b0aba634f795f9b974711e4e7f0ffbbe52905b70,high,1,1
1624,f233af457e916e97cd728ccd7e37ee1959c8fd06,eb7e7d6e377e3241a4f44f27ee7bbe3626b1042c,medium,0,0
1628,a6cdc6a477ccbe2dd1a98cb95ceb06eb0005ab38,d3879665ad052d4d7216117fa6878eac73717f73,medium,1,1
1629,e1ec8c4ffedb3f65bb876c6f8a4c06e3c2841c08,2253faa1fb2376364e01c81224a377c9980fe1ea,high,1,1
1630,7b2436c8f092d12be3fa8f88402208f7e84dda8c,cd297e1882ed761870962bfd85b0f4b375c8bac3,medium,0,0
1632,a06149a7f3ceee52100042bb41831fd8d4f4a2ad,003b984ad311c2a591f639f683708f670846056d,low,0,0
1634,01fb988b35ee7ef5720ec28eb82496020bc2a90f,658326de59ecff2aefda35e93fbbd3056e913d5c,medium,1,1
1641,847bd19b88a456745e891a4ac0b8aa0291b5f3d3,ea4defc82d8a51a0efa8e2a87489663e893a5a4f,low,0,0
1644,e81ee91a39627c73712a74724437129891ff6e17,3cf0885ee609d62c710952bcbc5c81c3d2b52b07,low,0,0
1649,8dd245e15e361f9a243e1035f8fdcb9ee5c37d91,95aab23f975d525d1ddeca1ef233ee5c52cfa23b,low,0,0
1665,708c25f32847db47766fd7a2ce7eec169f4c724f,18f9f7ec49320291873229edc94b1ce2ffb2cd19,medium,0,0
1668,b73e6e4ef369ce4496c6c48c76f8b86b08a2e603,f41a0b6b8ab6bc18821213acc6040072c932e1e2,high,0,0
1669,3dadccaa90e8bf35f068c3dbb60eb5c20a0a9e2c,a288416615e1b2ba0ca2dcce03471d5e263092f9,medium,0,0
1672,895f4db98c6c8585932dcacc81940e22415ab4fb,471b0138a21a40df51ccb196a314ec89c1d901cb,medium,0,0
1675,b48d580a17787317d651cf25dbc07f17ff0d0f33,e9873b543b7f3909afa5a6e0669fc649f14a1564,high,0,0
1678,dcada765bb18cf84697d353273ddf25a07fe282b,134f758f92b0b27dfde0d34a968e60b13263c41f,medium,1,1
1682,b8ba8035c10c6751b92b003bd6a8c1e8ff4fdcbd,5d2eef75dd22b865c59c6e3ae7fb1c9d89b9d2a9,high,0,0
1688,b62f37d531af1e3370cb375595c103317457eb81,ba416369c6a4e54a2d2bf15ca8e6826f256cb6cd,low,0,0
1694,91840c2fccc524f157a7e53573d55d2b7f8e315d,55d9fb22aa619719d6e9b23bda2fc657dfbdd4a0,high,1,1
1698,251ae231ad05c2201e553b1b7472c9b587e1e692,2ddc02cc55bfa4c1d52ec2252873d6e588327596,high,0,0
1700,5415397628c58a457b7b44b09aa42ac27fc892bb,6bf7fead4ae0e030beae29e5c38b455d61875538,high,0,0
1701,e8a5ebea4e568a65e140bbec8fcf222505e6b92e,dbc7194fae29af4aa945821ed451ebb6ed230589,medium,1,1
1703,051f744c89033e94b2898c27c0762d9624c4dbd3,8aca9326b0b1cd10d0d9555d6a29d31523c08b02,high,0,0
1704,3718677a1214041de2c0806818ce0e9c020844eb,116c67bafaf326129eb3651171a65ff625d1fd5d,medium,1,1
1709,1fd6feacd8b58636f9e65d1bcdf3044bfc03375c,3d53c65ce8b5b85935084f07ea8aae5f2a33aa4a,medium,1,1
1712,d06f4301f313ef9b0fbf595c51106bb54af4ffc5,0e80e70e2e8e629029500580594ba02b3352111e,medium,0,0
1714,0c06019fad85d2d5bfaff9e19a3610a6dab8a19a,6515ff68fa601ea3e9b8c7f18a53076a44fd1734,medium,0,0
1722,c6cb881213a9ceb22c7e75bd0ca3f66d626d181c,f828a42c66e1a0b00351343ac854c775f9275c65,medium,0,0
1724,360ba9ef3fbcbe79f4bdf33d4adf8ae0a22527fc,09bc11aa77fcc247035efd55fe184cac01e1c302,medium,1,1
1727,dc81e2de2ce8f856c873563476355228d3ab80fb,8507d6d70ca99dcdf7951671b7f78036872f1cdd,high,0,0
1731,e94706a7b2613d313220df17063fcb1d66a382b5,dfc95c74becdb843cdb69c6b588fa1cc4ce40daa,high,0,0
1732,ee6bcf4ac998926c6b16b8ad1d9f827230b4c3a0,1bdea6d79a93622fa4e9c740f2d9f121ae04ac03,low,1,1
1748,cbe1d82ade74b486af3562c8b26c11d6be59a947,f82443505fe7ce33e9f44f6aea1c5ff933a65ded,low,0,0
1749,4404f3606598d1bafab7b70da8349680c6bd61c8,d47b75f49ca785e1f73a6d86debf37ac0af6ac34,low,1,1
1754,1b20c76ab22396671b4326a132c4087e07442dde,17f21e7f159658cce9aace8c907233cc5948bf7e,medium,1,1
1757,026956939fa42c8ef7bb3ab39fd964bd213a7135,8567bbeaede47f383ed05290310cd45d9f0624ba,low,0,0
1760,1266b390e73990251f59e5f565ac8314439702e8,81661b6d456d37af46e22069fdae97dc5f9f13d6,low,1,1
1764,a013406c4efacf7b6b2e0a5bdeb11bc2d2c76c60,bd185a971a8ae6a68d00c46415b9d09bb47cc18d,medium,1,1
1768,6851d0e3d03789ee5236b3872b56cc63f0f5cc73,31b9b6b5808ddb2691e005877a8c0f9cb216e041,medium,0,0
1771,8cc1f3a612c9e2f585e213a176e669e809fad323,5f179ab202107496278f4c2c94a9279cf2a043f3,low,0,0
1772,44fcff26bccc11596a8417ccd493f6760f9bf832,adcc63415713b63d8a8e37aa3d19350ae0403401,low,0,0
1777,993283b964cec0631c55d5eee618d0f85398cc82,b4211a43078d775512b7c5b161c7334c8abd1ffb,low,1,1
1780,52d45d61e4601121f9b54136b5f69f852bc25ee7,9a9e88bd268c1246c59c8fd51f8930c2721e047c,high,0,0
1782,eee8af02b0586187a896ab609e54000b4ddd6a8e,5ba1365b3af0084758c9b3e4797a49733090cccf,low,1,1
1788,f8303384b178b06275ee9c6bce1f2dd5551db208,6380931f800b00dcee723435b2297297f9a42df2,medium,1,1
1790,429085e2ea78b2fd53f71ee3f7281eb54415d59d,2697ccd3edd5fcb3afe8d5c233f0ebc402812645,medium,0,0
1799,3ddd41c5de6d43847326fc5d9336a8bfa7f1cd46,858e8023a7a8500e0888b652ca510710d185c2b4,high,0,0
1802,1638db5d66051a0bc8d60602350f97ec25ea3859,b95bad45dedeed66a8596a9d5e1570280ad9d151,medium,0,0
1805,7ab2c3af7205c33bd013459dbb52316bc6949e6a,3309dfe50c756f4e4a12b05e31e32bdc514268dd,medium,0,0
1806,f54c12567ed956930c8242606eddae96cddb137f,3832d0c27d8d0a71a19421bf8b1879e34932f2b3,medium,1,1
1807,c5203b7214b0a22e635dc41c370b19bb43c00df9,e87bc655905ad51779f3b004f40120fa653436c0,medium,1,1
1808,b9d80837525e36d0a19044067f1f27a30ff78a45,f4b08877ec55321dccf859f55ad16a4fb13fc592,medium,0,0
1810,a3e5b1b7fe96809551d024ca2f38ccd070b4ba93,6b4b7ab901258b25f7c075a5b8e05dc67b333c1a,medium,1,1
1812,bed59f9767ff80a6f90edbc5c4779dc8d981de42,84248711148d1633af139d5c32139c2f37892fc9,low,0,0
1815,97a25e9bd60c9ef797daf73d0fe07275702c5f8c,afbec7febd831334a8d661a61696b495aa485ba5,high,1,1
1816,9300156744865bf4a795d2ff5188d9a9e2746376,c34999c86ba9ddb3341a8fa7a37a4b0e678d24e3,medium,1,1
1817,27500704a789d97193b4b83dd52e48287d5e19b4,a54ac576577241ecbbe94385b9ee0857de3b53df,medium,1,1
1819,3ddd41c5de6d43847326fc5d9336a8bfa7f1cd46,003063531faeb0063f984581f78ce0a8bad73701,high,0,0
1821,4a17aff03f68ba17658e62f222e35f96efef3f75,9ab671503f666bd1063d49d048cf32b4900648ca,high,1,1
1824,39ddbc47f13b0ada07114628f43044e800971fa4,1e4fdee1651f999120877c393f6b100bede50ca6,low,0,0
1827,d9968d92501ce17ded04f24c4ae76fab949efd5b,d86c54647b3e6e72959597ab67edb1ab80594176,low,1,1
1829,34d95d724a4e673ac22a26b4a5e5f5a1a3c3162d,0687f91896251720bd2b2d19e433ba985afd251f,medium,1,1
1832,96ca3ebab0eacbafe34c9fb065581e11314ac80f,4c2548038a62b0d98c28d4811cb48eabda8837ab,medium,1,1
1834,6bd5f7ad79093488a3fa62e0418e0caf133834ab,4ae973d369c817c94ccee455c74925bd503ef4e7,low,0,0
1837,6ea44a4c567368e4d5d91937f9779014a0f1ff50,847d033ee5eb9e45a1efbb5d283331038b84b995,high,1,1
1842,5b8e4bb2eebc3aa629bc27eddbde0ca0d12514a0,98ed8b69de7d0cc258363701522434622b0ea74c,low,0,0
1843,6443576eb502c6c4aa12150dff9f96bcda024ebf,f2bf92b879391cf4deb63f33b679cc8788010317,medium,0,0
1844,6fa95ba9347d44b86bec32243e14f83a48462f6d,d1f6257be3b9357f14cef95ca75c7b04e1aa6158,medium,0,0
1845,28bb4fb346571be738989b745517248b5ade051a,768a293599daa85d3f531b4fd2090151896f971f,medium,0,0
1847,8d4ccce7d232ffb5bd0795ffdc2776c9a0395a42,6246797342d1a1b5f0c9d1593bdad92acc4762be,medium,1,1
1851,a4d4590db1598fe55635fd882195fd3e5a206c7e,894eb419a2d6b282b085b1f3eb3a3199703f6a15,low,0,0
1853,130134d068b4d4cb15e102419ce6eed96da632fe,804d82fc662fe70ffe7a2cf87d6ab3246ca80b84,medium,1,1
1857,251ae231ad05c2201e553b1b7472c9b587e1e692,219824707e1a4df348c32df9f5b4119f993e5947,high,0,0
1861,96589953161d578d83817aa1a657c49c474bdb49,2bdf2bdc1da752755d5e89eba307a5fca747ebe7,medium,1,1
1863,efb9244524017f4dbee4085056495d8bf3a699b8,60035f1869ee3d14c3c6bb0c65c07c008c713908,medium,0,0
1865,da2b980e7c610f21c4746ab906d38c55ea41b89f,0b9e050b5936690c0fb76ccbd37248d4fcf81d4d,high,0,0
1867,68e0b50d1f89503eca1c39475b2f74b99a923910,3fcc56202f73df237e46278b6d8939094d834d0a,low,1,1
1870,287507697dd9e71c435890ae7dc330037f247629,d5c86f4ee6e9b07a5213ccdd15da3eb50ed8bc10,high,0,0
1873,6a3e7d4f5f2c65ab40ddb9d7a5f53fc1f57f99e6,549bfe1c1048952ce02e07c8439679c60e973dee,high,1,1
1880,c386b59791bf33e0cafc615c4c67884bf900cb1a,752e94421fba45a5bcce1520e24c432c88d5a768,high,1,1
1881,775aaa8fefbf41e5db9cba7a8a275b9be0873e1f,57461a5aa331c103e7a881923d60bf1cf8fa3451,low,0,0
1886,e143cba409efa1044b7ffaa7d08a6a223069ac04,b275c649c70bf6df96118dc9b5d7de6576198d68,high,1,1
1888,2dd237279a45b4a8cb83129fcd51b467c49bb6b5,cc7845d7e96640b37767dffa13181750102b16d1,low,0,0
1900,3ef12410fd6cfe568f429750c312e9fc0a6aa61f,4139b8db1f9b8b4bb7216c49fcb072a69e49aa91,low,1,1
1902,0809af97237e0b45e30efaacd1bc7c89f2f567cc,1dae3f553911f4b893734b7287ab6faffd4b68d8,medium,1,1
1906,3528db456a3dc80a7545d1190cb027e1886a695f,894cd689d51c7a6431874d7b3ed257299dea018f,high,1,1
1910,3ff4db89c2516e8be9e01402be0e42c5b2f11628,0be6910db701703c39f7152518a6e570e688ae24,low,0,0
1912,13116e9a7daa858074809e9d3c252d543895946c,25368b3dea858b83c729a63fa7584a73571607bb,high,1,1
1913,07bcca335993fd06e71a69e647ba2cfb678c5c9c,a90093d0cbfc56ee706ea63e585bd3618c0a3e51,high,1,1
1915,8e9068d867fa531bcfbd3f45c3787976fda91f85,4d1b86eb9756ff777967caefd02a6055c039a629,medium,0,0
1916,6d23b45b385b50628706922f6536b4d0e2a35a28,59462831b811475d33e70a86cb1f6344392ebbc9,high,0,0
1917,fdbb51341652b87169f4c82c1d1e417595f4fb50,4b834f04facae1653553af880f81a28ec2415a28,high,1,1
1918,c3d5bd16bd6616c93abaa8c4e65c72ba749cc8f4,ab2d2e3a0bd8615dea6e9850eded9ffa4c14600b,low,0,0
1919,4e6e638e084856bfb0395a8cf2b9d7dc4b359524,c1c1f9387e6b2115d5d8a3d682bdf10c3812328a,high,0,0
1920,75ee8ef50952984e80db2df4be8eeb1a48144832,465d2d407706ab1802490f57d60f1e02663d46f4,medium,1,1
1929,0809af97237e0b45e30efaacd1bc7c89f2f567cc,8f27bdad044bcb4c76c4dbc9617146d53e48311d,medium,1,1
1932,669cd8696eb376921cdf8fa5be2f76cd5986f9b2,b243b3207b798793bf66bb1a4497a8ed21903a18,medium,1,1
1937,5f2b2f34d296fa43527656094e0bd8a6ba68e89d,3858d396ac19fc54f16052a7a9c1b4532fe33b7e,high,1,1
1938,000c643de647857abe8f9e218378647287345225,e5d9b00b9f9512bc70361e86128b1e2a41fdc91e,high,1,1
1939,70fc6cba708384a813698c3d1f6939e3de8f0347,b5d15a1e44bb539b6c842966535c42830a38cc65,high,0,0
1942,da05d104a3b0de79255f9cbd82d4204d4d61d03f,67f5f7010c063bf80eb351c537669539160d560b,high,0,0
1943,2f6a8de1f7a0821e8151ceee083284fef9344730,a6aae5d181d2ede67b2f5d18370afba84f8871bc,high,0,0
1948,d1d4cafe41c31c0032a1745d35c67119ac8037fb,57dfabe2edcaa2be98578e4b078ef430191413a4,low,0,0
1950,1ae629024eac26b46d7beb2a0f7cca40cdf4b9ed,0a9e54be0e548987786631d8fa7e627ffec49156,high,1,1
1951,5a03b280a5f3674a063c418af7f2cffc40a31247,6cfe40209c9a16a64265514f9d3b0b3b80d4d53b,low,0,0
1953,7e5277093853f553986b57b37bdf5e4d4976446e,b97370a14b15f390f4f0a1e8a02948d624b8302c,low,1,1
1961,5e36599192dc908c9112b79fca15a2623672ce37,07908d4fe23d0443a727bb9b903088792834cd3e,low,1,1
1965,eb0aa4fdce6593850fa5fb039c5d8aa4f817729b,d9a9ee1344ce869f92ad0bf98fe610253a72d019,medium,0,0
1966,5f9c5c7c27ef9debac6a7d963afc4b5bdfd0fdf5,a974f8f2ad2f754330289372ca49822c81b93c28,low,1,1
1967,b26ae6caa08585ecf7e6e54b498e7b04df35e666,02b8428fde096d8820770b45f6f94f0a3890a451,high,0,0
1969,17dd08f6e72c4f43e86f56b9badad90ab6c85b18,bb94dc528474e1d49089fa4b798ea669819046ad,high,1,1
1970,e3e13e9cf7933c5c4ed60d89de3519098b613d17,a645017f7e16a14980e1b8b4f2499a7e29fbd133,high,1,1
1972,8f8cd1d384e5967fc4ac87941a7f4db61308c796,9f4d4bede49660de15231bf891c9ec5db079edcc,low,1,1
1973,5a71bb4e6fdb8b5bf289de507bf013d830b2ac46,2024325291f339242f3aa463aae84f17370d6724,high,0,0
1974,e963c8fe3cd71a680da6049704272df1f79e7082,43cbbb447d4b93f8e6809e49a1c810e9ada0dc37,low,1,1
1976,95a428dd72fdce7dca6e0dd256dc1b786181aa4c,641b98d28e7406ff379b4c6109dffa3e1c8619cb,low,1,1
1977,420fec626335f338dc6fb7fc65622da62b431543,2a4bd781991022bbbabcf9d71fae9cd264c8d050,high,1,1
1989,c4e80d59c3f1c01d8110a41c2b4689007f86a6ea,84c0cb234e933327c831b970d4ac40b3ead3a346,medium,1,1
1993,554d3c81f4745b23ac39e409a7c46e1bd8929969,525994b67dd8aad1c63c498d563642012b75eae1,medium,1,1
1994,5b1b768d5f81b1d266d35c2a9dec3cc45b45751d,1202253024b9b043ba639fac621179c34524966d,medium,0,0
1999,ab1f2575b7c79d8f8868aba232c2cd6ce848c26f,5c4e9678811053059e86d05dabbcf273d19f0322,low,1,1
2002,ff37d6021a33fe1edc91440bd66ea0bbd63eb6d5,0f5c15201263174df0c43484dbe8131542785d34,high,1,1
2003,d64c9c759ca9a12c0fa7e3641c3682e492288e67,e790b0e698b50b6e25f344345372a5249202759b,medium,1,1
2007,0ed41bd10aa836fc6fdb40b2d0321914e988d128,03abc3712541a5bef2f4b572b4380b42e3e926e3,medium,0,0
2013,38f6041e2cd19379aa3e46ff708d7a72a2b525e6,2c79ea5055a4e0801e0246d67b17501fae26f268,medium,1,1
2014,167e2b8c5a1899a39b74986cc250921c3dcfa6be,40dd20d8b19400fb9a5a5dfe55d88accdc039b2d,medium,0,0
2017,76ce5ca634e2f2d9e5ef43d561c444cd508512c5,fcaa950335590df00d8f76ac21d3d4eed2a5af11,medium,1,1
2023,eed7524d935f02b227461ebcf12ca82784deaf31,838fcebd4295f40acc8aa91f823dad82da582b04,high,0,0
2025,fcfef73951a6c2beb39ffd66d2abe861d0a6c491,d857b271ac559e780a889359d7121bad06d85de8,medium,1,1
2027,f8fa69b704cfbb20913ceaf5857e0871633ae12c,50c903aff645ba783e00d4b0858cb31162605b63,high,1,1
2034,63564581658e3f80ef5e7fed6231442106d3ca08,4c38dd7c66c46089c67994f9bd2c3d0426284491,medium,1,1
2035,07bcca335993fd06e71a69e647ba2cfb678c5c9c,7a4f508e91cd917ffc2abaeec0fa5f7935af9714,high,1,1
2039,890fcccb913854adcf363ff6b2d92cec21b82067,934c8b4f525605e9bb79f8427c7bf838bdf09581,low,0,0
2040,dbad31859f811905da4364d47af16e18a02dd3fa,51fa5485ba7e02ee43da84b2c608d3fb9ce49b61,high,0,0
2041,ae1b5b13e71a62473cbe76a65f2308c7544359a1,373b6b2a9f7f1149b1d8bc9c5e7572f1539a5d63,medium,0,0
2043,190656b344a76b75eaccbd23128bfa4ea4a44c3f,6068c614638b24697fb51702f0bdb89ae1e4cfab,high,1,1
2048,3a0d8a9b8d6084273826e3632a755c81cd39fad8,d5b78ec8c05e671478caf714ef746709ed34e70a,high,1,1
2051,1607ba64d280b6b880ac36a460b89702c4e366de,2b91c7679dc98119feac172021c4d53e8f6b95fa,high,1,1
2052,d029722588235fb15c26187ba7a247d8b439e84e,1d246895571ceb588b0a26f5f2922f0c7fd86858,high,1,1
2055,59233beb8d52a68855f71039cf0de05779ea50b1,3b781bfd7f005df46157585b3493e9841779f5d7,high,0,0
2057,73ab6379f8e5a5415d4fd396777ea3f48632b8ef,0b58451596d708650c28716e60801d764309d7cb,high,0,0
2058,bea81239194d30ec5596134266884542dfe1605a,ecfffc4c5f10f2b6eb82e52b7d656e365b4efb6e,high,1,1
2059,a9bfb640cf256d479b8b6dfcecfbcf9f379aaf53,479a32720c200dc7368329b021782c8a66dde635,high,1,1
2060,9d2a141b70492069b87482c4cf0b935f8726f39b,f60cb26558a4259c3149c02d39951f8e26c54894,low,0,0
2062,16bdec3fe22183f6b03a9c4d31d507997287b998,33529f7b01a7817d3a97d14ccfe393c5303f966c,medium,1,1
2064,ae10127654f960347866f3374daf4ac9016ccf41,8fa10aac04336110d301500f650f0d651ff0cc2a,medium,1,1
2066,b64879792360a79be479f325af0c434869877b0f,c9d4295559e32bf96fc4bbd2de1f83a44e95d7e6,medium,1,1
2068,fff7e9c54679cb9c3f661cfe7700d2d2caf24626,b02f4a6bfc249c7b75319c621430e3e1ff0566ea,high,0,0
2070,ca77d6aaaa6f7718a952f8a8fb1f6a4ea5d3e623,3fa9b920e5bd50215c5146364ae33d8e5320019f,medium,1,1
2071,6fd150a9fc2959107459bae091e7d42c442a6d52,dbefab22adba48a637fe721a3a9f19ca2b8d7238,medium,1,1
2072,1d6571f0f5b9c1bfed2859f3a12779f2c2901567,78aa12ff94ec64aff4fca15601d70afdd93edaf3,low,0,0
2073,d35991c45b8336b8b24b2220bd5670c6a04f2c78,3f412261a746506adc51cb25541dd842e3495c64,medium,0,0
2076,76ce5ca634e2f2d9e5ef43d561c444cd508512c5,e1f31e637e6665316998aad9a45392307ea92367,medium,1,1
2081,d04e09abe21caa8fe10c3794764478d5503a030e,6c4355c3a14220f872ddeae1d974703b31dddf60,high,0,0
2083,7dffb311be9f3b62a7431c0c8d1e6a5e114df70d,93323f173dcf81ad824348f7f9822255167c49d3,high,0,0
2084,cd4647924f247b2de3e638f489d486f09d385b0a,7bbc26e1a1657bda4f43f76a58b407927df96444,high,1,1
2085,6bdb2ae2bf1397c353a8af1a48d4d122022b4327,c97c2ddc5f2765cde8ce0214f82f64cccfc22c98,high,0,0
2088,13b238bf30b92c8174f001d3b8dcaeb6675c8829,d3b7843bd76d7a14b452dd402c3a86a19a0394c5,medium,0,0
2091,cad806a5d059e431576e7f88204244c7fcaa2c05,0b1a47cf571faa9fac50ed4c05339a03c32455b7,high,1,1
2092,6d8d02f777edff89d36ff11e5b527ab7e531c3b1,5cce21715f47b7c763e8428309dd882729cc0b2e,low,1,1
2100,a92b8760eb4da61978a23cab044e29e439974d6b,5c42c97daec388c13bc2646de6adbb383d643d7b,low,0,0
2102,350d1fd6a6882eedff677a254b7e1d5c3c444a22,d40cbecbd6b85e6f94e4a37ed685715de573ed71,high,1,1
2105,93747c3dfec01dfdf5f7efcb6d277ee85d485204,83261a877e5506e4b31f31b568367113106e8885,low,1,1
2109,744caebe164a5d957ef398e9179254a83fbdff96,28ea4d61728c214d979a4659735f7e4406b202a4,medium,0,0
2110,dc40f69879ac95499bcd86dae9c29503c4f00696,8f0602f7978b9d40fad30e22e9052b08fa4955c0,medium,0,0
2112,daf68888bd768a2724077e7d1fe1c14ce8cff874,e3d9de787d130203520f1fcb31086efaa479c86b,medium,1,1
2118,4ee4f16a614c520b9c22eb14c8ec4b1af338188b,c7018ac2b89f91fb8c592803759948fd6cc2af91,high,0,0
2119,784db70b93865fe78243bffccc53c4b2e3a8d383,76e80ea2219cd3b2c80b91bc767042f24a0572e3,medium,1,1
2120,f781e1dd7630f2f7d2e293708dbb6c5baa0d2fd0,9927d099a079c2913d5d79571fcee108eac546ce,low,0,0
2126,90d0131d7a7fd877aad25bd59be6ed1717e4a595,a4619b95ea43b30d32646e758278b7a20dbc643c,medium,0,0
2128,74474c3f033a301b5e3ea307a5ddf5bb5d2b2e68,fd6eaf8d498940ad4eb67aa3a8fe065c645c65e5,high,0,0
2131,6a0041d5347feba31bcc93259a7a0a948705ba5d,0aa8b54b85dc5aabe132180480bb91c67ea53975,medium,1,1
2134,d709aa5f1eda5349c51efffe13fda802f526c4d7,cf7faf9522e67b6163f16a1d3a74f694a23b99b4,high,0,0
2140,f950c1336a6a581e2dd8819694425e28d5fd75f9,c90e2535c028d79ec9d8728ffe2d91e72a416b8a,high,1,1
2141,e896d5f483204338c815cb142a097f77e4fcd581,527b781f5c5042ac8bae539685fae65cddb85f1d,medium,1,1
2146,5f5ace3a189f7bc0197babfeee1f39653d096085,a4bbd4d724db831aad38e824c324bd470dde1bfb,low,1,1
2154,d1808d024672f2945743a29ca16da583f51cd97a,a123aac3bd28801f01f8bad62f213de20cf02704,high,0,0
2157,a7f9e7c33b1c24565d7224cf9a518900e56c7011,cc9dd477f25dd2d1c498520debd5d40639a48543,high,1,1
2158,2bf33b4bb3f1dc9a4b784b0b50e1c0f2b6aeb5ec,dcc955827b3ad5cd8a3252ca7f709c278935e412,high,0,0
2160,af3c446bef700b236eb070f29b75005e55de81ec,fc03083bef56fdc1df6bce69f25c7937332f3a03,high,1,1
2161,1ae918455487c6c222a9f9ebe68e67de301ab5e5,f6e709d6be3a37767c2d71482b5b27dc1a8155b0,low,0,0
2162,dbad31859f811905da4364d47af16e18a02dd3fa,24d5006df519a91b9c394a3a851860b7397411aa,high,0,0
2163,6b5ca6a3ced3a8413ad306c22eea8a792977f79b,d902ad455299c073d5d18fa65ea7eb4404f6cbbc,high,1,1
2165,274da0ce62e3581619253c44167717845b0809d5,2688de357f1341576e92cbafa3257433b9c624fd,high,0,0
2173,a349e8cb7cc7a8cc9023fc329bddc87ff6205c98,24cd6c0c049bd4e668eb59d3ea3b9f292cab7d4d,medium,0,0
2177,4686f6e9516d388dc9d8623a62b35d6499149cda,843e4bf69f43e12ea1065b5a883b45916ebe621a,medium,0,0
2183,5e36599192dc908c9112b79fca15a2623672ce37,0824cab14392c9c35ccccfc5e6716b27191a91fa,low,1,1
2188,08a9e199381979d411a594eac619a8241efd7d33,6aec16603aba403fdcb4640c16ab05e12fb14b32,low,0,0
2190,38c743dbf5e4746c607366351d8f3e4b15d33d83,6ff3a29be1abf57fa0bd83514e859a1cf4b4742c,high,1,1
2193,7eb01a5de827db1bd85886861ad8a62e8236c1bc,a00604d7379dc1ce4961bdeea1156446c9831092,medium,0,0
2194,27481781f75765e4c6cd8b2d83d55898434d8cd4,bc16827fbeaf2252af19728d5b058f640a4d23d3,high,1,1
2195,93a5f834e6457a429c56e502b8c28db8817f2d51,b4b0990d411ba6232b0ca200e63a84b3255cf964,high,0,0
2203,4e0dfa1d80470d2b22e8c33f5b3f722f8db7f1d7,41ca971135dcef0023923a1965c282babdcef545,medium,0,0
2205,31d2e93282e631c81a117192106ff07d5610ade1,955da0cd00f28becf39a480fe4834c98fdb57e7e,medium,1,1
2211,2f96657f9e056cf866c4104bcf908b74b1ce2676,ee4233fd9c6a66c7d33e2bd166b60c75a1155ca4,medium,1,1
2215,e6d00e3bed80c5c22cda8f0f07c219f694eb2f7e,4329a5f321db903d4525e4e869f231ceebea2759,high,1,1
2218,e229a52302317161af7274c4dc997184ad848a5a,539fdb88e4812e870c6fdacb81bfdfd68bf392fd,low,0,0
2221,31926cf57ac4b91d744a11bdf9e69c5fc67cf09d,62e1dfd2ed494fd3cc922df966cd8737e05891a3,high,0,0
2222,68bc91b70fb79134057150ef225cf353ea4e3ce7,ccb45de3265bd873d0dee40ffbff59eadd9553c8,medium,0,0
2225,baaabc875e2ddf12d669afeb295261a024ef1cbe,a235cdcb71116b82de69482beced260aedbfc389,medium,0,0
2227,7b72f5b6a922a88dc30d3f26482eb0c1016e41fb,8fcdeae174de2cbed36006672c5bf55d109c7345,high,0,0
2229,6dcbe7ffe51cea934d6c21eb0a349f9754371317,73e96dbc8a9cfa392daedd6c98dcdfd39f5bfa69,medium,0,0
2234,3b34f26f18e204a462665bcf0794b6642621af4c,49b320b114c6d4b104e73a83c7a630982f5290ce,high,1,1
2235,200c95aea3ae7c92e2c23e912af9590f37142e5e,58b643cdd0fa3249d79aac21b808b4ba18974b5d,low,0,0
2240,574e165d6c605b1b57767a5ea869c3d6d1a38987,0d05d5218fc2b1be9227ca113c2b75dd3952b69a,high,1,1
2244,a24f7cfe459cb39385fef24c779a412e00a5822d,16cd7520f36d70b6c61b0d910e8a4c010f4e2a90,medium,0,0
2249,c492fbe1b0a45e3c72562919582426c748890c18,d585020fa889bea71f4f029fd2274a64769daf56,medium,1,1
2255,9721540ad14567278e2dcb8f3b757ee006c240d2,ef76f936ac44898fcdc032ff4d904dd2d50b6ded,medium,0,0
2256,96b9bbb04f71a71e2e342853ac3de3d3cbbddcd4,da8504879b3862e791f6b74b1cf8d45f7ea3037f,medium,0,0
2257,004f5321c89940d07e2c5d363795955a908355c2,02c4b35c997b23dc059914202b941bd9ff22c6bf,medium,0,0
2259,9597f56c9e79c38e74ceb779ae72abbd613f03a5,178a96427d93ab3aaab32819dbb130541287d03c,high,0,0
2260,6b235d839a3463febe449d9a9550d7436e6ea6d1,474b6aebd553ddb1b26027081a546aad81e6e526,medium,1,1
2262,26f3233d26d2d086723c3094332dd9ad89f1a494,41e13015bff17675d6ef10daf2fcf3beab70882c,medium,0,0
2268,c209b408922faea275598e78955abdc1d3dce486,369373ca634ea0d8e583aef66f97999fb464eb87,high,0,0
2270,6851d0e3d03789ee5236b3872b56cc63f0f5cc73,78e295e2a3e992e0151aff60121aa075cbca1bc1,medium,0,0
2271,4d8c58bb348b253d3a9603b4b768dd0b14b9561e,ae5aca35ff9c1cefca857a625b1b3d8b98849034,medium,0,0
2273,d1d4cafe41c31c0032a1745d35c67119ac8037fb,005db994c5c31a8ff3ab2cc0c0c2ceae641e13de,low,0,0
2277,ce0ff6b8b1835f55bbdf1ec4b6925d4c0924be68,61eb1fb81d88ef2a7237994766103675a5b6e489,medium,0,0
2285,029a55ecc6f4a66b30f025f757b07c6474741104,d1cdd33aaa7ee668f43e7ed81676dbe24bec429b,medium,1,1
2286,6cf6d65427e018de20c6b57bd95e00e2ea3783af,a58f9dceb080696689b71d2e701a096c9babf26d,high,1,1
2287,a92b8760eb4da61978a23cab044e29e439974d6b,3f6a28fc7c76df29f4857443f5ff734141b517b9,low,0,0
2294,b04a3c65a5ffac2200c7606b1e5825c2e9f72f7c,741b82032e296eca5d360ba07f95dd8dc3abf421,low,0,0
2297,6258e28e4b875e8454028e4ad99daf28655621eb,51c4c19fcf91582c9f54296b07bff712d7d0f114,high,1,1
2302,5f8382e3f4d7b1b1c59270a191495676a8af497f,b6a9f34e0a2ef74ce8c75240c0afda01384ed8f0,high,0,0
2303,a172f33645b01628e26bb0fc8978f6cc202e6dc8,25da0cad4f466f3ba6223d1aca5804724d980339,high,1,1
2304,76194527744521befcbc61f908f39c084b6af88c,7507929a1f1b3a6a5f70d00f61acc307a944a6d6,high,0,0
2305,9300156744865bf4a795d2ff5188d9a9e2746376,6ac9865ae159b7c9c82eb2051794d8ff93ed6152,medium,1,1
2312,6622d2da2f8807d1db5ec7d8a10a1a3577664645,cabaf66d0e92fb826f29a436a877e6847a6950d2,low,0,0
2313,1c313673c7a0b03516486ca3e531e3c10fd78c69,0f1ec060b3422c845ad373baeb29e132922538ef,low,0,0
2314,0937a51297d0062fbd030196f40ea54b4cba7271,7fe2140c4e4fd8f2f3d276dbdceabe07231a89ca,high,1,1
2317,54776f902abf30fd947fa95703ef73c06cbba176,8fe90ce5e392a944b707dfcb120d32a8b81a3db6,high,0,0
2320,e3f9fcad88c7a78ac2b01eb2dfa9edabd0e5d3b7,0c64b9ef448ccba24df18cd6f1de9a58b04eca07,low,1,1
2321,b2a227951fffd08564dbc2aeb9ce2cd320a8e9ed,7bff3145069a3de46794122bdd0121bb48105ef5,medium,1,1
2323,8aa5f5d3056ac9063df3f9dacc04ee8ba48b2b24,b2ed0475a4d7bc5ed750ce11d6050860bb7e74c3,high,1,1
2326,1718301ec18d2a4ff87dd29b5e1e600188558fa9,1767ca981a4d82d0428de76623af1445ff28ed20,medium,1,1
2331,b8b2593a75cebe35fd96c5cb8f04d58fb85c2fb2,e24c6c63636e890c909cc0bef82a77f6096214b9,medium,1,1
2340,50a64c96318be90a5effcce0d62f7efd7be36b62,d660545d188348757a34fdef6cf092f40b429476,low,0,0
2343,52886a05580fd92b2dcc5f525b62d5a9945a9ac0,650facb99798a25b3fbf014c3107c2684b195e21,medium,0,0
2346,9546c90c2ba85ebfb7fac24c0e86261d126d59ac,57e4a51ba63c46567edb0269160dd8805aa20b6a,medium,0,0
2348,debb0e22824913330449cade1f2ed41357974dfd,23d6d01997e606897d2d494ab7188ffbbad32030,high,0,0
2349,bed7ebff07c79cf6a90ae522dc3c951c70f30498,a3f43c232237dc40b4d61c113da112526c9ea53a,medium,1,1
2352,b94cb8b15fdb5e9c34a440c88dc0645b12d27412,08aeb446b2cde6f6810b72f837d756a8fd8ffa98,high,1,1
2353,6eb14ed2adbb59a8dcb010f1b887aa93a700f017,1407d2ce29ae81e4d80c5bf518563f61f5225cd8,medium,0,0
2355,8bf3310e30fff7acdc60e5107f8a1faf48ac0c31,10f52d8f46a7e02282c8809f80c6433515fb4d88,high,1,1
2356,35daf6422c4f87ee393717498cac8fd50ba57e5f,08dfae86890ed38f527733253a3d4e9ff69d788c,medium,1,1
2358,309bdf91909852ee6a828c61820063f29f28d27d,91e04daeb27a81e2a494d4282e8f80c17c212259,medium,1,1
2359,77913b28ea50fa1c5e5a0b4ece66d8d1d9502849,d3d77121d194f61ecfd0c3a322968a0dbf610c47,medium,0,0
2361,f69cace1966b53b696384360bbd88d925c24b60a,ef7995c3c500f11e52d3da7b76bfe6d0781ada2d,high,0,0
2367,4205c159c5a09441f1a961dae34e1b62ed000d11,9563cff460b432cacfd2cebdef4ba1b0e5457cf8,medium,1,1
2370,76484f04555028faa130bc7e198a39c97dec020f,88226255ce836df91157a47a434a0446b126b634,high,0,0
2374,95fac4045616124ad11ac455844c10ed04df94ca,2c5eeeead5523fcc711a756965b06b744106fd11,medium,1,1
2376,22e08c84e71477190d6083d7098f65205a6cb639,684f7f5d18d7c524c6121c1a0fb1aa52f48f2469,high,0,0
2377,7413747d454edc3ea273ea4b435c9a6948889dd7,5cb04ce3bbfc085b6798e9f7db481dec0abd4905,medium,1,1
2378,dd57858f5eddbd24efa6033ac6bd3e25de738ec7,f1691c393c6e833f84cae9abc0e62053d304a24f,low,1,1
2384,0b338d1e49471d77ef90535af144e01e01a2e568,23c7964425612c04d9f12c73943aebd133afcfe3,low,0,0
2391,3b6b790bfcaafa9032521feb642209d2c27afbab,3497bf0461caee2ca927a7ddfed645e7a3da20b7,low,1,1
2392,cc3e798ee9173f0c7ee698baab4267edce8ac70c,f28e1076a07503737154bb8c18dd4d0482835ab1,medium,1,1
2396,4a6a8a405eaaa7b6f8ef442c2c061548be4ba745,05151cac98a19002d5aeede700c34032a63c17f1,medium,1,1
2397,fa814dd606aa59a305adca9646cf495c61014547,7e3739164b475eeca9e624c84dd5d3823345ed60,low,0,0
2399,62dc6d98b35f631494cfd813c07bcfcfc6a3f52b,1fa920df660a5617fd23791b588911485b7cb449,high,1,1
2402,ea6ebd608bfe792fb2f847e8b810353e345eb2c0,4e70ad8a50b3faeaa67be88b55507e17d1bba490,low,1,1
2407,1d4f7371fd51cdd4cbf022e13b32b1dbcb5b4078,7dac4b365a79744e6211b9cc4f4243ebac1a31a9,high,0,0
2410,8f41f9c9d4fd6b25f0d65b973c74fd0c39a433f6,018c84b07a5515614188a6522d887563803e2f96,low,1,1
2411,cbe1d82ade74b486af3562c8b26c11d6be59a947,509a3a2130df26668b092bf9215d337b0cdba219,low,0,0
2412,b77853e2c574eecb0cefa7909d2ba4a8e9a9b2b4,6be65bc263bb0bb755ec01fef8187fba3473bf0d,high,0,0
2416,9b868b32fa942bd4192efab98e0b09ff77cf9b10,79437df1cc9c05105bfe313ecc7fe223eee7fae2,high,1,1
2417,a9b091eafd8af62eb5dacc08a623488bb538c474,622f1390a3cf1cbeaa13fe2a6c899853c45a7e75,high,0,0
2425,5c9481e9d6da2c1c3c2a6458a38dca4dcfc65929,d858ce9255a167a51453c8e5256e43effe0f6967,high,1,1
2428,d1b143a7c8ea6fd9a0aca62bbbb8071d43cbb159,0aaf4f643484963bbee38507a9780241b35104bc,low,1,1
2429,cefc0a082ca8dfd4e89a39a8efcbcdfcd5a06b12,7e75add83b0de46ad57a1c09a9ab9918651b4e2d,medium,0,0
2432,ffb0d970eb4e2c326ba0924e8fbf8170ecd2d206,f99c699523a7523f8f13ee6fe4eb92f9a3e289a9,high,0,0
2437,de8d903d6f5429cef21a2f9513bfe6d93eb02d55,29a972b1d9e1aa68f3d047b3bd3ec0631a2bdc75,high,1,1
2440,9300156744865bf4a795d2ff5188d9a9e2746376,adb7574311d6f0ea454c3591bd44395cf55ea0dc,medium,1,1
2441,438008b5a86adb1d1e7aea89622ac38ac2948820,9922e86cdf1739dbf9a82dd097b424ff063dc8e5,high,1,1
2443,c169b3a2e8dceda039aaddd1816265f849acb485,2af29300df10da9e3cdcb35e1981f3593e8c00fa,high,0,0
2447,045521439ac6d548a0e9fd5a05b7776b27dc6cba,11890b2d08f87e2059a11cc6906192152e5ccb55,low,1,1
2449,7a13007168f716d04d3dfd7871ecba9a79645f4a,2fe06fce630443657c1d134d4ef25ce356645cdd,low,1,1
2450,f6cf390e32ab18d44d836b0b86aa59b4ff15d52c,42d4eb3f99618f88391090b47d403984a2f0a39e,low,1,1
2454,eae35a6fc65af26089fc2dc893a75725f794bf02,0346418aebc4db3b41d52c746d8f623489acdb2d,high,1,1
2461,7b72f5b6a922a88dc30d3f26482eb0c1016e41fb,0675cdfafe449ae74f08bdc3bd3841c6b7e12bb2,high,0,0
2463,fb67bcc365f6f77c594b43565955516d20a6dd69,b3b36f3340c831265b77c723d1b96199cb765c20,high,0,0
2465,2bb11da3a275b21ea75129720240b86e8c583862,cd93a7bc0672223479e216a084090714b71dfe4f,medium,0,0
2466,029a55ecc6f4a66b30f025f757b07c6474741104,af1d02e12e04a3639bc09c89c592f8d1272b6ec7,medium,1,1
2471,908efe09b80387374b86bef7700185cfb14e11be,9d2d0db80dfa20dac97b25c9309020891055d13c,medium,0,0
2475,9a834ff1ff6449d3a03b0429c0d828ad1151372a,17895963bf09e2e2347f238c09b6a01828947ce8,medium,0,0
2480,8a5b03471d45be11a908868677926298fa25a6a3,80093fa532b4de9da190950b517fd8b13ffa9bf8,low,0,0
2481,475569a27b882b64fa65aa5f5004112c6db58094,cd0d8085e5292baa5269f103a089993e4b59a9b3,medium,0,0
2483,fb292fe7536ff11736d5e0bdf42909fb6be7a29f,095aac274fd94194a0db379cfd43a3d4e1ffc7ab,medium,1,1
2488,fd09988aa3b6a5d54ba53dfe382f377a122e3205,e6d3993424951bff67078125f96d1ce4505fe8b0,medium,0,0
2492,4a17aff03f68ba17658e62f222e35f96efef3f75,5fb1329f15ff19bfb09616c1303b26e030e5ebb3,high,1,1
2493,78a5bf5bae3cb72eeb353917b10ce14458e0d8b6,18589c9886c7202484005946e1869f2d9a76b88b,medium,1,1
2496,51f74ed211bc0bd360edb494a3e5210339cb2956,62a26eab8ca48e1799cf1804a9b0773a72be259d,high,1,1
2500,367674000f3fa187cd9b67c670de4aaae9fe250f,f3d48a8cf6ed8192534fc7e94704475c330262d8,low,0,0
2501,c88c71d87b3ba5104efb3b79bc3a2c3e90425272,9fd04d21dd2d79ac328b3a0c97248d74582bcf3d,low,1,1
2502,8f2269e60f35fcb34939418b72e7657ea0f73895,295afe7e73487bdaad643e5616a446c96b962ac5,high,1,1
2509,7a0532ebcd29bb178fcd33c37434f8c4573e9438,159b9e26aebfb0514619d7c30d47cd628eae5179,low,0,0
2511,1f8b0e2535165e1a718dbb8d6d6cf7559a79c1c7,252dd244e0d542d540b0ec564b7f80c848c5ca1b,medium,1,1
2512,8015f6643d96e0b852169481cabee714c0e031d0,ac2b176f098adc65ac7503e57a05237216bcaf21,low,0,0
2515,3d36f50aacf13211b1b52850cde5dd5bf603c469,de00e8bb9d345f877f1140f28750e332954f2bb5,medium,0,0
2518,606ce685e67f458078ee0cd2f92325240ff706a7,a13ce1caa0e1fced16c25f8f7c4a7391d1d87d5f,low,1,1
2520,125e292aeb32ac48813d87a231ff363a7750df99,94c057ce27ae91382692ebbf377c03c7cc708395,medium,1,1
2522,64fc69d6e361b13fd507bfc7a19d7ef396491510,4b4ef35718e1886ad3e898403ac5c0711be190a1,high,1,1
2523,5b741adc88ad5b3c83b23fa0a050536e836a5e56,d740da5bf33ffbdd4a8ebaff1230a9348598af0a,high,0,0
2524,f4877b0b66a6a3990df65ea86a69fc587d6d4745,cf838a54f5a86a5b5e4bca35c94be512a3944eb1,medium,0,0
2525,62a72ce7dc307580f48f19c2406a37fed77ae4c0,a4cd3575e8b029a91686c1afdb75b71273945ae8,high,1,1
2528,aa62383632be9a7fcda25ccf439441c3353c8dee,4c4dd17a1c73c343e9ec5a02c29a498fe7f011c5,high,0,0
2530,3b7354262bb3c9e738957e32643e52cbf5caca73,9f13bd4b2dd98253f7887a6d6e5ce0db046798a3,medium,0,0
2532,8b20cb055882b169781015f910ef72163728c0ed,54457defc834f4bbd340bf50f31360d3edb7730e,medium,0,0
2541,77913b28ea50fa1c5e5a0b4ece66d8d1d9502849,46ba6bd6c8c2dae93d2c8c6fd86913d8c0bf2e83,medium,0,0
2543,e269ae8eb5007e376bfa21a86677290aaa87d499,dfefb51751cf1541aea333f85972b0eb4f5b1fca,low,0,0
2544,df49e3b507d5472fa17955ca4670b2313d17db1d,f92728027ca51a84e6a747cca8b2dc8e2799b118,low,0,0
2550,77da0c2c4c2273fb48dc6459a41f737e544a731e,967949b2c97d0a2261997e0a34223fdcabd78864,high,1,1
2554,69f5d5afacc92131ea9bd5a700fe2443610a29c5,28091f229f741afc6936ea240e46cef9abb51470,medium,0,0
2555,cdbdee623ee99f2feeb2ae47661e0448081608fb,3e6af66ba6c83022a52aecd02b094b3e01bba24c,high,0,0
2556,b0636e57194d1151903b551cc94c9834d92841f5,acd27774775b8e0108d2b4ecba1bfaabb60c6984,medium,0,0
2557,946e27782a695afab0499146a53357e9955ff11b,98a1e768340126de522b8e81f8527333b87f5aeb,medium,1,1
2559,68da9c2c5b045c984abe8384077c4fdd2733fb95,9394e17a9d20e78d394f0c6ecdf326ffb01aa6f6,low,0,0
2560,33ec2a53c00c3250cd435f8b17d8979f1604e924,d43a6bfc471f6e660a03d877e1debf325460f4af,medium,1,1
2561,c8db176032e401c5984a4437ddf769f14630e878,ad0c9795b052f790d59034ae0ba65d954c22b688,medium,0,0
2569,8d2b334e6349d19804da3ea628684e8cd977b796,19d90156b2bd9402d7aadfbbd481ca8e4688d859,low,0,0
2573,e4d2997a52f3e77c2196bb3015ac89bdc2b617c5,9e42997ae70735e1b3e9303bb92bfda7fb5db984,high,1,1
2579,bfc86caaeb33c04a0112751a75a9b5a629073dcd,4eabc2f1b5790318c124d87d11c222685fcfc9d4,high,1,1
2580,7ce2c4ae9e42ae92ecf0692575f533f940e906db,4eaf86fe600841b485e193b6781648649b66dc92,medium,0,0
2583,95610bd940a1e858471bd50297a18567af97c871,e45ee47e6a960a49466965f6d220f2e57bdf5ead,medium,0,0
2589,85e98add0fdb29ddd3105a4b0be9510aa5c9f1d3,bbfc3c7412d56c9ae2d18f4d65ad536b7892b4ac,medium,1,1
2591,3528db456a3dc80a7545d1190cb027e1886a695f,49b69760f0d4be4d33b3b030781661f9be7fb7c5,high,1,1
2598,27481781f75765e4c6cd8b2d83d55898434d8cd4,56a95382d026b2bbe6232a3300fc62b3b8664bae,high,1,1
2599,8f8352fd067e52a3e9167858af78c3f765e7f2a3,e5306bed2bf32e179b0569e2d5cffb8fdf07ae46,medium,0,0
2602,79f3eb039c3f000fa2965b4baa8650a9f0e5f80e,9deadaf31331b499dfd6138be5d701814fb57859,low,0,0
2606,f773eddfad568ed0031aa3a0b3defeab8a693f43,c97ee888455766d2f84b00820fe438640b8631c6,medium,0,0
2609,32a9937ea70afb4ef424a797d5d8610c13375723,cf24f79be8500159c92ca3b08310d4065a3a31dd,medium,0,0
2610,8eb4f2f639b677b8e751c7b0665127518b94e956,dc322a7438a1f5b802130b15b1a96faae47bf8db,high,1,1
2611,9b341faaf96434a02b80089ed5d63bb0a6fcdfba,a4a526ba57ddb633308bb617938cfea2aade45ba,high,1,1
2616,5d82f5240084da4cb97ca411e1d686f0fb9ab9aa,bb632de49072a5295b94ecb8fe353c8af95caf0b,low,1,1
2619,a1360a67a061af1da94ef8f1b76ba904124b07b3,9c4b584651dc31a1aef10add42e81d9d51238718,low,1,1
2623,c9be108bfbe215126cbf413816e2dea3d6dfe338,4d48d05d43a3d4c8dcf241893109e89245450897,medium,1,1
2627,74a43542b5eb1be5887e8bd5c888453dbd951b0a,7cd33e2c55503b53e2cd9f8cd1b2a05ef1f69db4,low,1,1
2635,a8bd6353297ae21552a356bffd4f3df145f3b9b4,99ee914eb725590e037c825a93737ef6d02f5a25,medium,0,0
2640,c22f6cd37dc344a881c5c9d3f4c569603016af71,710b428f3eeea66971d592dd1d1c5e243691d92b,high,0,0
2646,e47cebdef6b74cb0fa10a38a01b76bf1c988dd6c,1664e6e02ce9ef6ed6cd23ecbc7028edcbe3443b,high,1,1
2650,ae6b8580c9805996eda12fb4305a13b65bf4fa9a,92d8dcb4ccd8bf65f1a070772f7a2dce5af30842,high,0,0
2657,1638db5d66051a0bc8d60602350f97ec25ea3859,507ec81f068af7b301da7ee2e74e5a554fced6fe,medium,0,0
2658,54d9acde9aa71aa8d87449cffa0e6bfa3f301828,b9be6aab109d256b440888b7d87f5d475a1a63cd,medium,1,1
2660,e4dd5e425e27d782994c963c2d44b7bf2a3fc02a,2e6094d3a84c59e34645890dcd30b5fb146921c6,medium,1,1
2661,b2a3b3a44aea2b25a244252c6d2b855c144a45ba,0db9e821ee00f4c92bca0ecb4f0e5a47725b22e7,high,0,0
2662,8927c46fcbc3afb68de2490e911e8452d578d722,bf77dcaee1cbb718192a5212002971600992b606,high,1,1
2667,31926cf57ac4b91d744a11bdf9e69c5fc67cf09d,53d6976b26608bcf6259b1a52fda227a1d51dbb9,high,0,0
2670,41082f9b36384abe22c310e9f674fee6ab639c14,fe1529308fae7bc3128c7485df1cbc488740b5cd,low,1,1
2672,46d90217e70ac1dd50fdd57c9d31dc9e9d769c55,5eac396349ac02fbb33aee9a9a4c4f511b79f7cf,medium,1,1
2673,78a5bf5bae3cb72eeb353917b10ce14458e0d8b6,1f8688ae28cd48f873e2f47414d7c49a13966305,medium,1,1
2674,90cbe08cf5dbd9259041b167cc011660d75ee54a,514732e28d3403417b2588d81934e40bd17e9617,high,0,0
2675,d2e418a0afc2365bc2be0000d8c714f7ed5ac555,ca78f947d9bacc0925204f581f9908f247b5dace,low,0,0
2677,9fd3dfb2db3abe38119986beaad56a92671b0266,994a449bfaeb1905326a98f2e73a209114e12369,high,1,1
2682,7f5f40c2812b9d8927241771b7f7072567e7bd59,3ecd40e6ae846fb5f131781f3fb3a6a320451b63,high,1,1
2688,14e795a20297f6d5a8bf27529f66effa121a2701,c6515f3519f081a2a034499fc57b6684bf1235ef,medium,1,1
2693,3f7a2c3ed437bdce2dede129b5ce7fd4a937d2fc,ca1a33ccc45b6aeb1da9a077c9b7485a532bfbc8,medium,0,0
2694,8e65703ae7a0da9f9b51abc5dd657ba18adb3b8f,b242a4e40b295d135cf8773e8252f5e9fdc4522d,medium,0,0
2696,8ef2991e9490ab1d6484c3196e1ad54ad01c4825,09fe4bd84da92359777c8252f525fc4e71bd28ad,high,0,0
2699,ea4044a3d49f6f7b0979e00c5bfd5808d1d45fcb,af9c0914aa5ca656d4358cfa0f0ec0a324259e26,high,1,1
2704,591c521baab6e05239daa8dc8ebbe76bfb0a38a0,cecb759dc9f2a33974e8d4e130c79bf733de51df,high,1,1
2705,70cdbc7619a966333df2ecda7dcbbf6b490641d0,1a6e8d5b7628d63b9c1571b7f12e8b85a3ff3120,medium,1,1
2706,75a9d4ed82e8793b0e6fa70149f1f389fcd5850f,628d6ab734706c79eae0d7090fe9b5626d23eae6,medium,1,1
2707,158d278b46e72b04d938e4e9b91338b75d64ec9b,98c56b9bf4ed96f9316a30e7e4e845645b61afe6,low,0,0
2708,e966702323212ea6f381fb88bfa8bd4390b3a0f2,1a15f393630875293c5cdcd61421c29ea8ffb7bf,medium,0,0
2712,c2bbed2a6000c7f3dd7df61145eec0d4081abe20,0feb623f05a221dfb924e28528fb4745e3a5b4bd,high,1,1
2714,2bd8197ddf96f01ffb0a7ff45b921fe6f04308dc,e98faa8fbf6544de9ea63b57383e4a327c6681c6,high,0,0
2719,894de95f448db4910e715056c0e5e313ca280ca6,dfd460c7588d7c10edfdc2d81978bfffc64e3e73,high,1,1
2721,8422455b890728097d34f8d4958e0f6e3793b0cb,bc96db730afaa0c89e9bf690dd3ed5477dc20cae,medium,1,1
2725,a648aa19546094e5479f63ac35ec705b1d31d64b,720133a2750a1a6955865309d6860758da73954b,medium,0,0
2727,b6ae8dc20d5500e6558f8c9696499a0506d9cbbe,d4c60aaeeb1ba4762ed4c9bebb3a079f47410a39,high,0,0
2729,fb568c3e2f011062c8868e69a6679535b08cbb78,c2d313e9f2ce7320c4f3e7180dc180f167584665,medium,1,1
2731,c3755680af9dfd75cdd3f0bb61b40372ae641bc6,02c3058e8f0bc35ab3c96aedf2dca7038b8d4804,high,1,1
2732,fe57704847052e8dc9cb6446983156bad0dbcd24,b0a47538360d1ee9526d8c0ff1eda6a893d0587f,high,0,0
2736,50a627a2215c399d240fd00d62581a12675a2141,154098e202fc9c05e3e425ef7389086c22763a4d,medium,0,0
2738,e250ae9ea6a98d8c4d80c03eadd8527ec7636fab,e467237d2c836e2d71b17ea0644b4757700a7773,low,1,1
2740,48594112d7587c4215aadeef9b9e087dcac49333,f96fdcff2751c3c23c5112969a97533c13092dda,medium,0,0
2741,e2474b05bd452987bffb79dec163161d04bf0051,8a21837a86bed095d53bd46359fdd53d338642da,medium,1,1
2744,58e480e905ae3c06a596d7490a83a7288467202d,e07acc6daaedbd933b70cf55374c9eb522bc9cd0,low,1,1
2746,0e0ef3e5963964554b3d27feb60fecd82dc9f0d9,5bca0858f3df654364c456582c1464e155ab441e,high,0,0
2748,db64977cf5f396fb7572edf72480f738c2844d3f,a71be0293d64f2473fdea979784c0f91d9f0fac2,low,1,1
2751,b0c4c46beeb807c09dbcc315ea401013dbe75997,95f7bd7af12b50cbd95d41fe2586693f78d2ffe4,high,0,0
2754,fb7f3c26d01217410611526746334e250f6f23f0,92d83e33315f9b50273fd1c30d905e23f6513916,high,1,1
2763,98e6298a1997441fb18f61b1308a3c4c0000128d,04e9a8baacfc23b5ffebfe5bf6b5445e2884e5ac,low,1,1
2765,64b00739676efe129ac1508d6d32f2e8ff6100b9,637d1916651e44731cb974c3a2e5359e56ba778b,medium,1,1
2766,2a54a2cb72ed7860b1480ca4bfcc1c15ae6b11c3,e0619f0bdcc4939d8167eab651fe66bcbc8cc306,low,1,1
2767,759cb0808581c43121baedaaf8e759e52cc359da,6f63fce6e7f57fe205586b8a138d5bf50d1ec6c6,medium,0,0
2770,3729f93a712f59db6ac372a2fb8d959ccfe27c5c,9b01505cf732e96a9c912b992d37b8ef272e52e1,medium,1,1
2771,4bb973b423ac87012ff9a90da0446bcca09773e6,5ded93a9a47e5972f3f13a16ace053b69e383048,low,1,1
2773,2b8a37ec8588e5535a83b3cdc0b3378f3d783783,b8ee093b7aac049340d186a9d2b57a1e2508db5c,medium,1,1
2777,6471f240d7ad0c08df85bb569eb63eeeb7a477bd,3c2ebe6a97968f0363abcf37f771642a367a29d7,medium,1,1
2781,d3f0dd5c1b87e33c862f4756988c8981f40825dd,71e44a66403db2ef0d0d1af6740d93b83bc7a1d7,low,1,1
2782,a4b51a568296ed52612beafa4b09ca78e98b1694,8d81d41d4bdb9b75fa0a582e41113f4d647d446c,high,0,0
2783,bae6b71c5694714f057778583dc37a03f12e2083,42e25a365aad291ed8c3ab0b12f56bc84e162a4b,medium,0,0
2784,f3c8592256e559cee8c3836243cedbb681e7a300,add5ec9f33869d5df547640e7ba3beb6c650be35,medium,1,1
2787,3feaa763dc624dc8d4707cf47f59d86e401fd6b0,6c323ec20038e294b0f5ea1350a9eb8a5f631c00,high,0,0
2799,79191c7c9fe02129fe92aa2868e12435482541e8,0cb0ab993272423a30119444f0703050ca283af9,medium,0,0
2802,fb74182b69b4606e822323fc7fe7010d267ea8d8,6e355a9a7fb26e5057ef9e46af798c89b5c9758b,medium,1,1
2804,c5edbb4242b048e2091a26fea2e026e9c5da56ca,2a172fee20b158b37a2cd46f8efea04d3d018a6a,medium,1,1
2813,89e1dba7b9282974f2c796f2af1226b4e01a158f,cba8a34e6705386147aad0e2594d88e692ef5508,medium,1,1
2816,38ccad26f85d857e9e83b815397b54887aec8dc6,8fcd34d17caba5f1f0530918538d395745d2f0b9,high,1,1
2818,4033df232942ca76f2d68c1501b58a2fdc7ceff5,9fcd1ef58c9f6bb2fcdbb32c18b5bff0bd3dee63,high,1,1
2821,593b30863158997083cec5a0620f630ac79a153a,d6ddca2b59d2d56f8638a375ff63ed33e20039a8,low,1,1
2832,a8713891aed7564688c403facc2926981a5ea8df,25376c9b543e873c124567096d07615432746f71,medium,0,0
2836,f74429e28ebcd007abb3aaa6c77b4a5562e6a1aa,cb66965ca876fb2886996591898a9c094ad66536,high,1,1
2839,a91a01ec6afd4d4b89c33eb8feb028d99b8826cd,82ececd02c80c5604ae4091192534e056be490a5,high,0,0
2846,8c91d58397c964069ea9f7ab9159faadb6e4ffdb,3e517245c494a3ab3d7172cdadfc3bcbe8c1d034,high,1,1
2847,f233af457e916e97cd728ccd7e37ee1959c8fd06,a1806e5f08c2396a153ee945ed3636954ae4b396,medium,0,0
2849,09cecc9e3d8940d38e44411ec1a3dbe5b58388f8,5bdcbccfc250413dacc5ba6f563ec7dfa491a95a,high,1,1
2854,4e906445ddc3e4e92cc282c3b1c4609b8418ab64,18399bdaf415733277b6b1759bcf1b7436d3d221,medium,0,0
2865,d65c9be93fe4b5be09576c614f2f7915bee41900,cd3b311c146baa1cfac17ee5758eb8db41da3efa,high,1,1
2868,ef1261babe40e3e4ba61cb5502a38389c42fda58,fa82455eef7d8fa8b95801307b272083aca8f657,medium,1,1
2872,20a21c30dc235b3932059e79f7e94db7c66a6465,ce9de0f1fb7f013b346fe561b63c553067573fa6,high,1,1
2877,b8adb9f0dfaa57765d2be65ebb6ff73cf9ee29e7,199b26c796f97c78873402dd84fcb022ae6b13a2,high,1,1
2878,07d8a0d416b5bfc6b34940c575053bb4eac205db,06aac7a1082b5d7aebf24edcad1233547e3c74b9,low,0,0
2879,745b7f068412b64e8a5679836d9abe4e26fe19c3,e75127c87441249cd2c80b447c7bd5b29924968e,high,1,1
2881,d9394c9145521fa8dbe14f6ec84f7b78e26104b3,6610d7ecb4471a980b7f5b4c56dd8cfff7abb748,high,1,1
2882,1979acf72818e6be5baef7f68b832e41227bc0c5,9e1ecb5b81b190b3988bdda7084aedf104ef6776,low,1,1
2883,4e0a9dbc2cb7fdc54edde4ac23ef7eb50cb6117d,c9e2634f3ec178a9e9b75afa47360cecd375f7f4,medium,1,1
2884,888eb8cbb09d4a89aea8632689f358dd335bb69d,1a088eaa102f21fa3712cc4b9b118eec03215042,medium,0,0
2888,3b591a6d37284603746aa65a92cad793327a4eff,e80d3bb2ed2822e7acd38fb2638b24fb78f0462f,medium,1,1
2892,802e70413c125c51cac469a2229cf8a4197b891b,08d0d387a60f3fe319db8d17cc2e1a968b2ea1a6,low,0,0
2893,c09c459fd25d301079c0a6f70b542b76279b8213,ec532b237f35e882d7ebe4fbe63784ce996c59b4,medium,0,0
2896,9e98431376634c37c950e85dc6f8f0d1d81b23d5,866f48bd4579e3d60f7afee8293b0237f454d629,medium,0,0
2898,6443576eb502c6c4aa12150dff9f96bcda024ebf,968c35eb7e2e317da0961c745a3e1ea6d39232dd,medium,0,0
2899,6864c99b1bb66c35a7d36e4d987e393e6bb009bc,c2822216e120b8e29c3c612fa044710f71950bb0,medium,1,1
2904,7216cc07b5535618579e3234eb73acd54a99c04d,17bad5169d0c3bc11d338de9a2fc964c1e815864,medium,0,0
2908,ada3eb30e68f301fb40d2496fb9398632467e9f4,a30e25ce23bc31d4019ee834beafe07ff66f0d9a,high,1,1
2910,a10d1790837d3e3631ca9e138538463468fb1ca7,2cf528f60439e35a915246d101d8462068d3c30f,high,1,1
2916,8b0fa2c81740c24984bf3052ead9ef7257514563,71ae622240aa15e569214ec3f789c71712c8c539,low,0,0
2917,84e70249a455f1b2f3f172755a9d7d174504ad06,84fa99182fe5d05145363d3dc0ecc38952f3437a,low,0,0
2919,8b25855128aad2d53f36e4177d1b1011deec9859,f47d696b2442e2787f71a2924582afba101dd72f,high,1,1
2922,a05d915c96936d624e29456e27f4314f5c11e573,5c4ffc64ef6660ab4b5ad2618754b0fa707c8dfd,medium,1,1
2923,083ef2fe963161fd46372b493a78fd35ec89ca26,ec5c653a3cb2b70ba2da4f32ea782c80af5e3069,medium,0,0
2932,04ceeed31da09e6fa477106435d4f59a69694b6b,2da65372df9bc517b058f504bb451f9c0d5385ce,high,0,0
2939,40a6024f21e31ca94d8351fc8f6c66d7ac1d6b7b,a7086c0495d04edde36d30782c8c620aca452f69,medium,1,1
2946,9ec73ecd9a6d6e5276d2c802d9349e6312779e2a,f7f3209520f2ff48540a31635be8a145f18abe36,high,1,1
2948,3ee6f7bf8c86d678b46971fc23ae88dfe3934e76,2f9642c2f5ef45212d4e260ac1d9459e1e5d599a,medium,0,0
2951,6321ffafed3df3dc5e9c6d3f30126fcddd14062c,24da863e0badbe8f4e0f1737268d70a0a7103472,medium,0,0
2952,ef1eba01b49e76a613c099d0e818fdcba5abc9fd,91972dab0856191bd546559d4c2a8223e8c79c52,high,0,0
2953,97f8ca912a70e0413a33fd55c9266c7afda1201b,33a4d5d803d81972ac46c04741d5203e661254b6,medium,0,0
2956,2f5071f8ee1971f0c4542bd2a931010dc2a30eda,15289433e550790f4da80281cacc6930667f319d,high,1,1
2957,3df4f40b2f9161f6a92b2fa6b0f0566489c68db1,c4b1d967d95c693e3b19e8a9c3760a7ff297794d,medium,0,0
2962,504c4dd6d4577b3c96b9923b0c834e92e02cc5d0,c495266f50db71a936e97fc90ba3e30b7a6e38a1,high,1,1
2963,b9e94b157959472a3689a8b506fac01c3483f302,eafd51034c2487b4cda2d38631f692b03b4713c2,medium,1,1
2964,635ef325e5d796c576b971ba84a223e5ca9f5b06,06ed44db72562293da34c29631411c3ba151a93d,low,1,1
2969,3e89da59074125b2a3a2ab33f175fcba7431e873,892e41bb90af001ab97b1fe5e131f1220a5f6392,low,1,1
2970,6f90a43d780cc5638275668857ae78bd5de4ef9b,77baf92bed6399ae4ad895123a1159e17a2ace9b,medium,1,1
2976,f6e0af62ba9ca125a75eca3c946cd2cf13c4b2d7,01500b98faff526287b0fe77c938acc96ad0ab77,medium,0,0
2979,7ac753e432873a0cf730ad477bfc7deb1c78a21c,7e536fc85f30317b7ac9042d0eb776d288bd83f7,high,0,0
2982,62e8be4f64aa3799701bcc8a1a75182c2727eac7,def4ab8397b11616f86d483b00a3425fd647e7bb,high,0,0
2983,2b29d533e38dbd65d98fa4e0484891c595b7bd62,c2018888dd8c88a974c03486a196f883ee204c95,medium,0,0
2987,339d0d5cea602fe631630cc2bde2427ac7287f63,63a1edcd7d5115104b99124a1d9ed59289304ca4,medium,1,1
2988,73971f19f744221cea023121c5f2e58295b328bb,8efa73602946d4da4fcc0648a2adf14f8c4bb71c,high,1,1
2989,65e7dbc377bab225c2499fd444261b50c10a96a1,efe8cea39a9a1fa764892f048ce4d39ab7da617f,high,0,0
2992,a280873593983cc3abfa2720b812de992c3b141d,aaee82b6bf72e7179dfc8cae399b263cb133392a,high,1,1
2994,755e93ceb555f884b9a0179f9787ab7c8ea58ed7,7c1662f72ccab4418f55c0bea8ba8aaf8f32deba,medium,1,1
2995,285fd31660d3734289648050e70b2c76322fe975,7b83941e6194fbdb08ee5a4b8e4c94c2b923a343,low,0,0
2996,60cb7adfb46307ba107b92b73aac487778ebf5bd,b4e17a20fd10cb9fb22695883240a55368cf951d,low,1,1
2997,05e86c19bf7461c64727f217152703429a3eaa4f,c8d8d3c18ef00d196b8c23bdde9949c2409f1c36,low,1,1
2999,6851d0e3d03789ee5236b3872b56cc63f0f5cc73,7dd9b8beb084b9d03cac62cac244c096b0a1f89a,medium,0,0
3000,90959f4b43f74e1de52df160cda0738628ddc9d5,3a30119ae3cded02d7dfa92579c312593ca1c16a,medium,0,0
3002,5b5393b13758d621ad795ec52fca68971d5ed2e0,d1d6aed61d8690279437280f370ee085938d9072,medium,0,0
3007,bcbf7106a00c5a8888d77b8036684490b6262115,f07a7e79c72540a852414e6d0b67ffb676125d3b,low,1,1
3010,780af6d25049080f957a6cc9e017b83d7c5cbfc8,b0f71163f77e503094cd58286fe0550495f1b5b3,high,0,0
3011,d101d42f7bd855813e7a1557dc0f31c5f4f203c4,50f4844dc429e826c1d9060d5de310faebab4faa,medium,1,1
3012,46064b36eb0535d5428a7b8159a7712f2e78d0cd,89b7fb7289451d0170c6acef8244b4c764e6fad8,high,1,1
3013,224b147ada569013abe1128b1149e66f4fb5769e,5dc7fe22e7d41b7a564bbb87e5bb4dbd020d4329,medium,1,1
3016,3729f93a712f59db6ac372a2fb8d959ccfe27c5c,eecb589e5d6f3186b66f54953661a68917ed6e48,medium,1,1
3019,4029a127651ed3176373da1519194d649957ce62,359a5f83b8840b50f3abe9b7ecab4ad2d3f5b298,medium,1,1
3023,cc5443054c6f5936cef155862cae640d35cc96b8,ce05dd49ac4ac4162a50ea100d03aac6bf4332d5,low,1,1
3024,0172a377cfb484770aa702ce7b613776189f97f7,4ac9652d358cea8c341e75fd8045d562c497fbd3,medium,1,1
3031,8cec938cf292c57e1d5065dbaed325252e91b0a9,38ec74408ef33e252b81c56104cc9bee5a3e900e,low,0,0
3033,0303cb509f173bde6852bd114bb665a9a3d5de8c,69254bde043775d0c56d0464c28e4beea218c14c,medium,0,0
3036,d1a16f5da88c564547c5d792eec64b05f7871d98,3d0ed5a54e168d837d8b5befba3cca1b33081785,medium,1,1
3039,45a6df2bb3e2659a9d6b9742c584c51cc0e03b16,6c9f7f046bfc6869af4cde287d1727b8865aa3d1,medium,0,0
3046,41a971d127298ac100f1e1696e02e1a1a46208bc,ebb7d36078663a7aaa0bf3a26d04ffc15e968fab,medium,1,1
3047,5b1b768d5f81b1d266d35c2a9dec3cc45b45751d,b10d2b44be87efcbc3511b271b1f9be3f3a786e0,medium,0,0
3048,9cf4af94ad9ada5e3eae29b90fd675cbb7fe01e9,05c81021b9a1be6423fc1afa178f6f46cc8528ee,medium,0,0
3050,68da9c2c5b045c984abe8384077c4fdd2733fb95,655720c9b539a5feb12e513000a46f02ac5a25d2,low,0,0
3056,78a5bf5bae3cb72eeb353917b10ce14458e0d8b6,94c6102017991f17938ade15e4d9faea684d6924,medium,1,1
3058,5c1b20d097490c96eeb3f4c8814a31b561502cd4,6a0fdc1615d5031dabb71708b4693902b7096a81,medium,0,0
3062,8ef9289a6667c774b3e82abfcb6d2494dc8a5268,186842e0e6887136edf0a355bc0111b7b3bf751b,medium,0,0
3067,082c77731484d571aebd22de7799734af34ae40d,447400666182d7392f630b86e8a9803608c3c711,high,0,0
3068,8a807dd96034d536d8cd1f161b668bfb00d519a3,394d2fda371ba519029779fdd8de9c60ea0162f1,medium,0,0
3071,5f8382e3f4d7b1b1c59270a191495676a8af497f,76635051572eb4c4bc212baceb0ed42b70e3b9ec,high,0,0
3075,a30a2fc1fd85f858e4bcdfc1a3d67f601fea95f2,2527d2a2d7243602a8b3806a27a8a6fa60d75708,medium,0,0
3077,b48d580a17787317d651cf25dbc07f17ff0d0f33,0ab17b454bd6448e54a7f30411b9704e6bbf3afe,high,0,0
3078,a7f9e7c33b1c24565d7224cf9a518900e56c7011,79f7b828edb3f9daea8dc53239c7078901c568e3,high,1,1
3080,da123636b800a014dcb17e058b6175493de3c93c,0030a1e5f539c032c3c8314173c89e7da32b752a,high,1,1
3095,8fef9e27d76906e08b91898fd0de8117d426bb56,58a36f0a917bab0e4f165c67b75e35e34e741d38,low,0,0
3099,8ec183b184a6c580a2206ab97b6ea519a0ce38c5,f24d266bb89d674c3367745d8ffa530be1aa131e,medium,0,0
3100,8cc1f3a612c9e2f585e213a176e669e809fad323,803710d7717a926fb449d77576f49fbf56e1a14c,low,0,0
3101,50e38ee15608c43cbaf0baacee2573bf8b8273a2,f21636ddf982b5e62de9aa513d91436022051e68,medium,1,1
3103,f773eddfad568ed0031aa3a0b3defeab8a693f43,5d9c12c427ed600e1e3bc8f56755c86e51910ff0,medium,0,0
3108,4bf5b993ebed2b75a62c828a0104ea392c5c3ca1,4042f1cc8862bcf3eab4ed4bccbdecadde78e9dc,low,0,0
3109,8336220e18c7e41dc1520c89b4b72f7c154e9787,f589c5c2efabe6ab76990fdba5ae5f69b4789c95,medium,1,1
3110,5f8b00046deae74b6747b80ebc4a8a1946bc8554,68fa5ec5bca69134fd0e28822fb9a4d4c9d9fb08,medium,0,0
3112,0ad297308e42cf41185699ba731ebccc61a569a4,c11999c38f00b1813a6f6d3f154090dff6787207,medium,0,0
3113,fae7e553e9d27a51e94957a5945a67b86a5ab84c,5b23cea80d8f1aa66c8f032a959bb9dcc3dd1d36,medium,0,0
3115,5c88e18c0eace12e9f60ea8c5acfac58eaf8dd3d,154c56df15434a466ab5f7fe90e2c8a5ae7420a3,medium,1,1
3116,3cb900b1423f7f2c4a79311463cecdc132215bd3,f96d27ffa115ab84da14de88fafb87225f02508c,medium,0,0
3118,7b7878719c7734f9afb011b349e09ce7a3884c95,b12f3da70763de9403671b488a6b7a6239b649a4,high,1,1
3124,287507697dd9e71c435890ae7dc330037f247629,6429dd8bae678dd0080fb52b21233dfde6545c01,high,0,0
3127,fc3368d4694740cf9e5145083920d5daf11bd1c8,6318648558ba9d9cae71b55b9f14c746b04aa8b1,medium,1,1
3134,7ac753e432873a0cf730ad477bfc7deb1c78a21c,e71f86f5185f6c87beb30a9a5808802211f450d6,high,0,0
3139,ae6b8580c9805996eda12fb4305a13b65bf4fa9a,1e509b7bccb1e6d74e587f4598d259193f525741,high,0,0
3140,eb188d059c68dd6960e8e7ea34e2c166231fbfee,e1f44773c9252bbd1b731ed4cb3fbaf122656bca,high,0,0
3142,eba07d8033a0d0fb2c3da9e5b1b584d29fdda0ae,efe89af7d0cb7d74ecdea0395cdaa5382f4194ec,high,1,1
3143,b2c9a837172ec524085c0e9da75c1e1f86b970d3,d26e36280a9f2027684504784ab9521c9d2093e7,high,0,0
3147,427a7189aa6ac77f85fd988e8288d0b3e8c904d0,eef3a8830f45e5f19a643163b1a838bac8752b6f,medium,1,1
3153,32bc23994604ff8dc24e580d2e331028b67cc842,112c7b66ba66707bb543549534a592718c1834e6,high,1,1
3154,2c03eebe41ef3345bedc5e2047a0adc6e82a1d42,d29347451d22cf2b61195062c1252bc0a17e5986,medium,0,0
3156,f0e2b0c666c5c5645b9c162f36afc9c4149f83f3,9118dbb7bf0588ee702d2f33a87377e874990817,medium,0,0
3157,8f626f6629c0e2d041f0a513f308715cd448c721,9cd2ef3630e6858c05ce97bf099fe81f1c3bba8b,medium,1,1
3159,8325f5f6a61a950715c49351e62ac59a8fcb7a30,a72acdd463368d5ed4beef568ccc49019d999183,medium,1,1
3177,d84c1a34aaba052d0992c381902214f8cd70da36,3c37b17dad7b2aa557a2b260d7716ef1d9558a61,low,1,1
3181,56df5a30c47c25c8a25e27d1a746d2fa45512e1d,d2477d4bf5702d9342f08ec03f9ecadfda73554e,medium,1,1
3184,5c9f2f82ff6f51f9119d9e0d4ee8b3256b909274,bb24f0c8ea42811f153057ea92ad2e55af024ec1,medium,0,0
3187,4863aabce9d4497f40d90b2d98f551905bb70db9,740062e9e0dbfd2be19ec7bb99e3e8b67bd94057,medium,1,1
3191,a7dc41238e478d88a764fa8136506d8a53e65df7,42a053d74a96d4fb2b9a9bb0e27a03c549a93ee8,medium,1,1
3194,ae5746395f7aaf5e347ab79e151fdf2f2e1a8682,47d3599eb9bc14c3e36e69cf74b8dabd5885c24a,medium,0,0
3196,ceaadd8da99ced2ee3fe9b7a9228503e13fd3dde,da79c2b878eb62d6ce5af783759c77d32baff0fc,high,1,1
3209,4b587b5229315e25ccdc99a534a461084cd24868,3b56936984f361d1dedffb4015b976cf7a7e00c5,low,0,0
3210,c17321828f421bde952955e5dfd648335328da85,a2e201137cb42404ebc92c64d5cfe9240357b90a,low,1,1
3213,d1d4cafe41c31c0032a1745d35c67119ac8037fb,3ff27aaef07c57369b10e1d786240b5a8b757806,low,0,0
3214,75a9d4ed82e8793b0e6fa70149f1f389fcd5850f,f75e608e28b5cc914e19bfa68788aa72b159d533,medium,1,1
3215,b8106ca3f4c923af840f73d86573a4969f14f11e,b3231bcc4edc78cd775a3448fcc2b456a29628c6,medium,1,1
3216,7298d97cfb2c7fea906e9b2203c68972b3a63cdf,4cb6aa4a4b3b1be368bd23d558363d10edc62c1b,high,0,0
3225,ebddc39567fa86af9b6d5ce6bb10875f9aa0d2f0,13d5b7087e01b68de16eb5ca461ac1746f15c9d6,medium,0,0
3227,1266b390e73990251f59e5f565ac8314439702e8,51f0fa9ed21cbdb7afd3c7a06249df8cdccb56ba,low,1,1
3228,9fd3dfb2db3abe38119986beaad56a92671b0266,bf5f8974611c4d8a73bc3414ff517896c605c7ee,high,1,1
3233,13e26c99f6360cca8e499fcbca47921f22e8b1c7,73330335a9142a4fa1c4684ca458474949be6494,low,1,1
3235,b6f5a402d1565eff59220aa1ad6573bf9ae591b0,5ac61476f44d17b3c68d30c76a7990694ac2daf4,high,1,1
3237,a25fedbf05b80df1ed50e72373918195e8c7430d,e17e06151cbd3692671cd26b937fcfbe7524d2f2,medium,0,0
3238,38dbdc1fa33ae52e88d686c3c789b2280eb6aaef,891d0663b10f646b97ac9321effa5bfe3f0c67e1,low,0,0
3241,15348a93c994a5ecde5e60d9ba8884b4db426c80,e332577ff785eae67f7e25301fd54b0165c9af26,high,1,1
3249,89e1dba7b9282974f2c796f2af1226b4e01a158f,1a8be0daf58968b41a67097dbbd9db8e81744720,medium,1,1
3251,661bfb52c18e35a97b3fa019f170e3ed4d5a00f2,04f49852edfac8daa4ea8b6738de024294f70d81,medium,1,1
3256,373234ac443ebf34ae73d8917dd1b4fd29a8f704,caef2b256572d5d3a551cbb7385f473344d64783,medium,1,1
3259,e12c5d02272df6c679dceb745303b4daf0df4592,4790da9de681e3ba3196676f3d176d70cad7e7e8,low,0,0
3266,fff7e9c54679cb9c3f661cfe7700d2d2caf24626,6da63fe1cb8ba525b26026b4057f8e43dc716cfd,high,0,0
3269,e59af5fd7fb5ab648ec9e9dc900676fbf9453c1e,0ecdbdd7d40aec806dddf42bb34f68bd78bbcb53,medium,0,0
3273,2dd237279a45b4a8cb83129fcd51b467c49bb6b5,50bc56dd7003d39be6c17afd0768d534eae94883,low,0,0
3277,1e5d20289c4a439e85b475940256658fb940cce0,588dc790b72f75b6758b9055274039674c3bc2c9,medium,0,0
3281,789d74a7f34ac77646f8e4edde874f288d83d5ce,d5ced24dc8555c67d172ab86b406faf9705daeea,medium,0,0
3283,f41ad75ceb5c1eb3fc88c9a47b3d387115ce6164,73546564a17f3eb2014bb7378177b62afcf2b0b8,low,0,0
3285,5107caaf976023511874001fe02a9913720b9091,ee71a676d7de2ac58ebcc3c47c5e9281cbc52fb3,medium,1,1
3287,6a25a25a4bd3a95c1376672c6f7b75fd372b7237,f952a2c90a4459cf2e016a38237b11ff120713ac,high,1,1
3291,28004ad8efe68da1a2183706d3b33ae4f8388b5c,5c175930bfb19f133b3e60aa3ddf0d1edf5bb5f4,high,0,0
3294,e9997ee8cba12e859329b842feba9faa3d7c71f5,7835018502e3a5845f7a2a601a9cb5218a332f43,medium,0,0
3301,993d39780f01f0cdb6d5d87a9c2b67eb7a5ecbb6,f38204b21b3bb8e07e4b8e79e1c042a449c58543,high,0,0
3309,b4068a36c7bd5188339f971517a109a5e37bddfe,620d607a84402fbc95ed0a5d2c14340854ef1f29,medium,0,0
3310,871e341b40564ab08137fcf247a2f434538b49d0,76e62a58e337d3ac396603b8e30d63c7f778e6fb,medium,0,0
3311,775aaa8fefbf41e5db9cba7a8a275b9be0873e1f,06fc8a71ac4e43e46b582b20809eec35c8a702d2,low,0,0
3319,00e48d8fdf72effefe7b39efc749bbb4f93b0cc3,d91e878a327bfd3619331aa49ed02e7dd1d42cad,high,1,1
3323,b70ba542942125f016efc2f8df4203dfe257cee9,fb1fea2e6fe66e9acca6c8c23e77f799a788f1a0,medium,1,1
3324,d144278d2a059889c4658cd6d65871f59c8f97a5,47b6596f4fb926cafb8b8cc5e26ce0f7afcf7507,low,0,0
3326,cb8322016748bd9144e9674c9877392d681c6cc6,dc471faa47286fc49a66ce79c163bb0dd0ce11c2,high,1,1
3327,f5fbd07653d3fa7e5b10df36183f11707cef5b3f,23b36523a9b6bbf96a8ca81234fd1b25c85a6b79,low,0,0
3328,1953bc7a624e8017b4f90beab29c1d972bb215f2,da8e0fae2013076d98979d374d9f0212cc42c15e,high,0,0
3331,f3d3bb355fd1093ffa72898b87799f5db080650e,4532518657167aeaeb33170f7a1be7c03f173f4b,low,1,1
3332,37b67733853f03778ec4da1367a4154d1a79e3c6,ddf2541d5b2182972b6b95e9e7c4df6c83f3c14d,medium,0,0
3333,f109e7889fdd8576f163b47db0ff0eb2ec267c62,0fae4b0d56a7f683f616c11de22f5516bec5b73e,medium,0,0
3336,c26bbc018ff454eb11116f1478300d34970b1b20,4f05ce480c37bb552faef2e6041be98edb138bbc,low,1,1
3338,bba2c1fb62cfadac1337520dbe62c5e4295517fa,66e3958b3a3bbed6698545766fa03c5c150526c9,medium,1,1
3344,f1f010935bc0ade4568c4bb5387d7e85ae8c0587,7b8ef355fdd3c30bada77b75788e5a2b6dd056de,medium,0,0
3346,e6f27b2b221da72e318fc691251f9d28bdefb7e0,1cbe7e0f79c6cd3314e3a35ebc48d5b512bbce43,high,1,1
3347,ccee26b6dabb37319078d70d37ecdb143b452c2d,15df2003d3dada0e384304c39210d057e29f897c,low,0,0
3348,1876ee8bc14d3f95c182d812a40658e89d0aac7b,3860687f7db0b470cb110de25ca8959dd6eeee12,high,1,1
3349,d66d928b12736129559089173ac8dde94f88b84e,52a4589eba9e993a5115a0bc03c62b7df6097f5d,low,1,1
3351,88e45a3ac09bdb3696fb75b8852146f3ff8ff0dd,2ece901ea775a6854d2a5b046ce2aa67b0318d51,high,1,1
3352,6d67a5cee9f856f4226e45ce32f317c204f06b89,aa6427d5a5ffb1c069cd1df522d05c18ef4773cf,low,0,0
3354,339eb0dc6d919a0f815425040c066a460057b35f,cf8f9243e45e0e41e0de330714c78c27d0239c95,low,1,1
3357,7c4db605186e9a9013acb6780e4f902e083b25bc,ea19a5fe3a33482dc5d0e5420b157865afe7617e,medium,0,0
3359,50c031310b7883aadff99517f8e875b4c318d0fa,1b129717b95aee708efa0745bd2679d851d65c51,high,0,0
3362,29e96480f4f6a50a8c4dd7bdbd0e32116225aaa3,2025b497ebd635a69de200eee0f7cdde783940e8,high,1,1
3364,43b9874ab847c8e7b121b1f063b7a85cef2eb677,ab422d91df040f41f82d5033fc1cceaac097339c,high,0,0
3366,265d4941b110aace191801b042433bcf977a772b,0ddf9eb0392abaaf7170a4d8a5ea751e968d2113,low,1,1
3368,a5a4c8b63a3b71bd346d8d171302328dce83d44a,5f737cf38afa335ea8f4fde7edd0ec2cadc09874,low,0,0
3378,fd2bfe373e27e5e7eef2e460d9edf9a55eb4c889,f6ac67363eebf1a998403af1eb927afe824e4210,high,1,1
3379,6eab884c33adbb1f7559dfe6ceb9fe4e023fa2a5,e25f307be31fb9e641bc768b66d619eef0a9c868,low,0,0
3393,8c94da27160d0479755dbaf8e4209005dd0a55b3,a5c9cc638638feff5a31cdfed63deda0be26a083,high,0,0
3395,8082d5ecab4f29f5ee3537f27b8759c497507434,f0951c50da151c621c88c56200c2167449ed31b0,medium,1,1
3405,a91a01ec6afd4d4b89c33eb8feb028d99b8826cd,c3c97488baec880ac69459446c57e7020c914df6,high,0,0
3409,cb635bc1df45b1036d9975bb66340308f75d1df2,908895799358b909d6f2c03b192bde53eedea2f3,medium,1,1
3411,f6780ff28b138fe5253242c1dd34e2d585042b8a,e690085df0de7b956fb4039d919a9ac8c537cc1e,low,1,1
3413,e2960bfc1498873d26cff7dbeff33fcbb59373ee,1c7e4a4768f891722fe8d5f726d90381b49de135,low,0,0
3418,e50583a85b838f9a92e6169bfe6c25f2d2bd7847,4c419593d9f879c93b06bba4d2ab4133ea80da5c,low,0,0
3420,37d65726736e95ba879347c81aa61c520238653d,d51ffd26d18aff1caa8d12dec41ed8fcb6acf102,low,0,0
3424,abb740daf25185e19d1df7faaea8ddca9bb78f05,739fe1572da1cf2e1ff92ac1a80479af6ba1257b,low,1,1
3440,13153db14055722937101a2a5b28a90e67e0265c,4e2ab299f456037ff2d7d9119c1c2ed69e9daf90,high,1,1
3443,a17ae98d759012c33ebb66e27e23f13a333ce94f,ab1dec51b8fa2ad6e36187443df65ac1414af49d,low,0,0
3448,d0b4361080e1d867e449f582d063fd7e4d555575,97135ea2d452bce27979327fcbd6aee7ed4a8fb9,medium,1,1
3453,e537445899e829a040749ee176871cdc1b5e702f,5e150276343c500611de17705c1bcbedcad030e6,medium,1,1
3458,140fc8a1864d4f4886add3b543c8b5ef13303ecf,df412e2c77947e27fe2991dab58d2578dbbd8410,high,1,1
3459,c2cd76d30171795de038dc674bb918321d772e8a,d4f5e494e50d63458392cc47ae5662612ef77003,high,1,1
3466,ebddc39567fa86af9b6d5ce6bb10875f9aa0d2f0,115a3f09cdd1fb061affeef4b52dc226b0f00748,medium,0,0
3468,51eca88495ce1d70eea5f88905ec86935e4c0a95,87df3ee1d273cef095970c7f36771cfaaa2af587,medium,0,0
3469,cc43db19044c7b474f147dfd46a4cb28c6dc260d,7e7e28a48dbd306a5236b83c09617e7b6da6c240,medium,1,1
3470,1072f75f1105fa5aead2eca25f3e4b6d418a3a5d,9d073a58ae66c3717d9d5b4933c24784231038a8,low,1,1
3472,3588283d82349327c5abfe05b5bbc3af848a09c5,95d2ce3acd158cfbf9d3b48ea7a3457f6748b03f,medium,1,1
3477,da0dc82f0dac86f75f7d4e75905eceeabb6f8b1d,2282d39a28f15d6784c460fda0ebf4003114914a,medium,1,1
3478,1604d4c82ac16bdb649f74b2d8e91d84bd852961,ecbd41484da870ddd4802fbef86e710ac28ebed9,medium,0,0
3486,34357f6b36c1fba9e03940f5c8b92bbc5899a858,fd53cfb4a77662f5db9772484394e6369caf0ee1,low,1,1
3488,26382abebd09f506125d8416819ae3cc68e41959,3896856cd5dd1a9aac672faaa74f5ab31b9704ff,high,0,0
3489,0454fe4a7841d7a4a9acdf25e6e8fde05fc3fa30,46ce8741d49aede2a55e24273ad0fa7f0f4bb978,medium,0,0
3493,e3dee9f35d316a629cbb6e144f4c6084c177880e,f1447ff021150e7667a19fec72d2c651eed0f57f,medium,0,0
3499,6fa95ba9347d44b86bec32243e14f83a48462f6d,680d57e2ec563df65ebd16603ddbf729d6e56a79,medium,0,0
3500,2bd36d4d264705855cd3f4b89b90dfae9945046b,ee48c763985b1656bdb47a71fb003cb29c81cbf5,medium,1,1
3502,b6036bf78718a06ddf87e8dfd90647a2dd585dee,95e87ab8ed21db126faa718142f9428ce336ade8,medium,1,1
3505,83e0a5d2eb268bacd201cf9c72aba66f21818147,6b7b5b3f84c0cb33436ffb9156b10f931e1b6aec,high,1,1
3509,9779207ae71499f43f7d72a3e5a7c252e7a35d49,aa74ebd8eb9c34e9a903f537f33d3d5799e36440,high,1,1
3519,99d3be74279ec40f7423dd012f7244ae30b42feb,28c97421599973ff1f7dcf7e3f60bc2843ec8226,high,1,1
3522,c2cd76d30171795de038dc674bb918321d772e8a,b1b8a779390b8e0e1286d94277b8166e1547aacd,high,1,1
3524,d715c919a0d59d2ee1f96d444a0864c0bd9022a7,bb7b430d61fb5156c77d10bc07de711cb767a5c7,high,1,1
3525,78f50b08ae4f46f8251116e3ef27fae85eeeb943,81e98872ca2d22eb953d8f6e27f0ec6133db43ad,low,1,1
3526,56b1e32733e39c6a99d9290d463a773c9162d4ac,f6303632ae2fb8fbb38dbb728b3a30f7eca02d63,high,0,0
3528,982657b9f7a82efbfad95facdba0784be77fed3a,a4dfdc2945a236eea4c90a4702eae9fe424820d7,high,0,0
3539,f4ecce365f7784f70162a86c4d5e8ab94434ef0b,1dbad278022f6cc400bb1b24f27d46ee84a8f26e,high,0,0
3541,9c6f94ddb39c1e0caa45769ac6d3e27ad7fb83ab,ead90cb4c473df6123ff440d665be52cc1befb18,medium,1,1
3543,98c9b1c0e74177136f615932e2e30fe84465b0b5,37a452daa260207ce50086ac246d7628e0da3be2,high,0,0
3544,3818aaed8c60205422db0f7e8704c5d76cdfbf60,da54c3df71df506c046ed3f3b1d82f01061663a2,medium,0,0
3545,cf9a048acf273baa98a52fa9dd22f43c6399b9e1,aa3c4dedbcb2a4b4385c844869bf60f53fef422c,low,1,1
3546,2eccbd16d8d660d6f4df5bac9a80c6db0d9eb9a6,02c4b1a9404172f20b761b6c224c7553454123df,medium,0,0
3547,78c70e99669bf4e267e44aec98c30bc283b2944e,fe77095390ab7243a02cdea2b11249709d73956b,high,1,1
3548,7ab9c950e18ded96a3acd1032ab5e0bcff944bed,4aa78f973eec35e71592d5690b72397b339fa49a,high,0,0
3553,4de6a89163179729ac7e626e67c874cc4e0d4797,507dc807d26f3c2a1aecc77486ead952f85d6ae9,high,0,0
3554,a646dde9279ab109a9592a3c271d733707711cc1,656a74c42b615e43e15959a2565b0e63dbb8c2c2,high,0,0
3555,df6fccf127295ac96daad1f46775f3f29ccd1328,2072b474b77bf72071898d9f0c171d25b0815aa7,high,0,0
3556,d2f7896bf05f5b758d718881e44e4f00884d7e0d,c53f363b4676c497928f2b0e40c7270dc0383c1a,medium,1,1
3558,25f106754a443533d1f806be07d8f8a5dea0cd61,262e0548edecb27f476942392d84fad66e5d2552,high,1,1
3560,6a34e8429c79c458c48dc0d089581a3589ee24a9,81875fb08a8fdd5823e9a9ecd9ea0181dc713c48,medium,0,0
3561,779497706ed5b7a7f7cfef1e919cdf091fe8ce08,c5e55ea556aa01ffa55cbbd39f1ef45fa4a8340f,medium,0,0
3567,749244297b8e1d955891abf4b1bd37d72bf4a21f,c3f22080dab51afd349ff05655cb9bd82baca088,medium,1,1
3568,9853d5b595b7042fd1b650500ab38a659c78a844,e683b162893239686d60dce92e948a3d66e7d0b6,high,0,0
3570,2fc8ad20ac20b448fb2efd663772480a77767341,4caaa7f6dda5fa53f59acdff12c6d1cd3221080b,medium,0,0
3571,3c1f48fcbf6b93230c5a8d7e3b234c13e804eae0,54f857477f6ef99051fb511b9b47bf4fe1c04654,high,0,0
3573,6a4a384b99ed0594b39c7831386bb6354ab3b0f9,5dfd08d2f06bc7e2f3ce17cdd0becc1422711154,medium,1,1
3574,baec99259b949a3e511b9a124a04dd30ee89b3ca,079522798ad381debcca03e936d6e9738ead175f,high,0,0
3575,b541afc011d0fd4114dfbf12c256f53f7c5836f8,65422b15806bbd03876e288901bbf3d1edfde7f4,medium,1,1
3576,27634f4d93de8b9ac6a686b7b433493853ab1f59,3b966018890b5d0203550ac29de447e92fa6d4b6,medium,0,0
3579,d2e418a0afc2365bc2be0000d8c714f7ed5ac555,3dcdf6e972969269d8c984d2b6b8f9c7b0f7d7eb,low,0,0
3581,2c0d2405cf063e61250436f1f848acf1e7a9ff9a,b6a0d9023bfe00e10f1a5fdc0f415e4fe616bc65,high,0,0
3583,c8db176032e401c5984a4437ddf769f14630e878,1e86c50cc9dd5565bfe578404e544e1720ea92fc,medium,0,0
3589,36703397abac9c23bf6f516719e2cbf4ebf7c55a,41f8c01196fc390cf8df3d91b4b32efdef834e55,high,1,1
3590,427a7189aa6ac77f85fd988e8288d0b3e8c904d0,2791525c6810a2c1022a38b54816d878de782241,medium,1,1
3591,29c4ec675c4180f8baa50775f2e6f83da0dd27db,bd566bc203abb71f3ea72f84da421cb8943edae6,low,1,1
3594,591c521baab6e05239daa8dc8ebbe76bfb0a38a0,2fde50b104853a755720349565599d8f2ef96f74,high,1,1
3595,97e844ecda8027a851aef130e001af07290ed629,d437784c870c79db64b0a8385b5c5f3c305fa6f9,high,0,0
3596,b0636e57194d1151903b551cc94c9834d92841f5,7101c834152177055dfe2bdc621ed2206a4182ec,medium,0,0
3599,a7f9e7c33b1c24565d7224cf9a518900e56c7011,77a31c44f48e4d9632dcc978758aa0b11230f9ea,high,1,1
3600,dbc13bf850bcbba8103511c8151296c2397bea3d,5221ebc8ed7f07a836913118510c13c37ce89cdc,low,0,0
3603,7f1b21e91a12e45a8780b85668ea7b543aefc6e7,bcc39b4d7a378561ccf4d47d1ddff62f6e6a8357,medium,1,1
3608,12b2c56eda017cac46a709bb745fc01e653ed447,5f9c14386a859d257d14102db65ae3943bc11d2d,medium,1,1
3612,32a38f5bd536b420c853a0eb8133fea961de9440,7464e1702fd138118e3e39e08fed3be08f2f6806,high,1,1
3626,94aa5af86ea49212d560dfe8ce47912014d04e26,a0e3394af195270715dd38636a1bfc11f9ef1e50,medium,1,1
3628,901af447e6da2a82973e0b6df3446258210fab57,9cd70185dae426d1b8511f8c04796f5e04b48114,high,1,1
3629,8a37fcdf733b0ab5c1ae0e98e4dd527b658651bd,da2fa2deb756ed0cea78701f0889e8260b48b25e,high,0,0
3632,2643e703c335fac3fadf7cb52cf5ebc07759c479,5acfbc5c871a4aecb4fefb6bb40b1060ea5904bc,medium,0,0
3633,34d95d724a4e673ac22a26b4a5e5f5a1a3c3162d,82ce9d9dc66f3df10e3db917ace2a5c9f810f593,medium,1,1
3634,7b28ea50baabc6439e7c3ab427161fdf2b5fb484,a57ad1465cdcdd94d2b75e117f1a0cc263b2adfc,medium,1,1
3639,baae8a7ea46e85ac396e70acc1580282973652f3,648fc5f18b4bb9c50664f1423119868d016514ec,medium,0,0
3642,d66cf1381da42298087fe8101b6aac939945ce6b,b37d57529d52b2d2a0707053c22940e2f1d1701c,high,1,1
3653,116f672e245d8d9ae28d19e0256f40fdf45dc748,4ff5e68a04c629c225c970013d477e0b03f0b51f,medium,0,0
3658,d3dd9e8b2a352a2ff804b81bc43d4f8c37276a6a,6a1b1fea2371d1194b61ed4f522e702fd22c1b8d,medium,1,1
3664,bef877bc962ef092479a2d63b0fdd3dbb66b81c5,93be8a9b8a10e417a3ab17bb511de26f604b16c0,high,0,0
3667,c0021452b0af0d7be206ae15ba1bcd24bfb136b1,22529815ba2d39076bbba791404a3704db5f8cf1,medium,0,0
3669,f57a0c21ed83f7f67c341f3218cf36f7862c7cb9,c374504c7d195ddfba02b6fee6c58f7065c3573a,low,1,1
3672,cb4b0fb8ee3dccd52b97f0fe4e45cc72b671ed01,5c3ca7dbb263c705b6d90568f62b1753175c4372,high,0,0
3676,99d3be74279ec40f7423dd012f7244ae30b42feb,2d41b9eb2317012d12b644d29fca5112576566c3,high,1,1
3678,784db70b93865fe78243bffccc53c4b2e3a8d383,bc8a7a246b3b5efb38e1287b3904834b75969b05,medium,1,1
3685,d4ec8a415858713258d6b37ca941e4dbe1b076a2,5ccd48ade8ebce70b73d1a8e4faf4dcd33c58489,high,0,0
3691,12acf2b859e9cbff566c3fbe72a965cc27dc9d7e,ceab91efedc7a1dd68135005cf3475a689bcbb04,high,1,1
3692,d3f6bcabbcc91334519928ed6ad6b5e7a61ba879,e5a9095e2653fd66fef58933d3feb7d1665dd388,high,1,1
3693,ab715b252ab3380fd5ce941ae462e4cd98c4512e,6f134611601857735b8c817976674570e3673d04,low,0,0
3696,137cf9832a0eff312d2232961344901e98eac5ef,81114a3d29e30da7bdaaed817a07993ba2f63e01,medium,0,0
3698,577aeb78a28998466007859524ea509ddc989da3,295d83bd6f2b113e1972d15bdb1930d01545bba9,high,0,0
3699,1638db5d66051a0bc8d60602350f97ec25ea3859,676bf937fa6632c8638ba4afcbbc6cff97662f2f,medium,0,0
3706,b26ae6caa08585ecf7e6e54b498e7b04df35e666,49ad2bd5b4e08a1872621401a7f351dcba63725e,high,0,0
3707,16cb3b2e7f73116b889034e9143fc2601eeaad87,ea417c16971fcf70a8ebcd531bf8fc2552d890ff,low,0,0
3708,fda49d38d07bb5b61cd0491b7b4a8d028d768156,07d12c03e1e33eab44f49f58900c18c87114f399,low,1,1
3711,bd2dc54410e3c5dc1ab86dabe53bd092433110ab,71bc41b7e9cfd6fbc08e73783dc8b26d3f37084d,high,0,0
3712,ec9f0cb7bda622e0579e1a387c2179c6dbc23653,bd9f17143f4e6689940b92ab04986f4314c49443,high,0,0
3714,94f8695fd55fb042599e945ee3d3a87cb0e5943b,a2ab7e801f46edfec1ac85b47cda388bc0b7a9d5,high,0,0
3718,c9c42bae1d05a00fce15e136fd1a825fab14a403,4e52a99b12aaa7bc7047f89e081a6cae1dbed141,low,0,0
3719,a5ef09e4f2e331df6f769ca2bb3b4a1bede69b8b,2f0a277f72883dffa6734f958116f216b13772aa,medium,1,1
3721,f8417b2e81610d8dcf0449c7c163f0261ef6f72a,563a805c20f33c559d0887dbf0a8866e9b7807fc,medium,0,0
3723,ae1b5b13e71a62473cbe76a65f2308c7544359a1,ea3f1f32577ac87fd6b19f1266f87ba5f267dfd1,medium,0,0
3726,2e3c9218ef0779025a319ff68ece817b56c7467a,df3b70c04c3e5df07c5d06241f9d4605530dec30,medium,0,0
3727,e7a376f1c2b02e3f95ca20c1e0b6c298fb5a5fd0,3f5cbe4616b42b2d47d4826f007d91a64d67f302,low,0,0
3731,583b60f21e9736eed68997890dce175713c237db,ffdaea57bcf044b8d4ee45b12809fa83c40aadaa,medium,0,0
3735,7f1b21e91a12e45a8780b85668ea7b543aefc6e7,d0c3ed75615db407691500c2a550ffbf26b52a8a,medium,1,1
3738,072758a6f1287857d89e895edf4ded8ea41dcb32,76569077425d3102fd7ee4141007364b2bc85763,high,1,1
3740,32778da12d67ec532df0327ea899876a2e85a50d,32b824cd8b164a7d59c44b6a989a8d35c18b1983,medium,1,1
3744,3df4f40b2f9161f6a92b2fa6b0f0566489c68db1,366f5e6d282e2939ba2708a88aefc1f219b3ce5f,medium,0,0
3747,7dd4bb4c852b430b6d627148030f1c07b313729e,47e4df044895049ba0a13971f17c107b98c9f0a7,medium,0,0
3751,3732cfe87f3339ebba467a01c86b29da4fdd13fa,b360ae4ff425d7008ee7f69a4b13ecf6f5e4a5bd,high,0,0
3761,8bafa5b9ca7ad19694c3fe9aceaab9444cd13bba,3ff7027a2ea200bbc72596d0a8244fd6da18b814,medium,0,0
3762,abb740daf25185e19d1df7faaea8ddca9bb78f05,39b00ecd4ae270573b9cb5a28123ad280a6a3381,low,1,1
3768,9d2c7255390312b3abe8a9d4e5d080f295338085,6a9bc73dbce9fd68bc6a861d377772e9ca49965e,medium,1,1
3773,c59ed590bb9c71b72b47a30435dd6112ce631bd5,e017545a3e8910b625d77b790a3db22d7df61dd3,low,0,0
3774,d266c8c3753aa1370ff18cdd23928d5911938984,1a1421930f1c6c0391dfc0ea8325adfe02e8cf3b,high,0,0
3780,4b022834b9aeeff2b8f2d9ae4f9f8867c59c9f85,5198e78c77266cc056f2b97a434ce4fbdebfcb4b,medium,1,1
3785,5fba18c3356c841e6dd66ba80b564b71cbde5df1,0e81f1f4d770adf6617a8f611c8e34ec89d8b91d,high,1,1
3788,2903c2c472f66911b089219e9fe10376a1d3d4d4,d03d1a4ec5f2e79f286c79562fc89b92b5d83405,low,0,0
3789,e70cd7e97f7bb3f7d0939ef512605c3e10c268c8,b675ac6c549cb5828369f1afdc6fb4a5397adee5,high,1,1
3799,511e911ff64d9a3d53002f190c484edd0145628d,da9800eabe6c9a33b8f0224d12323763027fc502,medium,1,1
3810,7f1b21e91a12e45a8780b85668ea7b543aefc6e7,05d1cb5f3bd11b5d3fde8dd6dca1575b1439bda5,medium,1,1
3817,a6a5dca782dd2bfc2338c96f6d993dbdecca37f9,1a175609bf51c2145d77deecc1784465ac0ceaa3,medium,1,1
3818,68e0b50d1f89503eca1c39475b2f74b99a923910,0d81dcbb59cbc59a8f1a41e5ff0d5a8209d5ca7b,low,1,1
3820,c6dc298cf96ce0faa6cb8d12494ff0227e479bba,f54ab52992da456423923d84f6c15fe2043f55f9,high,0,0
3824,12b23c085dd0f6d17ceb575c13b7c8dc3cffbed1,19c6b0b35a3db4f3d9a5b4486ebeae42681532d0,high,0,0
3825,3a01e86092b2b094498671821b9f8ada3104a959,351cb5d0a8603fcd7ffe6e51d4a25e3cf1187f25,high,1,1
3828,bef64d5c421d854a1147e6c07da277f45f6b8817,6c33946327f04c19b27c720d951580816957da75,high,1,1
3840,4033df232942ca76f2d68c1501b58a2fdc7ceff5,db69784864c3892bead7aaa9bf59dce84774d7fd,high,1,1
3844,47399db3eedac0e9f7fecf1f549e63659a539337,c2814f7e82327bf56a9fed0fda913cd538fdd5bf,medium,1,1
3847,eddb03ba2ab76aec77ccc0c12e75fafadea4e874,55ca574a52227ec93b9a703f952af159a8dc42ac,medium,0,0
3848,21298d280c9343b576b8342048bac19ab1aa22d2,208fa952db5a00498f847f39969a50ef51ad7b74,high,1,1
3853,d19b7c05dcfcf1f91de50023b19e87027c00ab6e,34fe9b8d815f25f4dbeb7e230c7bf5f0ae711434,high,1,1
3854,22b6ef83f26031d859ee0e524abe187d630348f2,1aa2721385b4b67e5bf89d993fa4a974f93833b9,medium,0,0
3855,33f236f8a1a9de9026e583276e2823bde47d5c8c,dbf6d6ad366b120f3c293d21e60b86287be424e2,medium,1,1
3858,270112308bbd8bd507de07c8b49de80b661e4212,fcb5875e71d42d8f966be98ed341989b9bf50bee,low,0,0
3860,31db1a0e4de1c25982a6cd4302a2cccdaeed908a,7f6aa67cc5beb2bfcdfc89a4c83f01b1e7d3f742,high,0,0
3862,06abcfe1c45be6f3938933ee39a167e2387f23cf,9c5bf0244afe19aa63cf8974bd1b65f067e4847e,high,1,1
3867,dacd0628a7cd4de596d5ac00d3cad69d70a37bce,673906e1071b03143548540b531e36ab3beb5a61,medium,1,1
3870,a3ca564a3c96ec5de64b1bf6b91da2f2de2a1c7a,7b0b2b89a2f3283edf76294cf8fbb059ff8ffbc5,medium,1,1
3881,5f05b0bc38eafa7a1a42bf82a57e4b166b2d3321,a4c1c3fb2650344be298b34d33466661ea4106ec,medium,1,1
3884,73bf580604f7dddfcddf30bf1d09c8af2ab923f4,852847b95c8305cdef29bac3f249a96c4ce7665e,medium,1,1
3886,001444b8e17de8d0f37ff13b1f37f5db1689a3af,a2d1c9ce7fdbfa647dd009250fc767cefca4b8c6,high,1,1
3889,ead94486b54b80a351e4370f60b7fae7dcee2632,c1dae173ca39aad4040f041f0c713c253174dde4,high,0,0
3892,eb188d059c68dd6960e8e7ea34e2c166231fbfee,1fcfdfa502ade5596ec45b9f10f6658e45e12820,high,0,0
3901,37585294bbe9aa29c509b40b5b79806f3a630d82,b6afd6a1c7ed40d95e51175cafd19870f7bc89c7,medium,0,0
3902,0115c13bc73781c87262053d519d17de342ca8aa,e272947cd083d3029de9045fe3e80906670b3db2,high,0,0
3903,9d5edaf2d993528ab5578f0fa0dd290c408bc68c,09de7538d48d8c4bdbe865f0b337e72316e5c073,low,0,0
3904,4e883de94097fdfbcefdc38ce4d8536fe77f95a9,00db694f0106748b7f7daad543da50ccfd339b49,high,0,0
3908,cf2796cff029550ba2fa71f0fb576d1e2f03d2a0,c538b95354d62b079adf2638155820b7218a8191,low,0,0
3917,68da9c2c5b045c984abe8384077c4fdd2733fb95,9d2fbc1cca99d3b5276048e1bdfb9d245dbf5146,low,0,0
3920,d166788ce3eb7c850e9fef9e7386e3197960405c,865e254cebc7739554271a4d66b220821de9b51b,high,0,0
3921,25f106754a443533d1f806be07d8f8a5dea0cd61,e71c20a2b6b064cc926fad4f5353f3cad36f749c,high,1,1
3926,5275005460168b9f24c141dc96db2242a41ee142,9e13af8e658ea433ce8567d1d8118e1dff9f7a33,high,1,1
3930,8d1604ef01dbd71ffa115df823d2cc61b51a28ca,9ab06d10a022079c113a4417fff4e778859fa8b8,high,0,0
3931,97e844ecda8027a851aef130e001af07290ed629,16954302cf187b0bf115d97a86712365fd5886c9,high,0,0
3935,ff6a9fe239033ae63d56604aba494e272be52632,641774e302d8024d41e63ad14b01c7ba7146f9b2,high,0,0
3937,d69c0254dc0d6feaf74911178cb056005289c337,65179e81972265473fea9ccaeb726d4cd54d4843,medium,0,0
3940,8233810c750862328c5560e0771934eae23a75e9,1be19ca89660193ada61a005f4073012ede52900,high,0,0
3941,07cb34e59af70f34172d9da2e828d54f4cc76374,9976eac227e8cb65be3d8c635f26d835db9ea00a,high,0,0
3942,8233810c750862328c5560e0771934eae23a75e9,a11fb61daca9b9cfd3cb44948b2586784e2fc1d7,high,0,0
3945,cefc0a082ca8dfd4e89a39a8efcbcdfcd5a06b12,d0587eecfc6943d2992b81c13e79ba848ac8830b,medium,0,0
3946,687e39c20fa3f4dcb8c21117b092c88c92000c96,bd983b53b9902350d961265d50a60053d4065f3e,high,1,1
3951,93149d2e9eb02c56ce5db602e8d2beda45bf8ea2,6e55602346179ab2bd6124a98b1aa9ced391cdba,medium,0,0
3956,a83ab5adac16002b6d924b59623604dafb88e891,5e15a17f1028987394c583e0e4bd6a240b52d1cb,high,0,0
3957,9a9e76b6d2d2983809326890f866526f47b7f981,f1574b157dfcf47068183c75024c29363808d894,medium,1,1
3958,26ce68d4c4ad94c4fb645eccbcc2a2fb03248560,cd396f00e62b2717cf3afda2203143024bc3dd00,medium,1,1
3962,451f959233eead01a738b7352445f05b98847558,dd6088b4c4c7f2dd86e61f335f707a32c884b67b,medium,0,0
3964,6471f240d7ad0c08df85bb569eb63eeeb7a477bd,b6a1af362fee1adad2d5d675a20a7cdc8a254859,medium,1,1
3965,389764c94ed28a251474b7b743d40a0c6175a1c6,c173a675034694da0e7308de7d089d58de9b513b,medium,0,0
3966,4fd4305f477a705602b76c32a5db908630713446,187442e7e0f144de43fd7a2cba1905ce2e303d84,high,0,0
3970,2b8a37ec8588e5535a83b3cdc0b3378f3d783783,89903625db8932cfdb5211d51a6ba6fe85d63b46,medium,1,1
3971,593b30863158997083cec5a0620f630ac79a153a,00c4e7369b6c636942740f16cf476532ac43ea74,low,1,1
3974,251ae231ad05c2201e553b1b7472c9b587e1e692,e129bf17870a77054c755f24885c38215e120f59,high,0,0
3981,d43e9a2cead7f8d513b4e2474a5750293e80a159,30bf9056144212f85d423fa9f6788f1c5bdf8d50,medium,0,0
3986,cf136c6447db86b89ffb425945840b6817dcece8,d515f7392c6d5e810b50755507604b18e39e3cce,medium,1,1
3992,33ec2a53c00c3250cd435f8b17d8979f1604e924,50eb7d32278b2f000d0140ebd381c06f273ae445,medium,1,1
3996,02f27524ca84ad32e9928413babb6bf5e303e7c6,55b0e402f1e3a48005370fc67af287ce9e46296c,high,0,0
3998,cf9a2da33f5acd4217e33850d86ff86558d83f50,2f60bc2040da4f268c6d902f54d506f6bd514022,high,0,0
3999,8642077b51b5d4098f45893ffc2f86ded6e6786f,6a29ab8694065428a8d7f92b9d4670eab49ecb27,medium,1,1
4004,6332f6bdbc8dad0b1f9715b3cced2c4f9fe3ebfa,22bf7f4cd36ccd667662892f44bef4f4b329f252,medium,1,1
4009,bd7dc8443460bc110b59c1ceae8d6def4c110b90,49c42de7d1b7cf651d8f2deb6b0ff19896e5e644,medium,1,1
4012,9a18f014d37599e202e0952e365f2b47513a5a44,e85b8d90fa29c1de966af541d6706ece1ae0a387,medium,0,0
4015,41898dee8daf77b6936f1d041231dad200930eb8,b8e1251616209c78d8c54aba6dec0be846719988,high,0,0
4018,29dc9a280c044da33e227611715ae66891240d4b,a7a64b4edfc0c7cc6dc7ff5889ea15153384372e,medium,1,1
4019,70fc6cba708384a813698c3d1f6939e3de8f0347,c90d48ebcec227bc0e9fa82c24af0f8b6007165d,high,0,0
4023,5e1cb690d591fbb3ad0cff5ae18df75c763c433e,6cbd97959a6c1a2ee274ae8ae218eaba9831a31a,low,1,1
4024,eed7524d935f02b227461ebcf12ca82784deaf31,3dfb6924d67c42f67b45cf097bfab157ce98475b,high,0,0
4025,d04e09abe21caa8fe10c3794764478d5503a030e,19565286bf300fb3b3563e04d80108299822e188,high,0,0
4030,6b9b05540aa05db35a987c3acd104a319aa9a4dd,2d2bc8f96279d26d5910fd41fb6b0ac1290248a6,low,0,0
4031,1551b18ab4784356dc14b1c9bb1da131daec2a99,1f1e26ae67b59434a0e00e39da4a91434ca40780,medium,1,1
4035,8cafca304fcb72900c24289c114565c088f8a0b0,e8e4c20e2989c36f5599ae45808d8921f943ccf5,medium,1,1
4038,97a25e9bd60c9ef797daf73d0fe07275702c5f8c,0e1b0a3ddf794f0ed2183f93412444f816a1da12,high,1,1
4039,bb7c0965b7c9446003ea3110e3266f178d098ab1,bfda3e4337d89cab6011299f35a312531e8f19c7,medium,0,0
4043,0a6668722715fa6eed587e854e6cac0771c1482e,b5b38aa7269696453c07cf5914b81772649f07a5,medium,0,0
4046,248c70a10b4b0b5fbda7d8a697db418e06808600,1bd1ce026b87d70be54a72785b42359eaa8e2b0e,high,0,0
4049,a7dc41238e478d88a764fa8136506d8a53e65df7,da11a33c65a87b6574b266bcb61d469b7af40c44,medium,1,1
4052,7fe84ab447dee280777e4275246b79110e245b49,0a25523cfcfbee8933a967a29f11c3d94da53d61,medium,0,0
4055,f07ca09df74902d24d75d207344c663e44ad974f,c2ec4cb0ea7591844ddf8b31aeffe768d9d877d2,medium,0,0
4058,dd2b6a77e91a4759d37a38c622454fa05c043f45,6a4fd615c9ce96bc112e31a8f45824ba9589c089,medium,1,1
4059,2b8a37ec8588e5535a83b3cdc0b3378f3d783783,6ab29d2e6d88c3b000e0f1b4d483d7dbe21ed372,medium,1,1
4062,478fbcc4f40ade444f69e48def2d83368e639dd6,1d947dc5d18b1a38aba8578956a81829fd6bec1f,low,0,0
4063,6da5c71af26f4d01abd7a411c937ad72cade4e8b,62e826638899007318ef19ac41791ff87497a2e5,medium,0,0
4064,fabeaa412d899cca5ae3dbc6fb4e615e227b6bc1,1e506920531b57d78e25862ec434ec770e18fb7f,low,0,0
4068,9d64ee10abe6e71cb989a28149e60fec30407f25,3cd08f105c0078503359a307f3a4043aaf57178c,medium,1,1
4070,f38c5a22ef18f6d77f11566897ef02db7ff6ca18,4cace20aa5026443d1efd6aab3aedc2b4c6a64ed,high,0,0
4071,e12c5d02272df6c679dceb745303b4daf0df4592,fc298a2726162c83f071f7f71ef2167dd1bc646c,low,0,0
4072,55e2a248910dc839afd96a881d98fe451e554100,a9a5abbc235ae47d106843333f5568b4f82938a7,medium,0,0
4077,0589a3cb004ff67c8ed74910ac42713254e7ac71,e7ddd2e406582f54cb9472896439950f5dd2489f,medium,0,0
4093,a9c85351881e3e63e0e7fa8257739443d1414dce,5d8e7e26caa2c3a49ef153de40d20938db63498d,medium,1,1
4106,363e93a7c7507b5019897db6a37bdbf0ad3e4c89,80dcd616d6bde432b0c11e2c35febde64903007f,high,0,0
4107,e2809d809ddce3912d0f0907c902dc9e8a663b85,350bfe68860cba1496a49b9dc4e1bdcaf3fcf3f3,high,1,1
4110,54025ac5cbaedadf7b2e1604b8aff2215d52bd78,4864c06af8dda2eb7b514f794a07ec212dc6577f,low,1,1
4111,25e9c024db9b52e32be5af5d5083cb15f327bc8d,9e36904f103ff19514c2008e8111480f34a9fe07,medium,0,0
4116,72554fe883bfb34c0a6e281ca36cabbe6e39af96,0551f79823ade4d4f5b36044a548a44ed4458962,low,0,0
4117,a40b8e632acff0591e19fa092850f1143b48941c,42827915d9c0f7a576b0d352100aca76f0ab174d,medium,1,1
4120,923a52232578eb59accac18d82c84fc9f0ced310,74e63b5d8ab6678a92b650bf83189b974ceb4e66,high,0,0
4121,9850d4d4bd61b25640cb559340e795111486b47e,972ad7faeba86a30ebc7ec1d2a4392a1711422d0,low,0,0
4123,492ced4ef25bd050b2c88bd50f30bec841802d38,3f905a38b9c94dfe4c58b69c2ba078dba1976b4a,high,1,1
4125,30f16955683bbbc4f51385faad459b1a5925ccb0,3cb348ac4838070660c359a8d646c8770ae551e8,high,1,1
4128,6158f1d0f38b41d6dc7f1d2e1c8f368fa49a92c0,cf1ca7a90816ede8ed5685285790ce4f9351b56a,high,0,0
4129,1414156181bdc8de2547c60ad6d036b57e0b9ccb,e3660a32ca95b8296d6fddf8126fb7c67983ecea,medium,0,0
4136,aa7bfc73d248f467bcd8f49776c9deebf52df94b,1647acd22a3fb86de4d1dad45ba5986de970d767,medium,1,1
4137,f8fc7c6f6b588178b5a2d6cb0b9b05f98708d525,db9aacd0bb066f49e0c4ff389bf644ec2ba54e61,medium,1,1
4139,30e8e34606abfe339290c23dd8082142bcac3e89,ee96892d085624e46699adf62db334041806cc78,medium,0,0
4140,8fff391271b1b9bb0142f5b3625042c937d195fc,3a8781e6f013ac7650d3e3b75fd7cc426e7fbc43,medium,0,0
4147,478fbcc4f40ade444f69e48def2d83368e639dd6,2931fd6629086b3742f201b2ccc828ad6bccf988,low,0,0
4148,fda49d38d07bb5b61cd0491b7b4a8d028d768156,129095506e3671529ecd7b3732f67fef0a02e70f,low,1,1
4149,c4972bfc0d734d08a2df51298b49c7521ece182d,e2f2fa63d5959493c94d452593233851cf36c5e7,low,0,0
4151,9ea64bf8d9b9a6b28d301021fa570f944302e2ca,5b5b30b2d28319f0c05d4d1524c77f7065694437,medium,1,1
4153,a37013c925d23912ec325ec136a39e03d954a0a3,d52c8bc850df839093cdf5f0803b831bf47bcdea,low,1,1
4160,e1efbf970931fd9bf68047f71ebbe44366374fe4,1ab40f54fa1e9c6b581bd9dc8191f15e0222b6f8,medium,1,1
4162,c6207e0c820d4571b1281f5cf9c7a35671efea69,7227b1e2516f95029e92ca5572412978416d073c,high,1,1
4165,4e8d4504a18950fc861bbbb18c6af79c029c9372,e55b8b802ae4aa0f508fe1fef5219f1b79e016c3,high,0,0
4168,b92c173c3772d991446906782b13ecbed6633974,29981f32564c0e0b1762ae185e82ad0a76f6255a,medium,1,1
4170,9b52d6417138fda4e17b8d080e6a7288086060d0,4bdd28a2c50add5d2d25efc38e7628c8bd53a866,high,0,0
4176,225aa54fd1ed27c05e30e61eb80a1f5233b4a3a4,215b22b2ab5bbe0bbc81fb3e90c55e345394c266,high,1,1
4180,12202be820d876f926a6aec022d5375e67e69c6f,c9095c423955ec00585ad4577ef14677cb70e472,medium,0,0
4183,cff36ba00e65923e35cc899f1adb03330d34e5c8,92b4125a5f6f23b43dac748b0e3177a78c4d9cfa,medium,0,0
4185,7a7a22923d607b6e7febdd8ac5aee9170520f98b,7c461f7b14a36001462c0f0ae20a5caf04fdcc2b,medium,0,0
4187,419e837ae9573d860884296f8ddd037d5eaf4f8d,d2bd1320cf84a1543322f131c245b9dbe6e1f36e,low,1,1
4191,9c6e80ae6386a9bdc47856d496ddb43f3ea9e3c5,cb8113693fb3074cecbb70e5d692e556d05a5bb8,low,0,0
4193,266d91948077da85cf24371911e8d1253c327177,52372b914e568b20a06b376a7ec4aee84de43549,medium,1,1
4200,793d29baa69b93db3e4d3ddee197991d984e3147,91c9acc6d8df299d6d7ac672e2aaa91e71305d31,high,0,0
4203,eb3371bfb6c7aeedf7c1e2d787e0d4c3acd650e8,cb38c24b76e7c1f8c7ad1a98943fc003b65450e6,medium,1,1
4204,001444b8e17de8d0f37ff13b1f37f5db1689a3af,a0050b1aa95b81c70fc2e39814bc94706ea01015,high,1,1
4213,cfa8e227cc527e111c6286292a59e0a9443a3a83,d98eacf806e2fde6e28d00f221ff80b2d08807b7,high,0,0
4214,ca71ff490834b7feefd90e1613e5bcbc59d1cd6b,c5877b53ad80c36da56f2e7040cc22f6fd694d10,high,1,1
4219,bc9e19f71a8d79cb25ed56f7506440bfc796c6e9,5f93232e0070dff0e4900b4ab598531eb6d3d1d7,medium,0,0
4223,87e34e36ccd2bee85a13305c980af7f1667cbf56,6e934c1f1847046584ef3962211c127e8a890422,high,0,0
4225,761e87f9855642a7fca90e8d7e23c54e627fc22a,1c7425abf4ae3650bd1fa970e26bb0615c1d7e07,high,0,0
4228,7921a4d3dd8c9dbc0856f3b8583520f2f52dff5a,1791646f12540254ccad0d5ff159a28bd40ccddf,high,1,1
4231,b8106ca3f4c923af840f73d86573a4969f14f11e,93bb500ba033acc3b02cd5167a66c521f9961882,medium,1,1
4233,ffa6608f603ca8f8aea5131230fc02266b5365fe,24994bcf2093930f3123255e27c2e22be64f02ef,medium,0,0
4238,0dfdb47b91d0e67f2fcc4ff3e245d21ca4ad6ea6,cf57e740867a27dfaccbc755a761554b4fe54226,medium,0,0
4242,735d0fa3951574ec9590fa91f4d5c861a769d4d8,628e77e6509282b0410dcc9642e700b6c298f97f,medium,1,1
4244,794d64ce23ff73a63b6dc6123b8ae31916742ffe,0eac5e7de043f5128cf538dd57162391fe08f93d,high,0,0
4245,34ef031f96cc99641ab4a2d0d5492cdc38f8e792,53c4bb5b4c8bd190c69e4c3292a9144f7c3abc5b,low,0,0
4250,06b78909c3c57847e3af3d2a89c19a27b78eb41d,5215dad683d738bc9eccc3e48a16a12f8379709d,medium,1,1
4252,ef6a1a4a16e660e3f9499bca2eee06f6af76652a,1e092b636e532382e960de5dc2ab5e192f5a9841,high,0,0
4253,4b3e7c01c10054fcfb39865d33442c4f890132d1,5490f415df976987ea168366c45a634d1c872302,low,1,1
4256,9a9e76b6d2d2983809326890f866526f47b7f981,b1874bb5c6131c8f3ed4768d9752412ef01cb1b2,medium,1,1
4257,51f04b4d0d1b192c694a0dd228c706d75f3b9e5a,5a6f6a26847236c4e61ca380f8fe946e3471b899,high,1,1
4258,04fc304f1daff30371dd8766addfd39d7d5ebea9,380956525b8c38368ff38d5d522498176d79b935,high,1,1
4259,442ebe0f2e5a394fb68407ad33c4e6931944bca1,593dde28d93d3488f1964373ee85977cce1e991c,medium,1,1
4260,34ef031f96cc99641ab4a2d0d5492cdc38f8e792,c536f69dc66221585d6747dec98486d02f4ed44d,low,0,0
4261,2a3a4981f6da0f802121bb4e086db92dbb6aa313,0f0050513cb32fb6ec8b3c31ae78c3dbb6d80c21,high,1,1
4264,35e566fd3421c3259912e4340e3c02fc976dba66,8bd1063ba5218b75754871e20968006cef2a9bae,high,0,0
4265,cecadbb3b653a64c56ee73a913a46bd5caafbed3,50792d7f31a595e15c4c33be934142c50d2eaede,low,1,1
4275,266d91948077da85cf24371911e8d1253c327177,e8fd9b24d500e3fc5155f97bb3d9d2f88f5128c0,medium,1,1
4277,01b09806f51268f8a6803107eaecb95a6baad3ea,278e499a8d86631c7af9feba3b034e8510cc13ee,medium,1,1
4278,9f5800a93a658197de53b7d690e57f433531bf92,9c30f2c2c1223018933ce4b1cca78c82c4f92358,high,1,1
4281,91f12cf38f0e5953ea196e14ba433d057f125809,544456335f8eeb5a34f49294aac7586714f10176,medium,1,1
4282,e890c244337a65a8cc70c33ef84058dfb159dc94,d359727d74611b5dc54df7a79dc43805d4bc949c,medium,0,0
4283,5f8b00046deae74b6747b80ebc4a8a1946bc8554,363eb1b0b08bbb01413a675bccd5ce6de30ee861,medium,0,0
4286,d01c904b1506c127808b957523889f6cabec9ca3,e9e0f11a128ef2d246314405b68c8a3b60c30d2c,high,0,0
4290,5727524bdc337d851e531b1dee11757e49f77569,4e58ac89fe75a9797ae09752ac5212ea3ed8293a,low,1,1
4296,15a71b69c5f35b6cf29904f5e7dabda38e5eb11b,fbc17fc9825b230cf29bc8bf12ed30b2864e2a33,low,0,0
4297,66726b0dad558a1ddf2ef0db605d62ad4a728f33,92f84ea23b410f9566d6d666e9814e9448e23b74,high,0,0
4298,a5ef09e4f2e331df6f769ca2bb3b4a1bede69b8b,890272f47c90de9f84895d39072a10648f815127,medium,1,1
4301,6ce58d05b0f9a239e4b14c09177e005f500070fd,28ebc54ae64ecd4ab6082a938ad660b4fa9b74d3,high,0,0
4305,6f51011dfc4b5d4634d185e8b58d83e1d69c36e2,cb92c63ed03542060374376ee2e4dd820936e765,high,1,1
4306,d3871db686a59327a4e31519ed7e64d3acb24bf9,18cbe8f40cee64097a3c9cf8752d93ccedca2eb6,medium,0,0
4307,aefddf7798383bc34b7150886a57ecaa977750b0,563a6e6031d91f2e1c2798dd7e4815c7356bfb97,low,1,1
4310,45e7567968cc3748fec1056b67a2452dd9395462,e7362efc7fa6516a7e5156669e02ccb63844e629,high,0,0
4311,a10d1790837d3e3631ca9e138538463468fb1ca7,920065e11a7f42355f996112fe0d02830280d505,high,1,1
4313,6eb2a9bda6b0841b2e66256b71894617aacf24ea,78c9d1953c00db77a0f94f211228681bfe5bbf86,high,1,1
4314,045521439ac6d548a0e9fd5a05b7776b27dc6cba,d7fbc94760bc5cba6e0b1c0371e820d2c0ea904b,low,1,1
4316,a40c8e82b16c29da463fc06c44aec3537aff5a2f,ba05f6323d0ee163f5b9932b4d328ba346010f1d,high,0,0
4320,552fb81a2cbcc64f06bf93e29ac4039519b207af,551112c8caea18c32f1f21b775c6fcdce12e85c9,high,1,1
4321,f83fc0bd82c3d997a0dda7bf214917b678388f0e,67593e5c8fb3ff79cbc1de27923b7e9295129399,high,1,1
4323,803395af6ddf4631dba4e3084250ea5e935a8a3e,d3564ceaec1a2dfafb352953b1ac0221a991432d,high,1,1
4325,b4f8c17508ca78cc61f7deffd3ddfe6f1395c0ef,8295426f5e405914bbc6eaba431c071799e6f1b1,low,1,1
4326,709860b744ceeb76a4dbc2d8774cc8d6462c44c7,cbe4320e20b3319711283187b529d96e5ba40476,medium,0,0
4328,50a64c96318be90a5effcce0d62f7efd7be36b62,547fdc9e39892d23a999875b933ee952dc9147e7,low,0,0
4336,73dc074056b75b5c713228a5bb72cec1b516de24,064c9d5e7ee3b61bf673160e31c10b06c196008e,high,1,1
4339,42a43af25e631e3731c96829c4dae5d11bd014cd,d300d64a1bf81659c3fb030fc60389b03db044a8,high,1,1
4341,f74429e28ebcd007abb3aaa6c77b4a5562e6a1aa,ac85bf00bd49771d12c46408d431267c89116170,high,1,1
4343,004f5321c89940d07e2c5d363795955a908355c2,d5a15d67557b60bd978ac3dd6e23de560c46bcb4,medium,0,0
4344,4033df232942ca76f2d68c1501b58a2fdc7ceff5,6e0ca6c979e048e5adb791b7f161955ea8cc79fd,high,1,1
4346,d7ee9c62324384a841d630daf1da1b1a9b2a94fd,01c829ba040a3c0c7cfff9e714613f6f1384896a,high,0,0
4350,b70ba542942125f016efc2f8df4203dfe257cee9,44a0192e58981a585c5c28c5d317812cbec1048f,medium,1,1
4352,bf5bf199dca4427e216cfa7e6de744d2d95a7999,9b8de1f96dd517ee61939ab14789184159cf82b4,high,0,0
4353,8bafa5b9ca7ad19694c3fe9aceaab9444cd13bba,65806f776b53a64ce1916034d252c72a64921743,medium,0,0
4355,4e80ce91e5ab7e7e0dcafdc87c7ed62184b5bef3,004529ce7dea9453b25774cc7c1ba0feaf99807f,low,0,0
4361,fff7e9c54679cb9c3f661cfe7700d2d2caf24626,84931da63c5744672d99eea8ee051bf8cdb0c7a1,high,0,0
4362,fe554a975e49ee423d499bae971bf6ad76df4f7e,adfeb273f64a372b2315d88174eeab945518b2ea,high,1,1
4369,955572c51f73d6e73353970ffca5bf8a158312ef,574adf54282b29e633ee104f726000a4f645ba24,low,1,1
4371,3d2009d799477967973b0f892273bd5a25e6afc9,dddc2f0d3eecebd7549773170a4aaab5873c3e83,high,0,0
4376,687e39c20fa3f4dcb8c21117b092c88c92000c96,6c34097afc9dfb2e26bbab2eb145f93f10227eb7,high,1,1
4378,3718677a1214041de2c0806818ce0e9c020844eb,7e23fff94f458eff090c5db191c8d407da42cbdd,medium,1,1
4379,f57a0c21ed83f7f67c341f3218cf36f7862c7cb9,9c0110907ce88f958ebd2cb318ff0209595dcb92,low,1,1
4381,34f066bc997e10032c6c68525432427491f320c1,b9c102e8b9a3c4feb70da875feeb0749972acc2e,low,1,1
4386,a901bd63862e441de692bd18faa3d2c8dc3e2783,778f09b7bb53d1d1274cd42b71df4021d858adff,high,1,1
4390,2542b8c2d81ec53e355763e0cc47c41cc2227508,d9301ec42c25131f6934b30c011ac5fde8554daa,high,0,0
4393,59ebaa7bc1b6fbb6542daec0e5b318637c141e6c,1a86f741004ce4c23b5ef8a0cf0bc81c3acfd4d3,high,1,1
4401,0589556f051f4caa2b3ab8007198be40c23fed4b,2ab023ee24ebabcf41ec1cb0161fc05c6d104521,medium,0,0
4405,ba250d0f03733c493ce620d47e4e5343ff4b2c1f,7814514237b62c325d068c30939a16ae93bd8b37,medium,1,1
4407,69932c86b44b1327a4df012fa60a6a27b4798d18,b390a2c8905490c79d4c9f2d92f0e468dc2e10d4,low,0,0
4408,d68886f7e60248cfc5fdc7d23286a5d8748ee77a,c56088d025b74fb91af268eefdbc258efebc4f58,high,0,0
4412,c47bcebc67075e29899e565dad6e9b6288a736ee,d879bc5fe7f551d32b66ecb71e027f38401805ec,medium,1,1
4423,9aac97bb134375a7c5b6e8122b3f4c6ec7be1330,4f2100e8f07ec271692f8e3bf2140e8368569db2,high,1,1
4429,164bc61981ec89e718a82b44b7b70ada74fe9407,785a1c3c9c06a4cf1fda0505e835a85eddd85614,high,0,0
4431,321add6a0b5a3b795667e0b333f984998104ca29,89636f817ab27e6de6ead686cd1d9e3a57e747ae,low,1,1
4432,4e906445ddc3e4e92cc282c3b1c4609b8418ab64,730ee9fdb080b03b69e6b687a11814d6de4f418f,medium,0,0
4434,39167f9b69d9dd9b5dc0c0d5a0a9a2c2bcbf5c10,97f48a0d78cc2be090e3059323d98cea4d34e8b8,low,0,0
4450,7e5770a76d266848afa1f570813931721f61d222,c7d56514bd4421332a06f3e3238e901033291d58,low,1,1
4453,8a8e46f30cfcad9a430e8b70da8470663853142a,b9fddc131f1e90e164c1b5ff1343d69c7bafb579,high,1,1
4458,34f9e9f6f748965bc80c829519648c37f8a4136f,f14f2822be29a3229fb889b8eb434e91e51233ad,medium,1,1
4459,e584ef5eca5a21798136dc7412b8823a2dcf0eb4,314ff396cc04a04568aefdc6e45622fbee24b65a,high,1,1
4460,7d2f536ebfb3fd8b5aa709a5907576a188d6e3a9,698e0d58197280f565308d5d108f731ccdd87a22,low,1,1
4461,e65c9e541a61b640d86b05c13d402abb8a9afb51,d15e2ed79cacce371ed83ee9caf150bf3ee3e2d6,medium,1,1
4463,9830fe286869b96eb94d19168d01cc00ef63288c,4ea75397ae8eab6ffe573fc2627d1b07ce5cb649,low,0,0
4466,edf53e78128c730a3edb12ebea5c4c9f9282949d,a9f8ed81c1523514023055b648cac7d1f601e040,medium,1,1
4467,b1887efcb55254132cc463abe9b3dbfd720267c1,a9c6a34cdb632ef917dbe48c6b0738a2e83ef8ec,high,1,1
4469,cb0cb5a0f7dee689c6f785c1c61cdda9c357fe0f,85c5fa7480277c011311cb9f810b455cae703145,medium,1,1
4470,90cbe08cf5dbd9259041b167cc011660d75ee54a,f5a707f00c5d3cfd33352ba67bf3fa0e28dff7f2,high,0,0
4471,f34eb88a2f763344152af68793fcdb4f749aaeca,ec50c8f9f0ca64730283dff0076915365d02ce67,medium,0,0
4472,28055dcce3bc577384045ea90c01a32cdf58be13,9e2f1661ebcc3bfcb529af638fcb924cb12f0622,medium,1,1
4476,97e869ef3c69155a90ec43187edc630368311362,c49f10dc92101ce542fb8c38fe9f9dadcf4df17e,medium,0,0
4480,54286e4b5e71f869c7908e4fedce24d02bf6adef,3a96f8b40ecb97bc72920570a9c4bd9cd38776dd,high,1,1
4488,47399db3eedac0e9f7fecf1f549e63659a539337,e7d5a152ef67dfe753e55a33255f6f84e366a811,medium,1,1
4496,6d6fb939cbd58be76187634cd6bc7a7ea7eab9e1,69d60bc919b1b74b578ab20e01c58e6171401446,high,1,1
4497,cdd2e12660b14dbc62b9f7df6bda9ea4689afdd0,f843148a803604685914fa7435f4d85f092183e1,medium,1,1
4500,08973d8c18a8a8f9788fc784c819357d8bd1ba15,3f279dff646555037afde3e9dc1359c2e484636c,high,1,1
4503,5ee218936faf0848159a1051b7a9f46a9f408e85,16d5becbd9c2042dfa174606282fa350bcc71f30,high,1,1
4509,c7923c024640ad6e2e6bc48dcf28dc75df154c80,893ee1d386089a9c792fcafa798830574f1f05eb,low,0,0
4513,278d27797e1f4c114be0222fba7bd33aa9cc8a30,7b9290260d8b4f2d4c8b25d7f99f4ecc2f599dd7,low,1,1
4528,0e9a7b18f85bb2aa649cfeb612c07c7d4ce1f0d1,a953777c4416e7f3f9c7f2898eff836c2101a12a,high,0,0
4530,140a23cbb358e0429ea5896f6ac763dedc40ed23,cc27109c6db01e98775d5ed56630830dded2045d,low,1,1
4537,50e38ee15608c43cbaf0baacee2573bf8b8273a2,c134461ab353cac548568ef5d3a8eb79e016f81b,medium,1,1
4538,b8ffa088f8b00c7025564ce4b57a2a4c84b7ad12,7240269f1897e3798cfc938ce2991b6750bb940d,medium,1,1
4539,da7e400390ec88650c9cfc59a0970d64f2192f44,768976b6330ad9b8ebbabcf11e89d4f15601ff73,high,1,1
4541,f4877b0b66a6a3990df65ea86a69fc587d6d4745,25d8fa796d587422c81fc00dc78082763236c069,medium,0,0
4545,10781995dae5f050016a58a9aa288f9afcf1b671,4df65a97a05f1ecfd8ec7cfafb101fe956fb346e,medium,1,1
4546,c41f1f2157b34c0bb25eb7096b9aa790f62fb626,1189fcefbd6e2f1b47fa4f199dda4ef032175516,medium,0,0
4547,63b4b87045c4502ac16563cb08a459ac3cc78580,c4f8e06ae6de7a409b1a0ab8e335cf49496fee89,medium,1,1
4550,56952b8350bcb473f9032afa887e7a56e536f4a3,66936c3cea2e65739912d59471ffafcd1e5eb1a3,low,1,1
4554,1b20c76ab22396671b4326a132c4087e07442dde,5f267c85a803f9ddcc07a271b5ecd446cd2e8742,medium,1,1
4555,d14f39915750da4e189d2cc21209158e77c2c4a0,8acbf9f9fd45fecf2aafcf440baa09a4129209c6,high,0,0
4556,20d21e2d08f914cb7115214f2380ba1f8e51e157,94d36de60e35ce74ba2574e364cace9db64d7f00,high,1,1
4557,973a0e46d8d0ef95310d3f719f517a1225b5c8d4,b0f92f6f71cc79c20d59a4e003079f38a1cfd49d,medium,1,1
4559,a8713891aed7564688c403facc2926981a5ea8df,5e34cf06c91802b5babadf0f04dd8906f63b4d57,medium,0,0
4560,e33aa7ed153ea962825235f7f5589aa517586186,bc2af3508aa4de6eaefdb7186d0bff6059ac5131,high,0,0
4562,367674000f3fa187cd9b67c670de4aaae9fe250f,b2c368dc8c914bebc3be6b432b4069d68046c6a8,low,0,0
4564,cbf45335e6844973b2fc5fce5d02eff03f237ae0,166aca8837e0e632fb697d60ff55d96946d9a1d0,medium,0,0
4575,1c90f3697334e6d6fee177b6629de703e5a7e32d,6923e8a11c23f57995bd4aa743c1764714bf725a,medium,0,0
4576,5ceac38811fd6a46bf52f87728b6a1b2d117410c,d17760090c624ef0e1f451d13c133f9ad94d4833,high,0,0
4580,13b238bf30b92c8174f001d3b8dcaeb6675c8829,03931feb5e07ae4f8261160266ed4e1c4cfbdb02,medium,0,0
4586,029a55ecc6f4a66b30f025f757b07c6474741104,b783c7511b9940c1ec8a58dc73c2ef7620fe5e66,medium,1,1
4590,a9c114ece9d9a664acf26bf0ce134b2c6563d50f,0df24dd9aaa8e377d6795a21f3c61dbcb868b4a5,medium,1,1
4591,e8a5ebea4e568a65e140bbec8fcf222505e6b92e,85ecbb405adcff7298853ee3498c443b9ae76eee,medium,1,1
4592,8233810c750862328c5560e0771934eae23a75e9,bd5a5afdc3ceeaf3e3ae34adf6d3f825ab93f6fe,high,0,0
4594,7b9d6cca198dfa1955da80c9c87d616dd3748256,5892a945cd4da7582e940530e2a90a3867dcf71d,low,1,1
4600,3d14753a53bd5b3e34207671080254f207b5f04c,7b9f05880712659366086d934812c334b069927e,medium,0,0
4606,e70cd7e97f7bb3f7d0939ef512605c3e10c268c8,a88a6a3f841cda3c53e0f1a151ac81a888add457,high,1,1
4609,5f8b00046deae74b6747b80ebc4a8a1946bc8554,c9b11cb33d9b67e8e4b427c657bd6d6af918e784,medium,0,0
4614,2b0c088a2ea43aaa54297552d0043938994c2134,c01f639908f3d371562c2ff45102879b1ed1fe97,high,1,1
4617,662600504c574ce3f53a649b9ef2430bf7caf2c0,b2fccd9b3e662f141a676e2ae606b2cecb699eed,medium,1,1
4618,d66385c32487735c228672189b336bcaaabe6224,db0a0c9b4f4b54e4d5bee257d4295aa7243636a9,high,0,0
4619,7da913c32cd5d3156277c7cac9c7899a6162eae5,b74381e7e68c2423db0069877d0966ce5055f9f9,low,1,1
4626,cf9a2da33f5acd4217e33850d86ff86558d83f50,838ad18c7e0cd70d2e8478efb0457aa1d06853a9,high,0,0
4627,75ee8ef50952984e80db2df4be8eeb1a48144832,db3d9c7ed8a3bf8a4f95bbc349a915bfe3da6fbf,medium,1,1
4628,5629db6807e62bf56d367cc3b332d6172a96b1a4,6c660d1d28f1adac9b40d944d4ea638a1c9acc2c,low,0,0
4633,6d0448ea39e2f56aa7ab596cde7e0848199086b5,a461e756629430328a1921f4013f912cf258fdf1,high,1,1
4639,266654445b9c7827a07b383a2013c979d80b1443,1d7876d012588b342471f75398c08136cfac0b67,low,1,1
4641,f109e7889fdd8576f163b47db0ff0eb2ec267c62,a3be577e118ea9472d8f0bd494fe56760d31ef7e,medium,0,0
4642,fb7f3c26d01217410611526746334e250f6f23f0,36a777bbb370b3cd8391d8d87e0bbd0d43311f27,high,1,1
4645,b1b319fb4b94574860a1500734a667954a3a60ff,44786f4fc08d3e4d613102b6642a610dca1751d3,high,1,1
4646,5415397628c58a457b7b44b09aa42ac27fc892bb,a7092b7f89f90232f11607fa7e122d8c180f6f17,high,0,0
4647,c30a70aade5c8fcf3af80c825248c9790394b0d1,7c45f427625245c6f8cb81da43bb492eedabcfb7,medium,1,1
4653,76ce5ca634e2f2d9e5ef43d561c444cd508512c5,f9b45af868dcca0753a50a081237d77beb3ea5cb,medium,1,1
4656,f556ec107a95b5ab1a41cf9716158bbc95dcdc6a,0f7b8aa5032e5bd86ef2b46af6537632a8bb31ea,high,0,0
4658,34e53a423cf6d553a9c70e479931ff557fc32d06,2db074d947249e24beadab0ed0c5fc6d9e029606,high,0,0
4659,83d050d3a9c9baddfbfd4255b71c88927fe1dfe3,f6a5d3621074a281052a176055fa28b1fa1b8285,low,0,0
4661,0efe291256a884b266a98e680ccbf8375a811e94,0a418d07ff0eb87984608c07960a783e6e69d2e1,high,0,0
4664,26eb2a35a0f18e2340ffa5169c442059afcca4a5,c43e18a3d1443cb0b99425876dd4eefbecd4718a,medium,0,0
4666,248c70a10b4b0b5fbda7d8a697db418e06808600,f8f9fa57429c47c72ecf24caae025d022d7d5ffe,high,0,0
4667,2df4cbe670bf0cc9925640546cb1d5da1492f538,0fec24d89e95ece95f1e215c5560ebdcec6a5eea,high,1,1
4668,a10d1790837d3e3631ca9e138538463468fb1ca7,b3cab120c81d095bf4768cc518e27b807b0bde88,high,1,1
4670,bc9e19f71a8d79cb25ed56f7506440bfc796c6e9,4c150025692c35d6e99099fe10e0172ca72c0a01,medium,0,0
4674,e6bcaa7dde2048d3273eb2caacad58b793047c1d,e7a4323fb47d2e81d68704ea21a4f24bb3cde050,high,1,1
4676,e43d9357404a28d447bc429111c272755c4b1adf,4ff3232e98907d124b7ff4c48004c13c3c4f2b03,high,1,1
4684,a50edea1443cf14c551370843217615b7e93c919,18b68af7d8aeb44b042ee6c9c3c7f253cc9566f7,high,0,0
4685,7e0a5d5b9c2d5f9264fdec64ecf57b6b3fe8b699,5efa265b5e7a997753a425859e21ea209f581701,high,1,1
4690,bed7ebff07c79cf6a90ae522dc3c951c70f30498,29c94a11ceaec3a3790800e42c2e45131cd58441,medium,1,1
4691,17b47b75169113ff5ef16f2d88b5619b8bf8c6a2,6f7534f207095986f7d32d3443414707f3bf0e9a,high,0,0
4695,c3b73cae5a64401a6650afb1bc2d7380d09d25fd,7988b64739a5e41f96b2a2bdce9d8925fe6f113a,medium,1,1
4697,85d30c4ee7850a66510c22ad935a9345c0e812fd,67d4d4cfdbab9a31a540175f9f70d503af8a4fb0,medium,0,0
4698,74b287c0cf69bdf4abe0fa312a6d4ca8b5708d10,108815833fd17bb3b7f99c8f7001c9519e49b07d,medium,0,0
4699,5f8382e3f4d7b1b1c59270a191495676a8af497f,58d1525213cd6a6e11684fb15af51e884f7547e8,high,0,0
4700,8b464b777c915e961a685300549427006a294380,9c365f7832268b4c6bbfe1982a165fea60190283,high,1,1
4702,b1f1a7b041d23c8cdcdfcda6c825df5dd6c8e546,980f86e61cbc023d7fcc30f7d0070a816478fa68,high,0,0
4705,9dbd642be4fbacacf3e1319fbc0c9b24b856ec51,a014d0a15d1262435cd2eafd52d6281201cfce2f,high,0,0
4708,c254f1eb5c9fd3318a3840fd74135df52d7850bd,aad83245cc1599789be09be275c628681c357f7e,low,1,1
4714,9f82710a186a05654190d17fc51ac0aa62841322,91b12fb3ec96aa0a056e627c43b246057315aba5,low,0,0
4717,08973d8c18a8a8f9788fc784c819357d8bd1ba15,16647ac16b061825a18b4fbbe28071f62eb3c72a,high,1,1
4718,c22f6cd37dc344a881c5c9d3f4c569603016af71,d92d3dcbdf985789df81aa50d4df8407f1f979c7,high,0,0
4719,9e0b217ef1ecc2adc65c135423edad6bc550a08d,892b1cac09a9ce93ef97264233bc9a695e10b39b,medium,0,0
4721,4105380efa70b8c0ec62bf2ce6f1287793ba785f,022df7ea4dc8077e31939af19e9028c51aefbd16,low,1,1
4722,bfd964440b076f4f92e9ba4b3488853ca0c481ac,f1f47c8feb9a1c4ecce59d42a26a6f455e5ff376,medium,1,1
4726,321add6a0b5a3b795667e0b333f984998104ca29,89d4cd17d8d7091dcf5fd102b158711470cdecd8,low,1,1
4729,e0b0c52e4de7a3fe721a8fd42d5c186aada1cd2a,b74ab34c14956a101a1b41782dcd3e4bfaca6667,low,0,0
4731,cf9a048acf273baa98a52fa9dd22f43c6399b9e1,b01fa4d3281c5646bfbb85c420d29727d25d1895,low,1,1
4732,cae9ad5210e42fbacb28f3f05cf543b5a5728a74,4e16e546811adc829fb7913d5207638421509a5e,high,1,1
4734,5a1f7c5e442933315cd51c845f17fd69773ced5c,71ea44f51ee22d4656cfe2a27e05f3c2df6dc752,low,0,0
4736,3e65bccebf6b6a7ce5c5cf29c6307893f2615c98,996601ae81b859f9a82b3e5c77978abaccc3187f,low,0,0
4737,082c77731484d571aebd22de7799734af34ae40d,e4bd0c657384edfade09f27fdf94cdb56f43ad64,high,0,0
4739,b4068a36c7bd5188339f971517a109a5e37bddfe,e60c4f1352b14d26e1b3fb6ff53556a80056ace6,medium,0,0
4742,75e2067c232507e73c255f13399174f89bdb150d,502930566695500808c10e6e78b51beb6c28d306,medium,0,0
4747,94c84f9463064d6ce86c54f127f351a9b109bbcb,5b4ab2bd34e2ebe6760e3f368229c6904c81e36f,medium,0,0
4749,6152d95330bb868f578243f9c6a67886bde38c85,0b0a6a84b975fa7134459682f6ef4cdbde56e4d6,high,1,1
4752,70ea229072418539ef86ddbdf05f45427f35855f,33c6a536b41d8a6263c683c1fab9b7f47eaae2f7,high,0,0
4754,287507697dd9e71c435890ae7dc330037f247629,137478b7d345895ed107ad3d0e49109729b4af74,high,0,0
4756,98afbe25ce1dc4ef9f900f96d29c26c682010491,92516ec2327f4a306da750ad27533cc65a5834e9,high,1,1
4758,a2461e9fa9865dd094bc4d8f5dc00e7ef3917d8b,4536db432e9fe6903c5717fef163e8df5415c0c7,high,1,1
4760,480dfb6adf79a8dfbf3dd2fc7203eacd6b514afc,167064dce03c7d060aaa046067570ede197361f4,medium,0,0
4761,02ae894f99caa1802ac32f98a70881a9f4a9b7dd,c09e4d0e506acdbb07ea32abb4b970c239759122,high,1,1
4762,993283b964cec0631c55d5eee618d0f85398cc82,d13dc2f88abc3eb497bbfd2ff689c0bc5bc4a56b,medium,1,1
4764,5f8b00046deae74b6747b80ebc4a8a1946bc8554,6b3263cd868ae637a00c5c19b272962a4cc8c162,medium,0,0
4772,5c0b8d0e57626042a50c8580bd958af890d42837,02fda4f6f030f1e5a400c32f0075edb8d3bea045,high,0,0
4778,c5bc49068c368747dfdfe637f916357f71c49ef1,7e979b0cc8e961acf26f3d15f4ff36ee8180d961,medium,1,1
4781,ee298813e1463dde209b0ef28e09cb3fd625c4e6,4b5ced2cf890b154ee37b766ad98cc158ff18129,high,1,1
4787,59adeb32e70041b27d3cf78c41dca99573f9a7ce,759fe4fd98790ee199c87bf7a5f617be6448fa26,medium,0,0
4792,939bdade759c26f082b3e5cd5e110a781814f5ca,b8df9c348812bfc0a3e567488bd93b0f69533822,medium,1,1
4794,c878c959f2bb0b66e574af12389dde8ee88d9695,e3a1d0eb11a95e1a86368cee25486c4fa2cbb270,low,1,1
4795,e6bcaa7dde2048d3273eb2caacad58b793047c1d,86312d4bbb9c57024bee28066c1930a755b2e94f,high,1,1
4797,3718677a1214041de2c0806818ce0e9c020844eb,d117d40e54d8b0fea2abea06b4c22ca61a53d43b,medium,1,1
4801,f9fd1090822c2d2090aa839007a91e5b20056bc7,4bb57c0b2a8dd193562d8ef8d87049cada056655,low,0,0
4806,fb8668c5df690d47c83557b9ff0fe10ac32947af,4ea27766eed667a858a9c923d1fc0c8b52af827f,low,1,1
4809,a1c7cdc394eb4f6871ad74fef26ee000922cbb51,f6c92262709f5ab77e0f539154b1448a62a6b5bb,medium,1,1
4811,44c2f0cc405463826f155aadd166ac96cbad6468,c27fe91923cd4831fd4e318baac24624b0162e3e,low,1,1
4813,cf5ada4fe3b420152849c196059bffa7a7d91c59,c8a641aeaf76856914f00c29c0e719f5638841ab,medium,1,1
4815,a33997f697f69e0d0b4ca5bbf897b3dc1c1506cf,e9425397c5c3dffcc061a4c9c3fcfb56bc44e7e7,high,1,1
4816,f087f6ccdab49df86987a30b2d8a5c81f06c7267,fead9490f6314cd61637c18411b499a1a72b2602,medium,1,1
4824,d466fe7e80b93a6fa4acc553147d3edc87278b6d,3b3709795faba69e441af5a2f9e5965c5642ec2c,medium,0,0
4826,ab185dd58a2b4b313a012fc2c1674b588a572b76,acf67ba012abbc294677e8649f872d23a147d9c8,medium,1,1
4834,ba21ff5aba5e73a182ad1c7486778dc9493326c8,3c52a3a28f5a14aba435a7f53c5a22b6a07f6f5a,medium,1,1
4841,ea01417b2159ec524debdca28f62e765e3b20962,d8ca36535bf9ca3b231812c2e08b459ec1922991,high,0,0
4842,f8417b2e81610d8dcf0449c7c163f0261ef6f72a,46ffc3586a40ab04b67b1bb51a3f349782195bd3,medium,0,0
4844,fdd901351434d405766d0b3c07f36bbf11fafa4c,8cd5c8a90f2cabfbc84e19fea12b3bfe5490d998,medium,1,1
4849,98d871ae6142f10702d21a65e123b14daf820e96,aa9ede4becf20408abc821dc1dba3e375d9f253a,low,1,1
4850,c4972bfc0d734d08a2df51298b49c7521ece182d,5357089735581f61ab6da3fca4c223a9a0c1c1b6,low,0,0
4852,ed7abe483a9763f30c5d0cedf7ef167b7aa40348,7a16223dcc94aac303e312fe2057195c6bf12a97,medium,0,0
4854,34f9e9f6f748965bc80c829519648c37f8a4136f,c22d85c6665b91bb3072e489074914b5cf6f8711,medium,1,1
4858,237614970c18b1588441577e6fcc952b0215237d,0da965b51c599c869b70f6950aa4f7afe2a50b32,medium,1,1
4860,ceaadd8da99ced2ee3fe9b7a9228503e13fd3dde,2e6cc32f3ed2292db5b056b1cfe03263e92e8a8f,high,1,1
4861,7b5bb2135d99e65cfe271e9551ef717e7dc0861d,8a2609e74bf5d723c23f6a55d19f7dca35a232a4,low,0,0
4864,eb2b482ef312c98e40ac5de6855f7c7ed965195e,863d9688ce8f64ed4ae8498f228de0fda7f87c44,high,1,1
4866,6c0dd7d8bd6775bc65737e1f8c2a837c1c620f08,af6cede0ee943ebf827d5b2ffdc3ab7ff43e5b59,medium,1,1
4873,381bcc744dd8563feb96c5146abbf6947d5fe65e,7316de69112323354457450c419aa8462db58acb,medium,1,1
4874,fb8a6419bbb83855c085135ee33c7bc868d1097a,6bd44746a990c045a9119e9b4ddee79628da666a,medium,1,1
4876,da05d104a3b0de79255f9cbd82d4204d4d61d03f,e8f56801d1d95fb1659a32258c4c6bf4410ab60c,high,0,0
4878,4bdb85c24dc7394c9189f93de47332eaaf7d0da7,b7efb0910080b6930c1dcc153d164afdc320926e,high,1,1
4879,c356fa28839893c081bf11af35e5cec4aad33c74,3e4bfa5cfb68c0cecda6421a17fdaf7ff3e1c3d6,low,1,1
4880,53cea80ee61de95323a8d1badd10287dcf8b400b,0c5abe58de22ed9a5c3841a2b67b347f4f56c89b,medium,0,0
4884,ae08c105471685afb6598be3e35f3c0a732dee6a,57dde31f03bafb797a3a394c01fcf8b10de2bfdf,high,1,1
4890,70486e47f78e732addca38b4e26447f282f65512,0d065a3b35201f7ae45f53439042e9cd5d7972aa,high,1,1
4892,a1c7cdc394eb4f6871ad74fef26ee000922cbb51,19cb0e8fc53bcb4e872c5911e90fcd95468880a8,medium,1,1
4897,bdcb3aefe116f31c84f1090d45e037b564794f14,45ad5777497cfff138be5f8a7d878ba082e0e215,medium,0,0
4900,4d511f37c63f51ea8dbd285f8fc8931ddd5f70de,2461f1518d46bde56795219238f097f3b6f0bd4e,high,0,0
4902,46a5bdb60821055fecc92bb140e2f58932890418,b6922d0c1afa9f388ef732d4506492f52e3b42e2,high,1,1
4903,a4361861218bece01b0454c9d6eb1edf3d2ea73f,4448b31a6813140de80c63553ae8e617b5515fa1,medium,1,1
4911,fcb0d949993c5033d7eefe73d55c4e15b2ae1354,4f709a4505987ed30b3a61d3006413881120e873,low,0,0
4919,edd4e5e169f7d75d214985d0575185208a1798db,7765217dc98e5a3c3b3ffe6920dfda53edf298e9,low,1,1
4920,994ddf7d2ac8b60af035f59d5cf3c38bba047a1a,49a802b500e541ef31ead633e52a158190cbfb21,medium,0,0
4921,816d60de56a900de4cc9df32348894b6f471e25a,10e272671302fb65005911c28b851cdb6917ba45,high,0,0
4923,f9262bfb6f5726a9a3b8d5398fdd37a037b44ff9,ea118bf9b2e17dbd314acd41117a3b24aebb3ee4,high,0,0
4935,6ce58d05b0f9a239e4b14c09177e005f500070fd,1a82e101113216ef5ba7df72e8b7ac17eb9b3f77,high,0,0
4938,9cba79660d59ea87be543d1c1da04b115f86f10a,ebccdccdfbf5bd20e6b1d88bc0fe951be6dbf9c1,high,0,0
4940,2d8f46056e1dd276e0eea74f68f4e2845f009a35,7171dca20bd46a2758953db10a3b167d250de2e5,high,1,1
4941,dbe338f86609cb923881f334fc3a9da68dffbdc4,5f4ab4cdbaa3b1d018e5896943a27ac0a04b2a2a,low,0,0
4943,ef81d517520136a0f1c8a076f5a64ca36599689b,1dcce37ca1fd46d263d0e20866ecfb443242a483,medium,1,1
4947,dd5fcd5212688155bafc703ca2ed70a92e78b930,f2f3a703deefe735a56802e415a09d39454f50dd,medium,0,0
4950,167e2b8c5a1899a39b74986cc250921c3dcfa6be,857b9534ce4465742f0a300ac429f7fa2e075c59,medium,0,0
4955,dc69ef9cc26f5d3198ed7884b09bb38407085e39,94691879926ed416fd3f34024129be645153e634,high,0,0
4961,af7019c56fc70ab5ce05b301c744242cfec95dac,e4d9161399c1a8fee0cbb1eaaed1832cb3461d3b,low,1,1
4964,abf06b65706efa02b0cc3a36ff942f69db209a56,807bd7dd18b7ab412a845f2645528cab232037bb,high,0,0
4971,9e77e8dd38a1b89ac0f80bb1595404ba00d424bc,ee2cbea506087d27a4a578d99f9f66230d9f2133,medium,0,0
4972,c9c42bae1d05a00fce15e136fd1a825fab14a403,e2a5e88266b7ec0bf6e57454b87317b2ae7ac3f8,low,0,0
4973,22fcfc96e83ebb5c60cb2b11590d491800775a1b,6370f6a340736bb0e834da9f3bbc1e02da4504d2,medium,0,0
4976,55dcc70b53040c968f73b6e4f3f1bfb822651301,fe4524078db7991366d6d61643dda11da4578114,medium,0,0
4978,12202be820d876f926a6aec022d5375e67e69c6f,04261207efcfc86910f2a02ccffe6db011ccf567,medium,0,0
4980,671129d413140dee8d560b50fb9136ad1040ad50,3f0f33fc03a057b180734c19c7ba7c101cc46400,low,0,0
4983,1706a66df3b71b349e24502025102f59c21b6934,80d270616aa4a0311b300f8c7d0d1ec2a845c833,low,1,1
4987,48b534fffa4a3f3b53a74cd1ca1012f7d085e490,a73b8dac77bad3a31881def8430cf6696c7e1471,medium,1,1
4989,309bdf91909852ee6a828c61820063f29f28d27d,075930e24ced6cf1caeee1828b361992fb65a324,medium,1,1
4994,ffb0d970eb4e2c326ba0924e8fbf8170ecd2d206,931a0b7660f9bb4882bc1aaac8301fce08cb38a0,high,0,0
5001,e2dbab7721431f620bdb9499a16846ac68b74aed,798988fd970c9a25f29df75a218dd4a971477a50,medium,0,0
5004,223d94333912e1a847e0c8855aa09da3c77261b1,03a7583a50d995a65266441eda70269ee63b83c7,low,1,1
5005,52886a05580fd92b2dcc5f525b62d5a9945a9ac0,a783ca169ce6a2b53c5abc871a797591df621d3b,medium,0,0
5017,9657fd9b9c85a89900d822a77108d866b7e859f1,ca3210d550dc6ccf09096d374314daedd6cd8731,low,0,0
5021,1fa4bc0dcb7037ee49121a6e34aad5bfdcfd1457,362612afb942512493dcab89fa0e704b7d04724a,medium,0,0
5025,7ab2c3af7205c33bd013459dbb52316bc6949e6a,8a57f4e530e67ab6a4b06eb1a1ecb6546e60ac9f,medium,0,0
5027,4ff867180ae52c59d1cc1f91386313136667c44d,f28765e2a43732404662f47666d83e484dd70e5e,low,0,0
5029,07cb34e59af70f34172d9da2e828d54f4cc76374,0a07e03873fcadef00e6b3ef636c01e6b7539048,high,0,0
5030,f781e1dd7630f2f7d2e293708dbb6c5baa0d2fd0,2e73edbeb4767ea0c21b52ab8f76bd338ddd3a08,low,0,0
5033,01cf41afe2f923b48304b0f8293c63bcd7fbc575,7bff7a51c80d5aa5b0de27256e5d142e09596d6c,low,0,0
5035,a0040dfcbc090260a9f534c09cdf5a8c01e5ca71,10c667c73457190449a34463de0f02e8a99efce5,high,1,1
5042,a4b51a568296ed52612beafa4b09ca78e98b1694,e93b634e04cf2f3bd0e049c552ae40de8fb523ea,high,0,0
5044,c8d8fdc0b5e72723957a21a251e40e307d6a4330,5ccf294c0d3ddc624cc9d808ec615966f3b950a4,high,0,0
5045,9c14894eb11932919895dc45f14da2ea4e39822b,827abdce322285e63da9134182def0258a9c4dae,high,0,0
5055,aaa55867a65ae3d83ac58a19d3bfce9c09c46de7,6ff066fbb85c4c39b9014a45bb1621b0d000e4da,high,0,0
5058,4cd471ac4513715dfe68d03a6939bcc3de544797,20afacbb1a8fd437e658b514571322c35f311393,low,1,1
5070,05964043e5e7717785012a82eb8bcf59e335a063,9861588e86cdb5efc4381f8a03c59d9532839188,medium,0,0
5071,dc69ef9cc26f5d3198ed7884b09bb38407085e39,f6f96ef182c4520969d91d6364c170613ef7296b,high,0,0
5072,4338f3a15e6049aced5e1d4c58bcd2039289c1bb,f915424da93436d0b34d37896e17f598a01caffa,high,0,0
5073,c33299db6377acfe2c636404b81d11a9ee52aa82,2e171a464a61dde29768b607a4a1f1b036cf3e46,medium,1,1
5075,82675f79155f49638acda4c3c9210f67ddb2e37a,e98ab2022535af66bb6750efae3c0ff245919606,medium,0,0
5079,df50cd00bea2b4792413ef9dd0644548ff39e47b,d5e8c12d5cb4c65628457d86ff668453509ae1e5,low,0,0
5085,eb0aa4fdce6593850fa5fb039c5d8aa4f817729b,4b07ed254ee8d1ab52530b0eb192cc5a30019ec4,high,0,0
5086,8f626f6629c0e2d041f0a513f308715cd448c721,5c6f8067b61f6eec98c83462c58b07fdc41f7cef,medium,1,1
5087,cde42e23a89f033ba57926da5f526b673df720b7,ece8aed6f8ce8f23ceebbe3e61b08c7d37f98701,medium,1,1
5091,e085434aee82c0bb41f3598fe223c55af89efb4f,704fe01aa526f3fbd1b8ba40a65b4f87efa8b0ba,high,0,0
5093,574e165d6c605b1b57767a5ea869c3d6d1a38987,06a6e575f58edb075fc3ff31b881a5ac8ee0636c,high,1,1
5097,29485128b1f46f39ff4ef8c4f1caf8aa69ccbf21,c41ad3be5a905560eaeb96cb28724b386877f7ae,high,1,1
5098,7cc87f462ada71a76c5b41b81c64146f70ec1676,148f3b11faa2729429891fd54d7fdfad3f9fd69b,medium,1,1
5100,bf0efc5fb6e72e75f68a69af84bf2449bfc593e3,1bbb631e2716e094122f7f5e1d038b8e3eecd3d8,high,0,0
5101,25093e2c86cd3fca58d054d2fcef8b4717443140,427b74627a82e43815695d792b50cde691f87343,medium,0,0
5102,e76f4c0de2060f59a19766831db044c23c01c5c0,5d7267be525f60a16cd7dc23dc1fda58651f0353,medium,0,0
5104,3cb9fc2eae2c8b54529285cc86e15db93a15139e,fc7acd0f4294ee26c84532d291cc6f5fcccc0f33,medium,1,1
5106,7b2436c8f092d12be3fa8f88402208f7e84dda8c,223613297b4105c5b46d4aac268d802f232af9cb,medium,0,0
5108,78522edf20f498b04ebc4917752bee1a27703c9f,0b41f56ae3f471d43a062ed49fbbaf926bce8044,high,1,1
5113,6a03e905658823d47de4260ca37417ba6f106742,dce6eb7260265eacb2ff7bcfa78e6c49a4ae3d4e,medium,1,1
5114,d8efc017fc2c90b2fad23e8e6bcd858a7b14e812,d9c0a1647d8b8243878c9f5d456fd17989129c5d,medium,0,0
5120,37fdc63c6a0df19843842b3c48cc7be0305c075a,617d9627b301e91f96d60d2c32c342438d90d0be,medium,1,1
5128,852521ac49196e6c27457e4511165c8746e4cb23,919a61b99b94e49d06645b1418d257d2e84f4437,medium,1,1
5130,c41f1f2157b34c0bb25eb7096b9aa790f62fb626,22a9f37dc7d60cb43aac74d65f55ad6259c46e18,medium,0,0
5133,b3a6b7374df57e573f9112f2f5eadbb17af12ef4,d8c05506ebbd55150e09d1580c1f8db5424909ce,medium,0,0
5134,8a1b5ed0eb3c5e332db60bbcd0ce0cd69b3bd6d2,b711f2d0393bb9080d98e89d424a2885e9bf529a,high,0,0
5136,3ef12410fd6cfe568f429750c312e9fc0a6aa61f,c2fe35008382ed7f77ce573fbb2bb7f73deb676c,low,1,1
5139,2a2e3a3842bdca4cb88ee11206e0bb55da386095,b4cc278cdaff014f519eb3316a374f42b44f63bd,medium,0,0
5141,ff0e00e17af3bc5bb02d5245ef611ed4feb62754,768f94f67a7a687a4845bee98fa915b6488df1e0,high,0,0
5142,2456bb1aa57e89edd86186be437eb312dab33e24,22956a885fdbc76e5920bd5f5adfdb3b66688263,high,0,0
5145,7c4db605186e9a9013acb6780e4f902e083b25bc,ed448787cfea565c95dad8d142a1dc49cd254e13,medium,0,0
5148,a9a0acc0402da784c12127e67985a96e0a832be4,4c60ed6abe95bb55285b6bcd3b980d222fb5e3a0,high,0,0
5149,65cbf904bdb4c0311a9113a792e090661fbd86c2,a63fc0b2bd02a56f96b6b93f437d9609234f01fd,medium,0,0
5151,41898dee8daf77b6936f1d041231dad200930eb8,8d195dca425f20f95292ddbc1a5a26beb63bdb23,high,0,0
5155,afeff3916e98cf705df5012d70f4a0aee8d7eb34,e9ac6320b91a13a53cf452e1b50665407e4f8b58,medium,0,0
5158,cde42e23a89f033ba57926da5f526b673df720b7,7784322d7c26bf049903f7a284f38a689b23e5e7,medium,1,1
5160,a50edea1443cf14c551370843217615b7e93c919,8a1d2117f07304488ff9a33a0004a8f73a0e0a63,high,0,0
5162,021288244980570e7e7172b7dee602828006f2ed,b0d95b1ccbee3dc47e2977594ff3a06be9737bdc,high,0,0
5163,0a9c8b0f28e2f9ce62004d08b3e082903619de53,48f866d8cdc660e5472b238349d4ab700a7a5b96,medium,0,0
5166,478fbcc4f40ade444f69e48def2d83368e639dd6,5f81778b5d0a4ae72d29d31f75f673919d1da174,low,0,0
5175,ba6f413e48cf1392080a01d1b008d3d1704f2a7d,5db8cd914a62f7591fb8b8176f19f0399f29b0ce,medium,0,0
5176,7c57bfc62007fc968febeee69f6e7b8384ee17fd,59610749941848f10ce3bfb8ea0c60a7b8466b2d,high,0,0
5182,9dcb2891958b0bcfda02c7ce4c5c6295d40c6c5f,49a2924a1db4ffbabcbec288599fadebe9abeb5b,high,0,0
5189,99d3be74279ec40f7423dd012f7244ae30b42feb,c041d2df38a7cf4b85c7c02cbcd5dac9798cc328,high,1,1
5192,53a40426e528ed3c8116b6539a1d58328e733e70,70c1fd8bfe06d019c2982fa5ef2b40ff1e8be218,low,1,1
5197,153115d895430775f76ae22d119a9e13656e4fd0,173274f9e511062bfe8c15bd2e7b7f79e196cd13,high,1,1
5200,e24d386606d4ff0163b820f19d1f012e4ca90ed4,8a3b7e27aace45363a88fbe2c0c3ed2f6d9812b9,medium,0,0
5203,7a0532ebcd29bb178fcd33c37434f8c4573e9438,c7f1e9ef2a183fe6d8146b33785f77ce11266287,low,0,0
5210,a85b8f10d15dc676b50e691528fc29f468e8a881,ea52230ab4ef8c2851ea877b917c2d1bfe72cbe5,high,1,1
5212,4c89dcb32bc9239a35f761f90ec763396a96897a,811e0bd2bcdd8aa77c1e0cbad38fdf4d95c36229,high,0,0
5213,a5e0e29d038dacaf0fcfc128d9b6cd447381122e,6034e879681f81bb45ab2515d7bc829548dd224a,high,0,0
5214,8422455b890728097d34f8d4958e0f6e3793b0cb,a13193e4b329d43417ba1944181a1307343fe10c,medium,1,1
5217,2a54a2cb72ed7860b1480ca4bfcc1c15ae6b11c3,a0c320c173a906d0e100ac5d1ea5cc02a1dcc30a,low,1,1
5222,509a0c41b8a5e93d2c6c1d1e8f9d25902109b220,f8c2e2084b14dda9e354f891c424d7359edc72e6,high,1,1
5227,3c911e124dca1c4b8d1a9c07ceb2d3dafe7b6d20,296e5534f3677cbce0d41b6d264f84eff4ed47e7,low,0,0
5228,8319d83e81f667a45535c4df7317966d2905ad1d,b0cbbb9965451e808d2b3f62ed27ac147b45fd69,medium,0,0
5231,f0e2b0c666c5c5645b9c162f36afc9c4149f83f3,de4b33fb1ae50785864d52f5a3a3db35358d0073,medium,0,0
5233,5415397628c58a457b7b44b09aa42ac27fc892bb,7e660912978b97a91358396323e2b441984b4c56,high,0,0
5234,a5e5cd1d185baddb0da8171c5d6acdaeea633b9a,11f7e130727f2dc29a5337f1599462a982c79e3d,low,0,0
5239,bec379d5d894ee4d50ba2e31441b35a50bf6e54d,5c92208ba1e1e8698cb88ed8003d5a3481e79a4b,high,0,0
5244,79f3eb039c3f000fa2965b4baa8650a9f0e5f80e,0eab6b326b466f3efe564ffdc4dab3719a29371e,low,0,0
5247,e4a656b6e3f5a6c56c88f3d9c7c8f221776a752d,3174e568a9afb10b748d3bd7c63601ca92b0574f,medium,1,1
5250,56717c7c997c7a512cba9d5dbf7fed8cc2feae97,5c5c93079298a816d0e8ddd7188d17930571e793,high,1,1
5260,1c7dfe72c3d740279e435d9dccd56d879791ff74,90cd6b3c3b755aa6c5233e9877ea2bcd4d4cba9d,medium,1,1
5263,0f150cba20d324c195fc5576aec7dbbcfb8b190c,261f34800aae56034a3204cdbd706b5c63b4da8c,high,1,1
5266,2bf4b887997ee48934defedcc28e8d68894488de,b6fa0842cb4408d5721c482724e85e0b8b79a74b,medium,0,0
5267,d1d4cafe41c31c0032a1745d35c67119ac8037fb,ae75ae60023f4bfa06242596be92506a07d48915,low,0,0
5275,55567c0f77f21dc1d6cde9075a6cd1a9845ff77a,7755778be7b9e84d5868b29c81508f92406c5a56,high,1,1
5279,9f539de6135a3f54279151c97778fadad114a26e,526a533a5c867d229975768c984c80dd32705bbc,low,1,1
5283,aadedb88d51c452a3799e22ea74f2b6de950d3dd,9f12f6dd5dff1ba7fbbdfc6e381d62ec81449a69,low,0,0
5294,fea05df046f70cabae69b9ea7bb3c1722b3cfced,0e63d17928104a3036e680146e3278a863c2a287,high,1,1
5295,60b9f82fc097665b94c06d16ed4255803dfb471d,0934c135152e6e0cea54ea019898559d264d5a22,high,1,1
5299,2b8a37ec8588e5535a83b3cdc0b3378f3d783783,77e8831e1514b44ca959221dc136911bebd83821,medium,1,1
5302,6ace62fa4c890a89db22abd334cfaedece189d37,ff3a90c05994ae060ac8a5127b0eb505f8235cb6,medium,1,1
5304,c9fb48096ce89334fb41204de7fca0b12f412071,240b8c7422b19d2bdf7c3c989986943930aac806,high,1,1
5311,6a0041d5347feba31bcc93259a7a0a948705ba5d,7de9779c6e31101866c61f84a887e5aac6d7f938,medium,1,1
5312,9045a7c43c66b5c404bf461c86cc0fe1b099c8a2,195c53b2bc801162a0578fab8843559e9638e755,low,1,1
5313,befaa4238b73a9601fc23eab03bd3f2b6fc224b3,6d9cd4f4594d50fcad433d8a6cd2e7df5e91c684,medium,1,1
5316,2bd36d4d264705855cd3f4b89b90dfae9945046b,3f20ff9da568786d7cac221024c801fd7fca42c9,medium,1,1
5322,cf9a2da33f5acd4217e33850d86ff86558d83f50,3f72acbd444e7c21a834ad9996836ba1672f4f4f,high,0,0
5326,8a5b03471d45be11a908868677926298fa25a6a3,e6b5a0cb405a4aaf983f3d9fc45b2ede9f9efca9,low,0,0
5330,915d325cc0e52f5455815c2f15ff29eb641b0efb,b8ef87cc8b92a1ed3031332e16e2e02e72cfad7c,medium,0,0
5331,d86fa3d22b92622e457e420138d2ef296d4c3bff,44b9bf190b797ae6838c89f2428d921cc5a486ff,high,1,1
5333,36eb3aed4bf01c4b6cbd962a031d6a4bf50c8c29,816f4f4696a998f4c03ef2c26780c979a99b2c4d,high,1,1
5336,c13653775bf69290063543f744455844d3cda851,5334c97932a5db4046e9b9306ead64ca8aae55ef,medium,1,1
5337,e068a69d57910d9009dac0af2bfcd5b4fedc470a,f015aac5f1498f7108017b8597c346682d5a9149,low,1,1
5339,684a836cf960f167a8b21dd7664b3acdd0a2f2ae,cd4a50430f6abef15c68254328a64e974dcccd4d,high,1,1
5343,e24683adc70ba0c186536293dc00b45f593c780a,e27b982a76a0374d7420e2719d6369bd6d528e76,low,1,1
5346,c21fd3c7ec8a807473cdfae654852057e8e5a8ea,5bac222be0df573a3633c4e5d6fbbc3be24a025e,medium,1,1
5355,51f04b4d0d1b192c694a0dd228c706d75f3b9e5a,6fb8424f573deb2f371b6c8641ef93c14cc02dbc,high,1,1
5357,50eb728fce4ba791d672d650ea3407a7a58cc17d,f1107979b3d667fcdfb3ee0fc910a5f1a541f2b3,high,1,1
5359,e2d1b862db566e41cfaf20c1ced9e08f16f8a90a,48007615e63bcb1e2be4b21e2c40d2f8dbd0f374,medium,1,1
5361,728ec21d314616811e2811bd05cf10575524ccbe,fe686a6aa94d050802e442d7fc84a3ba00c010ac,high,0,0
5369,a2461e9fa9865dd094bc4d8f5dc00e7ef3917d8b,7552a2c11d1fc89577734c65ca848c119387eced,high,1,1
5370,ae8d5fb3f97996615794dc72825228cff6432264,603b6f733d13434da965b9de591c8fddbef632bf,high,1,1
5371,d534cb6dd91d360ca871a1e5b6c0bdef684f6c87,e2aa16546b7c9fcebe0f60975c56c695c7ab29e1,medium,1,1
5372,7708525844945603dde7e64bd3992e98b58387c9,9b95c222565bc32b40343bf0caf6a24304628640,medium,1,1
5376,e6c9cec2e49a9eab92bbf244683894bf1a206d69,a1f832101dda194aa7737fbb271407194d9a3567,high,0,0
5380,dc69ef9cc26f5d3198ed7884b09bb38407085e39,36fbace08e00f928d91b71c370e173df7b92627f,high,0,0
5382,c1d5aacc0498aca5ab86484bca12f2ee1032985d,3275a51b44c7be743da2c4796fce6b640704502f,medium,1,1
5384,cd4647924f247b2de3e638f489d486f09d385b0a,d66c73e03aee87628edc230a49349c16c80a85b0,high,1,1
5385,6f51011dfc4b5d4634d185e8b58d83e1d69c36e2,77cc83b04f8d314b156bb3ab2ff987ae6fc73897,high,1,1
5390,f720234ed58d48890b313c907c0d665a5e5b263a,e305f5dfd72230f2b6ef9cb83511aac772f5c8ab,medium,0,0
5391,8f2269e60f35fcb34939418b72e7657ea0f73895,10b77513ca9a9b9414e8e72379a84bb19b0d7f9d,high,1,1
5392,b4f8c17508ca78cc61f7deffd3ddfe6f1395c0ef,d0d1510f0153cf5c26922406d968237b5dedb4ed,low,1,1
5403,fec38d7f8e292823b2541e02f568f6e361a3f983,f16a803a9689e300262ae35b6c4fb71a48514ccc,high,0,0
5407,6b9a58c52eada2159d49d8739b8f9ff3e33c2ace,e3c997c84cc50044aca00b17210f9daf32d850a8,medium,1,1
5408,b8b2593a75cebe35fd96c5cb8f04d58fb85c2fb2,7208436ff1aeb9632092c6ede178fee92fa4c7cd,medium,1,1
5411,db64977cf5f396fb7572edf72480f738c2844d3f,a57e903325883f90157c01ec80d4bb61eec25b4d,low,1,1
5419,a40b8e632acff0591e19fa092850f1143b48941c,540721fd16fcbae6a24eee7e16feb74ddcef5710,medium,1,1
5421,4b46b853d018d531e727df772b5a3bffd2545c8b,c8a24b1b5bb6a7f574fac43c37895e76c7da2583,medium,1,1
5428,eed7524d935f02b227461ebcf12ca82784deaf31,ce39ed2b27b348845cd1bf23f0ad1e1fecb79811,high,0,0
5429,bddf8af22051837e8f6fb3757e505dfd2171d88f,51216f0b98423075d5dd35938f7270480b91baac,high,1,1
5431,367674000f3fa187cd9b67c670de4aaae9fe250f,4db8e339eab868ca3400554dcf55e5f025652c7c,low,0,0
5436,4b3e7c01c10054fcfb39865d33442c4f890132d1,d221893663400c3e55da5eab69dc2cc2b020cfdf,low,1,1
5442,70e5064c8df6cfbfb1879c43c20d2e9b799a5ba4,cabc661b261db3fb1a23918abb231d8c1ac7b0d8,low,0,0
5446,5745f871efa7a4d6ff215d9fa0e9bbfad9f3c27f,6fd8de8660e750d5323c6f63b53ce2994b5f9462,medium,1,1
5450,c3c54f7e089ef4ec1f60de9999183a3a36c5e5c5,7f02e598b4136b7863f1796b6d4e343f22951c0c,low,1,1
5455,8422455b890728097d34f8d4958e0f6e3793b0cb,1698aada66ee7faf751bbaadd037b10fe7df8971,medium,1,1
5457,757ca7fa6b59763bb8c99f6fb65c46eb9fe9abfb,1bdff49c747e5d9090ada796abf9c96360d614bf,medium,0,0
5460,d3905b1bcab13c72eb77ccaa3371993c6c766000,fd7bcd503237bc3aa7e860797da419255f53980a,medium,0,0
5461,8364a5a8844214e0c8289a76aa961330d3fea048,a9cf0358b453533de2304a202426791ce0e7e350,low,0,0
5462,2a3a4981f6da0f802121bb4e086db92dbb6aa313,943d2f3e7415dcfec3eac64d2f82dfa10c8522ed,high,1,1
5465,91f12cf38f0e5953ea196e14ba433d057f125809,8b1a7c6b3fb4878d62e7b27c73cc8a46ed6ed4c9,medium,1,1
5466,53eda4f36bc8e30d2015bff5bf0f950f178c9865,d8d5bcf476033b991ffdb46d4d17c44d76f33704,medium,1,1
5469,4d8c58bb348b253d3a9603b4b768dd0b14b9561e,daf6e8ff37ab3394054da2242aea198c96f9652e,medium,0,0
5472,4e0a9dbc2cb7fdc54edde4ac23ef7eb50cb6117d,0e4a622b809bd32468983010511b9a8dd9c88e3f,medium,1,1
5481,28762b8c3354c239697fd8fb868c158d2bd85386,21360bf91150eb4f3defcf776011df755b2c5782,medium,0,0
5482,75d3a7deb49efb57fb4a3b55ca39ce6081e89091,6c1df2b9342eff47558dcec108d0fb38262767e0,low,1,1
5485,35e566fd3421c3259912e4340e3c02fc976dba66,6ab018b60ef627367d8af4a4ac4f98b196a0aff5,high,0,0
5487,a9c114ece9d9a664acf26bf0ce134b2c6563d50f,391df0d77c909c3debe44a3f968b46f65bb3b98f,medium,1,1
5488,dcfb120a9a50318ca159071fb4f038e495c2208d,b5ce73eb5dac6cfd3d62fffb9475e09617a61861,high,1,1
5491,663a2132849bf2adbfa46a24fd3309991f7989db,e5b8dfae8019ba1323e32de5710e658f606e28dc,low,0,0
5492,3c49f3aad9be24d0328fc75a4c477038ada01342,7ce5a5d7c492a40f5c98f1c1c9395ba3249769c0,high,1,1
5496,452a302c7605ea9892f67c6068bffcd70e9bcec9,dd821fc0a237379294ab433e95a74038fba40b07,high,1,1
5497,abb740daf25185e19d1df7faaea8ddca9bb78f05,552707dcb05bb8d1e2282824035294f4be7d0168,low,1,1
5499,e4ed8c934cf5a8b73299a83202a75ee73f311a19,9c9cba128d80ee9fdb8be09a0ccc046d3dc9989d,high,1,1
5503,59adeb32e70041b27d3cf78c41dca99573f9a7ce,6f0e9c2ae722ca1398623f4eb7db890f278a9326,medium,0,0
5508,f9eac147ae25346e9f7e717cee45f36df6c42794,ef2c61ce775b8837e0e0dd7ff6a57d21ddd8bc5d,high,1,1
5510,5ae750944edf1eeb93235c6b2747ef9f1ec692f5,ecb8ae49d1b6f847ab6255f4890d003fcac8b9da,low,1,1
5511,507059a17f2f2fd8895318e681399505602b590e,9976dd9caa6f15eb826df2fae7f2fe080724c58d,high,1,1
5517,6f6a510fee1e266da60126e986af4d5f8ec8710b,41d6b15d22e223198f24d3358eeae9caca4b0ef3,medium,1,1
5520,e2474b05bd452987bffb79dec163161d04bf0051,23acf9ff05c757535c867827a2d71d6b98474dd5,medium,1,1
5525,bc6be9d144c1db75ca8733d61723a20a73c99807,34cc399b08ec35fc8e71e4684b7a0f75b0857917,high,0,0
5527,b70ba542942125f016efc2f8df4203dfe257cee9,eaaa95fd14a00f6b434538bd6039d76a6a303b64,medium,1,1
5533,242c5aac0c7e89488a43c33af23b76dfda6d4a3f,f3202259a17b1e69432bae6c2bfdb5f5d2d6f493,low,1,1
5534,029a55ecc6f4a66b30f025f757b07c6474741104,4c5d233600d4e71fedecce0a138138ebe6b40caa,medium,1,1
5535,7b8c5331bc5af831ac1653a63b6ac1de99d4d16f,642b027a1764c9812ba209acc883cc6e0bca55a0,medium,1,1
5536,8c94da27160d0479755dbaf8e4209005dd0a55b3,66193a9ee622943ec6067a4e821a07bb117afd67,high,0,0
5542,0f150cba20d324c195fc5576aec7dbbcfb8b190c,e5ac70827238b8fad3e71cfc00cdc0f22fc1d57d,high,1,1
5543,803e9bb2a579cc5351026b5eb57eb7c2fc17c736,bcabf451db4bd21e6daa8a391467b5bdadc9f128,medium,1,1
5544,a1728837ae6504d4331b9839524965026547fca5,c336d5c54e683d294374221c74bebb7a7ae2deff,medium,0,0
5550,f3d3bb355fd1093ffa72898b87799f5db080650e,4d9c1273ee7e775c35e97782845ef2306ccfdd6f,low,1,1
5551,9a18f014d37599e202e0952e365f2b47513a5a44,7a51a6dc50f6a34a3509d1db6affac05f83b23ea,medium,0,0
5556,9e5ef0afb609e173e06f29a1b75d9133a84c8cbc,24e169780b4b62a3d5ff06c336cd95c330568fa4,high,1,1
5557,a41e11dfb90582826693e37b18ea7b3e479483d9,d415d5b34016319130b1a952e4afe5fa0fec0ad2,medium,1,1
5562,77913b28ea50fa1c5e5a0b4ece66d8d1d9502849,dde51609a6322b5cfe60e720ceda728ab6683411,medium,0,0
5564,1689d276556a2aad8ab67002291320bef707898a,449fab0c0d754a2185741bbf5c994641399874a5,high,0,0
5565,687e39c20fa3f4dcb8c21117b092c88c92000c96,660d99504c99270dd10adba8628b978ae5134d75,high,1,1
5569,974d568da845641cf27831954df6275de5596649,13851fa8bb81ea12d6dffd6d48bff412de1689eb,high,0,0
5570,79922420aa95b112ebd8514e696505785b0f63a8,cf4a7a733ca8ded3e832b7a7b4ab717a822fb830,low,1,1
5581,8ba47e508220cf2172b41812d945de229161a085,71306ccf8ede0fd69e9580b069210445a246ca9a,high,1,1
5583,ede5e3545d01509466ccf613e30c82494654006b,ff1dc476403c2962c9f7708ce492dbd0938a6222,high,1,1
5590,11ea34e55a59e7dc6e6ec8ec956922e2561a929d,b2813f65bfdef55a30475fdd40c19b677de8615e,low,1,1
5592,6034b869806830577fc1d17d13ab9e8bc37218ac,d523115242c5a8444d2aafd72ee39b3a33cbc6ad,low,0,0
5593,ac1894d73dd110197809564c32e4ab9dabc7fae0,218573d64272e77533b3f8a202162e4a3136cb00,high,0,0
5595,16fcf3c1ff003319715568ff92225c60f7d3c414,e96c8ea44a1fce0e85f801bbc0efdd4e63de1179,high,1,1
5596,fd2bfe373e27e5e7eef2e460d9edf9a55eb4c889,995a024d1103f7e94e74624bcdf6a76f9e6c1349,high,1,1
5601,08dba2dcd99b934d584635910e711af7f183f356,018e608c3d6fe42454693d29e2568d560b7626e8,medium,0,0
5602,ff37d6021a33fe1edc91440bd66ea0bbd63eb6d5,ab0a5eef77565da38ad51904acf8980eb481dbc2,high,1,1
5605,d2e418a0afc2365bc2be0000d8c714f7ed5ac555,ed1d285780914b8a1c79aacc374732bfa26eb3f4,low,0,0
5607,4f4b46035aab6c747c9236db0839cc1e801d053a,0b97770b1cb389a480460924dfef0fb1ea27ed00,high,1,1
5610,5b5393b13758d621ad795ec52fca68971d5ed2e0,e8440742c9cb5cdb61ec15cae95b3cfa5dd95727,medium,0,0
5611,709860b744ceeb76a4dbc2d8774cc8d6462c44c7,962773aeda3aec120437f45700fb805d05a1e75a,medium,0,0
5616,33549f0d9505f7ca210aef060302d4ec22a9e5e7,9274ffeff7660eb003e081e6136943d2490fef8d,low,0,0
5618,dd69cd20559231a92cf7502602de515eaf5c5e03,b70c9531957b61325f070268caa3366bc56f2358,medium,0,0
5619,886e4bba194ae48e65dcc0ba2616e8add124177d,71879ee83a79c69a882ec2f8bf7f1f67ddf2e6ec,medium,1,1
5622,744caebe164a5d957ef398e9179254a83fbdff96,a7e2b8b50121ab30bdb66c369e4d3a97789ce761,medium,0,0
5623,2836ef931fd92fca8147078592b4a5e20b2fd111,5967df672f9d63edde5c0dd1f7b725029ffe87f2,high,0,0
5626,d64c9c759ca9a12c0fa7e3641c3682e492288e67,0f5fb145f0ed2e7cabb1a92a4c6dd0b4e450197d,medium,1,1
5629,adcf07daf72403129431653a6688f041d3526ccb,995d527ea04dac517aac5ba860cf76b52e1bc5df,medium,0,0
5630,69f5d5afacc92131ea9bd5a700fe2443610a29c5,aee7ca21ad234950734ba3520ac95b3e877aeda3,medium,0,0
5633,73bc918048523a4407b2dadd4dee81e3b93ed315,5bb0aa34087373c0cb59e51bd150d6d31c640176,medium,1,1
5634,c17321828f421bde952955e5dfd648335328da85,2c62e41bf09b96fe3cbf42d4984b61b2dd967077,low,1,1
5636,50ee218b8e753a68f707178548adbb7a5f66eff2,c5dea7fe8e7f3baa11f35f34d299f19049c51941,low,1,1
5637,2090cfeb1db50ed723692f4084c0934224499495,9d2324a721032555c81e5e93c1c8caa3106e96ec,medium,0,0
5643,69f21cedfd056dbe153e6e1e92acdec6f7b4aa71,fec4161698512a48c0aa04adbe5ffe83d347a5b9,medium,1,1
5647,a6718e1824c3ab1a36cce8f2d6ae74916b65d05c,75031de18bade154019b0f5b9fcbbfdadba03cbe,medium,0,0
5650,779497706ed5b7a7f7cfef1e919cdf091fe8ce08,eee27981d9e7e8479b65bb75680e50cda45e6ffe,medium,0,0
5651,d385df85c3c6b9047b7dc8e05d3682473caebf5f,f9a326c253bdb91724ead29623fc61bac5b50221,medium,1,1
5654,b4f8c17508ca78cc61f7deffd3ddfe6f1395c0ef,73c0eea862b23ce2808fd02a429b8e11b22182c8,low,1,1
5656,2eccbd16d8d660d6f4df5bac9a80c6db0d9eb9a6,489a875adef48aeb02b2bc18d4cb54311b48312b,medium,0,0
5659,37611084075da2dee70460d982b379bb5650b925,16a5ff63ffce5281d45022dce7bb8982b5f8111c,high,1,1
5662,d83cc8f7148d917b8c6b18622105e7c12a806ec2,6e3e1ee27a5f597c30e211162251127e0a652064,high,1,1
5663,299857f4a59f1d245156e5518f180e925317fb3a,58a1650982988dffd48f049147d1cea6c113e46f,medium,0,0
5664,1cc122f568eeee8be726ba238cb41db88f43f9c9,44803c3073ab51444f901cf3c99e4ca0a1d8d1e9,high,1,1
5667,6679647a2c8c061bed140d113f53be5ab56a5da6,77a8a9040e8cd8c72e597c9d040a7b046e2e7211,low,0,0
5668,4cdc95a099ba95cbf9c8a6acc5c25c60e6bf45d0,09f2c3a984e29c30ad81e57eda540c1035508fce,high,1,1
5672,56d3628ab3779d27be3b0fec2edc5b4838b818a4,6268e914de2eaf502bec515dc36053591a4eedc3,medium,1,1
5674,7122fad02ed747e8e0a621df332c8ca5726caa18,ce0fd2ce643f2cd15bd6a9b16293074b1cf712c0,medium,0,0
5677,e3e13e9cf7933c5c4ed60d89de3519098b613d17,3aa5903c7f0bb945a3e2c95eb881242e96be9868,high,1,1
5678,5eb9ef1158a80ee99692d2682ff79e090968a4a3,c91b06f5ce18e483a75305cf5a43390497ef90a0,low,0,0
5684,d2b14ab402a47453d713a34cc48f0dbf5393fc66,ec25888e58545355d40b982e48e90104674e4e8a,high,0,0
5690,1207fb907a829449b2e82743fcf9072904371c96,7f44b0ea7f40c880eee5a04daac379a5a967c9c3,high,0,0
5691,5f9c5c7c27ef9debac6a7d963afc4b5bdfd0fdf5,cf59d59580b25826df5c94c17a5fe79c5835a742,low,1,1
5694,4db33241612b28d7ebc392880495d698892e3aeb,7eb20cadddf9ecd5fa5112136668c942e5da66f9,low,0,0
5696,ab6f117399f297d7ef9d96b66daca08bda921b24,bba7ad7590cf0f6bcfd3cc57f0cc7517a48721c4,high,0,0
5697,52ea285c3152711db2eebb6211bb8dcc70192423,2c6aa656c30c937cc77a10d04a14225d74382b43,high,0,0
5707,285fd31660d3734289648050e70b2c76322fe975,76fef6f51d3c2ac9e8aed98be57768bad8e95a33,low,0,0
5712,7f4ebe1ebfbea6510f4c74e9ffc949624c48a995,37705776c201932d68a0273562930c31c000f10a,low,1,1
5719,687e39c20fa3f4dcb8c21117b092c88c92000c96,ff080f5973ec2e49769d0571a756a9f3e0878255,high,1,1
5720,ae08c105471685afb6598be3e35f3c0a732dee6a,345f5b8c897daf988344ac2f47ae381aa1c7f7aa,high,1,1
5721,5bc44b715277169c85803c4a2b693c4370a76123,f23643c9046c9210d53bf5c1abb2b5310689513a,high,1,1
5722,006ec45a39d821b50f75b32f14cdaa3dab7fe319,235739bf2ddfa327f32d44379168d0b5265cba50,medium,1,1
5723,800f9d022e273fbbdb18ec50a6a081dd70eedf07,c1b2493c2b7742ad0642273a3a7d56e3dda61dbf,high,0,0
5731,4dcbc332595dbb60d6d84ea5a3cb415ef2f51af2,1fd851d618012cd9c579d5519f766a1c00b88657,medium,1,1
5736,24adbc25f7799f5de9269ef246c0da64a4885ea0,4c55e9d37e806d1d00a5e20b015abf9b7300d85c,medium,0,0
5737,fdc1966bf043b1a4e26097b646934af41e555b5d,f9a99255133c91da4f2e97f5c6fd8f1294b8449d,medium,1,1
5739,e3531bc6d1fba39a412a1d638649b646b63be41f,89c0565653cac9e54505d837e84559b77518f5dd,high,0,0
5740,aaf7636be73cb48563cb7d982488df99c107494c,b8c092cf5c4bcba62cfe4691db21a6b9262f7de7,high,1,1
5743,e3cb3d59b8cda2ef1109e72968ab47d538b7a886,1f64c0e6a4bcdfdfd7df6a710180ee81d8874206,medium,1,1
5744,8e9068d867fa531bcfbd3f45c3787976fda91f85,2b129c4bd14200044d28bd8047f128a01894baba,medium,0,0
5745,b1f1a7b041d23c8cdcdfcda6c825df5dd6c8e546,ab4b6c1dfce5d3687eef50c6138f1acb52210b2e,high,0,0
5746,35e566fd3421c3259912e4340e3c02fc976dba66,e9fccf5132e32ecc72aa7172b3f748f01b5a13e0,high,0,0
5749,263f93ee1e0f20cb894d14c896d573c3b7dfb16e,85f5a9342d2d19ac983d60056805901839daeb4b,medium,0,0
5750,81a1b687b197ab1e4d6a9c68bdb1b4dce1a1a441,eeb52b2ebbff4be92329175773c6aefebd62eb3f,medium,1,1
5754,167fab842a57346418f1f11aec5d17a9f4b3646d,63572484c3ec48e7caa836886d4a5dd6db847e56,medium,1,1
5757,72554fe883bfb34c0a6e281ca36cabbe6e39af96,7f9c8ac30775c8e9edd20417ec06d3aaf25533d2,low,0,0
5759,37585294bbe9aa29c509b40b5b79806f3a630d82,c8d80c1605f39f11cfdb1633577b154dcb196354,medium,0,0
5760,d8efc017fc2c90b2fad23e8e6bcd858a7b14e812,bb969c5d3f879fde0ca4c7e1c55cf0c494f9eda5,medium,0,0
5761,94c84f9463064d6ce86c54f127f351a9b109bbcb,b30ea7896111f280d2ce1e6613b1e870917a613f,medium,0,0
5763,b20a16a1a9ae1557f6359669659276dcb0ceddb5,fbc8c25ae4db98e283227ec15d164c548946cf2f,low,1,1
5764,9ee5f300273bf19cdbc63f6e90598f3fa7a04f21,22476eb842c1d45542089aa8d0a460705be1f5c3,high,1,1
5767,81a1b687b197ab1e4d6a9c68bdb1b4dce1a1a441,aa481f9d5b876397821f31e0fbf26c6033fa73f9,medium,1,1
5772,a4b51a568296ed52612beafa4b09ca78e98b1694,9adc4c6211f0139358dab0cff4bd856f8c97b89f,high,0,0
5773,41898dee8daf77b6936f1d041231dad200930eb8,8f169999866e4cb09448680ad4a1aa9b32d04975,high,0,0
5774,50ee218b8e753a68f707178548adbb7a5f66eff2,c632e07bcee6274dc826cd01afa080cc478109ad,low,1,1
5775,1207fb907a829449b2e82743fcf9072904371c96,fdfd9f35b688368f014a4532886855ada77450c1,high,0,0
5785,93fb7a322500d1db5e97db2e4ec405f5e3f50299,a76847a934903e60152b0e1d443e8ed0b2537951,high,1,1
5787,c740084c9ea21b83e50d35b2dcf31d36331b62e2,4d30ae7cd290d998a4debb0db3c79e99dbddf88d,high,1,1
5789,e5acb0c79e57298fc4e79e0c57f234f095b12162,c8ed60c076e752258ef53dcbfe00e018d38060a7,low,0,0
5797,9721540ad14567278e2dcb8f3b757ee006c240d2,d13544a1cc3e912622c49a46ce00207314e030b2,medium,0,0
5805,b79764ce763fa5310d7b7b1b30e26dda1c0fbf76,91f1f68029b93bd82a4d1e42221c1183246eae4c,medium,0,0
5806,c192c4841ae974192fa161ba8b0263c6220c95f9,0921701ff30b92277bfa69c68743f2e51d78c355,high,1,1
5809,dbd0c4564165f8e905a0800a5553f075790ea027,7799e46f5e93c43e67a9e2b60ec1855bc6d53b4e,medium,0,0
5810,1689d276556a2aad8ab67002291320bef707898a,498f8043aabcb844fd23a326b7218da283ba590a,high,0,0
5814,480dfb6adf79a8dfbf3dd2fc7203eacd6b514afc,beed5fef8eeb15cacf416b40e4bd2c768d2c7d66,medium,0,0
5816,06abcfe1c45be6f3938933ee39a167e2387f23cf,e5dc40017c686e90685ae5fd0fc40feb6200e980,high,1,1
5817,f5fbd07653d3fa7e5b10df36183f11707cef5b3f,9e4584abfb9045bad67cfa55bf14ef5737988561,low,0,0
5821,d0129fcdf5054dff17fe5b891c002fda019a1033,bb5fbaf4bb970fd98c65224d071d29f4d9ce87c2,high,1,1
5823,d3e98379429a54e109c1e89e400e55bc33f99df6,6d191d4aa79417f5e51ee778bfa5aff2df233043,low,0,0
5826,1cc7edca972aef496d7dd4a6e98dc1536e8ff69e,ded036517fd8814979e7fe2ff701ffdfeb704b89,low,0,0
5831,c9bc94a12dde1ccc88077efe4358424a0ae3e1a3,e0634953df3fe54d1badd2310bb91f5866b299ef,high,0,0
5833,f86c5f50db0b90563964e9c2a51777e6ac9e3ee7,7784c03cf4d9fe7a7d260b89c1985b9eaef6248b,medium,0,0
5836,e14cc3602baa6cbac521ec306fc64848096374a9,4800dd193cec8b9b686bfaf4403df795c07c7f4b,medium,0,0
5837,b47ae70a9be28f9ea58f09df90b4f91d8aa965f7,fb89c1287944106b1cd1190b994ad90b72c34323,high,1,1
5843,11826e7b3c592e10527db3f64300611b982cafd3,687412d99f4ede2ad82fb9dd33b7d31032603c4a,high,0,0
5849,b3439185a1e12204925c041345518e2668c23add,fb95939282ae82c279ea65b8dfe79051856d6278,medium,1,1
5851,eba07d8033a0d0fb2c3da9e5b1b584d29fdda0ae,19c85befccb4c98fffff87f309ef50040975b54f,high,1,1
5853,40249ca80877b99c86cde6b484c7eac42bf43dbd,0cdb273a27236b25a858c22a6f4b6c95776c6011,medium,1,1
5854,d40d0e7561ab30a549b1e83e2eca5607e0c3768a,b1b1ea46f615960e719c59713d0e6fe459d33c6c,high,1,1
5855,acd2b9ce910354ca009a76be7db77d341ef14d60,04465f5248c4d07aa362e36829518d2392e5c813,low,0,0
5857,e72471f9d899feb2ee6fb9f32b065eddd04eefb0,3f81ba14de923fedd889ecaf22e0965872a7fed3,medium,0,0
5863,737c59e456ee82b35566341ff8c7d84fdb2dc1e1,bb3a0697e416cbc5cb1b39c39af824569dca2081,low,0,0
5864,07cb34e59af70f34172d9da2e828d54f4cc76374,a5c12858ba896b0fb259616faca8cde479c64163,high,0,0
5866,cbf45335e6844973b2fc5fce5d02eff03f237ae0,54af4bea48a84a2bea50b2f39dcbe71a2e58dd77,medium,0,0
5867,754eb618dcc3a4c6383997106289ab5c20d13ef4,b9105ebd6d54c194b4fefd936b06b65c87b6e026,medium,1,1
5869,42e4141313e2222b50eef3d2a0df877fbd4ba1de,7364d8ee8c4d90f43f9c3cc86daca440dc8001d9,high,0,0
5877,020b27e192a4fd10ae4fb8fa05ded42c3c75a4b7,d84ee558111810480bf2283f1ad8eac4657b4a8d,medium,0,0
5878,6e2faf6983475bc7dfd75105569b5c5b8cf36dbc,1ed905cbec53638e353616453cf5b1f667753fb7,medium,1,1
5882,ea4044a3d49f6f7b0979e00c5bfd5808d1d45fcb,c55082fef4b71fd192097b715d545ef79619bb6c,high,1,1
5883,1604d4c82ac16bdb649f74b2d8e91d84bd852961,2e92e916d30da0e4924c631f4c063d19323321ba,medium,0,0
5884,69277b98d9de87c8eb32300e3250f7f91d2fd2e7,f1f44d883702e0f39e38f69e4c09536a7863b724,medium,1,1
5886,9b868b32fa942bd4192efab98e0b09ff77cf9b10,fe8d6d1710b544376017a2bd34751eafab186b11,high,1,1
5887,6679647a2c8c061bed140d113f53be5ab56a5da6,5c614a0399e21caca588408c5674d8cbb4c5171b,low,0,0
5888,779497706ed5b7a7f7cfef1e919cdf091fe8ce08,5f88aef1ea8fade58ad6d012aad6c708874a2aa8,medium,0,0
5890,51f74ed211bc0bd360edb494a3e5210339cb2956,d113f98bb5e74054dbb5b1c53b8b2dd4a2da30a1,high,1,1
5892,9ec73ecd9a6d6e5276d2c802d9349e6312779e2a,4c859ad436a335f375eebdb9857deea31dbc9767,high,1,1
5893,c4a2809b68d1ee1cfc788941588426b52610c898,78cd2646e9efab2b0778f0008a21ca5dee799ac8,low,0,0
5896,71bec28a1dc893d6386e3f89b03c35d7c6a9b76c,ef5a8dd37c319af540cff675135f1c43e5af5760,low,1,1
5898,9ceb9264aec79e8017470cd356fcd003d2bad5d8,057bf2bf061ed8a3fd2be40c294b8416148cc884,medium,0,0
5900,4e5617cb77ecf4effb70ffba53b3b8b36d53198b,57aeeadcba7a9f1e95258e48771632ed1a757e11,medium,1,1
5905,ddd9c5afa09b1a02e1cefe1db34cc7a2fd4b1e3d,f2cb2c97d7fa4612a6be8d35a93671e4001939fa,medium,1,1
5908,6034b869806830577fc1d17d13ab9e8bc37218ac,1a51a0001107c240914107d522b80ee9fd388dc0,low,0,0
5909,aefc93bdc268613c7887d635c9d7bf641dbf3377,35282062a85a88be87c6f8fc55c7c9af43f9ccc6,medium,1,1
5910,f3468e0e79545c9318479bdbd88eac75b3efd6c1,15eaee742503be29f904a33d13e24e89b306a904,high,1,1
5912,896610bde0cd2ad22c753110f67006a402e3c6ae,49e3ca790e13ad7469e4df4d6e3577471bb90dcb,medium,0,0
5915,da0befb901f89cdd7d4b62b48dd5e26db26f6ca0,acca7427801dbe8c2c4ea43af5554f55acf608f3,high,1,1
5918,f4ecce365f7784f70162a86c4d5e8ab94434ef0b,4cd855114de9ae79126d7615b3bee0afc159d58c,medium,0,0
5925,d69c0254dc0d6feaf74911178cb056005289c337,3bdb79d05b602412fbb6d22b3ceb23115106dfb8,medium,0,0
5932,e8a5ebea4e568a65e140bbec8fcf222505e6b92e,9e55017ddad5bd47e78b642665d15d2b3fb3eb11,medium,1,1
5934,75aa8f8b219915011ff19c741bbc6315665a5878,3ea32c8e14d76b437c00162df3077e4e7086d09e,low,1,1
5940,0e7a7127f7402b084d4a637f6fce12ddf6d55ac8,ff4e1f9e2f093748193574dff95610c665cb761c,high,0,0
5941,acf49ebe0fd3c32579c76ab4f5a4df182f45e02a,b404540d3706439dbc2d2605862466c207c9e0aa,low,1,1
5942,d66385c32487735c228672189b336bcaaabe6224,0045010f4fc412637af61403948d0d0bbd082832,high,0,0
5945,1e5d20289c4a439e85b475940256658fb940cce0,71aa804bb244813d23ee2942659a81de5e73822b,medium,0,0
5953,12b23c085dd0f6d17ceb575c13b7c8dc3cffbed1,3fd0e6b2c3734782dd28e81989f445a26da0919c,high,0,0
5954,f3f162836d15a518d24d5b1ccdfcb5ffb650f085,5dd2b4cdcaac65bf822d787ea528846c2ff1feb7,low,0,0
5960,339d0d5cea602fe631630cc2bde2427ac7287f63,a50e8f3220e5deae7ba34231ac60fa3a064a146a,medium,1,1
5961,268e222e476ec98f6d564a874fb9e3305455286b,c43cb659d2dd62710281cbfe3d8a6711436235f7,high,1,1
5966,56717c7c997c7a512cba9d5dbf7fed8cc2feae97,7abc3752c7b40ac75ec458d64645618abb88c1dc,high,1,1
5967,d851aba4fdbe40ddc853c7e2dd7129fb8937704d,ee0ea6c509de1b7f1cafedfdc82a7b72a63b56dc,medium,1,1
5970,62148fa1616768690fc7657cd021cdfbfc154157,0b7e9dac9b166c84d8e25f9818a15ad7d29fef86,high,0,0
5971,3e2464e85c63bfe57218e5ead740f9b4ec08e289,9f67e9da4584bbb8b54f7f324fad4803c3f6393b,medium,0,0
5972,3176e912f35d9a6823b7e59f1d36d20794301a8f,3ca5d4d3e75def788b497032f529414d691c312f,high,0,0
5985,93b41b6c6c81c959ad75ff459136b18795c9b625,39fb93f0a43334bb527f405cf137f66b11106547,medium,1,1
5990,e463c13e75a0bbed1614c28aa9519d67d1d80b6c,fb1009cd8db878c6fc75710ea16e2969c64b5719,medium,1,1
5994,bef64d5c421d854a1147e6c07da277f45f6b8817,6d1d8c9bea10cca6143a8b0437c9f06713cf8129,high,1,1
5996,0d2fd161f3028f205d271a707255d2ffcfa2204c,503d3bf941a5cb5ea44de9248883919b299fc58b,low,0,0
5998,9ba3fb19b375eab1ae20a61aa8e13ed472292cdf,cff773568ee5457b5659a50b656457c04892cf1b,low,0,0
5999,4e72fbdcece21b87e8e9294578656093e33ecb07,60f4a21c3504b38b8de0680b6293926f8849e983,high,1,1
6000,a91a01ec6afd4d4b89c33eb8feb028d99b8826cd,c1ee200ad7f499e5ca6d35b84441c12f25c1c7a5,high,0,0
6008,86398cf6378da39db27127fcdf4c1447e11876e6,816cf96dd14f5a8d130cdfc19e17fd3dea8c4594,medium,1,1
6013,75e219dee07ca5fc50801e0ea2379f3e6255e201,b8db1f0b4bbb63ef518b4c5a72d075b606a08355,high,0,0
6014,47bcc657372d240dce24da377483965c2e9ea94e,50b1d8e224a1e7d190a4542989b3bf3511df9e18,medium,0,0
6021,02f4838dc6dcbacd4211ec42274bbfbaa70ad7c2,99284059255bb8db1e8bbaa10d455ff6e326f32a,low,1,1
6023,1678d0b47fb67e98dd74bfa63a3ac0692cdaad42,8f911e89646e2bf948af6fa4c0fdd06d870bbebf,high,0,0
6024,7699b77a0fd29db2e87cf64e9b7781ffa4b90dfd,dc177c64f76d5b215e79f096b36ebc851e761fb6,medium,1,1
6030,0066cf0a7bf94fdbb9395e95d45a4d793673cc28,8dc11450402e122a1895b1a702f0e6f3327b25d7,medium,0,0
6032,3732cfe87f3339ebba467a01c86b29da4fdd13fa,7438e736dfb3e7406cc8c25e49291b1425ab1753,high,0,0
6033,eccda288983d1eb6d4ee1edce25d25fcd646f8c1,11aed4666f8f5fb5ccac59100243a8ff18306fd9,medium,0,0
6034,1446f756e2464879bb7dbebd38d077c8ccab0b1a,e3ea4df251bb48ea0070238af02ad62ef35270f2,high,0,0
6037,6ea44a4c567368e4d5d91937f9779014a0f1ff50,df02c5e8b4a6d8bf181e1baa6717720b4488c7c8,high,1,1
6039,75a9d4ed82e8793b0e6fa70149f1f389fcd5850f,cfdc6aa4231164be65e94595fa7a40a17ffce9c9,medium,1,1
6043,7708525844945603dde7e64bd3992e98b58387c9,f6748df9e7482595b68711f7181e03b4c11e16bc,medium,1,1
6050,46887196f7294bb1707b534f9666e2a5f4620935,4e5a2c08ed36cbf1052aff417555315e51461088,medium,1,1
6051,1fa4bc0dcb7037ee49121a6e34aad5bfdcfd1457,22f033ca4e7e9260b7739043ae8205c4a039992a,medium,0,0
6059,aefc93bdc268613c7887d635c9d7bf641dbf3377,512b7b5054935cb1351f02249e51b862eef60c77,medium,1,1
6063,ab34fd6c36fbeac2e94e5a4c752e5b6a8c67e19c,b83deebf0cd2b349f2410a8190e79c42654dae99,high,1,1
6067,fb67bcc365f6f77c594b43565955516d20a6dd69,2852140488d7aa0131c35f38b2fb0018a58e1505,high,0,0
6075,003fe3a5fe17b3b2665ebc23f0769f7a243f3eeb,439ce953eda57a6797c2d928c9214cf077f76b6a,medium,1,1
6077,cb4b0fb8ee3dccd52b97f0fe4e45cc72b671ed01,0d4f910e5f74fb6bee6c05104cfb2c6844660b4c,high,0,0
6081,363e93a7c7507b5019897db6a37bdbf0ad3e4c89,ae3ade5298484fb7edc86c803b132f1d8cd7da6c,high,0,0
6085,edf53e78128c730a3edb12ebea5c4c9f9282949d,e2a3e45a06372fd460f1f74245b610d3f01fe491,medium,1,1
6093,ccee26b6dabb37319078d70d37ecdb143b452c2d,171de6cf0adc211b0534b56b100e8c155ab2dc71,low,0,0
6097,9d0627e95fc03a90bc63ae02cdf0126714658845,f2be93be06b441817cfca3ebece196c41bb6054a,medium,0,0
6099,6d8d02f777edff89d36ff11e5b527ab7e531c3b1,d41f8cf484552a28016209f027f7c4f5764b33d8,low,1,1
6102,aa9b1c4deeeb8b7524645325312d232423af1094,b17d98f8c69426299be74b40ac2120eb7a2b2b71,high,0,0
6104,fb8668c5df690d47c83557b9ff0fe10ac32947af,edf43443a80cd4b0c8dde46cdf83d5a3bb87c77a,low,1,1
6106,c3d5bd16bd6616c93abaa8c4e65c72ba749cc8f4,ce2a369bd82c51109b9899eb9a3e42754e4cc22f,low,0,0
6107,4338f3a15e6049aced5e1d4c58bcd2039289c1bb,731760b3fd9ef6c217c01e8670ee61599c84bd63,high,0,0
6109,6e6f95293161c8b5e201eabbb8d074e35a7fcbb1,816691792b5adb1a7f43d958d66e22df50b6abe8,medium,0,0
6110,3d55c97c514454b34a1b60aebc94c448713b7a24,8af02461595d01f5c5e78169327b719bdd599944,low,0,0
6112,058470bb329f573521632bc9893124e3a97123e0,7340b5fb3aa50da4e93621bd1258d4dd96496cf6,medium,1,1
6115,9568024fb47ddf0a05633c93c5165cac9d8ce2cc,f515eca2899ff11e6e15b73ece0039f87d15b615,medium,0,0
6116,50eb728fce4ba791d672d650ea3407a7a58cc17d,9930e76b4fe3b9ddc15e40a6969617abee0e6a9e,high,1,1
6118,3d33ce5977bef962f7e4c93febf2877b176bdea2,73fc493213483575af50dadcc1b727803652559f,medium,0,0
6122,a41e11dfb90582826693e37b18ea7b3e479483d9,2c768256eeeb60aee7e12b42d5cae0f1190dcf77,medium,1,1
6123,c1b031cabf85c7f8aece779bd57d8d56ac30fb6f,966ea1e97e06ca4dd27ba8e8c7db6a1e95d76a32,medium,0,0
6125,05964043e5e7717785012a82eb8bcf59e335a063,296f9447a5d3c987fe025832b3e353b40b77eae2,medium,0,0
6126,900c3ab4f2baff59da37c330fd209709b2827152,e17afa04368799b6bce8aa1bfafdb0c17d841bcf,medium,1,1
6129,24186f544696994ed988d40e57d25cce0ee33959,5c465ba99c6acd2e6c206a340220f2b500c804f0,high,0,0
6137,5f96e8b1031edb0041c6efda9b503a354a840010,af437b1f63becc1daa1bea9fa9344611961bebd9,medium,0,0
6139,d06817131672fb4a4c3eeda5659bd5057a67f0ba,927ef0432d9958a788dd8c09fd4de1f41b5efdb9,high,0,0
6140,67336914e615e59218f6ee8948338c9a0c76463b,e774cb1cf6f2ca4a5eab231cc955fce282f0e428,medium,1,1
6145,29e96480f4f6a50a8c4dd7bdbd0e32116225aaa3,e5944aa9eb131d65c3207d345d60ac0c381070a7,high,1,1
6146,ba419218751fb03c1d0869a4e814de0aa6e42ca3,3c2d6645c4bcf3f95431c439e5fb95a67791255c,high,0,0
6151,1290b78673f2342f6f2014dc7d5acca981029d30,a87acf92e901314dab2f47ea6adb7f54ebd6e2dc,medium,1,1
6152,b3a6b7374df57e573f9112f2f5eadbb17af12ef4,c81890f133ccb62aef87aeecab2e4a6d402869df,medium,0,0
6153,17a91fb1f7c0566052e7bbe27a7d3774dd7cf5ec,9f73d061386fd97f95388b329377ed29dd0572fa,low,0,0
6155,c700c9ef12b470eb40081813f5db08e02e69beb5,5440aea6620dc8728b074754ba677e26c37c4806,medium,0,0
6157,90fb66b09c831a375c8653a446d8944f054858ce,76f5e2682dffd9bac92a09490779fc763b2b43a8,high,1,1
6159,18627752997807a3db4c08d2176eb9e506e6295d,adfe1dbbdc96b1d133d94e741f9af2bde8aa743c,medium,1,1
6164,f3d7bb5816ba5aeeb1aa542b60892cdc96fe95fc,980dc957e92252a65a7acf167de97575c03ecef8,low,0,0
6165,e12c5d02272df6c679dceb745303b4daf0df4592,87eaaa639d075c2d5ba0b3bc753c5442798ec90e,low,0,0
6168,e963c8fe3cd71a680da6049704272df1f79e7082,cd9b8ad58945c4f3fea9ee5149da927a17f1a77b,low,1,1
6169,f0e2b0c666c5c5645b9c162f36afc9c4149f83f3,f94407c2e432d263f87652c8d8efe3f59e3efaac,medium,0,0
6171,923a52232578eb59accac18d82c84fc9f0ced310,ee885c1ee1dacc28aa1d3d41df2fdf9d1be642b2,high,0,0
6176,1c331d410703b8a39a928b88b5266b615c958a14,12bb722a8c05d66c18df2faa2e08e9d8bee36f30,low,0,0
6178,ba21ff5aba5e73a182ad1c7486778dc9493326c8,3c6cdf31c5d29461f444d7560314c00ec3962210,medium,1,1
6179,d534cb6dd91d360ca871a1e5b6c0bdef684f6c87,3865e73b466e5dee6ab5336ce2a1a13d29ded7a5,medium,1,1
6185,ad1d8bcffc9bc9df977de8cdd5c52e15b683d7fc,85d9ecf65e204078f25219f1be847482e1c328d5,high,0,0
6187,38ecda2fb53747bdfbb71950f261cb4ed5eb1786,a7724ab3692f3f912fe47b8646494854eb20c552,high,0,0
6194,248d3eaf80f2a7ef27f6ae7c63e9675599ee880a,cfdde9f125369dcf09a8269348d9d4aac921dc11,high,1,1
6196,71849501909e62fe3938afa6b07477059de762a7,4cd09f3e9b87f44c7064506eb110eef50bcbbcad,low,1,1
6197,1049e466415f4f0ec435942f4998dd7543ec97fc,177bdbfb241ce83dd36903176ec343783cfe4547,high,1,1
6205,2dd237279a45b4a8cb83129fcd51b467c49bb6b5,53d658a42f523655dced8471aef246e2b91678cb,low,0,0
6207,626fe079fd582831fd10c1bc027923803a522cb1,92de3d6e9ed86cb40f6832d6c2ab34465e07c638,high,0,0
6209,149253f75b78c5b19b703657663bd805b79c39aa,b432e48dfd664ecadd93b7757e8445c06c906c54,medium,1,1
6211,c6b6a1bd7febd5822144733e626d365905748cae,3c5095cd73269ace4120f40101206f5259fa206b,high,1,1
6215,2ef8a3343bc81a196fbf46f368c355e23e7fe418,31d36e4b94d245549dcc0c7c89aa50e1a5fe157c,medium,0,0
6223,36ca9982acd275686bedfaafcf2134d213c0313c,20b2e27d0b568571f040f750271ecc3e8ffeb7e4,low,0,0
6224,8f78084ae254044837fd2630ca39c5230ccdec1e,d65d246e0206a4ec5a411daff4b761f34320ac44,medium,1,1
6227,6b89e1eed04482d33219530292b4e5b9c86f2778,eb6e9087a624ce752edef7ea810253dd6cbd3af9,medium,1,1
6231,6fe0f0f4d768963ae79676f253b1764f966ffff7,921bd6d0faf743ff009439bcee1ebaeea73d62af,high,1,1
6232,f3f162836d15a518d24d5b1ccdfcb5ffb650f085,19619bb6bc642167c351136d044ec4628dedf521,low,0,0
6233,4766b6cd373535b51d6ba5ecceda46a62475bdc0,f3247d419d37e97d8c2c6f28afb76c4a43bf2857,low,1,1
6247,f317893691fd1fa30a07e855c235dffaefe041f7,98ea9d830093d2dacc4408c9cdab981478811f8f,high,0,0
6249,46317a7d5293855060e8bf35a348ed0da340689c,5c2cbb1f91354ba896089f4684e4a9759043f468,high,1,1
6254,a74376af4a4967f575663e708715072c68eeb7df,1e4edf9e65c1cc0124e00615ac98b61157f205b0,medium,0,0
6255,b1fdb2ffcc48a1a7f716889419e0901a180d458a,7978097657f14a01b5c516d4dc0a72ebac1a9f4f,high,0,0
6256,3d14753a53bd5b3e34207671080254f207b5f04c,3c6a71e7c9ca896536dd04d079e467f7aa35e891,medium,0,0
6260,31e0de68702b366caace5fce3aa41f9161d99d3f,5ebc7e73d47ad80df88d2d5d3a0400687a6f0491,medium,0,0
6265,cfc020c5d7e6ea16adbf57c322b6d3837fff4d06,a10abd2fa49903ebee584140a527e0525dae8076,high,0,0
6266,1414156181bdc8de2547c60ad6d036b57e0b9ccb,835788a4f40b78243bbb5ce014d3466aac39d271,medium,0,0
6272,511336e58e0eddfbbbb28df68320ebe0957032b3,5ea267fe3746f2b279f457359e5ebb12f91af944,medium,0,0
6273,c241f24678988eedaa0f17031c9484be2898062c,3d71fd2330d316b7002a64d71a752566d18e0ec7,low,0,0
6274,a2690ddf8efe44698a1c68f874c18c9b634e0973,cd4f54d14d27ebaf2fbdcf1de86a827f6e68423a,medium,1,1
6276,3df4f40b2f9161f6a92b2fa6b0f0566489c68db1,bdfed83c416a6b39458e191c950173b33cdae0f4,medium,0,0
6284,4b587b5229315e25ccdc99a534a461084cd24868,006c8b2b9bda9d15274a95a4b27b83e0d8f6ccb8,low,0,0
6285,c2339435618425586ee692fa7104b6b9255677d4,d7d50f434dad5f87190cb6233af4be84ddd5e615,high,0,0
6291,4e0dfa1d80470d2b22e8c33f5b3f722f8db7f1d7,90dd1d5ab9f33ee608d2fe01f693551e6769552c,medium,0,0
6296,c0e1e2b27577d6f9ec82fadbe10dd18cd93e7c31,e3a5fd92ff3d43eb0da3aad496cde6a986067228,high,0,0
6297,15d65d42895d4fdc18266a4e20444238f0c8a556,108b13acbd82f0836afa5f86025f9a4645375459,high,1,1
6301,ae1b5b13e71a62473cbe76a65f2308c7544359a1,374be85115b90054c7750fbafadcac5eb9b9bebd,medium,0,0
6302,ddbb26c188eefc614691b30b9051a994ec54dc56,b9b55c52399d1140687d82f9685ee96a394f4b8b,medium,1,1
6304,754eb618dcc3a4c6383997106289ab5c20d13ef4,efe583d301d1f6c0db9508ebcfd3d84d93ea8003,medium,1,1
6309,b1887efcb55254132cc463abe9b3dbfd720267c1,a0fae5d7ebfe81da7f96c126444d99a16453254f,high,1,1
6312,d35ebe6da598142ffa03015e5107d15306ec2d91,f3d6a0ea4035dfa08f309d8c39eb92c87561f6ca,medium,0,0
6315,268e222e476ec98f6d564a874fb9e3305455286b,96698d0e4d40f01475a0124b6867bc027be8469b,high,1,1
6320,13e26c99f6360cca8e499fcbca47921f22e8b1c7,f97b88c22d5a3a17e6c1e4d9737a19b460958d00,high,1,1
6321,c1625cbafc5ee4d10567f3916b52903cab238bb2,e8985499c62be642b568d625dacd02f6000fa038,high,1,1
6323,f12e2e5f8e4a0892d5d8a5328b787caba621d952,05513dde18433ef5d48857f2a900edbab8f05455,high,1,1
6325,17b47b75169113ff5ef16f2d88b5619b8bf8c6a2,e9b76354b7c8e88a75ce44554210347a7086b35a,high,0,0
6327,c47bcebc67075e29899e565dad6e9b6288a736ee,c6cbcc72432f4352090c84b1c0da30e1523964b7,medium,1,1
6335,56b1e32733e39c6a99d9290d463a773c9162d4ac,82c165c815efd38f65fba587f76e707de66487bc,high,0,0
6336,9aac97bb134375a7c5b6e8122b3f4c6ec7be1330,9cb6be193477d9d2a5ee751baa8cc541843b4035,high,1,1
6341,3a289672fd34c0db50e7afc6b7564259b55d07ee,62666dd935191500db63c2ce1bb121f70efbe21f,high,0,0
6342,31e0de68702b366caace5fce3aa41f9161d99d3f,26399ee222de9e46710f45113b09f5ff44c58205,medium,0,0
6345,3d88f023c94e094746d63404e2717789e75e2078,6ac1196f35b1c61f88df669cf9cac6e836667fc8,medium,0,0
6346,12126ebfd82d1bf173945a0cbfbc42f0156aff29,831d5028b206341e2ab781403c28011bcb4bbf9d,medium,0,0
6347,73ce163393ffa60d3fb84d28001a83e962fd7078,d9b96cf71cd93d8bd0685ea534a11f3c1fa8f605,medium,1,1
6348,b20a16a1a9ae1557f6359669659276dcb0ceddb5,cf3c19275a46ba08077144f7ccb7aa8aca3d4964,low,1,1
6349,3ac79e862a17af0ca69762c51f5cd85e26c539be,ad601fb9e4f3545d37acf71041ba076dfa096d8c,medium,0,0
6357,d01c904b1506c127808b957523889f6cabec9ca3,3d69a0eab64843ce0f852f9a369775fe38c253cf,high,0,0
6358,e14cc3602baa6cbac521ec306fc64848096374a9,25a662fb0b66fda794a49dfa112be2cf8e20a258,medium,0,0
6361,b513724b713943965c5601952362a6b7f72d3a26,cc408c82bf2f0aed2b82beddda5583f6fd4061f7,medium,0,0
6363,06f0ce404082154bcd69c529bccfe51f0c7ef554,9449eede8a26d7d5ac0e1429a9dd6537636dea68,high,1,1
6365,939cb454ab100ead9ac246d22ff6aeeba81ad1ec,491125bb8dcc3f54fc3add76de39dbf6533b5b99,low,0,0
6366,dd1707fef5a0c256f67e20611acf6e148dc6ef01,089fa5ca9f0a2bc04cb4ccf107b4d602a73e9c88,low,0,0
6368,cb0cb5a0f7dee689c6f785c1c61cdda9c357fe0f,2011484b1f7ddb8a238fc33267910034cf262ed0,medium,1,1
6369,ae5746395f7aaf5e347ab79e151fdf2f2e1a8682,e0df3ec7e59fc7ebf8f4f801be35fb69be1f6a8a,medium,0,0
6371,bdcb3aefe116f31c84f1090d45e037b564794f14,2b24d1528a201d0f481d0e4b1e3c75c9a6f33026,medium,0,0
6374,a539378fd23d037a5c69f0cb8de6a92b8ed1da81,ab6d86e07ab4b210b607224ab7bac325b3a000d4,medium,1,1
6375,7a475869207afe16aa13f4e1105885b17ca5b9b5,37c25561d1c618e970e7bbf663937f1915e4a378,high,1,1
6381,b3b660aa2cb9de79adf88527ea3ddaf418caa0d7,4140966762af95aa095c0259c94020b0cba8cab5,medium,0,0
6390,478e9b9706d079e3978de48bcd09562bb46dbb83,44298b8ed594ee4b0b29ec98e0445a200ae34da9,medium,0,0
6396,788389562487bf6948e88886d2b70845f411ade1,58f48d67adb9e3c5642b438779587645b8d7a30a,medium,0,0
6397,9cf61b473077758df0a790d62d5094346510d7a8,2147debaf85c760f60b7a2b8a97e4b60965f17ba,medium,0,0
6399,cc43db19044c7b474f147dfd46a4cb28c6dc260d,cb77bf7aab9b62d635cfcfb55ae7b3ddf5d68711,medium,1,1
6402,189111f38a7cec878df71fceba6d7fe08a9fcc12,4803b2af6fca2ce8a2c12c1da52fab889d8e697c,medium,1,1
6406,208e273b38340d35158c75aff93d35085e096b1d,80dea2b6c053e9c6c92471a257bbf832a633a74b,low,0,0
6408,b3a6b7374df57e573f9112f2f5eadbb17af12ef4,a753839893794a8060d74cc3506739bada3eee5c,medium,0,0
6411,5b07f49a9c7fe1aad99f31bc4764ff2651f65123,f43789f59c398faa0f9f5787bb6606b88711ff9f,low,0,0
6416,d4ec8a415858713258d6b37ca941e4dbe1b076a2,157c901c2c6422fd8175c07f0919df63de5ddb07,high,0,0
6419,16cb3b2e7f73116b889034e9143fc2601eeaad87,aa9666b524bfbaed5b9f0a83426833d2605056c3,low,0,0
6423,36a33b9dc42f2c5e4c45f804ddb96fa1da0b6006,3346c529ddf9cd125a3aa9c8387f1aa9993f4dcf,medium,0,0
6427,6d67a5cee9f856f4226e45ce32f317c204f06b89,793060b78178cc8c59246d5e57f816671ea14b5b,low,0,0
6428,900c3ab4f2baff59da37c330fd209709b2827152,39a3cb2765a8dfb69dcc98734b5256f9682bd42b,medium,1,1
6432,708c25f32847db47766fd7a2ce7eec169f4c724f,a290ab20eaad53499466b72bc762d8a096010209,medium,0,0
6443,1ae918455487c6c222a9f9ebe68e67de301ab5e5,43b5c2577b4ecbe5fc9622095587e09ac9aac1ca,low,0,0
6444,8fc0760971080e1b5e2d0a024b13c171143db7a2,bd146db241b35b85f463c70daea184698e9e36a0,low,0,0
6447,b9c95f9b034499127b5ac5b63005f3d9ff0b8ea7,ffb539d0f9d753d46c6de3ce58d61f910f769c16,high,1,1
6448,7dffb311be9f3b62a7431c0c8d1e6a5e114df70d,efc7de6df8468c9496a06848da412fd0f3454f26,high,0,0
6452,6e807dc05b0980a7155361e8d687e62ddbd57d22,bc094ca012ea723e3346f86d3ed47f061b7da494,high,0,0
6454,c9c42bae1d05a00fce15e136fd1a825fab14a403,ee7edd0598068c766039c0848283e733f4c26f98,low,0,0
6458,783f7877fb3849f237e253180924e1e66a28b4cf,d55a3a3cc065095d2d31c5a6fb1fd1fb6b6b2f0b,medium,1,1
6463,fca0cabe1eb3f9664f03796e6857c8b1ba347a7d,37c78980c96966534a08bdf0d792186c6332aee8,medium,0,0
6468,15865c5e16c9841f7be97658e977dc0efc9af5c1,fadfeb67240c8c90a9bf10759972acc0bd73c21e,low,1,1
6470,bea81239194d30ec5596134266884542dfe1605a,02681a16a36e780a2d0891eb79e3378ad57760c3,high,1,1
6478,d7ee9c62324384a841d630daf1da1b1a9b2a94fd,dc02ce304293b602d4d15ee584fc6236c35ece46,high,0,0
6479,1c331d410703b8a39a928b88b5266b615c958a14,d6b82df05ee9a39ceb93c510ee61310edb2c484c,low,0,0
6491,dabe0623adcccfba42b63cbaf3f614b7ccedb4c1,3123fe67fc94751b0c3f65a44cecff0cf16fdee0,high,0,0
6492,9ffe3ceef7da321fef34da631a3eed2e87dbdda4,30f9b39faf619f3a83c91ee5064879211006f09d,medium,0,0
6498,a1093798ec22a447abcb4d72567c8d2dacd72b06,49f5fc3cd54740e6251372ac305076078234a049,high,1,1
6499,411a32fcbdef0c02c41e5bb29adac62e9e581e96,745fb9126fe881c962da44e14d7147b42b5c8939,medium,0,0
6501,e24683adc70ba0c186536293dc00b45f593c780a,6fc1a4e13b3de0a94ceeded04cfafc8354e8629d,low,1,1
6502,405d1ab2f46d77677401116494a3621df613a6e2,f40a3867f66a3353dccc6101da673e72673154e8,high,0,0
6509,bf6a0ec987e207ff7d8e75bd71821de1ea8c77a0,083e8b8b8d54aded896d4b968deead222e373a70,medium,0,0
6511,2542b8c2d81ec53e355763e0cc47c41cc2227508,6026376890f5dac426004825b76d6d4f6c934fb4,high,0,0
6513,02977ddcaad130965113278d68738ba4dbab889c,9dcb26165d6f8fa1a37f961c270e72ec0a710f4d,high,1,1
6514,91f12cf38f0e5953ea196e14ba433d057f125809,f3823d35df721020b449994282bfc5ccd5ee54d7,medium,1,1
6516,da123636b800a014dcb17e058b6175493de3c93c,2f2d674fd62fe652c453704fd3ac93c19abe56ee,high,1,1
6524,933fc80ea0bae9d211f23253ed42528bce7b36e2,a35610ba0ba40e3319351ed89accf3f589ba0868,medium,1,1
6532,1e0c8fd3b50c567ab0bda0c0a00f2573e8dde0d2,e089a9e02520365ae69a67a1a71f97eb91b64cdc,high,0,0
6538,3c7886a59d206c65ecb4c3253c1b6434f9aec372,e9972e6a23dc58705e05a241f3153774233e1bde,low,0,0
6540,8c64fe9bde2457b158bf9f7bec984bd98a73c7ae,8a7772654152fa40700584cdb4b83a91b0c57145,high,1,1
6547,73df6c35e3316e0ace7e2ea02ae92d7a9c43bad3,65fe955bfcadfc838c04af6efcb30ec364aefb9d,high,0,0
6550,655232fc3967991811853cfd6930f65c1925d618,8b60196102f4b21e458bebb7dcfcf1f3b9d7ebb1,high,1,1
6553,e2474b05bd452987bffb79dec163161d04bf0051,81634defbae0758bde7e7928370ad1236c7c0737,medium,1,1
6555,d797bcc00bbe27b13f73ca4f9d219ae4eb7371f1,1a4e76f829b4068bf02153a9342a5731276c0425,high,1,1
6561,b15ca5e5214a72824c74d14cab2bc7e8c14f8f8b,201727b829880718684dfb2b9fc8d0721ff2a562,medium,1,1
6565,e143cba409efa1044b7ffaa7d08a6a223069ac04,03090d4499d25e443770c2decc23139abe50e61a,high,1,1
6567,fdd901351434d405766d0b3c07f36bbf11fafa4c,d8508053954fe0234c421bce604507bc6b488216,medium,1,1
6570,12202be820d876f926a6aec022d5375e67e69c6f,9b542a4a1d1ac1318af855f3fab224d3ab44b545,medium,0,0
6571,5d82f5240084da4cb97ca411e1d686f0fb9ab9aa,e1ad5d468f1143277fe27945bb5ae2f47dffe404,low,1,1
6572,987913934b92dcebf7ac016b626e03732066efb2,2f6e806c3b61271e6148c2cf4cd99bb4769517ee,medium,1,1
6574,c9d1a1385db64e3246a4b05224c0e1fec8b0630d,a182fbe3a6b011804960981faea6f2d8e01f622d,high,1,1
6575,bd291bc6f24dfaeb3df07a5387556d327c037f81,c4725c0ae0c4458a49c539307304a3bd1631681d,low,0,0
6584,e890c244337a65a8cc70c33ef84058dfb159dc94,ffb1d437018514a08f5fea4e0025bb3aac31d115,medium,0,0
6587,78217de3afc48ed37aa77a6f5153dcdf1fe57c61,134f9f6d92715c67f1f8fd538e55596f2ac2d1ce,medium,1,1
6591,8422455b890728097d34f8d4958e0f6e3793b0cb,571a15f7a8487f431b48737d50143a8d6986bcff,medium,1,1
6592,164bc61981ec89e718a82b44b7b70ada74fe9407,62cc228612d74a54323a42edc2a773b1839b9462,high,0,0
6600,7a9657879c5c7e6855adb371352b8a33333a8eed,a9db8eae73bb2f660271e7c79ab1be601cb348d9,high,1,1
6614,bb6c77f4ee505c58b10aca547bcfdaa8d052ab01,b8856ef6b1f55219d23988dfdc1a8b7b6a0187ed,high,1,1
6615,d144278d2a059889c4658cd6d65871f59c8f97a5,a581784270c850a7ce822fb4a3dc9178f5f4c6fe,low,0,0
6618,02ae894f99caa1802ac32f98a70881a9f4a9b7dd,c3759f6aa3456825b00b8e732a01e619b0449d2c,high,1,1
6622,9015cd9a7de4f786e3a9058fad198dd9fd53aac2,976e9f14819ac2d543692e1ba1a23a309c19775d,low,0,0
6626,266d91948077da85cf24371911e8d1253c327177,53c57a4721aae6be21d33bfd981fc92a8e96f4d3,medium,1,1
6629,9dbd642be4fbacacf3e1319fbc0c9b24b856ec51,8dd8e5dc2e2d0ed57ac3dd0dd749ae1973cb0d48,high,0,0
6631,5ac71fa1a883799bab6570ba9ff8daff0622a019,e533bc314f44fb68053165b82ccaa0f1d78830fd,high,0,0
6634,40421c341aa8f957f078b29c10c517d3e0bb5f19,359ec487a96655534f6f78d4e453fcd8f025744e,high,0,0
6647,6b3aa0e369f54e367e71dd41ef629c4d3ae6662f,12a77239537880c808cac95a754718b99bf1968f,low,1,1
6661,e3f9fcad88c7a78ac2b01eb2dfa9edabd0e5d3b7,d8876d179629a2f712f5d47eae7c99a36a2fe4d6,low,1,1
6663,baae8a7ea46e85ac396e70acc1580282973652f3,182a2f4ad37b029aa320dfc5b204d37b08464d2e,medium,0,0
6664,f3a78c6088af5bfbb7003f5bbf455facc78cdb82,08c4473f20e0a91734047ccefb359019ae677f5b,low,0,0
6667,0fcbace8ed166d873ea21bae0032c093fc990f07,355661f9ed5481eee1afe126d9d25134d95d2b13,high,0,0
6669,6b9b05540aa05db35a987c3acd104a319aa9a4dd,2f9df2bacb6fd1ec0b1cd094c7650a258b1cc317,low,0,0
6670,2bbe895a9733a8d76159b13202db22efc5b0c5a8,b5d6dc491a565796e99ad5ae1ca268f72cfd8d69,medium,0,0
6672,f6c7aa5e45ff2b7080d5b1771ced8110f0e628e2,bc191a3c5819702213f3831d0cc8bb8e8d18f135,low,0,0
6673,7708525844945603dde7e64bd3992e98b58387c9,cd8c76f2eba048324c1e2e858319d14d32af2fc8,medium,1,1
6678,915d325cc0e52f5455815c2f15ff29eb641b0efb,b2bfc22d37ac4059125294f2bc6a568bc2186216,medium,0,0
6683,1049e466415f4f0ec435942f4998dd7543ec97fc,c156a3ebe6548c0d62020afa4a454eff8d580c1b,high,1,1
6686,d9ef1c48dbf7c15b4690aa13b0a733bc36ac3a1c,e6d3e59d2568ae909651ed6892b13ed752cd755c,high,0,0
6689,59adeb32e70041b27d3cf78c41dca99573f9a7ce,83a708ccfca4fa480e51c5a93410e7c05d1b38c1,medium,0,0
6690,092c6eb6fb8196cd4d2d6f775f7b45d89ad0ec31,58b2d81394e8c424e2c445854c73a75e44518a62,medium,1,1
6695,4b022834b9aeeff2b8f2d9ae4f9f8867c59c9f85,f75955c856d7ca4533b0c43872b7b271e72fd050,medium,1,1
6699,d3751801fe52ec63caddba7d8afe20d06bd7d228,cb238532143ad932531d723c3d0aced26e6ed7e3,high,0,0
6700,223d94333912e1a847e0c8855aa09da3c77261b1,38117ef8f681bf7708f86b6ae8a56e62b53e7aa3,low,1,1
6702,4766b6cd373535b51d6ba5ecceda46a62475bdc0,a4af673e575951dad9f9a008901e7e595bf0cad0,low,1,1
6705,1005d3229042551c7514a5100184b5178f59d75c,7b6e5c31b9c426d304614ac3035b9cfbe90a29ae,medium,1,1
6706,9b3046663f4d14c321cd3b1ef6e7f6dd3bf718ac,bb275f2528b698cf2e66806dd1fdbe5c8a836bda,high,1,1
6707,e6d39aff728b579b182cf288063cadce5c06d169,495875b64e7368e4f14ea125042fd24e73cff628,low,1,1
6708,309bdf91909852ee6a828c61820063f29f28d27d,78e7715f428032d094db1f4db6155868c403b9dd,medium,1,1
6710,69f21cedfd056dbe153e6e1e92acdec6f7b4aa71,5a5059a6b1ca3018e1b5cfd85f35b4f654f6e1e3,medium,1,1
6711,8bafa5b9ca7ad19694c3fe9aceaab9444cd13bba,5ea00132d961bbb6cfbc37970efc482888570773,medium,0,0
6712,d06817131672fb4a4c3eeda5659bd5057a67f0ba,0efa57b2aa8616ff41292315eafb64ef3cfa2384,high,0,0
6714,133f266886cfd7e76d1c196fe29b10a1b313c616,9133122631b3ab71e68b8fbbf5e3693a33a55829,high,1,1
6715,240c8589597c13d62d8b2cdc90b89d35424e3948,e3d3a705b3f1f018458c8945f094663ebed2bc18,high,1,1
6717,248c70a10b4b0b5fbda7d8a697db418e06808600,ac4491e657cf3eecdcc2f741bc26be5e3ccd5d42,high,0,0
6721,918676e56c05e4e73322711a2922b06d3d8b584e,e951293f87d8789c0bf7d0e035d27b194b506299,medium,1,1
6722,0454fe4a7841d7a4a9acdf25e6e8fde05fc3fa30,3dca8fc74c555c5b5f3b8168f8fd6acf4dca184b,medium,0,0
6724,ddd9c5afa09b1a02e1cefe1db34cc7a2fd4b1e3d,6a7ac160d70d1299f2bd689e2a3781ba5867e0d8,medium,1,1
6728,4a380637f0a925ad209abbe92b55f38474f9e38a,b4a36bb79884fed97444f86e9b6cbb66448bff95,low,1,1
6729,d58ca16f4f64dfcdd5de0e9289d760772f302e3d,ab9aa04d86731c9629eadb4833e6965d5787f0a0,medium,0,0
6730,34ef031f96cc99641ab4a2d0d5492cdc38f8e792,457f324752cfecf093d2dfe5db0a3a42b37bc3a4,low,0,0
6731,523cf4b478bac1de95999755b916007f2ee358c6,42986eb8343b5dfa5905138cb74bbe2ab230642a,medium,1,1
6733,51f68d6bbd27028ee76e6a9524f8b7a6e6a2f64d,14d737f308d5fd13d258dae0c46b81a259418d82,high,1,1
6742,1ad03678413fbac4a34db245c8ad5b524685b72f,bdc127d1ebd630a79f4ec94268524661cade36d0,high,1,1
6746,a85b8f10d15dc676b50e691528fc29f468e8a881,6961891b17773935cfd9678382eaa8a19afe0fdd,high,1,1
6751,d8181b7f3c232e8ec11734332ec96dd51c1d3f92,cd78492029dbf7239518e5aca146a100f0a12c58,medium,1,1
6752,237614970c18b1588441577e6fcc952b0215237d,a49b22b5eafd074824ec093be7218f512a9062b4,medium,1,1
6753,36a33b9dc42f2c5e4c45f804ddb96fa1da0b6006,4b182f5603e955c2b0fd69324c25219880f3da9a,medium,0,0
6756,70e5064c8df6cfbfb1879c43c20d2e9b799a5ba4,7175c62185ff502a1d497f31f2672d869e7e8058,low,0,0
6761,978eee8084b31b1a9e7ca0fe4a8a8d374d0731d4,ce31f2487f8b78bfdf30fb0b70ab4210f7cf95a5,high,1,1
6772,e3dee9f35d316a629cbb6e144f4c6084c177880e,355a91637069d4086f9afae0c4827168627cc6ba,medium,0,0
6773,e12c5d02272df6c679dceb745303b4daf0df4592,38913d44b7d8f59e26bca57084d552f8d68e6bdf,low,0,0
6778,0750e555c5274415bcd39336c6a6375986b24b23,20c472ba8bbd43521ab5fece407bdacc1c25a69a,low,0,0
6779,8336220e18c7e41dc1520c89b4b72f7c154e9787,742b69ee6ea0df739899b25fd057f22198100d1f,medium,1,1
6780,52ea285c3152711db2eebb6211bb8dcc70192423,bd85c8eb44a61fc90ae5f04fca0b138a7dc54540,high,0,0
6784,cf9a048acf273baa98a52fa9dd22f43c6399b9e1,1d40e53b07da37e696b8f3cb7360c65979b99957,low,1,1
6789,f2bbe8eb716b8aa311bce9e4029ede378406851d,46f54590fd69aebdf8b4c1758ba510142fb3ab6d,high,0,0
6790,cf5ada4fe3b420152849c196059bffa7a7d91c59,938047ffd12d1e9a77cdde43f0b7dee26e1449e2,medium,1,1
6791,9a14d30bb9b7bac922aa253fbf3eff0fbf15b196,7a106d580cafb5bcf01537b7b2e814605901ad11,low,0,0
6793,4e72fbdcece21b87e8e9294578656093e33ecb07,87ea3a7bf2bc9def5cfb93e56de37abe6f1fb0d6,high,1,1
6795,86398cf6378da39db27127fcdf4c1447e11876e6,598d6cea9b49a8d459098e98592ff06bb0698d3b,medium,1,1
6796,7f4ebe1ebfbea6510f4c74e9ffc949624c48a995,bf35eabf6c8dc9f25daab7a3ec25eb13c15b70b7,low,1,1
6800,01703587d477986f20b5d17e18db39114f13d875,44b53767c477952099a0e8b64153dcb729f56a1c,low,0,0
6802,c5cef9f61d2687bc7c1f48566af31c453ee9f38c,77706bf4f71a11d1e3653cb536c463266928132b,medium,1,1
6804,29e70ef23b1d108849f4aa93e9ff61c3b30b78c7,66b47408f4f87714b21251d48b5504f0bbf1edb2,low,1,1
6807,f902c92f4e2907ce5b57bebcaf5b631a9c1a23d3,e02842f46b823ae0b32b5fd966c32b52f53c992b,medium,0,0
6808,78a731cf2a382648478aaad687cfbb13e890de16,56f3c49e0a278c7c54721bd63da324ab4546a634,medium,0,0
6809,786b7bbfd33600c2253c81f5361e43ba6c5bf81d,a0c5645ed48c98706b3931caf7e79632f3a57136,medium,1,1
6813,93b41b6c6c81c959ad75ff459136b18795c9b625,31c052348c563c36e3fa510a73a744d705a99621,medium,1,1
6823,8364a5a8844214e0c8289a76aa961330d3fea048,e1ff658606d3da7e05a4adc6eab69eb62eb118ad,low,0,0
6825,26ce68d4c4ad94c4fb645eccbcc2a2fb03248560,b0779cb28c55742b3d402266a40646dc9c61030f,medium,1,1
6833,957af84faa71eedb7f578aed72ce3aebee45a2aa,3bbaa5ccf522603491732aa23eb6edcced600764,medium,1,1
6835,56717c7c997c7a512cba9d5dbf7fed8cc2feae97,f0a386776cc087d119946f96f0e54825c55b3e42,high,1,1
6836,c84b47d63b7dfd4a7227a432c6e6a973df0737f1,62b127e24d07e0035f0869ee0d111a7fbab0e008,medium,1,1
6837,344d89df99b10e5d89b048d2d7ed8bbf0e4e53ae,49d475d558af50e95a1734a1037c23af4a1fd4dd,low,1,1
6838,ba250d0f03733c493ce620d47e4e5343ff4b2c1f,3fba8fff888c1734acd00e45b4bd2fcaab2eb048,medium,1,1
6839,cb635bc1df45b1036d9975bb66340308f75d1df2,1a1dd648a2672e2ef342c5433462614c2b27b8bf,medium,1,1
6840,3c4995959f42808c418baf4d8f9b9b10f5b56ff4,e96a262838fcd6585fdf07acba66af062f9440c3,high,0,0
6842,200c95aea3ae7c92e2c23e912af9590f37142e5e,b6725fe3e36f837667b0e56108b6e583b9d5a957,low,0,0
6844,c91276bbf00e01af1556fa47a7a1ee6b15c15935,df9fe2b2b1e9aa9d3f13558f6b5dc22adfe0f1c6,high,0,0
6851,8fff391271b1b9bb0142f5b3625042c937d195fc,2b63809c5f0136fc665446a6d4e0fe17433d3003,medium,0,0
6853,f7954563024c62138cd3e171f415b7c57cbdb8ed,4cc647e348d37911811c12c40746bcd50df5b124,medium,0,0
6854,126909c9ccff6440a444f6b060bee9dca984a2f0,73e8bdab6c7f8b1b94f9642487e6e3ef32b90a49,medium,1,1
6855,45ec660f092524e7af09aedbec801f050ad5fe6e,f2601a3c86dcd69c085f736f45a2fc66f16af09b,high,1,1
6862,c13653775bf69290063543f744455844d3cda851,4692014ceb69f0ea2def4381f23125b09df3d525,medium,1,1
6864,981adc4cee2eccfc7cc04165a75728ad0051abde,168cff046def240309fdbcc5b1a4bc3f0bbf74ae,high,1,1
6865,c84b47d63b7dfd4a7227a432c6e6a973df0737f1,4f6e08bdcc3cda6954bf65437577912389aceb23,medium,1,1
6866,bde54af368af3f6360bbe0a517702274467a7730,247675de16a5b6456697efd746f27658a1eab2c6,medium,1,1
6869,c3c54f7e089ef4ec1f60de9999183a3a36c5e5c5,026512d3561245577bc0a11bce979406cca30594,low,1,1
6871,f8d9aa543753bd4027977b9f19a79148cde7bcc6,a2e8b10e838dee88f38f452bb42cb83d46268c26,low,0,0
6873,61813f6376f6009edf3fe86e5c0ad8831bbfa0c7,6ad26df83d0548144bf7ee10914f5a67184e57b4,medium,0,0
6876,f3a78c6088af5bfbb7003f5bbf455facc78cdb82,411314a32037edeec82bf0ff8883a4f52ef1e8ac,low,0,0
6877,bc6c79d941d949669dcaebd4b225ad5f9f197737,dcc057deab30cd61be9474544caf381c97b46c60,medium,0,0
6878,de143d921bf9ebeb58c124656279438d03553641,0c12829b91dd1b6b542a1ef3c13fc10dc17087b9,medium,1,1
6879,0ea60e5438d63df9107885dda4a57de76fcce456,3ce999a72d383878e9e6186989fcf8acba6dba58,high,1,1
6886,eddb03ba2ab76aec77ccc0c12e75fafadea4e874,08e63954cc1c93238f4f1d7ef57ace299bb6bb16,medium,0,0
6890,4e1af4a00ca581ca589f2681cf8dbf8a4b90e31c,21c171bc86434f9201c6493ab54613c2ee4495a4,medium,1,1
6891,90cbe08cf5dbd9259041b167cc011660d75ee54a,37754514b5b7fe576b97ff4ea96573444460f879,high,0,0
6895,41895a05e300cbc9d4e73abf5ea858709fad963f,ab6b5537fc7eed874a93e25c62916093c523a452,medium,0,0
6898,14a40b32dbfce7200be11f919cb2f18bbe7b0208,8f3ccc3e4326df2e3b2d64cde919290ffc9c2da2,medium,1,1
6900,6018d82a13d46d5397f107c3ad539dd0224ef04b,96c595d2128dfbd131f1b6766fa03121c3cdf21d,high,1,1
6901,f7954563024c62138cd3e171f415b7c57cbdb8ed,0c5a887c83c493476c792d934847762974f7ed0b,medium,0,0
6904,73f7896a9dc4c7e0b3ced40ce1eebf8b4e8428dc,59f45df8feadc54afbf604c4168223cc49c6fb9b,high,0,0
6905,55482f103ba8cc523a0c16ac6b4da7910d616b2e,7be61fdb4513ea94d6c0a1525db9cd77a9fc84f9,high,1,1
6913,c80a55f71205b481dd8c4e7752dfc5db7e08bccc,72371cb2633d7a15d64322d39813a4a9001043cc,high,1,1
6917,d26a523f61282473f849ab146e4971fd0c732353,e2d0194153938e6e19b14dd5a17e38a94d17709b,high,1,1
6920,f0ca04d6d796d7c12f1132302487055874469f9c,0934005ea2b7844388c4e81542db677a22165399,high,1,1
6931,2d8f46056e1dd276e0eea74f68f4e2845f009a35,bf32bbac1dd03260e1027f6b79d2da9ba5bc1add,high,1,1
6935,8316efa3537b335eaa7dd1c148f74bba5845cc59,4a5c35af9a46869714abda83c7a043df5db3eaff,high,1,1
6939,54e3989d8c72f01e964eaf644fc699b2b7b7159c,0c67710f85165ba3cd4397aa231e29f039b7c999,high,0,0
6945,1ce6afa6fda56096824f230d8e2bdfab7f7aa787,bc98851b6b5fa519eb6b44a7668ad319c685c4ae,medium,1,1
6947,e59af5fd7fb5ab648ec9e9dc900676fbf9453c1e,b861ce997c879eb155f5cc54facd94198ef66af8,medium,0,0
6949,eb49bd6086bc975ffa09e44eb5e9871b41e3defc,fbedc17126d2de66df4b1b2e1b46d13dadf61adb,high,1,1
6951,d416f9cf7f8723c5f50078b0d7a78fdc76fdd9d6,27a6cc1efd2543592ab1d4c7d6bea823d218866a,medium,1,1
6953,b7f4f04c277db4497c6e9147c6f7b23af1713a56,7e288644f0b96f19f280e55050b32c9a8a2695aa,medium,0,0
6955,133f266886cfd7e76d1c196fe29b10a1b313c616,f00710b0594d41efa77b2501b0878f128134f9fc,high,1,1
6962,cb2c0d294188bb851c4770a1a66f9b0d68df23ab,6541537019bae5364c57780f83f7169b7d8f0d7f,medium,0,0
6963,709c91e777a892d5b594d4b5c9c53efbf1e3babc,ac9e5b8d72e13b669e72f4814b36b79224c3dc8f,high,1,1
6964,c9c42bae1d05a00fce15e136fd1a825fab14a403,a10d1da84a87e5732c06f10bf65155a417237790,low,0,0
6965,34357f6b36c1fba9e03940f5c8b92bbc5899a858,b93e97cf34b1df001ba431c59788c252fe285856,low,1,1
6967,0ed434d11bd50b02ba1b17292b24ba09fcdd4dc4,8fb54f3c94f638da8296ac08ffb91910c9f5f36b,medium,0,0
6972,f3d3bb355fd1093ffa72898b87799f5db080650e,6e3fa09495667a3fc509449d056bb9833874b2b8,low,1,1
6975,97e869ef3c69155a90ec43187edc630368311362,e61386621a715eca0f1362428b6dd880bed2ba5c,medium,0,0
6982,757ca7fa6b59763bb8c99f6fb65c46eb9fe9abfb,36ff34f5ce7bd0faf5c03a926eb4c68dc580ad5f,medium,0,0
6984,50ee218b8e753a68f707178548adbb7a5f66eff2,e7c2321024691e13bd1c015fc44bdc50fc5bf80d,low,1,1
6985,c79c2e8e39207cdc038ac1de236b41e0976d13ba,b2bf4193a25b9376afc74ef751bd1c3c8ebc45e8,high,1,1
6986,17173111120ef24efd99cb15d0b18102dcdb5645,8dcdd358f5a7e0799af0d52add599f7d30f8afbf,medium,0,0
6988,9767d73312d40c4545cc2eeb02ace8fd9003dd86,f296466f8f4f0c3176c9acac8690d8214db0a599,high,0,0
6989,3d2009d799477967973b0f892273bd5a25e6afc9,5108d97eabf8dccfcabd8b2f27a12284c363c3b9,high,0,0
6990,b419d51d64ae800794436369b6b1ca9a7ce80708,75928765bda3605f76b688cac32b316614a5e95d,low,0,0
6992,9b3046663f4d14c321cd3b1ef6e7f6dd3bf718ac,e6235d4f754feb9890c73cd3174c316eeb98f665,high,1,1
6997,0eb496fab2dbf77d88c332ec0053d02f7eed8957,7de7eb40421e122bebb8bb93514f12462160c620,medium,0,0
6998,4b7a9a3770ade58d04310ac33903c34eac8e3778,72d40859cccf56af992e63f1d45c74cbcab693cd,medium,1,1
7003,b84b8671837c92f9bb76d1c831d448ab90f7a5ed,f3835240ce0ffed00c4893baf37f79918f9b7a1f,medium,1,1
7006,a539378fd23d037a5c69f0cb8de6a92b8ed1da81,90cb9fb82c11157ba004aace736a82eb5cbafbf2,medium,1,1
7011,d35991c45b8336b8b24b2220bd5670c6a04f2c78,ceb1a8b6658aa97d68062afb093fc9ea1de015c1,medium,0,0
7013,28908bd61078247f3c131be9d1376b8403216963,8351f9a1d229df018dc3c21b56b6bb1dc8e92fd2,medium,0,0
7015,2558712f8092055c6ba46b9f71cf8cb325bc50fa,f143ab2a53daa7efe89ceaae4391a2b974958ca4,high,1,1
7016,cc3b80a7dbfca698ce7a6550921ad207ec3dd7b3,377b35d0c29f78f922e28a976e58023593c6677d,low,0,0
7019,3cb9fc2eae2c8b54529285cc86e15db93a15139e,3547c24d1a2ca21a98e393b40a83e85992f54759,medium,1,1
7020,c85aec02fcf328949489f9b6ba3b47f89d618403,61a19607cdb3dfac9856c60446f9820cd64c35ca,medium,1,1
7022,90fb66b09c831a375c8653a446d8944f054858ce,e894fa429733f48cfb77ffaf2c02c4bf63d3fe37,high,1,1
7023,432341f7e7f2ddf881bc464375bf67f710e12dbf,6a767a61d288a1c0983c4373e1c9f5e577601bdc,low,0,0
7024,f1a705c8d848cf46e0a8c4b9cda0b7dad6c06090,9812c9cb5e831dd89571d5dfab0929598bf1269d,high,1,1
7025,ae5746395f7aaf5e347ab79e151fdf2f2e1a8682,bb4e5f4fba47f07162386544e5be4cb0b5381b26,medium,0,0
7026,dc83f41bb1bda633d3b56dd63c6b056877fbac52,6c65f4e39caaafb9e89d8c83e802b19a65156c3d,medium,1,1
7029,30cd26fb3d5ced4004993c1082e46dd8cae3ebe5,d7b1511a55b0050c765039c4bd3b3bb1839a5744,low,0,0
7031,a38b8768e9ff3689649be1012a94281790e10723,c0459ce335fb7f0cb8802207851d37db5e05db96,medium,0,0
7035,e639c864f44244e9d33ac79230657bf2bc1f18cf,cb7c5f9f8b4b71b34a3b5277c8b17bfb7f889b38,medium,0,0
7041,264629ef0d8e33404b06c942c35b5a3d817e04e3,0ca21b1bc1c49afbc834f8cd1d7af3f3a27d6388,medium,0,0
7046,d2b14ab402a47453d713a34cc48f0dbf5393fc66,493ee65b85716daf18cf35b5baf39d2371e1e2c6,high,0,0
7047,ac5055bd69497a606aa92c8cda44a9bfe7718c45,1701eee556d638da97b6cfeb169cc4e104c502e0,high,0,0
7051,f6aa555a2c58028a28b9359f6511343e1ff62da8,53eae9d77cff27704dbd63262510035377da1430,low,0,0
7057,e1efbf970931fd9bf68047f71ebbe44366374fe4,dd394d1ff7bc2fea383a889946c890849f7abe41,medium,1,1
7059,d9740e63a579133a3d64bdb0abd5e7184b7b4899,55b20ffca98e2a90f31dbc9c476b7234e20ecd94,high,0,0
7062,fedc4fa4c5a3cd095324db2d9a7651a0180737ca,9ba72f844d8c59450331ca6184b2c2a5975dff19,low,0,0
7063,99f4da0bc2a61714d17a0dd4de2e58e957b19d82,cba6454647655dc9ed62fedaf9bf89807b7eb48b,low,1,1
7066,1d4f7371fd51cdd4cbf022e13b32b1dbcb5b4078,116fc9032cfdae22dc5fc082fc298c6aa919d7e0,high,0,0
7068,33ca1918dae56494eda82942adaeb451a13e8029,b49d68c97a1372478adbebba6aec0fd604fa005c,high,0,0
7078,1e0c8fd3b50c567ab0bda0c0a00f2573e8dde0d2,2ca754081391f79c05e6f461b3f3ac25b92d137a,high,0,0
7080,e68c61f472334b20699a4cbeb14d6465d2ea5011,eb38f8866cdb11621737aad7b102bed84db6a399,medium,0,0
7083,9fe626ec27e855842d42b213f6e204d44ee34550,fb553bff5b476ab5450d88eaba3b9604fc47d100,high,1,1
7084,bef877bc962ef092479a2d63b0fdd3dbb66b81c5,02dd80b243b47e2bd58376f10a5112c14bacd50c,high,0,0
7087,b9e94b157959472a3689a8b506fac01c3483f302,adbeefec2eb75d4b1a2b01626c75d93336a7489b,medium,1,1
7090,591c521baab6e05239daa8dc8ebbe76bfb0a38a0,fe7179ffe93f7af19466935792ac0ec28be4c87b,high,1,1
7091,9878ee3e21783c1d86b70e69efc6bfa05be89784,82c1b6bd3e60311651d8c57752b8e0fe32ad05f1,low,0,0
7096,3ea79bdbc770a507b225b7c577394f2096f63739,ebff12bdff47aa7c82f1eeec57e820132b87b20b,medium,1,1
7099,cb0cb5a0f7dee689c6f785c1c61cdda9c357fe0f,0b9c4bf8dc9f23977ae4457424c1e2d3ebc2f677,medium,1,1
7103,39588063e325152fafde28e39cbc4452e3e07100,aa6f074018a1ada886292d13c85ac07894fda3f3,high,0,0
7104,e085434aee82c0bb41f3598fe223c55af89efb4f,5f859ea92ce8f360dd160197688cfd362e4f1f32,high,0,0
7105,f8417b2e81610d8dcf0449c7c163f0261ef6f72a,c81cf369f5e45cb191957826802f106f2bc45244,medium,0,0
7109,eba07d8033a0d0fb2c3da9e5b1b584d29fdda0ae,4bd019b9bbc1eb45d4c4d5bb759864102dc949f8,high,1,1
7112,4a7f36ce5542c217260b7c53eb734b2ce0129895,fd512999b50af5715a6a9bae8a599ac4c62ead12,high,1,1
7113,e2fa5cd5ca076be7aaa1c1cf001a1c96b367a922,74a26e59933fb1579b2522ad736858baabd6d559,medium,1,1
7114,ab715b252ab3380fd5ce941ae462e4cd98c4512e,d446c26f039e97543b13bbf3c38048d440a70a3d,low,0,0
7115,1706a66df3b71b349e24502025102f59c21b6934,153986b715f70aba0cf85ab5faf11fb731417692,low,1,1
7116,d1b143a7c8ea6fd9a0aca62bbbb8071d43cbb159,c1d8cdfc41309e626509e75917954bfc6429e5f9,low,1,1
7117,45fc3fb6641a7e5485b036a4408e209109cf61fa,9df8ae62608a7d4176c86b15a5e56a5dc6d43d8c,medium,0,0
7123,9c560965b4ae604346f5c2529e7fc565edc5f843,7c6f399f8a1b4f910a7fb1298f6ae1274f2cb999,medium,1,1
7131,fcc7b856766d8594a6c825c24a2974676d6d69dc,750fafb23f4fb21dad9ae6f652da46d4ed855994,medium,0,0
7132,55e2a248910dc839afd96a881d98fe451e554100,fc04108099f4dc550d083f95a3e12490560671b0,medium,0,0
7136,2769b777d836f0654233bf71332695298aff9f23,2c4444c2f475343997efdc1c3be2bfbb7e7e66bc,medium,0,0
7137,141679841814a9e2feb21b56ad5803c947ee3377,857799e1c263474298dec84ea978c19f30a5633e,low,0,0
7141,1d4f23eb8a1af8c3d5baafee1133b080a0a3a4f5,2538f88ae2c6e97f8fe707a98f717a26185508e0,high,1,1
7144,9e61e4eae346343501591895d15aa22694defbb1,7ae9f90d6836c124ffb26cc057fc7a7d02ba69c0,medium,1,1
7146,ee8dcab26e061a30670822b7d0b826270b5f8690,9682daeee8c601b2639d0e55ab3abccc291a1fe8,low,1,1
7150,4116ad11854fb9d5b24ac524484a002d63df7617,730a67e14168c52f0606e38e4cb41282abd19244,medium,1,1
7155,6d67a5cee9f856f4226e45ce32f317c204f06b89,df52d5e218b6863d268189937bf2333e24ca0cd7,low,0,0
7161,0e043873e59a55b1b3f4f595ffb7d208b07db9e1,815b654795bd5ff90be35101c68033b31431653f,high,0,0
7168,298320b569a01016b117b3d7a11c138dc60ad3a6,b5448df4f5affda6bb051cd55894a406cf8a8d2b,low,1,1
7170,e5ece082a68bb5befe6da707aa996aa459ce45b4,882a252718750002fadc436d07930962a7added2,medium,0,0
7174,eb188d059c68dd6960e8e7ea34e2c166231fbfee,f2dac6ee8157a3e318a8d79dce6d27f14cca1894,high,0,0
7176,36772d268495774ff4ebafc95c8769debff64de0,1769bcafc7adbf04314dc4484e582c16fd1e6e34,low,1,1
7177,cca329d1a46c7aaa46e7739492e56dbb3fbd7ff8,aa1eaea5caac74596d6d2f1b02c85e8118634a26,low,0,0
7178,cbf45335e6844973b2fc5fce5d02eff03f237ae0,7286b1355ffd0e58ac500e28d033f7c38a9fc59c,medium,0,0
7179,87d62dd93aa190f825056fecbf18ae8c1f515db6,f82e7c636976cd9c0037909dde373a187cd16ab9,low,0,0
7182,40497ee4e50d828013575dcccd886b215615ebba,a8ce76505d132515ae290961e1878d07ed40f847,high,0,0
7190,93a5f834e6457a429c56e502b8c28db8817f2d51,6cdca9a4c2b88ec7b54969c6349003a316b11139,high,0,0
7194,24bba651f279ed55a58f8431b8c5b7b663e2968a,a7403e9669320a3ccd701b40490c5c55c4cb5265,medium,1,1
7198,e2474b05bd452987bffb79dec163161d04bf0051,7acb142340afe9380394fc6a48f3b97b04aa0c4c,medium,1,1
7207,cf136c6447db86b89ffb425945840b6817dcece8,4c14b3b4831b98522c285839e363d57136330d3c,medium,1,1
7212,fd65a1313ebc2fc0cf4ef5114dd011ae0e44ff3d,bed76a30c798f1548a906cb70f69d3946be40845,medium,1,1
7214,a9c85351881e3e63e0e7fa8257739443d1414dce,c3761656b14c0f4c6a1aa819392f64f525f20ba8,medium,1,1
7223,e628d44f2f5e3444107a3857ff24bc5c72bdb5c6,4514741ec754301863968a764eed51e76ac46d0c,high,0,0
7225,8cec938cf292c57e1d5065dbaed325252e91b0a9,3a09e7bbfe81a77bc80cf5bff434a487b572b552,low,0,0
7226,9a9e76b6d2d2983809326890f866526f47b7f981,2e9d4971e5c07160d8e01f4ed93aa55269274269,medium,1,1
7230,d306279bad832db5bf0bb0071ed0d0afc432d061,0b0482fe4326f4229e0171f36cb601b2f8c37106,low,1,1
7233,6c026638e59a7c46a3499de8024cbf9f49745803,a896a843df38876ce322589091263ba519f4644c,medium,1,1
7235,a5991fa826be595f35f89dabd3e4eba53fd184b9,a924a67917cc68dc3e6a4aaefbd6fd897ac3f0ee,medium,1,1
7242,b213fe7574a593ff1d29d1d9c452ed5406f1d179,9164ea72801586d6589adf462357e8e027c5747a,high,1,1
7244,21d2228f22420bea439f864b68893fc95fa11a84,10646fada328a9e7fdc9c48a9c1d0c237fbdf509,medium,0,0
7251,e584ef5eca5a21798136dc7412b8823a2dcf0eb4,95e26533c0527a126d1967c838fd7e94d7994e03,high,1,1
7252,4b46b853d018d531e727df772b5a3bffd2545c8b,f7344de7711f83f99e4c06c5a9c73859637fdb0e,medium,1,1
7266,07cb34e59af70f34172d9da2e828d54f4cc76374,927d1c74cbef7bd36ffb938c8c19fb757eb18248,high,0,0
7276,dce8f81ef3421f791079037e4ded1eccb9be275e,22d4f5b3c4d17c2b7daa37dd6b65ae60db58a6d9,low,0,0
7281,1f8b0e2535165e1a718dbb8d6d6cf7559a79c1c7,98b9684a67513860e5ec9c2954c1e8f5e2106f10,medium,1,1
7282,c9bc94a12dde1ccc88077efe4358424a0ae3e1a3,b716386e6adbb1800882e9cdfa0eeec34af70ae8,high,0,0
7283,a1c0fd1473afdf41a3cb7bd8484d80fa60dcc54a,feb91f28f8b9142aac6c2f03e57a28e6fe36c5f3,medium,1,1
7285,13749520d2183ac1d0c81b7b9848269c7f956a55,96a5171d6f84f3a29bd738effe3c749e3783cc7e,high,0,0
7290,b4643fc01221b33fb60af8b5936940aed001ae06,7056af5a6f79f88b9a7376f441ee0177ffb6f6dc,medium,1,1
7294,38791951fd6c06c3ceaed9ae2e7c139cf85fc547,aece1a48aa29ed73a1844c74cd7d0e9c9a83b5ff,low,1,1
7296,61b058d348c475e2ee04f29f64d125c1d4b23b2a,4ad188be28dd804566acd0a8e0e61988e12507de,high,1,1
7298,2a3a4981f6da0f802121bb4e086db92dbb6aa313,11fd0f666f5355a562f795cfc4effa6748b69b7e,high,1,1
7300,ce8428629198b91e358b6a4148d385260070ae9e,8403339ca560266f8e49b17ed282da3e9222763c,medium,0,0
7304,8ef2991e9490ab1d6484c3196e1ad54ad01c4825,d9c3fbb76aa6eb5cbdcbf04d21cf34325bb87524,high,0,0
7306,eab8f19ece18b141eddbc3ccbe403b7789e97e99,a75b16b12eff3c1b02bcf224d144df6f93340ff7,low,1,1
7307,0263984c2528fb08f515f24a697278f213def0da,3d796f92dd33c68b79f74f4ad5986e1778020af7,low,1,1
7308,2db513e6dddbcfac731b5613cb623070e4cf3e0c,55398a2915b451de4aeb9e790105e72f16c0d202,medium,1,1
7310,cca329d1a46c7aaa46e7739492e56dbb3fbd7ff8,92e3cfe1989a03e9d7f8107bb895b5a55118c875,low,0,0
7312,5a98722f132af985b27e9e4ee0f4218e209c7b6f,45581fa60badae8d484bd09d4beba66183279bdf,medium,1,1
7321,2a2e3a3842bdca4cb88ee11206e0bb55da386095,67b5097842ad2d71edb5f4be998528dcb617f25b,medium,0,0
7325,d71154be9358a58bb555dd5952dbe4d6447a132a,03788d69c4d0feb45be82b2174e8a1d218390991,low,1,1
7327,1b2ff23079f91fc3047945b80ef44d2218686931,a43f4efecd19e763665250d1869c80aa10b59243,high,1,1
7330,e4a4d8740db3706c9bd0a9df0653325302f7ceb6,99a046d53762cb3a3d9340f05742f63d8db35062,high,1,1
7331,248c70a10b4b0b5fbda7d8a697db418e06808600,c77a9525bb5e9be354898f92470906fed393edd6,high,0,0
7332,2aa1304de8cede03936868b5daf30ec6e39ed56f,9342d3c90da7a4fe23b8a0acf789a06159d7d979,high,0,0
7335,6d67a5cee9f856f4226e45ce32f317c204f06b89,83d6919c968671a3e5a3df01af1dfcca06f78168,low,0,0
7339,6eab884c33adbb1f7559dfe6ceb9fe4e023fa2a5,df16177404909706d92b8610c25a86e133e7889d,low,0,0
7340,137cf9832a0eff312d2232961344901e98eac5ef,cab9b897cc1caa4429cf02a9ea38960ac0b9def9,medium,0,0
7342,24ff38d33bea639b96dfceecba160451db5777b1,194504c56b34b1de4705946cb2b40aed616f9fd8,medium,0,0
7343,416544803bdcba70120954224ad479254d342b13,39a5d6d49ef2f70d9a7ed14d74b58b4321c82ac2,medium,0,0
7345,ddd9c5afa09b1a02e1cefe1db34cc7a2fd4b1e3d,08b11a4d882c4213e899d623d2b314fefba706c7,medium,1,1
7357,e14cc3602baa6cbac521ec306fc64848096374a9,ed47223a12be228b402ea6334f591300976e04cd,medium,0,0
7360,fdbd4c84af9875b75f9ac8e81da36aa6abb08d6f,6c3db575a8208f8806e9dfb63a09c95e7a55bf2b,medium,1,1
7361,a9c85351881e3e63e0e7fa8257739443d1414dce,7a802aadc3508d6e3f23d770c34331e0b4f5505c,medium,1,1
7363,ea71ec6c95c8449f3e646fdfde08c359ea5b51b2,3d02844a844513c4d9b8147e8d783965664036ff,high,0,0
7365,e61cee3a9b21d86bd4ca50f030df601762f9236a,b76276994836f6406fd1d12cfb387e5ead7a6240,high,0,0
7368,f6aa555a2c58028a28b9359f6511343e1ff62da8,c2e52147b7fe7e4466dfbe84664e20115d895484,low,0,0
7373,802e70413c125c51cac469a2229cf8a4197b891b,6917480dc8916ad619a83701aa84870f2e858a33,low,0,0
7378,493467ec5c152328cb860af1829d5f88770fe9fd,1f03dd1e01084127339433ed9dc0e355af7f76bc,medium,1,1
7381,befaa4238b73a9601fc23eab03bd3f2b6fc224b3,6f75e5be4afcad38e0dff59ddfc2e572faaf80fd,medium,1,1
7382,7d9949e9efce33f246ebee009fe2c985c47c7168,21fc7f28ae73f857d5d6e05b4f1515fec4debd71,low,0,0
7384,74a8bc155a6ac545b92d6bf2d84b0329ba7b7219,0b354cb526ae5f1b40dfac38864d12ef79b05850,high,1,1
7388,153115d895430775f76ae22d119a9e13656e4fd0,ffb6f46a742cafdb0c316c62d24035911508586b,high,1,1
7391,e8c8aee928ef6303581501d34e458fcf9b15b427,545eee7a5859543bed9a65d36d3895b69c293004,high,1,1
7392,5275005460168b9f24c141dc96db2242a41ee142,105bb5485fdc33c0d114025c847a9b4e17866d00,high,1,1
7397,12b23c085dd0f6d17ceb575c13b7c8dc3cffbed1,c1649592689f806e1ab35d3cf40621531dade1fc,high,0,0
7403,de1273c7356928442d0f2c19d283a39c204fb0bc,166056cfa9ac9e7daecb92bb4512ebb5d28643ef,high,1,1
7406,6bd5f7ad79093488a3fa62e0418e0caf133834ab,c72e8702f93b8589bcc358bb90b7869b18636117,low,0,0
7411,392f11e5a93f77fdbf44f99d21aa9d97252238eb,bf6f49b8442d905e57ca61883d19ba35a5dc2400,medium,0,0
7413,c60ef58a66257e2689089dce6aaba911ee40b181,eefafa65fcef04164d949fc86d91a6718927da55,high,1,1
7418,e5016b52bb0bc8bbb4565e3966ba4f87b0b032cb,f64f40b1da8e5d424bcdff0e57dc97240b19b70d,medium,0,0
7420,13e26c99f6360cca8e499fcbca47921f22e8b1c7,1f1bdc7c02769e69e4739c9083a5770e0207a5a4,high,1,1
7421,b4643ec34a3ced0a4387b7a6da2729fd11a98ebc,bd2658c699d86de147719c95291f69f55394bd61,medium,1,1
7423,ea71ec6c95c8449f3e646fdfde08c359ea5b51b2,501189a65211d5fe69a88ba368ee63eab42e3911,high,0,0
7424,83d050d3a9c9baddfbfd4255b71c88927fe1dfe3,2a9c38998fd97fb6517cfdb252db14feed16911a,low,0,0
7427,93a5f834e6457a429c56e502b8c28db8817f2d51,28bed30d58636a45d6ddaa116dac0370118b941a,high,0,0
7433,7708525844945603dde7e64bd3992e98b58387c9,ccebb93d2e9f3c01acbcae2088bf2913673f2476,medium,1,1
7434,4d962ec0527262bf15ffb7f87209241ef22d6499,097d26573745f8812a22d991d0be02d8f62a8018,medium,0,0
7436,97c1df208df84628020a5ed106760c9f8a63aeb6,9b5f295fdf5ac9bba7eb7e63b1bb3f62f55780e9,low,0,0
7439,cb8322016748bd9144e9674c9877392d681c6cc6,5b61c127cec6e096b2b580b9ad12faff059ebc85,high,1,1
7440,30469dd1d78d1822d6263ec730ae495886a0978e,ed121eecdc51ecd8466dfc3bf13affd176d6a2d6,medium,1,1
7445,d5e0691d8b814ad7f0ce0e91f79abcc87a90b353,a24303aefefaad70c935b1649931af64569d174b,medium,1,1
7446,4300a6e059c11e1d3fa7ab24f120d73234b66954,8212b8010e86a9c10e9a559bb922accce1d7179e,medium,0,0
7448,a5a4c8b63a3b71bd346d8d171302328dce83d44a,ea771ee6438787123763ef6404fb38d7fc595769,low,0,0
7451,ed9018da3054e07079f42bc89517bf0f16020c18,ee6e8aa754150a7a3aacda4701ca4a13f0e3bdf1,high,1,1
7453,072758a6f1287857d89e895edf4ded8ea41dcb32,50acba9a46f742dc57e46c62d95d1a270b63da93,high,1,1
7456,d8bbdbfc218ccb5bef4062cf290c7900953ac8c6,9bb3b618050bd08a0bc76d54f51fffdbe3510d48,medium,1,1
7464,f3d7bb5816ba5aeeb1aa542b60892cdc96fe95fc,9c77968e4aef2ea540349c5c53e0def9ab2a68c1,low,0,0
7467,962878eeda94c8a442df7dc56f2e85f509500e6c,dbebb1cbb54919da10629a04a42193f52c0bab58,high,0,0
7468,6c7d2cf76541456e4ecf741a54271e7c03c4fc88,141531deb5de6034d388cc49f9f6b0cae9548bd8,high,0,0
7472,c3755680af9dfd75cdd3f0bb61b40372ae641bc6,6ae52a3b13c03fb4baea69d2ac3f107c0a5c618e,high,1,1
7476,a7dc41238e478d88a764fa8136506d8a53e65df7,afbe56492b7a5cc653f83cd04cb2da20b05d3b5b,medium,1,1
7477,7c57bfc62007fc968febeee69f6e7b8384ee17fd,4495b63b6f1cf266ffa52d223f3842664b833d13,high,0,0
7478,fb8668c5df690d47c83557b9ff0fe10ac32947af,02d233b79ca6d5366922cae48c5136c1af953e70,low,1,1
7479,4dc8667dd2eac983d1925d30e148057b6b4d18d9,b3232bb4d2ee65d8e39c47dd3e2539b5e2d522ed,medium,1,1
7482,76181540cf6ec00b96b40a95fd23b9d33e064b48,df86ad63ac75fbbeeac8367447c0d02f89a9a130,medium,0,0
7483,762abc17a5ff317d2727f8eed8864e90d8a7f12a,06fb880a342748bc4248f52c845d21fbb363cb89,high,1,1
7487,ac5fca3cadb8586ebe8100a4015b52fa80d504a7,5d6da58ffaee499b33f03dc57d0836c20884de30,medium,0,0
7488,4cdc95a099ba95cbf9c8a6acc5c25c60e6bf45d0,136f95a43d1a3f98fe3adb0b46935e0fd6a8ccfc,high,1,1
7491,f4a1cd389ef19b16cde967a76ea3872cfd93961e,98ff4c1929b5c64dac4f6a8bad4a675ed485266e,high,1,1
7493,f0bf96720ef35549473d2a0ed976e5911d8967c3,3192f018f234ff6b253800e2641bd353550fd217,medium,0,0
7494,3ff4db89c2516e8be9e01402be0e42c5b2f11628,3e5ae84ca615f301b1c48772471575a89e426d89,low,0,0
7497,11c0b610d95cfd6b18dc8708c455d2a4629ce33c,f74cac4a4370222523d30ac4c1d658b66a554cac,high,1,1
7500,abe664b637578191e315b4fafa5637c810d95b93,fbcad0c820b53d6f580b063697cd7c87bc7a8025,medium,1,1
7501,2da3986ce12cdbff5b995e251248ece0c58d51c1,44a6625293636270abde9af91ffacbd51f50c63c,low,1,1
7503,794d64ce23ff73a63b6dc6123b8ae31916742ffe,630f6df058e50e4dd038bf6ab3a19ae1cb273943,high,0,0
7508,701ccc9e3b336b51b4df7fef2ab188a3c71a8dcf,fc02beebdeca4f79899ebd2eebf489aa6c4f480b,medium,1,1
7511,1a1bdd71312945cc75c6bbd10e29bf7a51a21eea,4649c80daa9bcf9cfb787a1635f93264edf40ed2,low,0,0
7519,1930e3e25401c3b7b63fc5f82b25f72c643f4375,4d93fc229adcdeb0a77db76dd4567aaf8ae54093,medium,0,0
7525,149253f75b78c5b19b703657663bd805b79c39aa,10a34e61fe7c1a4d241cd4f2d206efd5b80b9578,medium,1,1
7531,762abc17a5ff317d2727f8eed8864e90d8a7f12a,f26da6e6028d0396e6869bff2a3812aaed80cd1f,high,1,1
7533,f86c5f50db0b90563964e9c2a51777e6ac9e3ee7,1b16ab2bc795ba9b7cbe5b3cc2bbc4095039db6b,medium,0,0
7537,123c8e393cf3f37af1dbb52e369a62736cc84051,419f816065838a143cea56ade8f1af8008873dd6,medium,0,0
7539,73396a58ed0362841f862bfc9c95ceace4526fae,9c77270755b527011330f44d4865c25fd7a2c9d2,medium,1,1
7541,c6928a9584c52940b9de2100bbc785c74d30d6bc,ef342fc4d7468d5e7f418c67923623b70dca8da0,high,0,0
7542,b3a6b7374df57e573f9112f2f5eadbb17af12ef4,a2ee9a9af92d1bd6cfe151703516021e073de8dc,medium,0,0
7545,baae8a7ea46e85ac396e70acc1580282973652f3,b5b2128ae7f89a4b0c12a3613fad79d138076269,medium,0,0
7549,a4d28a09902603fde85769722dd2463e808f7d96,f736bf125a96ea5ca4a7b460051594ba365a9386,medium,0,0
7550,92556b8ac1d3b54443c7350e391dfc067aa1038a,f38a39dde11c50ca55be6685fc9923e560d13f4b,low,1,1
7551,299857f4a59f1d245156e5518f180e925317fb3a,8fa0c66a9b5812a4afaf404e99157939ae340fab,medium,0,0
7554,d761fb3e6c2d9fed0856d10bd2fb9426060f5462,5ba9b4b40c8835ce05fdb556eb1984ca2b2ddc57,high,1,1
7556,08d7e24d39195bb0c2dcc459b1cf9a259d1539f0,fdcec603cc7be002ac5afcd8caac54c6645afb04,high,0,0
7560,6c026638e59a7c46a3499de8024cbf9f49745803,29957b1fb05e032e0327a577a273686aa5049d4d,medium,1,1
7563,d68886f7e60248cfc5fdc7d23286a5d8748ee77a,33bac90a4df47bd43b6429ee2483785eb41d43c3,high,0,0
7564,5e91308811b1236c87a9eed51552e5c793b94ccb,5caa0224a9836c3c101f377ad38cac8036d42bc0,high,1,1
7567,fa6ecd304f5ccd5ccb25a14e002e66d9217bc4bf,4dfeb67c9d4c5485d29b67579ea618e732d3cdf5,high,0,0
7574,a947dcd77853c4b33c3d1927d72e641843e19878,45b344300efa5f96a2d719f63d640f0df99e1ee9,medium,0,0
7575,ddfc0e0a76a486911cd3c760b8300dd34f3c977d,f2fb5dcfd6ccd54d26a77a12ac2af0de1f916cd4,high,1,1
7584,1bc6c98b96b65eb3abe621e7c3f3baf95106af75,f5af01971a9ea5f2ca4df8e7437d45258adb866e,medium,1,1
7586,eed7524d935f02b227461ebcf12ca82784deaf31,a55ed6fdb5f10b0c7b3d69fa3ba85b534974b92f,high,0,0
7593,7d0bbaa784a45e8e893a55646d43abd4aee66094,2405c8e08b146e6e6c76963a025ce5f9af3ead4d,medium,1,1
7597,aaf7636be73cb48563cb7d982488df99c107494c,383312f9e3ff8e804e520591ad9deecd48b57597,high,1,1
7598,51d97530d0a92d76a6816728834c345f2e10d47b,4554f7554d654f5d7ea39f6b9e0824b472c38d08,high,1,1
7601,350d1fd6a6882eedff677a254b7e1d5c3c444a22,d9787f17b5e230e0fa48c9297dffcd2e8efac945,high,1,1
7602,4aa5a682f1b4dd2a121af461778fd59fb43dc191,dafdfe63ef0687c6b158091edc8d729e326b3a2b,medium,1,1
7603,5737ff3968fd2f89550c50d02c3a75c494b2f673,7fb86730c8099f864993c90ed48aab820117a5dc,medium,1,1
7611,ddbb26c188eefc614691b30b9051a994ec54dc56,c4d18f7bee6b7c80835b8b7f5bd39db5ff52823a,medium,1,1
7612,e586f6a12d7a4e8f84cc3ad527969d08f6c68e47,3c4e833e596211a3fe3d74c8c0a5a2cb709d2448,high,1,1
7613,474f8add48d72bb66cc799e2a2d36ec1e77bc03f,282cb7415d2155dc0239c98b32b14c889bf2d90a,medium,0,0
7615,32778da12d67ec532df0327ea899876a2e85a50d,00df2117c318a6e784178b08e39d05754dfdbd28,medium,1,1
7618,aaf7636be73cb48563cb7d982488df99c107494c,215cb2e4fe8220fe856df9a4da0798f02ae5fbb3,high,1,1
7622,56247d6d43067ff39c5f244045f0db9ccaf540b8,18f6724636e47f85b36d4d73fafb5388080c0d14,low,0,0
7623,3a028ae2e4b72ed745a5b4a1007f518ed3ea9df0,ee47b346dab074a511ba6317f123e078876df749,medium,0,0
7626,f0f687195fdad1c5e4fab62630616b14b5002dca,2a9d9658d19213ee27f1aa689e8399c6dacfad1b,medium,1,1
7627,6eb14ed2adbb59a8dcb010f1b887aa93a700f017,97e55e63fecb600f92ee7a0e190bbb944c8d3488,medium,0,0
7634,9d9f45557a493545f295896e77c2cfb42dd05094,4f605b7d9154df22bda34c00e3c8e31c815e1a44,high,0,0
7635,d83cc8f7148d917b8c6b18622105e7c12a806ec2,3a985e2d8cf012818abb799c66d8428d5424c3ff,high,1,1
7637,7bd4254df4f2ef41a9d64a4900fb0c4bff25cf00,e57718d915ba74f1094574b9f6336c8e0b82d147,high,0,0
7639,73df6c35e3316e0ace7e2ea02ae92d7a9c43bad3,defd20fde999205e98d0baf47e1118c9a545ed1e,high,0,0
7643,22e08c84e71477190d6083d7098f65205a6cb639,0d419da1a80cce154ff7e855e836458ba1b95743,high,0,0
7648,bef877bc962ef092479a2d63b0fdd3dbb66b81c5,cd9c53285cd0f00472e29a26a6e72665b73cf5f2,high,0,0
7651,e7d53c04b071b5b860d477ebb18f0668f4a24f09,04158ed7889ccd67684b30786fe2b4e6d0b834f7,high,1,1
7656,01703587d477986f20b5d17e18db39114f13d875,9f4143c3fc36984cc2826413ee92c1c2b4ad15e9,low,0,0
7659,6640a4dbb1bcc9731b63244941ae40494273da28,20e9da13f2e182490e6ceec82e6f700bc34d2d51,medium,0,0
7660,99c4c4082aa7ba3bc09f46369cf9e51731c2eb6b,7646325a8026a7fab6b61a3aa3eb963f59323192,medium,1,1
7678,24adbc25f7799f5de9269ef246c0da64a4885ea0,417b5cc5557fa8e37f5ee9cf786ccecc47fedf53,medium,0,0
7680,27973d8ef744bc9e473e74717d37c1173607f596,357abf2ad22ab1f16f546e1d21618e237f1d714f,medium,0,0
7681,8ed9f7e6119c3fdbecc19d6eec7230efdc98de48,b8126e3c43d8db9e7299ca981e6014c92fb02103,low,0,0
7685,248c70a10b4b0b5fbda7d8a697db418e06808600,59a273983e5c2319fefa5b6333d96a79c5cfc6de,high,0,0
7686,9b52d6417138fda4e17b8d080e6a7288086060d0,259123f4ab5838f3e9ce2af6a6a15748088c143b,high,0,0
7689,52adf680cfbc111260ce6fb2f7a5760cd1e7ca46,d5a7ea1180891ce6e1ecef379ca615614bcf4b59,high,1,1
7692,5cc2c45a4cd833a5bef953a7cdf22bf9541ca8d8,cecf1ad4945fbe77ccf135319131ea94b1c5cf48,high,0,0
7693,73971f19f744221cea023121c5f2e58295b328bb,afd451a89724d5ae5540f2c0bd653a30b3bb30ff,high,1,1
7698,94c84f9463064d6ce86c54f127f351a9b109bbcb,b4fadb454534be363ba64166ebbd6fdb5047fc4e,medium,0,0
7699,ed77d29bb602c61b37ea08e795190eb18a411c86,cc1e6ec029a5c9b81041264e8e41dec809a2b051,high,0,0
7701,b8106ca3f4c923af840f73d86573a4969f14f11e,fb5e2fea8e69f63549dd6c3e4607099d48d5a440,medium,1,1
7702,9fae90e761c4b60da34d0d3d40a3721c6c7c7f2b,fba991a0b3fc198adbc0c0c138510e63ad964f69,low,1,1
7706,ab4b9fa2c09319378fea0b2e81bd569f93968ab4,abf03de9a7263ffd7e6f569f54d5745f653847bf,low,1,1
7707,b107bd6620d5a24b229c02b55db8be8ca11db5b6,f523105e604e3d24c5ac78f5f2501fe55254453c,high,1,1
7710,dc0266cf862de2dfba84c440bb6c6bd6f3d1c8e5,132533e113db6e80309f650e50e0662bfb6a6a20,low,0,0
7712,9e8c1d7d7c5eea0c532fbfe8d6aff6da32264133,6f5080ae84b37dc6341625684bd6b7cabb605c4e,high,1,1
7715,212d224d8a4809a015390ad119567790bde33f01,ed26b8679926facddaa9201751aa9b20ef9f054a,medium,1,1
7717,0750e555c5274415bcd39336c6a6375986b24b23,674d4970d7f0a6445d7119b75f2bdef782e5c32e,low,0,0
7718,ad2eaad4d008d4ba9700c67ce2c1b303f79fb5d2,e844f77378aa1d389bed3209c1e49120943c61e7,high,0,0
7725,aaa55867a65ae3d83ac58a19d3bfce9c09c46de7,2c8cd0d831db1ca34dfd1053589e6cce223a85a7,high,0,0
7726,98c9b1c0e74177136f615932e2e30fe84465b0b5,14522d1c41b26b6f324ea480ff499d2dbe0f37e4,high,0,0
7729,82a795380af2a0b2536e149c5f196f796058b2b6,3614705a3e87c118886b1e7d4a10ac5bac57ea9d,high,0,0
7736,a161a7eefead047258f15f158602e25933951127,48c767124c651419b655b91101eec7b299be4dd6,low,0,0
7746,3b6b790bfcaafa9032521feb642209d2c27afbab,6db0910a199218212f52faf6904922c746670a80,low,1,1
7748,f781e1dd7630f2f7d2e293708dbb6c5baa0d2fd0,d1d26d183b18e0320026dacd1fcb7346eda69b33,low,0,0
7749,3c49f3aad9be24d0328fc75a4c477038ada01342,048a3dbf9f0a042e59a615877f3363d02913107e,high,1,1
7750,53cb7cb42dfe6b2003a9418f3393cd85ace76518,a472b05d7ff2b4b3270f41b7c99bc256ce357cd4,medium,0,0
7751,2dd237279a45b4a8cb83129fcd51b467c49bb6b5,5d50b93e37fde3ee9902b2df9d1f988cd7818b2f,low,0,0
7753,6ace62fa4c890a89db22abd334cfaedece189d37,85b330623abc3ab9a34607cc61f8933203696daf,medium,1,1
7755,e3f9fcad88c7a78ac2b01eb2dfa9edabd0e5d3b7,7c45bbbc6764cd9ff894997d47a63252df093e3f,low,1,1
7757,60cb7adfb46307ba107b92b73aac487778ebf5bd,49b699be0833561cd2fedc5194f2dda7ac003b1f,low,1,1
7763,2b0c088a2ea43aaa54297552d0043938994c2134,81eeab84a5e06e7d0a7acf4a7b431a2f9ae19d0d,high,1,1
7767,52886a05580fd92b2dcc5f525b62d5a9945a9ac0,b518d8c6c3574d7f1b759e37f9907235dda7a329,medium,0,0
7768,bb156aa0aec8deae76e8ac45ffc4a1ba896946df,faa72aeda6971f13c2e32d66316c77e2b0417815,high,0,0
7770,aedfbe91cd9bba7b51af5c697f12df2d2226b476,4e0de82e2ea997e6c4ba8e010ee99f6fb7f7a62f,high,1,1
7771,4f8a16388cf2aa724d9bc8f2824a2a3fffe2c3b4,7cba83a404eb60e8eacfcf7e424276b71c5b8c04,medium,0,0
7774,478e9b9706d079e3978de48bcd09562bb46dbb83,28776d54ea66036d744192a8485476ea39777c9c,medium,0,0
7775,1a1bdd71312945cc75c6bbd10e29bf7a51a21eea,4bd1856084b4918b071db9d52e98feffedf76d8a,low,0,0
7777,c80a55f71205b481dd8c4e7752dfc5db7e08bccc,2407da2086164f165db3daf52ed81a21f595a273,high,1,1
7778,9015cd9a7de4f786e3a9058fad198dd9fd53aac2,d208c29a381272a1f4dc033fd166b369a6d43a4b,low,0,0
7781,a1c7cdc394eb4f6871ad74fef26ee000922cbb51,5ae7eb9542f38ddba176403dd769f47f400b4e72,medium,1,1
7782,690b9f2f65b76e9556311e2daa30e02962dd7f7e,eade7f08340ddc9269ad29e2bb71a12922f1b241,low,1,1
7785,e3283dec83b11af8d48fc43828474178c531d000,4d0faeb81488fda016ae281bb693ecf05941c302,medium,0,0
7786,8b879864e362fef563ede80b5782e7c63b00f378,c9c14a8564cb98117382a3efd37ee8e491fe8376,low,0,0
7788,779497706ed5b7a7f7cfef1e919cdf091fe8ce08,e4894f92aefcb7805276f51d9fef579d98836732,medium,0,0
7792,8d51af643ed01829b6331c3adba34d8fcb8bfc42,6eaa1cf71f49f3a7c17b25ff7fb2c0a876c109d8,medium,0,0
7793,fb8a6419bbb83855c085135ee33c7bc868d1097a,63d0706215a9c8a8138f0681c6bac0eea78c0312,medium,1,1
7795,a8c6eb5aa8c65847233ecd0076c6a5141b23f1f4,6c0efb7ced5a3c8a8fbfe4a1614f6de7caa900ad,medium,1,1
7796,642d6b87ae667ed0b15989d47b4a1e6b913b00f5,bfd01dc6b3d2b6f53b055a544ca65ffb89cd94e9,high,1,1
7797,8d47646c3d4e89aebb760c5466d47a64442ffcd6,1095fe547b922bc2d3890e692cfc8a8dea46ca7c,high,0,0
7799,c5a76605099bc9890750e77571b7165e5708a90b,905b0448e821c1d24220fc391f22e75204193a65,high,0,0
7801,65cbf904bdb4c0311a9113a792e090661fbd86c2,0b54ae9d7d56e6d90f2075b31a814297d7ecc387,medium,0,0
7802,36772d268495774ff4ebafc95c8769debff64de0,30deae3d51519e4bedbf649b9c526a43561e0d02,low,1,1
7810,e9aca58aed4ada23bfc4f7d1d49feacd95c3273b,1ce175d8a374afc6880628fa21ed5e79f68a228b,medium,1,1
7816,457eff2e5dc93b2c713c40c70115960f791a4822,9cecc6ebb1ffa497f4ea0ce597115f4252391803,high,0,0
7821,1cc7edca972aef496d7dd4a6e98dc1536e8ff69e,5f2585e8aa96d9e6e9987919911478d5465e0bbf,low,0,0
7822,376921822d976b329b13fe1e846741856e0d9394,de87d2ba9820434ea384a8eaf39935a85ff08887,medium,1,1
7825,8aba5231abab35c9991a2af8f606d1e2252b3011,14538fb7682fe13d2e66ff18aaf0d0b8d2b8e654,high,1,1
7829,c33ba137de11aa2fd3ee2a119c68cd1dcb879e9e,3414797d542807c4b67562654748f6f60d39f973,medium,1,1
7831,c84b47d63b7dfd4a7227a432c6e6a973df0737f1,acc4af49b3b8fe4a62ef8755b8e87fb9b81d5039,medium,1,1
7832,9951d70a69d6ecf3e72bbd0363e16acb629341c6,32b1391c2aeae7d02b02ffa1b9972b1fc6ad2350,low,0,0
7833,d71154be9358a58bb555dd5952dbe4d6447a132a,62ee1f70f3f0edd6edcb24d25a00ebb343ef25bd,low,1,1
7834,9d1f79da839cd778a0146cfdde58ec4b4c681953,206b337afc22ab1617bd75d06d6ccdd9edc2b3d0,high,0,0
7836,13e26c99f6360cca8e499fcbca47921f22e8b1c7,b0ce00ad74061031ef086ea8f09f22c64e0e8905,high,1,1
7838,2bf4b887997ee48934defedcc28e8d68894488de,8c7f4557824788a00e3bbe39cd81f1cf7fb1e226,medium,0,0
7842,44c2f0cc405463826f155aadd166ac96cbad6468,c4bf1dd8007775bd100d996240a699505e099aaa,low,1,1
7845,c012ce29dd6d3fcbb7a74bd743564f6d28123c05,d877bf4709128da060be8d4647766ead2ccf0e1d,medium,0,0
7849,99c4c4082aa7ba3bc09f46369cf9e51731c2eb6b,a4980768c97f68b31157911091284609eaa1394d,medium,1,1
7855,f109e7889fdd8576f163b47db0ff0eb2ec267c62,a9d81817c7990d23e78b33874a217ce37e006122,medium,0,0
7861,cbf02de114949240d8dd634c301488ba4844a755,c74261aaf3f3f0578f805a5e6b74b0cf1986ae59,low,1,1
7870,5f05b0bc38eafa7a1a42bf82a57e4b166b2d3321,4ced1774d10872ced7027d5615f35b633d33e973,medium,1,1
7872,8c6016541fac8c855983f7228a80a0ff2229d87d,b03d34d0d21eff6e64124ef94880eedc0298691c,low,1,1
7875,73f06adc61098402d7ce7ba1d8c22d5a6e2597cb,05bb35394e83018d03b3dbc907e8856912174d1a,medium,1,1
7876,22e08c84e71477190d6083d7098f65205a6cb639,cf3f4904e682bc21849da5c73aa798153797ee5f,high,0,0
7877,d62f7026ea5fe72446bf4a2afebb9c9d841ff3dd,24beead3bf65684c0d040ad434ff3e6c148b58cd,high,0,0
7880,237614970c18b1588441577e6fcc952b0215237d,e9a48b8e8904cf185bef55d9e7d85f774b90e28d,medium,1,1
7881,ce15cdf9c1e557c9d711bdd4e50e7355b2c44055,f4067b1f45a321782a5cecf8122a4e052f555206,low,1,1
7886,3245a32c0e918850bc6a624720f0fbf320523f1e,5a1d6b5b3396f8a6f39cd011bea941ff8da3175e,high,0,0
7887,5745f871efa7a4d6ff215d9fa0e9bbfad9f3c27f,4f444ac9320aa43a65ac83a7fc20f5729df954fd,medium,1,1
7888,1ee72e69a59f1501dd01e835bef03c1cc7970e83,f39b66aef1372c48a7068ff529e85ce087d664aa,low,1,1
7892,c2cd76d30171795de038dc674bb918321d772e8a,5f163a1a9046dea1b0643f58a38a13b171d08440,high,1,1
7896,35daf6422c4f87ee393717498cac8fd50ba57e5f,743e4968ede5bb97de1a6151f3cdc34291e0cc96,medium,1,1
7897,a7f9e7c33b1c24565d7224cf9a518900e56c7011,de65fdc1e6c09457dff0889a50a9cefe91bc353b,high,1,1
7905,4b022834b9aeeff2b8f2d9ae4f9f8867c59c9f85,0f4eb880a14373e8b0108a989f35ad45be29019b,medium,1,1
7909,e18faafbceea03fb1653725624446ddf98cfe236,629756396e6c969b66588b9c719420215c6a57ed,high,1,1
7910,5eb9ef1158a80ee99692d2682ff79e090968a4a3,57e45b9e93c8a543f1b649e775aa6105fe8dc2a5,low,0,0
7911,0263984c2528fb08f515f24a697278f213def0da,fd95882fd9c684b56ca4da7c8f3d0a90a3af83aa,low,1,1
7915,709860b744ceeb76a4dbc2d8774cc8d6462c44c7,738f7d882c3fa411f3fb7126913d71994187c80f,medium,0,0
7921,8addbc305e86363fc4c3e1568b264578cb4f10ef,470f467d7f3dca858caa647825b95c583030902a,high,0,0
7923,f2bbe8eb716b8aa311bce9e4029ede378406851d,40def73d70d6b384b04d57bb49f970ea4474712a,high,0,0
7924,210e26b97e5087ad34a682297bb5deb47fdcc7b6,6974cb6648f78394ee3fb78c73f5480f8c218161,high,0,0
7928,48f7ce8f22f42d908e1b27af0a9bdf853b508ece,a0b513f914bf4a3862e81b5bf13171c9ed81442e,high,1,1
7933,a7650ff758bf89afd400362514d95b31dd87ff93,5d88d966aded942b3f05ff74cc6beb81104e90a3,medium,0,0
7934,7dd4bb4c852b430b6d627148030f1c07b313729e,775fd52725afaa0f7f1c87df0133e07d27e2f609,medium,0,0
7936,1fa4bc0dcb7037ee49121a6e34aad5bfdcfd1457,b9a6794101316510960548b926984492d8393287,medium,0,0
7938,1e0c8fd3b50c567ab0bda0c0a00f2573e8dde0d2,02b7ba672e71c29249065be79e9a9a9464f5bc1e,high,0,0
7940,eccda288983d1eb6d4ee1edce25d25fcd646f8c1,27d5b88fbe46275553ffa7384a10f0ee7b87ff97,medium,0,0
7941,94c84f9463064d6ce86c54f127f351a9b109bbcb,1f6380660d049f54b719c6baef08714297198722,medium,0,0
7946,ea52eb833abf5682f476265770b02d22855692dd,cc83a2fac5b9e256654171d72f42c0fafd00045a,high,1,1
7949,5f05b0bc38eafa7a1a42bf82a57e4b166b2d3321,b898ea838a5f1534f2aee984baf70172feefe10f,medium,1,1
7950,dfd67dff66e72377b92be85e9f299eca16f5d7dd,effb3d91738b5b372a4afa0279c1393d129bff0e,high,0,0
7951,a7650ff758bf89afd400362514d95b31dd87ff93,8570381787f3bc043454f168ff24697c86353354,medium,0,0
7953,83d050d3a9c9baddfbfd4255b71c88927fe1dfe3,85335b79cbe18f0e5a1070ad4d9302f38a34d153,low,0,0
7955,752ac61db46fd001935aee20ab2af2aa29f10bfc,946e2c624b0a6a664794a96c20e1ee87ff670298,low,0,0
7956,f748b7cb6b73bd25094239736c721f16c71b6152,8d8f50fc88c796fe3a2d0c0134bff3866f7da217,high,0,0
7962,ce4917cbb4906e335902c7e91c282ff3d468aa7c,16a4dc0eb83c343434ec3bad81081be05e035513,high,0,0
7967,b6ce93daa3cc585198da666d03dc100326177d9f,28d9ff0100c0d3aedc93473eabc2652f900bbf58,medium,1,1
7970,f8f2748affcc0a0401f18e7e60dd0920a35c48ba,c4ea91302f88032f0e4e88deaaa88ca7e79e500b,high,0,0
7972,4de6a89163179729ac7e626e67c874cc4e0d4797,22bcba6e5b09e7dc51612a02304130302e139720,high,0,0
7975,cbe5721fd648c99a453fe31b5dc15664a3cef147,0739302890e49304b7d940eb099e9c5a7638d71c,low,1,1
7983,e1d4579d989a86c8a3d21612dc0079104948bfe3,a921fa3fd1e177a010eccb80749954f8c0a31303,medium,0,0
7984,76ce5ca634e2f2d9e5ef43d561c444cd508512c5,cb73944f97d0f44d48e31433653dc05e0934b13d,medium,1,1
7992,6b4ed3d01811b687991e2fc3a46e74f5aeea7912,968d56e179622885e220fc4b0140faa307fbb2e3,high,0,0
7993,cff36ba00e65923e35cc899f1adb03330d34e5c8,1734a2e7c9331102ada1e68b3da80e6c1d57990a,medium,0,0
7994,c169b3a2e8dceda039aaddd1816265f849acb485,7c83a69f01a235ed12448cf180d425da3fafac6e,high,0,0
7997,6152d95330bb868f578243f9c6a67886bde38c85,92c063cd7b73d63b6f6ab8c8820f806167fd69d0,high,1,1
7999,a7a7df2d1b2721b3711721972b684950268e6552,5d2973cd556d7748d36ca07bc92839b60ad282d4,medium,0,0
8002,2b904d51c437dffc0a2a990268223f1593f67320,ec62873314590e6b6398722f50e4fc5a1be6182d,high,0,0
8006,381bcc744dd8563feb96c5146abbf6947d5fe65e,9fb394d6e876f284b715b492bc7ad9f320c48a5f,medium,1,1
8009,3ff4db89c2516e8be9e01402be0e42c5b2f11628,a0cb43004c2e41706d69ebaf9e1654b13d0d94c9,low,0,0
8013,d990b8bfe90c032ab6fcb53d31b0992d9c48ac6c,9d7b5d45902254a69333578476f5b951200693bf,high,1,1
8014,50246a8ba06ae16f4884f16321235d0af1e844dc,0b34b80900ab09af413c46d7b0fbb96ba920a014,low,1,1
8016,56b1e32733e39c6a99d9290d463a773c9162d4ac,5e9f0d670e7882edd18186fa357065677be9a6b6,high,0,0
8018,bc6c79d941d949669dcaebd4b225ad5f9f197737,deb613fc698c106659067506a3e24ef5aca73782,medium,0,0
8021,ca5af790ca445226d8e6eb685088a0a412108eda,6bd50db0610c33fc8854a8e93446bb4f51c3675d,medium,1,1
8031,7eec912021418442405a4a8e6da3ae288c2a8075,49404081b070c7c32a8ec8d6bb1b20992e5eabfd,medium,1,1
8032,28d798d71c68588fa4d55c0d3b7aff919307fddd,5fa4c35921222b424198191803c81c8787c1bb05,medium,1,1
8033,2da3986ce12cdbff5b995e251248ece0c58d51c1,e824d843768dccaed64846a0159c194e58428cd8,low,1,1
8037,2a54a2cb72ed7860b1480ca4bfcc1c15ae6b11c3,d79c13838fe765a5187befdbbb7062423fca4515,low,1,1
8042,f73fbf58d9143e5c2fa0442fcbefad3fb35b8f0f,eecf06654c526f8cecc35f48c87327eae16fbc46,high,0,0
8043,abf06b65706efa02b0cc3a36ff942f69db209a56,03787c79a51154059a3b96a91451b2011afada08,high,0,0
8047,47399db3eedac0e9f7fecf1f549e63659a539337,523b6279444deb22cde27a992be4941ca8fc39b8,medium,1,1
8051,c13653775bf69290063543f744455844d3cda851,c903e36ca5da34e32fae5731cfdda22562df3e4f,medium,1,1
8056,428f0b5a4d02c8d03e986a78a2703d39dafb3889,a9b7354d71d49f5f016aa42efe4d73cfaa1eb9d6,medium,1,1
8057,fe53e83d4d048515edf57221a02713bf164061ae,752ce0b15af0b4a83f3d09b98e44bb4c712182e6,low,0,0
8063,35dd7c2678a1fb844b0e437861757fe139b2a915,f39589c1059ac8e34d4f3e49f486349196a6ac86,high,1,1
8064,8325f5f6a61a950715c49351e62ac59a8fcb7a30,4a3f4140ba39e50078eaf4e32e0141b229a33a24,medium,1,1
8067,a004c8628895b6e4b0bc80b50bac3af35f446622,7715293de64bec2e08309cb4ffb96c3146037dab,low,0,0
8069,f9262bfb6f5726a9a3b8d5398fdd37a037b44ff9,83e7a1c30f934b1c63fa22902fb07350137617e0,high,0,0
8070,8bb661da5b23a5af68ac31e82639220a1448cd84,6404afa16e0734fd608dd10a8201bcde0c173930,medium,0,0
8073,91f12cf38f0e5953ea196e14ba433d057f125809,1a2c4e4bb216194b8aadb4050ac67fbca73620f8,medium,1,1
8079,053fb795812ee70dbb0ba85e24953b4b0b6501e4,3c266f8ceaf3a2336108a36cbd9a32e2828cc688,high,1,1
8080,ec76f6657380df948f4c391d6bdbe92db294ad76,67157dae1f9776508517610e3de008c855cb480f,low,1,1
8081,d8bbdbfc218ccb5bef4062cf290c7900953ac8c6,fac4b6fc62b965d08c06b8ef93e34d9c9505ecfb,medium,1,1
8086,c21fd3c7ec8a807473cdfae654852057e8e5a8ea,187fdedaf0bfa205b654768be8462c0f07942ec7,medium,1,1
8088,478fbcc4f40ade444f69e48def2d83368e639dd6,06bf83660f6061e2275cf2d165c8955dba355040,low,0,0
8091,93fb7a322500d1db5e97db2e4ec405f5e3f50299,973f0c46687a2d683e73a3346bac872dd73630b4,high,1,1
8093,5b5e4e95caece0020c9f26d2440de677016355ec,6ab8e70576d7151e6f4dc660cf3bbc042f504477,medium,0,0
8095,080e238775a62e0c55d4189f5bcfb21ec213a9e8,3351478169abfbcd7f92ecf9e0b47b23d95107f5,medium,0,0
8097,abb740daf25185e19d1df7faaea8ddca9bb78f05,a84a31b17c2d34118c79db63694946ea018f0cfc,low,1,1
8104,b22afadc4026603f6eb765422b1ccacca681c3b3,965066b9235742717a873ac9bdc9f69f6bf64d1f,medium,0,0
8107,6a4b7a132998fa11f1c2bf98d79bdd5b57a738be,f6c4c3a8ea665e05a4ed0f1450899665b53887e7,medium,1,1
8111,337946f4a0ceb954df8d378bc6a92c39239dee1a,7f75f998b6841746a5e3a00836b527ec9889a928,high,1,1
8114,212d224d8a4809a015390ad119567790bde33f01,40e50ecb99bb3ab86183109be7c837e33b30f56c,medium,1,1
8117,3201565ff1b0ea3b1325d5c1bcb9bd708a224c97,6fcb54c220883ba37357460aa782bb2afd172e6c,medium,0,0
8119,5f724d1a6f2ab40d4cb6b96d6410321839f7437d,9a37e13d917553183756cb6952bfa0cc0a603c72,low,1,1
8122,dee481e296cc786cb82ec7052b7b22b79ce03255,4628bf1ba5774d5ca7b8f8dd9d85e21791e91bcd,high,0,0
8123,7a475869207afe16aa13f4e1105885b17ca5b9b5,5eb236d43c2333b5b490bfba51dc6c3b3839f255,high,1,1
8126,dfba016d6c0f93ef548fd33eaab31d9d15c80b01,541ad77f6ffb0d2ccecc453fc456e0f23cf8edb7,low,1,1
8127,e2dbab7721431f620bdb9499a16846ac68b74aed,4f05a9eefb702ce7240124f945fa19a5c8f0a093,medium,0,0
8129,83365cd1db94f9a892d0cfdc2c906c1dd7289162,fc26a0e9ffdaca4c10ab4077abd676579f84c2b7,high,0,0
8135,805abf134f5fee654d959a0969673415f29dea59,37c8a182bcf2833f97d687086c60f52a4340465f,low,0,0
8139,86cbd68907b218fa0fbda9444ef5a6880a7d9cfe,757e439c3d1b4d89950c8392a6d41d1a1b803d06,high,1,1
8141,7bd4254df4f2ef41a9d64a4900fb0c4bff25cf00,4dce8119752e8cfeeaf3d351028c7c977a6e6963,high,0,0
8143,ea808babea73f9ebb76c63e82be9ad8eca667f6a,294dec8edeedb80e845621aad9e502ec06e406b2,low,1,1
8144,e631921ad907d4d17fb962a6899d784e57c4a716,646eb8e8ee171b0cc99fbf58caf7728331fa3608,medium,0,0
8147,d3c3618f39b56162d73d8bd88735a0adf6bd9641,1020f001cfb3ee41abbae4a280e694ff7070bd43,high,1,1
8148,4033df232942ca76f2d68c1501b58a2fdc7ceff5,c6af8b52c423b71fca59b7914fbd71d6d26a737d,high,1,1
8151,9f612c445f295fd88ec3423429d7420342ff0c51,2f064b2d1c0d4ed01198ef789911257f0eebd36c,high,1,1
8152,debb0e22824913330449cade1f2ed41357974dfd,9f5e0b701cb9c566d12fabeaa73fed13fd06f147,high,0,0
8154,39caa218147d4ef388e9527ad1f6f3e23afb10b6,7f79872c0a255a615e1791739945934d92f5ab76,medium,1,1
8164,5629db6807e62bf56d367cc3b332d6172a96b1a4,0d39571fb3bbe822b1bdcbcab3e6424c57ff6431,low,0,0
8165,123c8e393cf3f37af1dbb52e369a62736cc84051,f4ef20b83b8823192e76dee75f13464056ad67f2,medium,0,0
8168,a41e11dfb90582826693e37b18ea7b3e479483d9,a7ca636db912ede83c94a850966bc4a7e4319f36,medium,1,1
8176,a947dcd77853c4b33c3d1927d72e641843e19878,ff71090c378ef7072f8ae8a58ceb51c78f125ceb,medium,0,0
8179,dabe0623adcccfba42b63cbaf3f614b7ccedb4c1,209d5798fff26489b000d60dc033cc9c1b34b520,high,0,0
8180,bad1cd3deb60ac08446b743db5141dffdb24de91,c84a377bcd47f10c3e339db159a9a547efcbb46e,medium,0,0
8182,c91276bbf00e01af1556fa47a7a1ee6b15c15935,57abc6da4e9cd4c71f10d725e820c88e61514a71,high,0,0
8184,94c84f9463064d6ce86c54f127f351a9b109bbcb,9444bbce93d016902416cd543045d127d64aba5c,medium,0,0
8186,4e906445ddc3e4e92cc282c3b1c4609b8418ab64,9d2afbcb125bc6d0d70a8bcb11da172f24c050b1,medium,0,0
8190,acf49ebe0fd3c32579c76ab4f5a4df182f45e02a,cd1583ad7c54ed2f3a1d2d0e0c3d2fefe0e0d0e7,low,1,1
8193,242c5aac0c7e89488a43c33af23b76dfda6d4a3f,9f2605498b74dc3a8fe37f02abe2d5341c264363,low,1,1
8194,fce51ac4cf452ab538e6945f43d6f77de1f1642c,0682b1a40d4f36cbbb37ff5ad39a012dc8b822e0,high,1,1
8195,240c8589597c13d62d8b2cdc90b89d35424e3948,0c8c06384ec98b9a56ad324c9952a3f76d8a7e48,high,1,1
8196,6a0041d5347feba31bcc93259a7a0a948705ba5d,6216df3fe8c5ee11d322055607a8dafd21168d59,medium,1,1
8198,fba3cc05b773956337bb8113db5cb56e08093081,7d707dd49f71218891afaeb434797a450ef87abf,medium,1,1
8199,9f725d7797e824c72b6018dfca8ea240e53cedc6,6025c1d80abbdeb406da6bba2b9f094f53492cd1,medium,0,0
8201,ebf9541bec6ebeead3486c836747706d1b2e57cf,adff250f1a9e32dcc762fa3b76b4b4017db00c4d,medium,0,0
8202,f8fa69b704cfbb20913ceaf5857e0871633ae12c,cde57900f38aa9f342740a09045be70bc10db5e2,high,1,1
8204,8467d809e6f4525b2b70b9d562cc37e25c4cdd4b,3146be5efd47594e0670fdb7cd4b45c1a63c41ff,medium,1,1
8210,a925d3cbfebd556d17edfd761383350295c04d3f,80c2c6dae17b9426b9aa3384b4adfdab1a793da6,high,0,0
8211,5e4a18f7550c39b0059952c08c6ab62f11d19c52,700c1fd47e328baf390b9624f61a3f579106001d,high,0,0
8212,f3a0b5c6fb09bbcc47d2107ed6ba007b2fbf2a56,5a7d1102725555cba687439a79e97c60da4285cb,medium,0,0
8221,8746c9c7830691378592db5cc7dd479127c3bc8b,9e2a9c6dbf44ac58605a42191fd27921ffb0d057,low,1,1
8222,9d2a141b70492069b87482c4cf0b935f8726f39b,9aa9ba65b479922722e666df54a244028d6a8973,low,0,0
8225,0aea05415e8b6374d0c03b868de4307a54d6dd55,c20b1ebbead9cbbebb90548d73da64cd58eec3fd,medium,1,1
8229,9cedeed70070eb51e0ebc0863dd603125b6cbfbb,a9a852b2b015c3c3e0545447275603ead8ccbbde,high,0,0
8230,3c7886a59d206c65ecb4c3253c1b6434f9aec372,003d374d7cf6938c28f601ea4aa847e7fbbaeafe,low,0,0
8234,6332f6bdbc8dad0b1f9715b3cced2c4f9fe3ebfa,9a9a7114e53e3e9fcb83263ec46306398f35d755,medium,1,1
8249,08d7e24d39195bb0c2dcc459b1cf9a259d1539f0,4541a6dbc899bd712c945f3a5e19be224761b878,high,0,0
8250,3ded328657f54ea5f4a9c9b96431335f6e463132,79f7ce7a3197bf770d2b3db93744f6f5ff18d64f,low,1,1
8251,12160c7568cf0f2931eef4b2e39b6f93a71916f5,72b3ce8ee901cfd3d5186d55ad9a3187d86d9ccb,high,1,1
8253,70e5064c8df6cfbfb1879c43c20d2e9b799a5ba4,90da7a8e53766270c25e8cb1f409e0452d406dcb,low,0,0
8255,d36b13c1359cbfaeb7820032d9f5c55758cccf8c,39ee1bcdfe803307909f4c852812c3ef39be5d77,medium,0,0
8262,81428b8d3fb2e83525da406d3b65429fd8bbd307,9abbfe76268baf4a4982d1f76d62cf28d2e73704,medium,1,1
8264,61813f6376f6009edf3fe86e5c0ad8831bbfa0c7,fc1696dc99875aad99fb1af6c0b1b9a58b4ca1c0,medium,0,0
8267,ffa6608f603ca8f8aea5131230fc02266b5365fe,dc0641306d5d06ef64fd46191ee376836d56a529,medium,0,0
8268,6ef8fa76723ae74cfafeaec16cede28057b52e20,74b66b4d0ee6d7e0ca71cea554f057050b4a1015,high,0,0
8271,e143cba409efa1044b7ffaa7d08a6a223069ac04,ed5c6acc56648d428d78fc4e3f74b871424c73a1,high,1,1
8275,2dd237279a45b4a8cb83129fcd51b467c49bb6b5,4e77978af5e6b57996e3f1f7b183286227cc1a95,low,0,0
8277,71849501909e62fe3938afa6b07477059de762a7,f6a7f11e01498823f64b1bafe4b338e70efc7371,low,1,1
8278,7fe7f4f22c41ce2c3559d8cf23b551d959387662,a2d7cc890b6b87d4dc44f89b3eecc1238f9a548b,high,1,1
8280,68503dcf0e9874fed3dc7f531654745aae3a2178,b4921c3edc4a798ecc975c7a28132b72b8525659,high,0,0
8282,90fb66b09c831a375c8653a446d8944f054858ce,806ea3f862df3c2cadd81f2c535bdaf452bcdc99,high,1,1
8285,0d3e3ada785ff911bd7b78117637402d25f45c23,d9c0866973c0574f09a3339988fa40745c3034bc,high,1,1
8292,6c7d2cf76541456e4ecf741a54271e7c03c4fc88,846147162d2fcd26cd2cddd88403d2e4a681f85e,high,0,0
8293,679dccc680a51cf5a554a055ceca43d0219c9379,7c3c869d178f3188ef42e6e838e6fee732f56db4,high,1,1
8295,6018d82a13d46d5397f107c3ad539dd0224ef04b,09cca555e85847a41a1183e241cb15b111f6e688,high,1,1
8298,d1c20316c2345956490303dcb6111d5d074794f3,6ebdaf99ddbedf38cf85b55d806fc1c6f4ad203e,medium,1,1
8302,3a289672fd34c0db50e7afc6b7564259b55d07ee,cd9e040af450d54beedaa64562550866e4f88659,high,0,0
8308,1706a66df3b71b349e24502025102f59c21b6934,f73068412e17f03b9f95b48933868e4526347988,low,1,1
8311,6152d95330bb868f578243f9c6a67886bde38c85,58b82e3cd86dce2c1c8ae9858abb0f8f3620e52e,high,1,1
8313,38e9591d908a26bee3dca767e308e3381023d8d2,d154ecfe06b10dd9304825a6a533a3dbff3bd447,medium,1,1
8317,fc875ccd56a84e94eae7026c5472afb4279916e6,b94f5399c39c7e3325cae88a2465acd6c5258e9e,low,1,1
8321,27500704a789d97193b4b83dd52e48287d5e19b4,595dced1141c888ba87b592d753c6eb391d98450,medium,1,1
8327,e351ce28544ed4b0fcc2406acf32bb1ab83ded40,6d0045e984166bba8f0315fd69b1f676e2eecf1e,medium,1,1
8329,3c49f3aad9be24d0328fc75a4c477038ada01342,56d874aadc9b7a994283dcbf12790d8f17f5f672,high,1,1
8330,73bc918048523a4407b2dadd4dee81e3b93ed315,37735739edc189817a0ac357de0670372a2b93a8,medium,1,1
8335,10dbd1e1a5cff744d6ca8a83263dbd819d070b01,c48cebe6884a6145bc09af7e582f7e39c2036b82,high,0,0
8339,b62f37d531af1e3370cb375595c103317457eb81,1897a87ab9cf4b59913a8c34fa976cbdad76d912,low,0,0
8343,55afd40a75535f0c611706c3a613493291cb745c,09e3afc6caed4f3f3bdd79248d18409a0fcd70f6,medium,0,0
8344,53cb7cb42dfe6b2003a9418f3393cd85ace76518,6c2aa93cd2f5d434c9e9581a697ebab1c54fe96a,medium,0,0
8348,602ce4fd34e082c4dd195e4e36aab9fbf2ada9f7,63562fb593eca96edbc42c6b40f95a2de5724ec5,high,0,0
8349,6fe9cbb915f58874a3b314c214357d142220bf82,c4e11a5dc22a41afa83a18f7381d0c37c3094719,high,0,0
8351,f3dd422ad7e4373385bc2229847247ec387dcf68,4ac2530898d793bb10434c0db684970483bbb28a,medium,1,1
8358,bceb3f1f87cda14fec3ae47809ce0c7ebe22bab3,32eaf886747867d35bdd56d5b2392d126db6be2a,high,1,1
8360,ae5746395f7aaf5e347ab79e151fdf2f2e1a8682,5cb3b034e8ac2c2d405705ffcd237470a53eafbe,medium,0,0
8366,5f37973c5e323354c227780d53bae18b0047b8f5,a3049dab0b7f92f2067ae40a0a6cb4288a046ad7,medium,0,0
8371,088e4ef0cb04faacc7e4173f795ed9e1747b1021,96600fa77f1d574b73279593f2071efac86db340,high,0,0
8373,6ef8fa76723ae74cfafeaec16cede28057b52e20,14d847c5486ade335e542344d2a741a5e214c5f2,high,0,0
8376,20e97d01ebad56a63c3f3dc1ddb7a57680f05027,cf67638d3bc68f314fb52e0dd157fa35a7ad692d,high,0,0
8378,28bb4fb346571be738989b745517248b5ade051a,ccca54d3ae16ca7c779035064c0e4d5147e24bd4,medium,0,0
8380,5bba2042b1e8065a2a84f053c6f8a69b212971c6,2b80bb01e91612c36978edba67f2b64fbf216706,medium,0,0
8381,dc83f41bb1bda633d3b56dd63c6b056877fbac52,282ea48a3731154f6b606525637ff5a9cb19c7fe,medium,1,1
8382,e631921ad907d4d17fb962a6899d784e57c4a716,68bba469368fbc6edc06cefccbf4078e4ae8d2c9,medium,0,0
8387,95b82d18666b3496d7abb151e25f16f307469653,625599ac3343759113c76bb6ac3a1cc660889e84,high,1,1
8388,08be76c8befbfa17502e9116f6bf67d935e063a2,9b70dd6e686e3a64a52c1323d9e4b914fd7babdd,medium,0,0
8391,dc40f69879ac95499bcd86dae9c29503c4f00696,842f1c9f605dbfe0a6b935409d2b67f56edd05ef,medium,0,0
8394,962fbb2b208c6e2848b43f2f15163399ce895f4b,57017d3949082f715e353a96640630a82cd15536,low,1,1
8396,0ebc6220dc01979187d0804ae9072ed7ef140857,ba6aac1c16a41ca3dee7be1d8a186094c8aeef9f,high,1,1
8401,badbc80064a1330cb5583b277273359eb84dc137,0e92cb28a099229c8ab2099930964ac23f8529a1,medium,0,0
8408,a83ab5adac16002b6d924b59623604dafb88e891,7e8d6f95a90ffb4a6299cc7965a4178ac53a1537,high,0,0
8409,40421c341aa8f957f078b29c10c517d3e0bb5f19,6fac63490b32bcbc36fa743c7ad660ef673d5025,high,0,0
8412,ef1261babe40e3e4ba61cb5502a38389c42fda58,2e3cb546b5b0021a046b452e11d5ebf55aad681f,medium,1,1
8414,b03e603039436b13a0e292d3f521e9383b649efa,3da12bce29e3365de5a6a607d3d83246a1d518ea,medium,1,1
8415,f41ad75ceb5c1eb3fc88c9a47b3d387115ce6164,0aba5f4899c140e63442c58404b9d3acdcc05a26,low,0,0
8420,45e7567968cc3748fec1056b67a2452dd9395462,ee0a928a12b7540aea2a60462e50881ee3eb862e,high,0,0
8422,e5eb81ddcd6575d0e03f95849c53d75bd4a4a9d5,6c5e699c545cc9f9cd61a5c30813ae36b7958f09,low,1,1
8423,41895a05e300cbc9d4e73abf5ea858709fad963f,c77b0f61ce1586fc51936ec79db241be4b8306de,medium,0,0
8427,e7b0d7d213e66ce8e907acdd1ffd49b1f3576adb,2993da0fa10b9f8a29151198210ba780d50b1f1a,high,0,0
8428,6ef8fa76723ae74cfafeaec16cede28057b52e20,99af03c29d3a2a3ffe408e359d398d078b2bd3d4,high,0,0
8429,2430fc2c54ce693de7d339d3a3403435f4de1a0c,12431a53ddcb983dce1969276692b4f286da5bb9,medium,1,1
8431,7940a334aa0b9ecd35743557204a141a00e9480a,0e84b84e9187ab23cf1888531d19d166ffb8a0dc,high,0,0
8435,e65c9e541a61b640d86b05c13d402abb8a9afb51,e61cf32629f991698923993a055166208bf4b379,medium,1,1
8436,73bf580604f7dddfcddf30bf1d09c8af2ab923f4,b10b4082b813c1925ce75bf51fb3c5186644665f,medium,1,1
8439,31926cf57ac4b91d744a11bdf9e69c5fc67cf09d,4f37798528c61e4dfb9bba51fa220c04a9a0e6b8,high,0,0
8441,c33299db6377acfe2c636404b81d11a9ee52aa82,0ee8367e3e3841e77c06d314691c8a70f5a683e7,medium,1,1
8443,fbd39a3171eddd0e53094015d54e7c72f5332c7f,74fff22ce3e3eb526e97ab9f91c0317280087313,low,0,0
8446,fdbd4c84af9875b75f9ac8e81da36aa6abb08d6f,95790fc047f85a6ef1ba7383c3c03dc703aef7fe,medium,1,1
8451,233d7e141c7dbf3ab45ecbd270243eae630f0185,27784257748a3baee3461dc60227879c38722db3,high,0,0
8455,40421c341aa8f957f078b29c10c517d3e0bb5f19,b9c8da0034955c1a4c6221d7347c9cbab2fdd7fb,high,0,0
8460,4ab3a82c29bd4f0c6afc12db82df4c9114ce3159,44bd7dcc0e0f8e4f8210fbf6eeb9025eb93fb8c0,low,0,0
8463,2dd4c6426ad38a056f1b22cbf9c445d1097850a8,acbee0daddaa0e616940932af5e98d449ac342e3,medium,0,0
8476,fff7e9c54679cb9c3f661cfe7700d2d2caf24626,ff02a09877a2f36b56f84bbe32251d99f042c12f,high,0,0
8478,d83cc8f7148d917b8c6b18622105e7c12a806ec2,f4354f1434ac7733bfa1613c93bc5b8321ce06da,high,1,1
8495,9300156744865bf4a795d2ff5188d9a9e2746376,a382bf51626b291b084d35cbcd309951238f6019,medium,1,1
8496,98e6298a1997441fb18f61b1308a3c4c0000128d,7b0b96d15e1a9d165f9938d19c9a37cb1ca61e30,low,1,1
8499,badbc80064a1330cb5583b277273359eb84dc137,938a75e896948309889f87aef77ae356ac124156,medium,0,0
8500,bdbbdeca3908cd8d2bdf4bf29aeafd2ae49f0c63,aeaac8f5aced21f4a3d8b1104b18465978a49508,medium,1,1
8503,b94cb8b15fdb5e9c34a440c88dc0645b12d27412,8efae844516e259af465b7f3264a2b89cc2b141f,high,1,1
8504,c535686f5d64aebf6a6016f7026a310d94d59425,455ee492aadb52772e325644a9eafb966e169866,low,1,1
8505,6332f6bdbc8dad0b1f9715b3cced2c4f9fe3ebfa,3a1d33781e5037cb6a55a75547e56d91065696a8,medium,1,1
8510,1462c788d4a89df761537e295818a59e28bced22,417a91169b2cd279313bd838781375794a33bb7c,high,1,1
8512,9657fd9b9c85a89900d822a77108d866b7e859f1,7021fc2eef6219209cbea7544d113a39fe385963,high,0,0
8514,00d93e1ada3895b13b0ecf224142d9166b72501a,94e7f9e9a23e298932467a5a0675de212e74b171,low,1,1
8515,1b25ad9823ed3be07dc454b1fd20c9afc3123bc1,65c1baa18c17e88beb45f9c1494e97d48bc5667a,high,1,1
8517,16cb3b2e7f73116b889034e9143fc2601eeaad87,cad886129cf0952695119d58acebaa4d56bbb27e,low,0,0
8523,f49ed6d4f6c7a61711f48cb01408452cdf57df86,c34bdf8054fe46330e290b26826baac2addaa910,low,0,0
8531,9a78ed4e0674a3a16e080ca54841b00de504cc15,0477a0e5a08e135b695bacdb97c5ad0caa056f00,high,0,0
8538,45024e05b3c6f037e8c6650f4e5771310ba71a18,19dc6e35db02fd2fc093f42746720002a72cddd2,high,1,1
8539,a5d33a8a107926434d59bb7a2a8e4766913c62a6,fee3aa72f1587bc236e459f84d1e070da93a0f64,high,0,0
8543,c2b716e1558ebce127fc8bc20f7668810e68179f,28de47f539b10518347122704c87f7fba89c090e,low,1,1
8544,029894b7146a93fbf3946486d38f72a971dffc67,f184acb3732cfdeec26f406c887c5bfa04a5c302,medium,0,0
8545,e18faafbceea03fb1653725624446ddf98cfe236,ec936c1cfb527bf761a588576c0c93a753170f5c,high,1,1
8548,872f8e6871148a4e8b0c3f432a975927b45da3ae,da19b027e6d4357d8ecd2cae62f14105ad1735d0,medium,0,0
8554,687e39c20fa3f4dcb8c21117b092c88c92000c96,92116bc9efe16a51829507d5cf14a25c6253f80c,high,1,1
8559,5ff5f16a37fcf56e85a2d62273a251b36cf91686,3e4777ac533c7fcfdd74ccdf8609037ab2fae8dc,high,0,0
8560,a947dcd77853c4b33c3d1927d72e641843e19878,072efad7cb1197ff25ed090e6b9d163569b46fb2,medium,0,0
8561,709c91e777a892d5b594d4b5c9c53efbf1e3babc,19bfe6335702c2ea83aed22d8894654b7d59398a,high,1,1
8564,5f1e77e9c8ee72465210060e524bf3f317928e81,669d0bba3bac619151b81850404d5394c62ed520,low,0,0
8567,b8ffa088f8b00c7025564ce4b57a2a4c84b7ad12,ee1dcded4381e39be7352e0947fe1fb54491562a,medium,1,1
8569,ce4917cbb4906e335902c7e91c282ff3d468aa7c,e005ee1073ea97eb4ae05ceb5a3d064e21430446,high,0,0
8573,a3ca564a3c96ec5de64b1bf6b91da2f2de2a1c7a,c2810bedf901625467fcc9e1415bf4b672757cc5,medium,1,1
8581,6443576eb502c6c4aa12150dff9f96bcda024ebf,c3094434e84703ee0e8c251810d76d8422961dbf,medium,0,0
8583,f781e1dd7630f2f7d2e293708dbb6c5baa0d2fd0,ffba046633e9c09570f98ac2a2b40a85d843da48,low,0,0
8584,dabe0623adcccfba42b63cbaf3f614b7ccedb4c1,ecb410c517ef516cfa68bf99abba731e9198b0ae,high,0,0
8585,38791951fd6c06c3ceaed9ae2e7c139cf85fc547,1af1ad64b560b7edb3f4d4afa29187ea004d6332,low,1,1
8587,f1a705c8d848cf46e0a8c4b9cda0b7dad6c06090,aa7517f608006dd165dd332e386edbbdd6ce82da,high,1,1
8589,544d1701d625af048790a68974b7846b53874266,d21775393969e7d129756037cd6a322f8bd354d8,low,0,0
8592,719aa166f39da57d486b94ae2143798b0d1c2325,ab28dafdbe043e324ad09bc08600fa6e08459c8b,medium,0,0
8599,a696e9a1d40ab2b76984bb6cc08a96648b9c0ceb,c8327582caf2d478d9fe52b1aac8a5f824fbbc36,low,0,0
8603,c9fb48096ce89334fb41204de7fca0b12f412071,780ba73166381aaf50afcd9409f2794a47864fd3,high,1,1
8604,5a98722f132af985b27e9e4ee0f4218e209c7b6f,410945b12805c49e47be1d0b45c42204a0c7e3b6,medium,1,1
8607,dbeb0f5fd496a43bdabc4d93b1bc5cdf2917034c,6d506ec565d0b57a964d54f2479f7db4b1d027e4,medium,0,0
8613,d58ca16f4f64dfcdd5de0e9289d760772f302e3d,9d68bf5cc689231b8f2c63569252bdfe9f567dcf,medium,0,0
8614,f2e1462d7762f7b1330bc81c518b43ca122128fb,1a2cec13779d4be1e75822ae8f31c275a3be9a4b,low,1,1
8615,0054cf46fe08d42af928ff984eb34b063f4039df,dbf3706985f2fba8dbd778624966c045caed15c8,high,0,0
8619,4d23495173f4bac36c589e051877690714a3a04e,07fb600fbc15cad2370cf267ee23b1b70f9379c4,low,1,1
8622,270befd2dced9b0bc074635865e8dfa6e927d2f4,d286340f14a718cbe8014c4d4dd965f08913839d,low,1,1
8623,140a23cbb358e0429ea5896f6ac763dedc40ed23,257093bdac38a7cc1ed3947839e5702c2d38c44f,low,1,1
8624,50eb728fce4ba791d672d650ea3407a7a58cc17d,0b27bf872f2d5d184e9123694259d61f1748490d,high,1,1
8627,aadedb88d51c452a3799e22ea74f2b6de950d3dd,59edd16d2c6830c866c26e5975cb0aa6c3744018,low,0,0
8629,90f927969bd41d2712e2e196ed5784e0b2f19448,f0521ff3fefd43781a414412e8de64c7eb0f3b74,medium,0,0
8634,effade46b324ed2e1231deb992ebd32c72fb2239,79c4d61505ef10f6787b6f632f0ed67eaee78701,medium,1,1
8638,4f14c5f1219317e1d5a0e649582a84aae6ffe972,fae7a7bff5b083b2b78addf71089984e7578e58a,high,1,1
8643,cb2c0d294188bb851c4770a1a66f9b0d68df23ab,65354f3fd3ac314d2c9369a97ef0985ba47e8661,medium,0,0
8646,c4e80d59c3f1c01d8110a41c2b4689007f86a6ea,6e61f609bde22c7f3bca5200f40e149836042070,medium,1,1
8648,709860b744ceeb76a4dbc2d8774cc8d6462c44c7,7dff0f46ae1694aaebb586ce290c80434964a2ab,medium,0,0
8657,40a6024f21e31ca94d8351fc8f6c66d7ac1d6b7b,742d83ad7e86da4faa148a7cb7cff0bb5dfba34e,medium,1,1
8658,f41ad75ceb5c1eb3fc88c9a47b3d387115ce6164,cde6894d88d614ed3ff6f1dc8f49e943325c090d,low,0,0
8662,f76261d0685addb58c12ad9f68b52a5a4998a097,c516e94b9fc58c9a2723e25de9fe85b8524b483d,high,1,1
8670,918676e56c05e4e73322711a2922b06d3d8b584e,ede9eba2067d66a541cad012187bb8a03a746e24,medium,1,1
8679,cd4647924f247b2de3e638f489d486f09d385b0a,35568fcc5698a5bea6788b5f27cee501c083b2fa,high,1,1
8687,d713c28859d54f5400b466b30bd9743fcabf1339,5d9085f01ab0cf8d2eb2b3dcb4c650aa0f7e521b,high,1,1
8690,50eb728fce4ba791d672d650ea3407a7a58cc17d,1947e7c3805817c161748ad51a8dee57c8a137ad,high,1,1
8695,fae05a71a9414475dde21663be89b84c48d4d50f,0124cc9006e086244518fca03117b1889b51ec82,high,1,1
8704,b51196ca0b37364f08f147905b7d18b4681e8e24,5fce43e04f62ae354fa7bcca7169d1c340bceec4,high,1,1
8705,af4cd053e682a01ea02cacba10bde940e44d371a,61394da14554e62514295c3f58b30dc050d12273,medium,1,1
8712,ad7e1d6f883af11574f177e51c98cff9d32375cb,04c582757990ec3ca4e659c9f5fb5b10432354c9,medium,0,0
8713,b679cb25244f36a8a1ad34fc364d874051baf843,b564880e385ef8b60c909b0d1fc1a8669e3f92d9,low,0,0
8715,6e16676d66a5333c2c4d284281daee5d273962d6,c981e18553f0d874d43a60400f01ee97ffc40bfc,medium,0,0
8716,48f7ce8f22f42d908e1b27af0a9bdf853b508ece,df2a62eab0f2e0c1bd8f275dcb20ffb1920f2624,high,1,1
8719,25e9c024db9b52e32be5af5d5083cb15f327bc8d,1081d5882f9e09d3f8fbe06198634b8907f60f9e,medium,0,0
8723,377a2fb31234fe68cfa7604abc9541a95e9e0587,b3172011ebb625b50288fbf320fb77a2c39d13c3,high,0,0
8724,b139aa6ea956d60516739e40c7c8f88e575eb6ea,edb4295576efb66967502bc334d2cc2041379964,high,1,1
8731,1d04390d4f295aa17bebfa21ebb775484bf196d7,a358b7bbab89f95d3d61f96f61d01b170ec2475f,low,0,0
8733,7a475869207afe16aa13f4e1105885b17ca5b9b5,7392cd17f991b8df963e3da523a2e0aa264501d1,high,1,1
8734,17173111120ef24efd99cb15d0b18102dcdb5645,2b7f3aa9fcdec97c5debc2a797b1cbec3e0a34ee,medium,0,0
8738,11826e7b3c592e10527db3f64300611b982cafd3,ae6677773c7cd29339400ecee3d9d0f0f435ca66,high,0,0
8744,dabe0623adcccfba42b63cbaf3f614b7ccedb4c1,6a6bc833c6bab125bd59841e407c123e4cd07420,high,0,0
8747,ff37d6021a33fe1edc91440bd66ea0bbd63eb6d5,e8f26c8e869d62ffcc514b9d8efc3897bc0a3631,high,1,1
8748,4bafdeb35ca6c5b823feb99ef3707bfa0f659234,2d5fa278b4be3abde517d7461eb6af8c2c835d60,low,1,1
8751,e5016b52bb0bc8bbb4565e3966ba4f87b0b032cb,e1a6f78dbe6b8945b40c8d3c3c2cfe630e26ea49,medium,0,0
8756,f8f2748affcc0a0401f18e7e60dd0920a35c48ba,de09933945387c8a9f55ff191f68031e6877c6d5,high,0,0
8761,655232fc3967991811853cfd6930f65c1925d618,ea1a66fe49938fe2aeffdb0ac22b9167cab35aea,high,1,1
8765,e3dee9f35d316a629cbb6e144f4c6084c177880e,c5122f4a0f48aff2d035379310c4f93e95a6d0f7,medium,0,0
8766,1683a512eea3eeffc5297501e5a6a79f6144d6f3,1c4bd86af834e4786734f070d1e007551f174084,high,0,0
8768,e58d48198aabc2304b66486df4dc34fe58a031f3,ded5e5c7a603e1f2807b74f6fa8b5aedae9658f1,medium,0,0
8769,a901bd63862e441de692bd18faa3d2c8dc3e2783,785fdf97e531f6a0646a34a411ccb322e5416ac8,high,1,1
8770,d5ad0bed9af831e3440d561b20d90228846cc48c,d0151b23724db36fb71452cf767a6115072b7558,medium,1,1
8774,12126ebfd82d1bf173945a0cbfbc42f0156aff29,6f10c2d1716db281eff598e7a38b11f53aba0e57,medium,0,0
8779,15d65d42895d4fdc18266a4e20444238f0c8a556,d2650ad3f9e8f09ccfea0bdb5525b6e15e899910,high,1,1
8782,7df8fe85f17d717d10172dbaca4e25f2448dd4a3,fda54e5a2af682b46e01d228b07a5c89de724963,low,1,1
8791,804ea44d3245dcc7d7d002baeb7e65089a6366c4,84fd5db5f9e6bfb1c0817fad3263231b63e9afc2,high,1,1
8793,41a971d127298ac100f1e1696e02e1a1a46208bc,190540181e6f8bfc0d67700549b97f0b126d270f,medium,1,1
8798,bb156aa0aec8deae76e8ac45ffc4a1ba896946df,7e5c45834928de082e97831bea9fef9278f39156,high,0,0
8799,4bdb85c24dc7394c9189f93de47332eaaf7d0da7,dd1132cdcf34f2725794769db4efd6ba8a42bd15,high,1,1
8802,b3e8099759357e212309376d6dab125e357fa816,ffdd5aa3da5b4c0d060f1fc86b357b3861e816c8,low,1,1
8806,14a40b32dbfce7200be11f919cb2f18bbe7b0208,d5bbf7234f7d3b3bd32a0c842377ad2b6404d2f6,medium,1,1
8819,a61327a72ddbc7f89d561aa2664a962ff4f48493,b0f8646b2066960519e2f5d44ac304fa9e653cf3,medium,0,0
8828,50bc209edc4275772356afb112c622478353bb96,f93a306cc05b65788c5219cf28eb3a08f60728d6,medium,1,1
8829,9bcba94763fb040b42920a2bb39798a83c91884f,18136c73c2d6425a3969ea9ea1137f5358351062,high,0,0
8830,6034b869806830577fc1d17d13ab9e8bc37218ac,2a480e0d8b1b88edc36067d019d71b437c9dea29,low,0,0
8837,29e70ef23b1d108849f4aa93e9ff61c3b30b78c7,274ad83a7669293fa0bc4d64096dc0167b14a886,low,1,1
8841,e3531bc6d1fba39a412a1d638649b646b63be41f,62e2e7c30f427617269a763a6fd92f9fa9a7f2b3,high,0,0
8846,a2b26bb502600b5486f69e630f7a600938c58cc2,7112f1d46da41c4fbc6f27dd31ae99c136e9e2b9,medium,1,1
8852,fb7f3c26d01217410611526746334e250f6f23f0,ea7d80654e0caf977d1ef0a81726cbdac6247851,high,1,1
8854,5d9bf881a4933b0d590948025e6675515749ffdf,562939265926428c23982313b7fe85c3dfad0688,high,0,0
8855,61c820a90939f344548132470ac576a0627b9cba,1d8d763ea2709eef872f13a74eec7e5c08f7903e,high,1,1
8856,effade46b324ed2e1231deb992ebd32c72fb2239,aee27925b743e12556c3df42e4ad43fb98ba396f,medium,1,1
8859,e639c864f44244e9d33ac79230657bf2bc1f18cf,b0f7943f85dcba4df6fcaad7a9d7b58ae419cac2,medium,0,0
8861,1d9e59674d796d66cbb31e11872a25b96db43ac3,b3506f33c8f6c2e821b13ca7ab3367746f5b5df8,low,0,0
8865,f3d3bb355fd1093ffa72898b87799f5db080650e,7af6d1c94a815e760466530e069db9bb9bad2685,low,1,1
8866,6b4ae2a32e36fbd5c22f1f1bb692ae93e53117a3,272de3e9762ba0b9945246c549e5940b513de1e5,medium,1,1
8869,aaf7636be73cb48563cb7d982488df99c107494c,7d79735cd3fa4fecc1dd10745ca80585f52f5ae7,high,1,1
8877,149253f75b78c5b19b703657663bd805b79c39aa,ed0dc97ba8bc9796ddf6c52a56a4ddbb9fb28d2f,medium,1,1
8885,b808dbc760b8fba8fe2a3138a05c46c680d6eddc,144ca9837f728e364f2b798f4f104aec6d218b9e,medium,1,1
8888,6ac6d131e204e1370c13fc48c1f97bb3268b28bd,a7bd50b44dca2f9588ba98b50cef5b0479f4b709,low,0,0
8893,7df8fe85f17d717d10172dbaca4e25f2448dd4a3,671e39b01f288a0016e9139e8b7e5e55e84cf45e,low,1,1
8896,e1339259718b1d7c91bdfb394e37e6df082d2a21,eeebe5a150677f4860f83927bfe043de59a0e620,medium,1,1
8901,0da87ba9d41ba58b00f01e78ef278882cf873551,9579eceff367d35d865ec0cc84d04fe2933b18bb,high,0,0
8905,a5e5cd1d185baddb0da8171c5d6acdaeea633b9a,d56097444b67a8633f23ef1afa8f3719770ba0ff,low,0,0
8909,95fac4045616124ad11ac455844c10ed04df94ca,ebfa32485089c98b5d08f63d4cf01b771f163675,medium,1,1
8911,6eb2a9bda6b0841b2e66256b71894617aacf24ea,94639acbc415164df1ab5df11070482a2b09089e,high,1,1
8919,73994499d0290af0f40731e8cbcaca2e653a6e75,619cfaa5161b34e41833427d3ebf53b7c74b8909,high,1,1
8921,4163b5cc8e5e8cc7279a6adf6641e4cf91be0733,eb1e23e350b4aa8bb61dcc78a5bf8fade7c9f625,medium,1,1
8924,2d1e9e0bdf6a8c193d4e7ff3ad4d645fccdd99d1,3ff66bde0487d02d1e4ccfd09ffb137b1115c7a6,medium,0,0
8927,737243db1a36a12b0b19bc29b8d05da5ff65a8b5,cba8221d65ff70d8780d9dc87aa26a3d3f177f3d,medium,1,1
8930,4b587b5229315e25ccdc99a534a461084cd24868,ad3033f00380c9d53acc66f5da7a265d21db7d04,low,0,0
8932,2aa1304de8cede03936868b5daf30ec6e39ed56f,ca4dacb8baee718ceb61fef048cf9a1b9b451f85,high,0,0
8936,2d8f46056e1dd276e0eea74f68f4e2845f009a35,5dab9baeb1131f059532fd96c96fa507b38b1f73,high,1,1
8938,4351e98a1ad6b06e15e1bd92847f2e5af977b3d5,e49bae87e41760dcb10f879000da6aba82dd8b5f,medium,1,1
8944,626b39c1f77bf4fdeae8c6fe5bc326d40946a6a7,81442eac8c9b243fd245d56a7f484157071f63cb,low,1,1
8950,9a18f014d37599e202e0952e365f2b47513a5a44,75435566fd27fc01de7e85fc97c2532762fd65a6,medium,0,0
8953,93139cbc0f79fbe5194356636f53cb0a6a1cd8f8,d6331f91e96ed31cfa7acb36596d620ac95a273e,high,1,1
8954,a25fedbf05b80df1ed50e72373918195e8c7430d,d4eedba99e8fff32005ef67677c940b3bb3b1608,medium,0,0
8957,acd9fd03e31d1f952c39516062f0832bb073b7af,e2a9f07cd696e527f774efa800674fe0ae94848d,low,1,1
8962,5b2202147963a9affecb635e24c71a34c1becdfa,fbea8f4d95cf49474b7581d2838864474a4aa1a1,high,1,1
8964,a8140299207aeae8cc25e695854c17e4a8492a6e,4ceb319c765d1bb82ebe95aeb4019866ae23519d,medium,0,0
8968,1d04390d4f295aa17bebfa21ebb775484bf196d7,bea7236f4073a8ddf4f4f506f88cdbcc3054680c,low,0,0
8969,35a4cf2542552756e541fb49eec29634f806d212,b4f95524150eb4c65d2263ed0f4b93142fdf8ead,high,0,0
8974,7dd4bb4c852b430b6d627148030f1c07b313729e,2dfe2ecf3897db073947512bfd6f623883e749ce,medium,0,0
8975,29e70ef23b1d108849f4aa93e9ff61c3b30b78c7,cbfe69df526886b78712216fb93479da95bbf802,low,1,1
8978,56df5a30c47c25c8a25e27d1a746d2fa45512e1d,48c782774b789e7b91e8fe1132e6c1f12e86512c,medium,1,1
8981,4085bcfac4180ab83540bbedac07c0e1e95c1fbf,87c824cd8bca2bd06dc1c50c1ddb5e65844a191b,high,0,0
8982,54e3989d8c72f01e964eaf644fc699b2b7b7159c,526c97b231013ed3216072148a930e86ff5d87bd,high,0,0
8989,082c77731484d571aebd22de7799734af34ae40d,2e0f43fc24f3d846ce6e99f124a0de08265717b5,high,0,0
8990,5275005460168b9f24c141dc96db2242a41ee142,cdd9c2456c352a681a734ee3d29da6a952319b3d,high,1,1
8994,85b8e4d65d765b08aa99b6c1eea5db08f53df022,e2ce9041a701a8266e422f1595660d093d0e66a3,medium,1,1
8996,0a4f81828a36dacd8c315f1aa892b8e055b16710,e03402d97b1d31ce7a2bb56e7ee88f95a2a6f0e3,medium,1,1
8999,4745c065a374768de5fdb6634b0832dc6c8ce045,d44f200e5d1a7121d12ee8c447d7771c94571b12,high,0,0
9002,a16c956590e40d43c0b11b08788786cfdd17a8d2,1b322f4b8a980f24cb2779c7dc3795ed28dfa26c,medium,0,0
9008,7c9db0ea838be45ea8aec215b77405c528f8ba79,3f86e19d39068f9389013b16af916b03cb39527f,high,0,0
9017,9657fd9b9c85a89900d822a77108d866b7e859f1,7cac9e20470e66c2f7b7448d2c18ab3cf4ec7eb8,high,0,0
9020,a2690ddf8efe44698a1c68f874c18c9b634e0973,4766073308be48069b306ed3955405c843255368,medium,1,1
9021,e6bcaa7dde2048d3273eb2caacad58b793047c1d,c071a320861326a185944f75adbe78291b63a8c5,high,1,1
9022,f0bf96720ef35549473d2a0ed976e5911d8967c3,73daad86112be4e2dda773f4cd8dc88db9c8f11b,medium,0,0
9023,41895a05e300cbc9d4e73abf5ea858709fad963f,398f74cd218e43c101829d9e49d747a8f3d3a25f,medium,0,0
9028,9a6300fb77abcbba8921916126c8ed9e885b23dc,e9c1cc53109874bf0557a92b64db4e048cf0a345,medium,0,0
9036,493467ec5c152328cb860af1829d5f88770fe9fd,86fbefac9741056c45d1758b9e41b842d199c1e2,medium,1,1
9037,3c49f3aad9be24d0328fc75a4c477038ada01342,c8e5fe299bb6a566ae180e56e4af7b0424266464,high,1,1
9039,b1fa5cf45875b32cd48974fc57d0a6c6a32c5ce4,a5f910a2bbee3902b0fb5f13a238ac1f768a6492,medium,0,0
9040,2bcf1475c350e2212e52739706f2fb59d9e74f30,d71dd63e69dbfa7abf6bcdcd9256985105fdc459,high,0,0
9044,9c3e883f81a47d6e5df871736fc61c82e9739267,82fe45c02d029d3e6aa5355f55531c431c3f83e4,high,1,1
9045,64f437a695db714150c46fa6547f88412ee15edc,28e1fa1fbb446c830f81b9ada453189f782b4cb6,medium,1,1
9048,b20a16a1a9ae1557f6359669659276dcb0ceddb5,3630ba86b30314094ce540a20e368fc81115050f,low,1,1
9052,69932c86b44b1327a4df012fa60a6a27b4798d18,6f6077926db863b2131538bb53f1fa18a36862e0,low,0,0
9054,acf49ebe0fd3c32579c76ab4f5a4df182f45e02a,0e3bcd5e27a7d42d5550e221cbf57277fa330760,low,1,1
9056,9657fd9b9c85a89900d822a77108d866b7e859f1,65689800f776d4ec639168528abdd38497d9874b,high,0,0
9057,86576d04c364340b8d30e0dfa907ecca2a4000d3,a60a430cdf440d9d0bf821255f05e70797aa0bbe,medium,0,0
9060,4fd4305f477a705602b76c32a5db908630713446,1559c7869fa28a79868ffe922bef380f919d4c6c,high,0,0
9063,0d55b0a40717f96dce27e9fdc4e86d841b013fef,0060004ffd6ced5a9e2115cee90d427f646609c3,medium,0,0
9064,7ab2c3af7205c33bd013459dbb52316bc6949e6a,cd8eada137ba0ec34f30416b749d4ca8178ba522,medium,0,0
9065,e2474b05bd452987bffb79dec163161d04bf0051,2389d1434c6c8cb0ad8103c9b486a1a9e4eeb918,medium,1,1
9066,6d374682a2d648c1b0f762b1cf070b6ebfd23677,dad3538b680ba7c6842b25a1efc9406a91c41fd4,high,1,1
9067,e890c244337a65a8cc70c33ef84058dfb159dc94,d63f40c3f2a6a025be811e25a5979843bdbe8834,medium,0,0
9068,9e5ef0afb609e173e06f29a1b75d9133a84c8cbc,a5fb44594a67982c6b178b590171b58ce82cc59a,high,1,1
9071,4e1971e8b7bda25181f50241c101b126c111fd64,692866fc4cfdbc1f8c78dca12f63d47fa5d17faf,low,1,1
9072,2dd4c6426ad38a056f1b22cbf9c445d1097850a8,088fe9a47e46f978c32adbcbb9acdb2210911c5c,medium,0,0
9080,ec9f0cb7bda622e0579e1a387c2179c6dbc23653,9e3a21b1f60ce77774f1b8b5fdd1de3879007b78,high,0,0
9085,c34893340d94235d94be077eb74eb5a1cf89ff1d,e632ebd544a0d0750449c0ec6bb2a12e95a3ec4f,medium,0,0
9086,aa7b586ded72a4124eecf71c233a7be1c3d08298,c18c323a12e7afce555ccf8bb794d61c463d1113,high,1,1
9088,e7d53c04b071b5b860d477ebb18f0668f4a24f09,03069161d85e75de3a4f90157c7f3c79ae3c4faa,high,1,1
9093,973a0e46d8d0ef95310d3f719f517a1225b5c8d4,eb655a602808a241b623bf05ec339ad4230381a7,medium,1,1
9096,da2b56361582b95b3fa46baf3321052f54819d37,e3dea6aec2807d0a9aa6f05e4589ace86048b8cc,medium,0,0
9099,df50cd00bea2b4792413ef9dd0644548ff39e47b,3cd683819bb5b92c1c8625a6f69d069ad0c13265,low,0,0
9106,9b868b32fa942bd4192efab98e0b09ff77cf9b10,28b3d53e0374ae4cb2993e3eed2bc444d7b0af22,high,1,1
9111,83c217c2782ed7ef1404e1e48e7ec672e0d5499a,917651e2092fafbc195e94daca56240a5cda5739,high,0,0
9112,a17ae98d759012c33ebb66e27e23f13a333ce94f,224f2a3dcdfffa99610d33e0e6c7e291caadc939,low,0,0
9115,d71154be9358a58bb555dd5952dbe4d6447a132a,89dc039491995fd768bdf53c4e650ff4af52d03e,low,1,1
9118,abf217e5011d5d5e237b11ab278b2cb0a2df8ad8,bd3a0d8c454eef424a4f9df013e02e46c132d771,low,0,0
9124,d1808d024672f2945743a29ca16da583f51cd97a,9ab0599a3a2fc2d857f446c03726fb7f20273399,high,0,0
9127,e2aaca32808205c7df43337513db8784d62c3022,9353b3f7ba9757386aa1d2b0ffb156756f4bb8a6,medium,1,1
9130,097dd01c474c9bb84d4ed07b854fbd0a27d61b63,1f47fb55f52b5dcf7cbac2d0416678716a6b25b2,medium,0,0
9131,8b464b777c915e961a685300549427006a294380,b6d6647676c360d8d6842924f5eabf2f57b7b8bf,high,1,1
9132,c93bd080d5350b8d6ecb8068a768de728213a1c8,8c23b5c4111c686adcc821085c1ccc8ffeae2022,high,1,1
9133,cbf02de114949240d8dd634c301488ba4844a755,a95d1d254e92709db9d7fb21fbaf96043aa4f3f0,low,1,1
9135,0d835466e0b4e272963aa6bdc1b63a2cee9354d6,fc70f2e1fa1e22c7b8a35c7191b3c4b146a4582e,medium,1,1
9138,a18101590d750b453473c303563bc53aadcf7f97,478d76ebeb38dc03169c0a8761e84613f89a8ad8,low,1,1
9139,257dfc3fded0eb56d015ec1dbed22eeb0a9fb908,118098b3badb2f23345b0bcee3c2d44d3b4d0b0a,high,1,1
9144,053fb795812ee70dbb0ba85e24953b4b0b6501e4,5542289014d7973352c40cb73c2bf43bc12a9718,high,1,1
9149,f07ca09df74902d24d75d207344c663e44ad974f,7e22c3a352849009ba12e46944c64b13959c8d07,medium,0,0
9155,ea4044a3d49f6f7b0979e00c5bfd5808d1d45fcb,949590e74610753642121bf3875eaaed6122e2e1,high,1,1
9157,4ef1d0ab7d94e87a003c41e2b2cbd4c28bf29a15,ee027ab8f92d455ec9143042bc37cfff163bae24,high,1,1
9158,464e7c99acec7ed0543fc351f19401fe9dc31d90,60f566133b59459c366173974021b665ff77182a,medium,1,1
9159,65cbf904bdb4c0311a9113a792e090661fbd86c2,cd2245d091456a6bc02e3cab1d3b92b90e3b30ae,medium,0,0
9160,b8106ca3f4c923af840f73d86573a4969f14f11e,06a7f40fc4ad1f922056537fcd7d72b17e7de1f3,medium,1,1
9164,c47fcb27a1dfac656f6de57c7d1a9ccf1cbee434,690edd4278cd9f1cc8aad675c7e4460cf3c1b79b,low,1,1
9165,c1e42dcc709a1f92598b88ab165f7ae3daff4e64,9b85ffc66c1bda57daf14712cf65a24575060958,low,0,0
9167,233d7e141c7dbf3ab45ecbd270243eae630f0185,377f9e8cb709e13a8167c545e43a0adb518afba1,high,0,0
9168,ec6ab49e6a0dde3e39b8f9c0d1d92eeec853b3c8,4b09dd060d32554fcc17457510a088152ead3af3,high,0,0
9169,918676e56c05e4e73322711a2922b06d3d8b584e,d01b7406fcf3fe7d9ad92ddedf63c529819e9a46,medium,1,1
9178,4e0e6e8a60bd0374b7e239703fde91ef8d81e996,2cafe86e4eb09f8791ff02f7c615d082bf94120f,high,1,1
9179,6c0dd7d8bd6775bc65737e1f8c2a837c1c620f08,f821d047876974856d4f57a4506a979bff0fad0b,medium,1,1
9180,a881ebe3376fcafc5fc8e3d00855f5c2982308c5,261250b3aad23a7c376a8be2b3fb84e83a73d57e,high,1,1
9181,8b879864e362fef563ede80b5782e7c63b00f378,cd937c59c569a805c5e2b1c80716e9ad63611b86,low,0,0
9184,a10431436244369e52262a8e03e50384ee943f9e,560dfa3bea5e9fe6f03f3fafbd05261eaf680a16,high,0,0
9185,3201565ff1b0ea3b1325d5c1bcb9bd708a224c97,d8211b8ab946bb1d4456c1eaa1d21868eede8116,medium,0,0
9188,d43e9a2cead7f8d513b4e2474a5750293e80a159,20a860497390cd0c315d0bf5e0b4b72920d3abbc,medium,0,0
9190,7b72f5b6a922a88dc30d3f26482eb0c1016e41fb,db17ed3d59a8f30f42a03f86cb2dfd3679d60308,high,0,0
9193,8ec183b184a6c580a2206ab97b6ea519a0ce38c5,259f9e6967e95cb32ba3f6d1c4c25d6fc9d93334,medium,0,0
9207,3c49f3aad9be24d0328fc75a4c477038ada01342,e0df6baa765d6d1ad1e80eba043ac1a80b7376c8,high,1,1
9208,2836ef931fd92fca8147078592b4a5e20b2fd111,16441f6eb45245ec543b6cb2593c38e61a72550a,high,0,0
9210,b139aa6ea956d60516739e40c7c8f88e575eb6ea,0470e584bfacc62d235a0308e649b242487a985d,high,1,1
9212,ddbbae104b0181c3a055ea897339337eaabb7d4d,314968ad116dbe2e5e8bf057d1b24ddd9b1120ac,medium,1,1
9215,0bce514b36112d6001d79b0d08705bb838cb0c4e,112a9684c91a6379143f2b5eae8e398d8aa5522f,medium,1,1
9218,9da05ee04f0f12c6bd58159feb9dbbacd3ee9836,61558d648f2a630b421f2c1105be13b0f8fb829b,high,1,1
9220,c830d4a3648f9ea760e131772bc38393f49ad139,62dc87f348af6cc87cd978994fb7c6bd9c58da3f,low,0,0
9223,c33299db6377acfe2c636404b81d11a9ee52aa82,af8fb5c51d0cc8a7a287216639abe52538fe8f29,medium,1,1
9227,7082444617449ac246067717f26544a15ec45328,15b01bddcc38616a21f1f64f53e53837f2022e0b,medium,1,1
9230,a8140299207aeae8cc25e695854c17e4a8492a6e,aea083bd8df012792b8de7ed4865e29f9bcd5280,medium,0,0
9236,117a397d9e722d3ac20c46f1c67cc02e1388ffee,1838a830e8b409e2da2b64b1c1d433e95b4dc2e9,medium,0,0
9237,37d65726736e95ba879347c81aa61c520238653d,55737a62c5a0aedc4669124929d20860c66c5f39,low,0,0
9239,52365a89f21743719afb234ec749118ec22b70c7,02280b82e7d129868677a9473a6daec10aecc9ca,high,1,1
9241,c41f1f2157b34c0bb25eb7096b9aa790f62fb626,fe5e9c97792191a3f736dbfe7f8c94428db87c70,medium,0,0
9246,3cde118042e3707bfa2b3b2da0ce1a6487939c43,b4b8a18f857d1ad6a1a0729261a1ddbb7740b0ee,high,1,1
9248,45024e05b3c6f037e8c6650f4e5771310ba71a18,24a25a53e10cf09a550f511d672627e9c427c94d,high,1,1
9250,993283b964cec0631c55d5eee618d0f85398cc82,8a2a5e90f9c4be4aa9057b257908aace8290da61,medium,1,1
9252,a2461e9fa9865dd094bc4d8f5dc00e7ef3917d8b,c6eb569e39885be43f467622a9f0c6b7d2672048,high,1,1
9258,0172a377cfb484770aa702ce7b613776189f97f7,56628c85653d5f0dc6bca90ee286397aaf2dbeb4,medium,1,1
9259,3201565ff1b0ea3b1325d5c1bcb9bd708a224c97,4b856b8534b368a58168e1e7e337dd51b49554a6,medium,0,0
9264,a0040dfcbc090260a9f534c09cdf5a8c01e5ca71,5c5f839364d7244588a8c2c9793a7817701dcfbd,high,1,1
9265,8336220e18c7e41dc1520c89b4b72f7c154e9787,b4c379bb3755e5e1f0a0b591edb4118eb4dbb738,medium,1,1
9266,10d3d5e2362b2283adbcb3b65abd29f78ab258bb,15b535a9cf58020851d894be9822bcf7d42685d9,medium,1,1
9270,4351e98a1ad6b06e15e1bd92847f2e5af977b3d5,bc08eccbc877e7c2575db7b255774aefa5b8a96d,medium,1,1
9275,f4fe270d570c244c624fffda4a8dbed227ca5bce,d9d29484399a236a1dbd883f994516b3c9720637,medium,1,1
9277,1f8b0e2535165e1a718dbb8d6d6cf7559a79c1c7,68cfdbf6ccf41f66b07b209e73ceb6d9ed3425c7,medium,1,1
9278,b9bb950d7ab739cc4c3ed3938480a5329026fcb1,3f66e1408fd68606cf7d49a26fd4c265ce6bad7c,medium,0,0
9283,5b03381ff01c71ab88d536f22e3cc867c2f3ea21,7acf9e1f1d0d1fab6e7a888306efb6122ddaabfc,high,0,0
9286,8319d83e81f667a45535c4df7317966d2905ad1d,3adea767c5db648ed3a8368468f05dcf1ae31bc8,medium,0,0
9292,12c89fe28f3215179bafa5daadda08d04eceb3cc,d1cd0d27ea3106c8baccc1d514f7ca39120e95ea,medium,1,1
9302,83c217c2782ed7ef1404e1e48e7ec672e0d5499a,58e14bc75d59a5ec62edaed50b7cb87fe27535df,high,0,0
9311,db75367a2bc68b6a79750be48521fffd0d248954,0f3891d9f6f6e83d382bb7a42c8bbb41e61a8dd8,medium,0,0
9315,480e43f0477761be08f37d48d7b01112ecfc9cb4,3ebe7fe907f30bad50f2ef926dc67ca3e7586bd2,high,1,1
9316,e1339259718b1d7c91bdfb394e37e6df082d2a21,4d015fa2d84bfbdb80b6e9f2b2a7aa8aac3d5b9c,medium,1,1
9318,ca5af790ca445226d8e6eb685088a0a412108eda,ff4974b5632685e66e094bc9b0fc7f2ab6aa57c2,medium,1,1
9319,3df4f40b2f9161f6a92b2fa6b0f0566489c68db1,e946e0f29b6738e52a5bc59e159c4335fb3a01de,medium,0,0
9325,6eb2a9bda6b0841b2e66256b71894617aacf24ea,4fe20a4943fc10838a2c085b5b952c0706b94fb2,high,1,1
9326,e8fbbefcdd6ac8d36df5461406830bb801ea4727,ff09190481054fb18a505cb6bea9ff6e22d6d585,high,0,0
9327,2b18a922fe761ee59921e00fd6c860ea6f614544,4a383aeec562fb96e58b4a7db420bd4cf618b5c2,low,0,0
9329,8317be32111f7996ce393da5423c31b14a363ff2,f8c7bfbed25b0646802c74a9f9be92b029bd90ea,high,0,0
9331,e1efbf970931fd9bf68047f71ebbe44366374fe4,70cea9f8165be86db91998a69e2549dfb625c507,medium,1,1
9338,5275005460168b9f24c141dc96db2242a41ee142,68c0cc90f48cd9facf92de9c30020cce72d4977c,high,1,1
9340,2456bb1aa57e89edd86186be437eb312dab33e24,2ddc866dd726bda21ca0f56a4a7b0b29f2bc1ea3,high,0,0
9341,3e5782abde9b7637a5f84ed37cc5da4d7fe640fe,3b1a5e43196a43e5a179e5078d50851d97675573,high,1,1
9342,d8535f35a712784bcf29671697739d8a59545b42,8ab0ddd594c104cd1eb35ab5168b202b672a1bb6,low,0,0
9344,2eaf856a7b1fb1fa45ecb47e9024951720e97a0b,04581c92890f885842fd46b8516bafa62dadd7ed,medium,0,0
9347,7871e5ca149df9d33f89e2a0c45f44158bb352bb,a739e5d4bb0b42322f41459979340656b5b5f581,high,1,1
9349,00bb730d1d0070cf5f35d403ea470101f7006623,d9683a680cad507dcf77167b05ce8824a7368e85,low,1,1
9350,126909c9ccff6440a444f6b060bee9dca984a2f0,7e8539f5b92a47695c300e3b9d06c661c747872a,medium,1,1
9351,66024c1f993597aafe1dd577f652491e51c21c6f,1cf314d71d65a9676befcdafc7490290e890d057,high,0,0
9354,df50cd00bea2b4792413ef9dd0644548ff39e47b,faa8e5d78b6426ed0ef9199f459eeb24a06112ce,low,0,0
9355,67c56ba377163b5bfed68965f0e7387ab4a6eacc,b67958de38bb7d7135faeb1fbb014d641d9fe04e,high,1,1
9356,f781e1dd7630f2f7d2e293708dbb6c5baa0d2fd0,24bac272779dee965377a44b6c3cf84331aa3333,low,0,0
9357,fb292fe7536ff11736d5e0bdf42909fb6be7a29f,a0358f0804ff4ce2a45893dfe646688bcdfad2d3,medium,1,1
9369,140a23cbb358e0429ea5896f6ac763dedc40ed23,4993e99517ecac140bcf6f9626b60750ddc78972,low,1,1
9371,d990b8bfe90c032ab6fcb53d31b0992d9c48ac6c,8092daa742a9fdebce50b3a683b6ffd41f6bb9d0,high,1,1
9373,91f12cf38f0e5953ea196e14ba433d057f125809,1448d19c252d474060cc230ab57dbed1b5d5b085,medium,1,1
9375,e6f07d439ea994f8118d88eee0a025868905f142,53177b9ea90eb571f932835bc0fdb051c19790cc,low,1,1
9380,7c57bfc62007fc968febeee69f6e7b8384ee17fd,4d02c1c103248e22cd99d5e46d1c76fde68d9b01,high,0,0
9392,f2545bdc130cd6636f385297fe20d1aae09a8d6c,c7b68deae12c84fc55966e503e7e3f1a11f05372,high,0,0
9393,274b39d1b0939f6bcf59641d0bbc3ecf72173f36,485a52ffdefa486c86f1834c925ab896b8b425f9,medium,0,0
9395,7f5d10dd40715d31f858e8fb785e92d5f43c1a59,d31d7552dbe4e904ebccca9a65c9f5662dfbc356,medium,1,1
9401,3732cfe87f3339ebba467a01c86b29da4fdd13fa,88232fa4cd23ff9b8fb7e0a07a6f59ff9cd74d14,high,0,0
9403,ac88375e95fa1d4264097515325070d4589af2f1,5d2ba288cc2faaf78bef2a72897af4e140704445,medium,0,0
9405,943643ebd0a6571e349a4d5abae993217fd9fb3c,6a414cec2d1b8ab2bfa8213057b7016a341f3217,low,1,1
9413,2fa689dd17a108a1189143586fe6591c29ad7b9e,1cf1f3a07dc32e6aa6bff3afbd658dcd425892fb,medium,0,0
9421,db43adc6ae85705c61d9e629a3ab840cccf3e15c,f4b33adf2117ac7096103bbeec6e06bed3e834a9,medium,1,1
9423,ec76f6657380df948f4c391d6bdbe92db294ad76,b1be7ba1e0a63f4d94e4960427b0973446d50b51,low,1,1
9424,19313316956937a8e8af001c04e998f70f74c9e9,b2e54db459635e854c2b6b995c60f642b5f52b89,high,0,0
9426,45024e05b3c6f037e8c6650f4e5771310ba71a18,204d4366b531d89d7e3a2e01d8a7f584da3bdab0,high,1,1
9429,a646dde9279ab109a9592a3c271d733707711cc1,ec328fd79d5747934a56dcefee29e4e4376fcac2,high,0,0
9430,af7019c56fc70ab5ce05b301c744242cfec95dac,d3859a884e5ee0e5917ab655bcdf155bbf9ea29b,low,1,1
9432,1e0c8fd3b50c567ab0bda0c0a00f2573e8dde0d2,0b5779676bb8dd83d1e0c58ab713feb624405756,high,0,0
9433,55e2a248910dc839afd96a881d98fe451e554100,1c9429a981cda677fe1bd35e190f13261626d3ac,medium,0,0
9434,45ec660f092524e7af09aedbec801f050ad5fe6e,19f862e217e61551e626b48da3059eb322cbf637,high,1,1
9436,14ed69b2b5554b652ff812813922aaa39e18e679,163e79f1543ba7e65a9bad387c6d3f8e38f6510f,high,0,0
9437,7c3d1ae99cfb56e63b2b0abd2374ac3a97c239be,fbb5ffc3ae9fffaff56a8005cf82ee134a385c96,medium,1,1
9439,8a184bcd2a6b8adcbf9b2a166765aa6c9317c580,7b949f129299b29d7379453df8bbabb552798458,high,1,1
9452,b4fc5d0a54f77d04c9bbc0ab3bdda775f1118e94,2a67bcb9c850ff14071c3f4a6720e034ce51e4cd,high,0,0
9457,26382abebd09f506125d8416819ae3cc68e41959,d3241873a39596d74886bb68d5d499bb54504585,high,0,0
9463,82a795380af2a0b2536e149c5f196f796058b2b6,a33bbfeb1c6e5e959fadbb95dc855ef99cce0aa5,high,0,0
9467,2b904d51c437dffc0a2a990268223f1593f67320,ac57a396437cf94c1e308be036a6875dbee98bab,high,0,0
9469,7cc87f462ada71a76c5b41b81c64146f70ec1676,3708d9f48057cb61a0b173ba7afebbcdc79f78dd,medium,1,1
9470,9dcb2891958b0bcfda02c7ce4c5c6295d40c6c5f,105753d5f84b4c1c8d4488415e80a1effb46e443,high,0,0
9471,ea71ec6c95c8449f3e646fdfde08c359ea5b51b2,78eb73ce47aa12e3455199f33f6d5e2ad5b9306e,high,0,0
9473,4a7f36ce5542c217260b7c53eb734b2ce0129895,ce59a28ceeb9a31c5953460803cbbb4660cc7d9b,high,1,1
9474,31bbdf64a1be43c28fab62aa4c948dbbe324787b,0cbeeaa217dbd15da5b8880290e8c9fed1c8f364,high,1,1
9475,fb7f198163793f51117079b715b5622d27b5f120,4b14bda9a8f2396d23d4052357eae4f1bc5a96a6,high,0,0
9476,d7d3aeed085cf5ac7756718926b7168b6648d5a6,2a9ea1db64b1be93b746c0670bec800444d03e32,low,1,1
9478,0054cf46fe08d42af928ff984eb34b063f4039df,95e6d0837cb24e64233de5990bad580d5a2eb63c,high,0,0
9480,6ded045fe324fc989b51a0204b11ca97c466547d,0617556f2a1f465bde8f90a0ed3497854b315b56,high,1,1
9485,95a428dd72fdce7dca6e0dd256dc1b786181aa4c,b11763328a7e6b5d7bf427bc88b364db4171666c,low,1,1
9486,88567de0dec0c0feb19941606483435e2355f845,9b56aa68e35f28f40c898d69b79d7279cb19d6cd,medium,0,0
9487,e1ec8c4ffedb3f65bb876c6f8a4c06e3c2841c08,aa9d88fa2f3a5adecf71cb26141ddb62c5745587,high,1,1
9494,5c639aff5b22dff448f44e35aae9b8a8aee2f0d1,4de878871f6b4c0982b320d8468b1d815fd681e0,medium,1,1
9496,5f37973c5e323354c227780d53bae18b0047b8f5,fce4dcb79eccce1ca43d0b352c32e8e7e7e588aa,medium,0,0
9498,5c5f03fcf61ef58aba959570d783a9a87268b8db,f2fb05d8c9747bf8b08178970f5962cec44d10e2,medium,1,1
9500,cadd29c6fa352cb325423242330d21cd9380d172,5125c138976acbb2051832049f1fdeff61db269f,medium,1,1
9504,2cfd201a9e2bed0208b5fa58113a47a329170ba2,ab84a3570ec9a84713413b3c2da62f37535b8e09,medium,1,1
9507,552fb81a2cbcc64f06bf93e29ac4039519b207af,c814d767c6de2dd19d2f7303c9840cb6df99de01,high,1,1
9515,a18101590d750b453473c303563bc53aadcf7f97,ea2fec388c5423ec6e885fdf9a58716868c856b3,low,1,1
9521,bdcb3aefe116f31c84f1090d45e037b564794f14,c9a1118e921483b3991eac818e581f8f3708ddb1,medium,0,0
9524,b20a16a1a9ae1557f6359669659276dcb0ceddb5,21310a0be0d967b485d1872f9f8faf4347fd0c86,low,1,1
9530,6eb2a9bda6b0841b2e66256b71894617aacf24ea,b197e0580fde39720c8597d622d893ef0a0de623,high,1,1
9533,45024e05b3c6f037e8c6650f4e5771310ba71a18,e489fe9cc4097f2dcd49c36edc455b1ba87d1ec6,high,1,1
9538,6f9469af31fe0c872ab255e2b0ef998d90a9724a,e879af6a24b2edd31bbcb970d1e28adc4e72f5a8,medium,0,0
9544,f6aa555a2c58028a28b9359f6511343e1ff62da8,009a63ddd414c94b0b47e181ad75fa1af590e224,low,0,0
9545,4b022834b9aeeff2b8f2d9ae4f9f8867c59c9f85,95bad61c1e848f471feac620e76e9e3c459c5206,medium,1,1
9548,f773eddfad568ed0031aa3a0b3defeab8a693f43,3c694c6c11511b86bc4d23819743b57794ba86e7,medium,0,0
9550,9e7b282dd519376fef4b7930630b4b60ec7b0628,09124ddc9a745ac61842d55eb5e7487107837e99,high,0,0
9551,70e5064c8df6cfbfb1879c43c20d2e9b799a5ba4,ce0eaad642dc4a46859cd00bcde1cdb16787e936,low,0,0
9560,b2e90b5978d15ada55edc0f8fc5b8daf04f41ffb,f4dd604e650c453602e8b881b2b9d4604cff2e3c,medium,0,0
9564,de1273c7356928442d0f2c19d283a39c204fb0bc,faa061f42db27233fe7c5ea377dedbe2ac7cdcd3,high,1,1
9565,c3c54f7e089ef4ec1f60de9999183a3a36c5e5c5,336f98a97e3c8f3d14ebc88bfe21e6bee9627df4,low,1,1
9580,6acb32bb883516252bb53134709e4857e086f75f,5595ffa42060ce72565d29573e32316881434e58,medium,1,1
9581,9a0d5810330e98d7d33cd3284abbe66dcfa35ceb,fbfb2c7c101cd26298421be9535c87c6306494ca,medium,1,1
9584,67c56ba377163b5bfed68965f0e7387ab4a6eacc,24a6e85ed3ae1b4d5749c60de7278f965cf03366,high,1,1
9603,5e9d0b85862e31943d1a8d31efad93d4d88a01ef,288fb21757b19c23e5dc94e187d305a1fc40e29f,medium,1,1
9607,ae48162ee0e7b2ef7e960f3a93c09778c34ac2ba,9ed7a342ba68fa453b346d83c9f34ba8d8add05b,medium,1,1
9611,e143cba409efa1044b7ffaa7d08a6a223069ac04,30ba73504dde04ad779d6fb1b7c0bae52f3550f6,high,1,1
9616,73994499d0290af0f40731e8cbcaca2e653a6e75,6f69f30dd15004897fcf2b35f8f673fa10d53139,high,1,1
9617,5a03b280a5f3674a063c418af7f2cffc40a31247,adb7bb99feef462c195bea0bf46fa0198cda0378,low,0,0
9618,a280873593983cc3abfa2720b812de992c3b141d,c17341288a9f4063ab70197374ca37c330671a66,high,1,1
9625,39ff9b9605ff8b38c268ef85bb2ec7c0ab6ab79a,1f66a35841b93ad01bd4cedb01ac192be33cc017,medium,1,1
9626,cc4a267c61d553e5e94018708fd4395ba3b1036b,3d5d9419456d4dfc9b71089cda789519785be0d1,medium,1,1
9636,bd8d927dc895bce5482efa971ab5692f96546451,3abbf861321c1ed96ebf0256561d398b2442b7ac,medium,0,0
9637,464dc8ac68c344d1b4c7145d1d5c1e07d6fcd475,ffecb6f3515017f8a0143f54d396f94eda0aa006,low,0,0
9641,a8a1ef9cc508fd2b20e142f7fd271adf8859febc,6c756981f1f11b37dc2ce1f1d15b17980d7962ec,medium,0,0
9643,2a54a2cb72ed7860b1480ca4bfcc1c15ae6b11c3,b49164e0f91db414e35fec91a81aa557401584e8,low,1,1
9645,aa3a43b2924923c6b95a232378935ca8e483beb5,b975b2e8ccc36cfa6cd34eaccdc312da66c77779,low,1,1
9646,67c56ba377163b5bfed68965f0e7387ab4a6eacc,34f95b108911c74994cb9f82e34c026968784410,high,1,1
9648,805abf134f5fee654d959a0969673415f29dea59,ba932cad037af2c704d2d2405f61e7d504430a7b,low,0,0
9651,1aad4b800cd59fd7c0b22d4b196eb27096b89487,917c1884dde9d91210fe4906f481408b9e122ac4,medium,0,0
9652,a74376af4a4967f575663e708715072c68eeb7df,b227b62a4f535e6a61f6d264141114650ca28006,medium,0,0
9657,bd5e30f0d8a0f1761cfafa6a23634f010739519b,4569ddb5ee587b1a1c355166476e14bf7e79feb4,high,0,0
9661,e963c8fe3cd71a680da6049704272df1f79e7082,002ebbb53409eed500110f0c55f246128e4d5c32,low,1,1
9662,ad29514f2305b35a64091541629e7c55972d6f83,56ac337d3cb2cfc7bda09c1de8bdc61cadbfb8f0,high,1,1
9663,947cd039b5134b7b5b76ec70d55aa6a39e01044e,1b0742c4a7ab34e16a84c5263162a13a14625012,medium,1,1
9665,c1930953c2e5df1edb4e27493555cccd2bfdb49e,cd1745f6f952e7fc777729ca56cb01a58cc582eb,high,1,1
9666,6940bb9346408ee87a83fa0f8c3cde1ba1bac5b6,dc601ee6b5833b1e316bf5cdcc251433799fc753,low,0,0
9668,7082444617449ac246067717f26544a15ec45328,1b092e65ac78da02135dfbb6865e97ca9630685f,medium,1,1
9670,a18101590d750b453473c303563bc53aadcf7f97,7c859e586b2a773e93d066d01ade4a59a8540d7c,low,1,1
9671,883be6a07d233f08c83baa0041e4cc4b45660269,34528fa7ccd3ddc077ef70614a63e0d63236205e,high,0,0
9672,a6cdc6a477ccbe2dd1a98cb95ceb06eb0005ab38,40b8feed3f370d0d76f10cb41ed10e3211c511d2,medium,1,1
9675,1be1e17d42238408303b72a3d312fc79f2a7b295,10f1bc44589fd1edae4d9d6b32ee45c89e1f682e,high,0,0
9678,ba6f413e48cf1392080a01d1b008d3d1704f2a7d,d4afbb93220b713fa14fab435f859bb38fc7aa0c,medium,0,0
9679,083ef2fe963161fd46372b493a78fd35ec89ca26,09d66eda6dd53ead8ecae84e57bfc50b8c08e33c,medium,0,0
9681,3b7354262bb3c9e738957e32643e52cbf5caca73,3dfd20a333c207c650a106017439403ebca2ee36,medium,0,0
9688,a4a5b74cfc53ba0b14d492c15d01beed88f41d46,3750777dce05444bfa8d5f6ce5f8459408b0f7ed,high,0,0
9689,fcc7b856766d8594a6c825c24a2974676d6d69dc,4e56b730f58ddf2591f6d9b57e941b658922b537,medium,0,0
9691,511336e58e0eddfbbbb28df68320ebe0957032b3,f5f7bd37df0b0b97f6451ea453e62bae84d42a9a,medium,0,0
9700,a6718e1824c3ab1a36cce8f2d6ae74916b65d05c,4bdcd4d7d119f7bdab9fcf6e5e3a4f9ebbb11bdd,medium,0,0
9702,31e0de68702b366caace5fce3aa41f9161d99d3f,265dcace14ea06a24f537daf06fe80d46695bc21,medium,0,0
9703,4e1af4a00ca581ca589f2681cf8dbf8a4b90e31c,19f33b999fe8288ab5ec05c90804bae4765b235b,medium,1,1
9707,ba250d0f03733c493ce620d47e4e5343ff4b2c1f,efd3e27542ad7d1dd72cfba5c0903da1de529004,medium,1,1
9709,10fcdefe5cefb9b4c42d00cf1d33ea20f43143a9,1c9d11ef4d8a81dea8ff7ef3535d8eb63710047a,high,1,1
9719,9a9e76b6d2d2983809326890f866526f47b7f981,4e2cf0c64cdf6a7463a5ec89df85eefddceba2db,medium,1,1
9723,93911762cbeb22151ae3857c761d9a4e558d2470,5580a40730d341a93a8589a2d01c2a95b7bc0a14,high,1,1
9725,786b7bbfd33600c2253c81f5361e43ba6c5bf81d,870bafe5a236e8f0fd70c4d274e7c5cffdfdca63,medium,1,1
9728,ba6f413e48cf1392080a01d1b008d3d1704f2a7d,0009d44daa630324298934292d109ef02963b0d4,medium,0,0
9731,30f16955683bbbc4f51385faad459b1a5925ccb0,1a94b8bc9a0f8b2ebbd30092b687dea449d77774,high,1,1
9734,4e0dfa1d80470d2b22e8c33f5b3f722f8db7f1d7,611f68aa73fe70c22e962c3325a253580bee7400,medium,0,0
9737,eb2b482ef312c98e40ac5de6855f7c7ed965195e,b7c7c161825462fa0899965f80509eb8477d1e13,high,1,1
9738,31e0de68702b366caace5fce3aa41f9161d99d3f,75561edc8019605d17aba4c21fc313c4631c229e,medium,0,0
9739,db139a40007f089a8d2351f00266a50b6103b088,068d7b97a945d58191169da80633d3b705d3fb94,medium,0,0
9743,84cde71e701402ddf742855d2fb1c92d57ee6618,a45d75c60b8095babdb7bc7c59cea144e46b1097,high,0,0
9744,73dc074056b75b5c713228a5bb72cec1b516de24,7d197a7439da2206b985195a5d5d1afac85c3414,high,1,1
9745,bd78a5c14a815a118c7dd581eb2b008730856c93,1e763084c75b6d582b691966a06d9e830878d6e8,high,0,0
9748,c3d5bd16bd6616c93abaa8c4e65c72ba749cc8f4,3f5ace8d076abd1d8ecf26f1063d24c72741d077,low,0,0
9753,b35f0e43b906aa2fbcacd1c828736cf159095c53,f69d7dfd6371733b8efa9cd9f0bd3f19d29b96a1,medium,1,1
9754,a3036fe9c09d039a3c4c3c7692ce5bb0260a8a4f,53a2e53765426c9b96328b0072803354fb2d6e7b,medium,0,0
9755,f73fbf58d9143e5c2fa0442fcbefad3fb35b8f0f,28c1bf47b988a565cca2828c636cb31e89d81819,high,0,0
9756,d466fe7e80b93a6fa4acc553147d3edc87278b6d,376fd61134592762b0c1f900b205c2b7eb503659,medium,0,0
9758,b410ae7a9e2e0c39ea5a157a4597050ec3e605b0,a5a2dee37e703bc2f2dd3da34966d1d987860dce,high,0,0
9759,6a46e6d900b5e50c7d02f26e015df1a4fa16ec9c,af975825fa6ac45512be4244e0c5a5d266cf6a61,medium,0,0
9761,384047f9f02634342a5427cd6a7a2fdb8421ef11,31769acdc51b0526ac76a731b4da454517da7935,low,0,0
9762,7c7964d3c39034473a74ff276d46224b9b040e74,16785c849cebe8153e85fcc203f4c45ba55c8668,high,1,1
9764,3818aaed8c60205422db0f7e8704c5d76cdfbf60,bfefb3ec0edd0aa2003e262604ba66d9d6b7127c,medium,0,0
9765,0d55b0a40717f96dce27e9fdc4e86d841b013fef,6a2f6fdd0e4133d72cbecf559b8d9040f3b91ff5,medium,0,0
9768,59ab39d85f9f6b9ebbb0a4e97f50c7cda419cf84,b5122d0d3e8c1a91b47d22a5454aad8f6cb4c6bd,medium,1,1
9769,b718513d04492491a581305b75ddc344a8c5a012,cd96d590b9cfe4e5c95ffe7a83f0287b695835ad,medium,0,0
9771,29e70ef23b1d108849f4aa93e9ff61c3b30b78c7,fdad801fc322b6a2772c028a6f41c7b4b622fc1d,low,1,1
9773,8ab17045c2b814b5afe2ae1b2dc8c55dbc822548,0b226a579a84c0cfe17ccd1a8112ba34a5473169,high,0,0
9775,47c8e853a4d9d0cf76e9db0184adab3e4685137b,31e72790600b59c07fab1b938932d26b9fb72ebb,low,0,0
9778,cafd99f23dbfe0676e6aa66a244fb6d536ec6551,06a8140301f85a47153a0bfade650dfb29932ca2,low,0,0
9780,bc91dc07a56d2b6272e72b08a2eedade410ae746,68ce0b14038b038e8cbdceca871e5d452615db1f,high,0,0
9783,e3531bc6d1fba39a412a1d638649b646b63be41f,b6694cc732200d9c30d3f7078304babfbd309aff,high,0,0
9788,f314d52ee9b8f8ed482f86dd1c90874d88f270a5,a6272ac9368e374d210ed9440bcb90a3d28d6575,low,1,1
9789,16bdec3fe22183f6b03a9c4d31d507997287b998,e5513d227b6a6513770a8df6b03f0b05edbdac58,medium,1,1
9794,76ce5ca634e2f2d9e5ef43d561c444cd508512c5,07a461417e3cf84ffc252d00dbcd0240189af4fb,medium,1,1
9795,a0040dfcbc090260a9f534c09cdf5a8c01e5ca71,8ab7d0ec7bd0b40fb4dc5338723407bb4ebebf8f,high,1,1
9798,5dd955b00e693fc68599b9eb3a08500a28449b2e,dab2542f74cfff9e53f1d2b261e15228b5a122dd,medium,1,1
9805,6152d95330bb868f578243f9c6a67886bde38c85,f64a17719f9568424b64a84e0d4216d883f40ccf,high,1,1
9808,cf747ce859e86cf75ac1db7f8ef6fa0bec8a3df6,54a5c4336d9a7fcc522a4b3459fd70d4805186bb,low,1,1
9810,9b52d6417138fda4e17b8d080e6a7288086060d0,a302a0c1bd37f2e7cc8291a6cf1ea8f8e21f0db3,high,0,0
9813,60b571c0a6cb34f7ab9eba823225a601ba62e9d8,a12164fbb1c89ac447c528147fc652816949d97d,medium,0,0
9814,2b904d51c437dffc0a2a990268223f1593f67320,02bef751055fb2bfeee632dc3975b73c67bc4494,high,0,0
9824,c80a55f71205b481dd8c4e7752dfc5db7e08bccc,f528a497d7ad73d87dd2dc44b1a33469487f85f7,high,1,1
9829,38508f75e107695f26e627b4935b53a9714e84a9,fce14e056eff8833636fa202e3891d206b485af5,medium,1,1
9832,9cef81eb133402da2c3d2764a4bf2de44284a03e,276313e098d6460c1d7e86a22b71d71315e48fb1,low,0,0
9835,48d500e5867f707168a8186db42031c930fee142,143a1291f81071acd35c1f7a6d61879e44cd270a,high,1,1
9838,91cdc6733017c6f998034bab061237cd9ac473f1,705f89963f01b02396167866219aceb8f3cae98a,high,0,0
9839,2ea9a2287aa49f4272bf10b51cb6a5510148c4f2,0c414fa2f5225024bad151bfb362ceeb59ace6be,low,0,0
9842,8b879864e362fef563ede80b5782e7c63b00f378,f61e9a6461f5982960e2f4a9fa77a31b3cf2cef2,low,0,0
9848,9ee5f300273bf19cdbc63f6e90598f3fa7a04f21,87fc546681862744d84cf460c9c28a37cb089233,high,1,1
9855,1049e466415f4f0ec435942f4998dd7543ec97fc,ab7186457d8bc7f6ce8784a3a29f51bca2cb0c08,high,1,1
9863,7082444617449ac246067717f26544a15ec45328,89d6be21fa17be937ac585c005161c6459204172,medium,1,1
9865,952ee43ec0b7397e418657f2c56bc7a273832bcb,ad6dabd373f3187d586c1421878ae452a91e1572,high,1,1
9869,37d65726736e95ba879347c81aa61c520238653d,178bd862bec00849b9c8ffac9669781a04852b2c,low,0,0
9872,5eb9ef1158a80ee99692d2682ff79e090968a4a3,732b207ae7654d3643d7377b597da2732821f882,low,0,0
9873,952ee43ec0b7397e418657f2c56bc7a273832bcb,c7527a4482c596b0e0b1a292e9a2e1a7eb535e77,high,1,1
9874,fede23cc799f624facf93fb8136d08cd8e3ed714,2eac63ea1b90624edddbe2d40916cedc28ebf87d,high,0,0
9878,e1339259718b1d7c91bdfb394e37e6df082d2a21,bec2f9d05d6919601d0008e0afb35dc57a36993b,medium,1,1
9888,dcb37316e755d4823b8d27d741b672f6b524b119,65028a07fe56fa8e98cf09393de60f81712891db,high,1,1
9891,9f64036e2c339cab8bab9979991210ff59a8ce2b,1a674c0eb323e4bc86f0de5474a75d6d3a72339b,high,0,0
9895,4641fc128c7da58b047af1149cd343d975138eda,f1bc3b6da56d022e34503ddf81b4ba622390c6fd,high,0,0
9896,90de16947f322317c417e4398666657909a31f41,ef1d759e69e72a41e3169c23f4ea2d19df2c5741,medium,0,0
9899,0bf1a66cbdb0515bc6b45e6f86407371b958d109,9f06ca08b624021bababe11558499e9c7d055500,medium,0,0
9907,48a3c19b13ed98db4934612ec8206095ac75a317,194f019eaa39a52b96e6e0a8fab1709e273a8bd6,high,0,0
9910,f8f2748affcc0a0401f18e7e60dd0920a35c48ba,da1005dd84996a5dc8f8d64f5d7cfdeaefd30c95,high,0,0
9913,803395af6ddf4631dba4e3084250ea5e935a8a3e,dfa8eef2fb3612a7231d5605d66da29e7d8d163d,high,1,1
9915,9da707ffc2e41164f7c5ea7ed4b541ce2e00e988,4144489ed17dc264ce931d97160c8540cf162019,medium,0,0
9916,8d06048c9da7a7da6cf7b0bfa8023eabbbb9b6b0,bddf15a111633561fb75dbcf140d776cb273af59,low,1,1
9917,6a46e6d900b5e50c7d02f26e015df1a4fa16ec9c,bad113017b711f95fcd4fb7b7a48644a68a113ce,medium,0,0
9918,d3905b1bcab13c72eb77ccaa3371993c6c766000,c201c5f3ababd574840509f27479f98f27c6770f,medium,0,0
9921,3d14753a53bd5b3e34207671080254f207b5f04c,9b3e66a7ef07a6c0a1f185316c5425e3c4caea84,medium,0,0
9924,526cd3f198826c102cc017545e1ea8ac19b1a160,5b398d6888c3cc40ae542591b2eacfe23e7e8890,high,0,0
9928,becab72fef14c275bba977c823fd2b48d095f439,078631817aa6452b2f1ee2eadc56e3da1c7e6ed7,medium,1,1
9929,f12e2e5f8e4a0892d5d8a5328b787caba621d952,b3f5bf04a5df066078508bbc35fcd2e5b7744cc3,high,1,1
9930,cd32622ce3bbc57f94705c848e29b2298c1f6393,8414b690751ce10b866ec37474ecfcd8c52f8077,medium,0,0
9931,08b534c2b9dd5dae2b46c883b89ccbde0758fbb2,c65ed318bb24305996069aec4cd45d4d254141b0,medium,1,1
9932,df3bd78bb4e5755a126f9af7c6a529de7141df1b,0762e641e38b00d7fa5de8624c0fa98e18d1c4ce,medium,0,0
9938,1706a66df3b71b349e24502025102f59c21b6934,d8c2c127186cdba480c8b79b085ed488ace12711,low,1,1
9942,7f299fd4c06c34d7562d491ebe48d94c0fe7382c,62d97a26c5b6d9604269337c80bd8cde18e23463,low,0,0
9944,3818aaed8c60205422db0f7e8704c5d76cdfbf60,7059a0a04aee5ca796a277ddbcab74fcf395d5ac,medium,0,0
9946,c73e8dd55b9d993c6017fb5712a80c2cfc70f724,89ddb5efc81259fdad422c2d23767efd2a9cb622,low,0,0
9948,e4dfd159e4c724e08d36f23210c918d57fe22b2a,d640912e3876945c843609aad37b108364d66e7d,high,1,1
9950,1f8b0e2535165e1a718dbb8d6d6cf7559a79c1c7,6475e626b281e1ec22c1c3129e096b221ce63d21,medium,1,1
9951,a8140299207aeae8cc25e695854c17e4a8492a6e,f6db60a02f4188c4c515be71a028065fd317eaa1,medium,0,0
9952,2d8f46056e1dd276e0eea74f68f4e2845f009a35,4cfd19231676cdf19eaed828766ecbb839e399c1,high,1,1
9953,aa3a43b2924923c6b95a232378935ca8e483beb5,bac3c3181785b58a37311a0a95d0f96ec4626fa1,low,1,1
9957,d665cd1ae79b8b81ad379d7805703c893ab815c6,b0142e081a3775b87e7ceaf0f305e23a27e9daee,high,0,0
9958,fd35c2d023f48d5ecb7c40300e549db4ca3483c1,1979588d94bb57c75cd3e71d4e90d5f071ef83b0,low,0,0
9966,fbcfbb0578f66774e73644a3f43e5a9caaddc82f,da21b5ca2e1511f23020b15e9dbb3adc6a9b0fd6,high,0,0
9968,4705c712fd23f20450a90028763d636c8cdbd570,552a49800ec75e31b1221bf3a224899d86eef011,medium,0,0
9971,311b76cd128b3d76072a9547def4cfde7d7fd7c7,b4142299f4b864165c2886dc618a3721ec33835b,low,0,0
9978,745b7f068412b64e8a5679836d9abe4e26fe19c3,144b345f699af96a0e0167ae6a098618bcca8216,high,1,1
9979,32f0a93fc5c70b062f7308681ac1d072249a7d57,4d0f31be7ffec814bd6a65f3d339f371ee5d3031,high,1,1
9984,3201565ff1b0ea3b1325d5c1bcb9bd708a224c97,8ba0a802bd29d4c2091c998a2f7f587edb46d575,medium,0,0
9989,90da1ad7a811f135e1911d95c6e2ad636038bf26,2014211b7ea083955c98f82c4e12c5b376daa7e0,low,1,1
9992,8c52187ad58b7ec453e2ca4b330e71c6a609e61e,140ff9af646305a4b0c1cb5bc30b5dee4f4932e7,medium,1,1
9994,f98730afb63f8682b095b03e4c57eaffc717e678,2652a7f22f81616f996c44289f83251986298192,high,0,0
9996,0e11d8a552c92f711cebb00292ca09ca4d69e8c1,340e3fa5ded1431280709e35895621541a365009,medium,0,0
9998,5a324aae4ad5e6fca0c73742103dc4181fa53766,346fdce627dff00fa44290d0248713ce4e9d4983,medium,1,1
10005,920143c3118b74b7a409e28d2ade05f35847a995,fcacac061de06abf400cc322e03a18f940b56d33,medium,1,1
10010,013f8e9a0823eb4f98e915a0b9c40cd56dad0952,3e795084dcddf1ca6760385b74513e29baf78ff4,medium,1,1
10013,01cdbbf068d4f248aa859dc8eb0801ce080ba1e7,8091fdf08779c4bc261697d2e0cf855aae9247a2,low,0,0
10014,46821ac979185e127fbba3d87ba07ee22ab2955f,1f7d26f154a4e2e442836cc5a7047e5abae29ec9,low,1,1
10016,78a043323383ffa09007fa4ab4eb0c8ca684c2b0,b28fa0819cef630d51afbdde5732485b5c00d24b,high,0,0
10017,36c5c27377f51692f8758db6cd4e1bd7d1fd83f6,1aedf1875ae3d1d9592b2ccba2af7b847deaa383,medium,1,1
10022,8bd7c0afa361a66e7bba98686632ac3675f56f3d,1ace4008873fd6e9e608af33d4fdc33b7e5c07d0,medium,1,1
10027,bc804b25f73d2fe9612319584d05a3a827ad5b0f,90888e2f943356478f84feed4bf51c08d29eaf51,high,1,1
10028,3223a79c2c220980eefc8493a63ab7856d207cbb,f304742118eaeeb7c75891f33dc1157b1413a825,high,0,0
10031,be1770fd40937e827ea2ed195113bfea00f9ab46,811a53ae9f9718b1940f088d4e2fbd894ad00650,high,1,1
10034,cff6d8d7f9e6b33c0dde036f1ec7b2ad5f2ae119,f1b88f35b0a2c3b5a65e23aed1b741716a42c489,high,0,0
10035,2e1b0dd9fe6940acb99c744156adcfc988d6f661,eb8b0f22645b37a064e8f43bcb0ddef46882f0d2,medium,1,1
10036,c7fe97fde78563046585a8d3987257e1ec2a66cb,62823fcac3835f3ea9f92d3eebb8fa05dc16f4b2,low,1,1
10037,3ae4d4fdcf6ae0bf512f727309aff6821644f05a,a625c37a2c511dc69db9b38172dbd71f37eaab78,high,1,1
10038,62ed2cc5c08b677b0e1ab6353a7f920caea09049,6f1e32509a2ddc4cd6258bac17ff2da032943270,high,0,0
10041,c0767409550f7ae5603eb3e5c64a377a97d0bb96,bac44d8297c579fa115d6fb88bd8f8fafbb22c65,high,0,0
10042,133fd0125346b9cd8b2501e9728c8c906e9b05ae,49908563366f275a85dad27fefffb485bcadf89e,medium,1,1
10045,02d0cb275e4e5202fd090cb9ed07a23c58979e84,97800759be888bd310372a38eba59f3687a2d162,high,0,0
10047,7fbbcc1cdc273b3187d61d54a87346898ad7092a,9d75e5ed735f4bae4d5d11213ebcd0e41eca9364,medium,1,1
10049,f6c8aae34522d8ec352f297ca6429dcfb15d64be,8ba189030c1f753a53a234670bb3845ce1f278f5,high,1,1
10051,6040c2a2662271de67b90dfd8311df02b8c5c6e7,26ab1be24b246b4e263a082bfe3c6f09ebf3e30c,medium,1,1
10056,516ae7b0916f7d8eb5cd839e15daf63caf1d7c2c,c3f6ca93f7b2204b1aff4de2e626cdd017821fe0,medium,1,1
10057,c31f040c3f9661ed738cd705c08f289ec3c4a948,2d96ab78825842e25fbbc92ffa0f1f0e91714d72,medium,1,1
10062,2f5bd7cae58e514d560022e15c5c9a7d089bf601,edf988ecb231bd480b45c4a5fbd45abac91c7e83,high,1,1
10063,ca715b749f5b4729d24b74b5d404ba9a9fefc72f,8e583bd6bf63cd353d8111fb232cac7c5a723c3e,medium,0,0
10064,2a5ca87040506c4fc0dd23238e5c1d67f6a40b0e,238fcebcc105c5ef66b01bc21968133baf660131,high,0,0
10067,ee68e0fd3eecc36597647e77d52fd944444d09d1,d9233a3b9084015411feea707fd385a063adc1d4,high,1,1
10072,dc8876e9c84ca84bc72157a0f275d3b77b89a95a,e1317da9caf0c4532c6c10c32b323ef021469413,low,0,0
10077,e5af5442ff007b311c286b5983ff3e452485ef8a,3db8335aa21f3b3a5bc5b33914ff366111ff2a3e,medium,0,0
10078,2ea8e22d3d12b565cb131b55631498f2ea02fa52,b88b8e0826a0c877474fab6e2a5c23f08b34bd86,high,1,1
10081,ebf083ad54dcc3fb25d511b542005d87120d7b0b,8f98aaae2a4986cfff72d0b174bdbb107e78fd0a,high,0,0
10084,c82ac429cfc227b7c806b112a1df17324ccdf0fe,b9814985d2c4795f22bf6f22f9b4309b1cea0195,high,0,0
10088,c62a2e8192ca8a004debe1df1e31c068976e3baa,3d808df7a4f58445ff469a47a3a367da668ebf29,medium,1,1
10090,38db3f64be814d2c8660e3e1ab15aefa6d2c3649,cc424b037a739f53cef64b4915c9facf52501404,medium,0,0
10093,2d27aa6057da771c7eb8e4572f114e322ce23a3f,4c476a7921283b1578da50d8a63ab882594e8cef,medium,0,0
10095,4fb6df5a0f2d929d8a65b63e092aca6a4f35ecf4,a6bc1c799c7b0fe1f33bde7ea365c5b7ae94c7d1,medium,1,1
10099,20467410e213e7139ca2d346b166952b53a11f9b,f5fb39ac9ea4cc89a30b51bf78095fb0a1c54e18,medium,0,0
10100,4965054e5beb87fcb3544af8a8a3b500cab4ed4b,3a32e486390785af997080c5921dc4cf3939ce9d,high,0,0
10101,2b3aa80354a0648270c983f0d5e4bc70a20770e1,2e45ebf3eaf8985965bb3d3f20aa9a8f62697ff8,high,0,0
10102,a1587c48ddd40167bcb237ce2fd41a4efc9cb50a,d6936e94f3139efde569897d4a683b5a3f87740b,low,1,1
10104,454e485b28256d84c1e7cd5d9adbafc068c622bc,920e0f49ce12659189e6d7ae3f29d413d6475b8e,medium,1,1
10110,f4277039bdde085a132f4a61b412b2ad939e8e85,7698309ce882a2d5cffccb0b94a4471d65a36a50,medium,0,0
10116,90fda51b18e42eb852383477b1f5b153880c85ff,f68ba6ccd4d3761233c86db2285f07ffda2f1d4a,medium,0,0
10118,8ab786190662936f224468fe2c7ad6ba9e29c567,8307046ad7d738d5d535137bf3cfe2daedb5dd05,high,0,0
10121,34c5a7b9b5511a46c6a1416528ca4423aad8b3b9,4767db0c55409222a36edaa9fb5d50b2b3a5b292,high,0,0
10132,b9cd41c7dea456fbe7746c1ffcb905999dccc702,02b093f11ba537a2d138d0f2c74f400c919d9533,medium,1,1
10135,c055098b88dff0501be5a2c6d0930686c111fd13,cf372691f03db49c53814f36f795573d37eb3084,medium,0,0
10136,17d131b78f52e657b55c121970c8423fba39e4dd,4bfe8b43ad75447ff4ee92fde6be9b3aa4fcd6fa,high,1,1
10139,79bbfe8e2bcb9c00952aa6cdad8c0b14aa01265e,5e56b8b5dc136e8c9ece73d1a928fa3ad48f5d60,medium,1,1
10140,504df8e537415765f8cee9f57b815c051ddb6407,1ed5b53d1e3fd5ea1f8c9116582273c8b71c30ce,medium,1,1
10143,b8794d841c10539f973c79a23cc0fd4220a2aa3b,2c7078912f2b8afe66e5cfe4b04ed5bed9a7fe08,low,0,0
10146,b1e7dc8e60f4bd496767f3d5ebdba0db0b7aa969,15f6adc88caa2abacb847673632baed60bb9886b,medium,0,0
10147,38c498d9b19008ae9e6c66e9fe5ded4f9333e882,4bcc7797b7c5f4057315b1fb9a57f87a07ffe6b9,high,1,1
10148,f6f8d85a67380e67242aa9dc27cb0a19b6d4aa60,e9c8b556157da52211149cec516293c827577370,high,0,0
10151,024cdcda99ced70ab0848ec55b56a69b90c886c1,7872d9ff89b6124fb3aa63d038649d5fcd3677e5,medium,0,0
10153,3b448c6a0cf1f7e6e213201776ed17ec1e9ecbb3,dc48d150ba951fd5b4374bd589b2c5a24644ebd1,low,1,1
10155,b068a7b68b2379842cb5284e581391e460c1d896,b79549093e58275c0f9568c2fafe434d13e27aed,low,0,0
10158,b43273628ea4c6c56c0f05d2eff3ada4dbc607f8,6ed77b170ac9cce2fc86834389c89d648d4f7b6f,medium,1,1
10159,eef88165bd10fff6290d69acf063fcd1bcb8ef35,f7e9b2beb291bb20fbd48656f617252070b05845,medium,1,1
10160,cb7c0078af48e2f60e88a79e4019e73b0c7f4ec2,e963efdff09b4a0fb09cbd4d5c5b15ee811b6737,low,0,0
10165,d8506e278fd95a2af773bc3588c657c4c697d6ff,def89a23f37eec9f8618d4033e5971d9775e55bd,medium,1,1
10168,1288d0d2fcc7fe9df3aa28a7183053cc4288e182,df6324f6e682bddb1f0d2feb4e3fa5eb28677bf1,medium,1,1
10172,45875b8dbcb3bec2426a8e8248f0a963db29f170,e243c113b09af7ad5c7a764eb37bdffa436be3c6,low,1,1
10176,7983b469e99241612665d82103a49d290ade8396,f0eb7cfad5eab4a5a9d80dfff37d0f95f5c56ea7,medium,0,0
10187,599c14d68977169f33bf4816eb37cbdf94e98d36,aa631563abba652086c44b691af1196a3c4b4134,low,1,1
10189,82967c7f9913caf0a6af952823f5adb2d582820f,2a9ff0404c92e8b1f3a4bf9720fcce602d974b1f,low,1,1
10191,2a7944ac0b63d4eb87c23169c51c278132cd3b87,88f3164202674175b4379de535a6e65793f79ecb,high,1,1
10194,3e9631d0936b3170a9441df12ad8dbdf7d52c457,9d48d6c1a34f9db9e7aaa80b205ab542d92a9e52,high,1,1
10204,62b76aed71a887c1336dff45af71597bac7d7500,2498fd7476c10361742dad048d5e77bf2f40035a,medium,1,1
10205,48fffc27f7e26980f9f58e81865d0fab34ed0783,21797157c08c9bb3d565c4ac99ae93f9b66bd003,high,0,0
10211,6f2b22524223bb1372dbd281fe9ba5a0ab58b923,0d3c0e2f3197aab73a714612c5728720dc0b3fc6,medium,1,1
10218,37d4cdc24f322ea9dc9bf5f2e0735b6038141822,b8190e7b641960138f993c62aabe7ded3d60aef4,medium,0,0
10219,597848c16436338c7ae039f74603c485306d8901,a8af1f2b72c7ac22e247e4eb88a9cd012df9102e,low,1,1
10224,5564efdf0a2a49a8b0093ae3e4fc0b7a5856238a,ae37bc5bb19615ad7ec9fc22a5bc98ccf9da2e66,high,1,1
10225,abb81640940980c086b4fbffb313c230f059010c,37473d118d631da38fbe83042d5f43640c26f352,medium,0,0
10226,913a19c654b9b9f1f856850ee0aa9868d2681103,94600e0659adb2c0e9589b638efa59869f632564,low,0,0
10227,4f01f33ea82da6db16a01135718caec17d9f4c50,43aba2ee0ceb8f66d10231eee5834d1d96405840,low,1,1
10228,4afcb22ca18c9e8bfb368c62d047d9b212669dd1,14709f0c9f3c6a4cbe1b892d1eec1c6ea09f63ae,high,0,0
10237,d707797acb53445daac5678588677be796da5429,3bbad8e697867466d83362dab9b4b745988c2a22,low,1,1
10249,88eba5e685d1eb926ecfa4e7ed065de523558f0a,fa74a4d473ddf32389f2e147d4bea0674662d5fd,high,0,0
10254,9820a9578ee2ae6daa6d4839b1c82a893f2d2a50,0ee863a5ab445ad153decf8226235aa7ad1d329b,medium,0,0
10256,b92a4060232575725cd2c60d10589c3329d34b16,0ab55502a1035377df067760fc672ece808474eb,high,1,1
10257,a3c04263810b136be187146ca5574d80b166e019,a2a006e8cf8708a6b7dfa26a7991b67e117959e0,medium,0,0
10263,ba95e01ce34378d00f2568218d52d820a6d2adf7,dc41d337776e62a96f827cfb11c86ca877473ae0,high,0,0
10272,4edd868a970cb8acf553cfc1bf938fb403cda5bd,82385baa48c712ca4726f41c97de7bea04289c2b,medium,1,1
10273,5d735d59e383dad2a490239c5e4c9e98f2f6aa24,f7a58b34f5eed7dd26c52c8e4a0f71cbe5a8b236,low,1,1
10277,839fe1b0f34db46e5fc4114b9d9b25378e0ded76,a201214b51f4aac66d2eea6e40b4bf70532f9891,medium,0,0
10283,b1a945dba6088e4d98b28fdeaf1ddb643161225c,587d294f23ac8a556ad1644a04ef5e88512a35d7,medium,0,0
10285,490bf45eadba3e826e96e5faab680df0062ab494,7242f04f2b58119b691bf322ce0485ec4277af29,low,0,0
10287,c707bbc3a14c39f75f2880e9522ca3842f90676e,35b632f1b4b5b16c22ac9ef96635a16befb8260a,high,1,1
10289,d0d81b202245049cd6be98365f46bf289574d58d,5166c41e2dfd63c38e02464893b67900dc091895,high,1,1
10291,556e39d86a1164490d7328724007a5b5591f2a04,cc0b69166f10cf5ebc561c3c05f55e61d3bc6ae6,medium,1,1
10296,5236d082bafae37413f8a812057638b91526bfd5,e85c3d78751232d98d4decb0de862b22142654b7,medium,1,1
10298,32bbfbe60f23b1bbf2ff5b8679d03223eda8ba90,d2d6a9ecabfac08bfa0f5f701591aeb39c58eed9,low,1,1
10302,e84675a43188687c7d0e85718eed03f885e3df28,22f7015c07fc6bd0f1a3b26ea86b611e4f053e29,high,1,1
10303,c594a857ced80367b686e123fbd2eea251038ba4,d30bba00b4174aaedc7ee0b9a065861ac971a0a4,medium,1,1
10308,b5086af58e08ec8993f16109f50103f3b9454eea,5fff2b874771a409f570c65526b2ef629773d37f,low,1,1
10310,531b932c748c80e11d01b37ed7fa322e417dd6f3,32e227fc6ad0b9974ad2ba17be0207b32c1ca66e,high,1,1
10312,c2db8fdb3fa8b780346bce975f4950340b84c830,83e5a1c06cc7599a61486694e62378478adf5418,low,1,1
10314,955bd52a2ef7b5e54dac16662c70f02742d7beec,137435499558816d1f5848b98f7317ec0530179d,low,0,0
10317,0fde78993ee805dc571e8deb8b1d9da50294b520,5e3260c38729961b2ed4e084da000fb69a2e4771,high,0,0
10319,cfc298780b5a947a8fc9aedf34b2917a2273980a,3eab9fd3907d20036f68c51db67c3eba7ea0d124,medium,0,0
10320,f13ae5bbfe5c033d4298a72346a60fbedb7ec81d,b01cfbcc6bb656bdda728a6e028e37d2cbf6dafb,high,1,1
10323,1ab189c927ccb25bff867ef036885c9abe65dc7c,4c2459cfd338b370fbf70c7047da9df34000fba4,low,0,0
10324,84f7da27bf7d15fcbca4340ec2390376db5a1377,4ae1ac49ef5d66858ef39bca7c03c51d1ae4fbc7,medium,0,0
10325,a40e479b8417300724d59252a82124e15118dc90,e382d14bdb7a67977413bae88a533cee2879e6c4,medium,0,0
10326,ad7cbc3c2e44b657457a838c38e1ae9221feb254,152884de96e513b5e2ea11bcc06722774dacc26a,low,1,1
10331,92e672c5c09032b4464fdac88dd03fbdf4590c50,e195b215fcf5ebf2c47540537344a7514c5dea52,medium,1,1
10332,589d0fd24841192967347a8e3ed47a356aecd774,7180097cfcd9e89a45990209035688421dce8c4c,high,1,1
10336,ca66c688b3f7c54b3b9f45beb675bcfc3b1ffef6,9bb7fe14aace0f3b7f9ee849b37ad676197cf76b,high,0,0
10338,7503a90306858551b0c6d50da4467532bb4e6a60,3dba269073fe5d43943b04f50ced49367712d6cb,medium,0,0
10343,7d65f7f34b1bc513b31cfa05186dd2a07408daba,eb86a4cf0453cbbcd9e9ab642435f1b3fba85cd1,high,0,0
10344,87ca1477da7255b349822f155c662db6164d11cb,04f702fa50d10838286a9bc469ff65a177b4de1f,high,0,0
10346,11038165c9227c1e7a614d843f2fad5d9cb39051,3bcc87dfe93f7cfbbcebb8516b7e54f77ad34b5c,medium,1,1
10347,6882815abfdf703a5a97b910b07807fa1b72d350,04b616550efa94c5e3d9e94f28f351dd0c652852,high,0,0
10352,68addbd7e9b3f7f40deb3b6ebf7e6269af7913ac,8d1ec6db279245b7320e40e9656a70ee1ae83d6f,high,1,1
10353,f90d017c19417ecbd4aaf0ed45ba50b8f237b9c6,4be7c6195fe53536278076b8637db6cd85eccd34,medium,1,1
10357,266a9497d0d08c8f74e21a9010b3b76f3c046d12,3cbc3cf8211780481c1ea87dfb92d57f39bfe5e0,medium,1,1
10360,a415d61627be8f3d9bd8ebcfbcbf8b48777801d4,819b3e394129079bd94cd7ea99f1375f3a30bf83,high,0,0
10364,9753bc396362bf4a8a5bf243ed18513e04468e01,416a4a94c5b815146830b63ef06ed6c12568453a,low,0,0
10366,0d815999be9770423f67e8db3d9940efa241cfee,c7650843149d860fe001be41d435d0830d0bf652,medium,0,0
10370,6f2b22524223bb1372dbd281fe9ba5a0ab58b923,a1354c0a21a134a00b3baed675c7ca5239a03296,medium,1,1
10372,0157e1dd1be7e15bbba5316c472ce4b6fdafea0d,398a5059defc705544e05790ef8a9ec87c5ea237,high,1,1
10374,870a4828872aec24468afa15ff5eecfd26dd7f6d,277b6af7304f248e087e494abd77077fec7dbdce,high,1,1
10379,d3baa2662e6b2e2a7b6c04011687526195be8dee,bc9d5cef8477ea78454d05d8ce5675a2ab951e51,high,0,0
10382,fdac386f8f94ea6d2cc4cd502ebccfc2dec3c8f4,7f45e84a1d0b7ca5d0593127075deb51e212e0e2,low,1,1
10383,6f4dba703ff9fbfd6568ee099b1a3aa57018db22,b0575764fcad2a0ba166e4d0bcaea1aa6e88d2a9,medium,1,1
10385,94c1b6539c9f70269e4d6d705c774daa2b3320cc,b5d2e3071455b6b0fb9e0d33e2afe734c9c38553,low,1,1
10387,4f6fe45294f1bbcc717052d141988cc976cfc7b2,76e52a13ffc5fccf508a6b4a5dc5bd894b750660,medium,0,0
10388,10a8c7b0f0557a2999c63db64634c44092c32fe0,0c6cb1a16c2ee0e1033f7d9653abbce174e7e92c,medium,0,0
10393,83aadd6843c6d2de3de0cc629f7f14dde89e9505,7162cc2d675f1c5e16e336966d2abc69825d95d5,medium,0,0
10403,9c26910c673c6b278a883272aafe09b1d78fdde1,f561681a4d9ed688d7d7ed7531733d3a5a50c2f9,low,0,0
10404,da23ea94cdf06535b90da693b2a48189708e1301,95894836eb1ab600c64cde1140925db2eb520005,high,1,1
10407,307a426e5c155031165519b86ee6fe3954f38056,c7cca6a061aeb1ceecdb387be147562e580758f4,high,1,1
10408,97952fef5afdfd103df15c97d5c99f295cf5ede1,05ab4268c9a27b8d9b2bac5da359f9209e2d6442,high,1,1
10409,9a0e920315f738ecabef42e278884134b6e6904e,09ab743affdd84f936e59868fbda4c19f0e4a599,medium,1,1
10410,8da841ba3632a7970b25ab65342ae81f1064a74c,887daf76b6c6d056e44589987b9b0e9bc01819eb,medium,1,1
10416,aacb544ccca1079dd5d31257f4d05e8dd0e0f6e0,350d51e768fe1e5ae384bdce36ae798a1e98772d,medium,0,0
10417,2eccfaaa112cd3a11afb81cd19ce55b93cab9fcb,208af30ddb4b23dc7e7a430dcb869a44f996108d,medium,0,0
10429,33e7086b1a91635c2389afd9478616bae090ad96,249308e8d564dc6683621f5b1d02a23f4e4ea3e2,low,0,0
10430,499c2d0981b2bb1fb5ec9a8ae5f492a2ba56c62b,7c87dadbd65970e1918bcfceb1e7a21951884e53,high,1,1
10433,8a3918247cec363d9234981836441787a26318f4,8f3cc90f40c652a7d127dd5d43caaa33792e8715,high,0,0
10435,7c23b5b9eaf6bf52b0e54cc86a95d24560c5b8eb,29bdc221104b15cf3471bb8b68305556c3ce016a,high,1,1
10436,2c065eeb4d069bc099c8cf74cf30a59cce83725d,0348059f36622612f7425fd71395abdfe01a37b7,low,1,1
10439,598f3a29e14e8923635ea960ed96b55f8ad88649,c58abf93707ffa175c023a0cf50ebb88d7204e4d,low,0,0
10441,09b9e6d3b00768c621355b6a88e0fcb2bc6e4bf4,f537b070a1ef4a3ba693bda43a3fc36f4a0b95e6,high,0,0
10443,0224863ab370090336165222963319889b12c1d9,792b8f52e05eae1a3f1a8e10ea914cc33c977a52,high,1,1
10445,b93470642fd152d7687ec407d8338576bdf6c6fb,bf7a084166253d41fdd96fc7d151a7b8d5f5e13c,high,0,0
10447,a029b407a193a43371b16771b330afcd0ff7bd08,350112dfdf221d0b4aac3cd62d24220cdb3d9683,low,0,0
10448,9fa4aaa01e5b9672d10b4f56c44de88c19593e05,795a0b781777332a60d2effe2113ed683a159b6a,medium,0,0
10449,b0c2426c393d0c008726e12cdd2992682812dd39,894fe9865d1c9db775b47104ef8ab63a775a08dd,medium,0,0
10450,096c4aac134b23ecaca996585fdfcf3e44d75e1e,c2e8b426e7a6c65cb104e8fd861c497bc9122461,low,1,1
10452,ae451bcfafc980a88f4b91cc8cdfd3e559282660,303425355fb7817e9fddb813d3ee5609d61f5e2f,high,0,0
10457,a5e09f323ab097d81123fd9f4a0d2b4fb4b18f7b,6e62fd02355e8f929b2744079a10a6a7e4a7738b,high,0,0
10458,89c6b58b3611d4585d2afcf19071c01b1d47f465,63f632a86e958a02d2f67ef30c7eeabea4b106c5,high,1,1
10460,9b6f28eb54173dcbefb16de573dbb983ebc182f5,d341c9afac59fa7bd92e86206eece91c20d25221,medium,0,0
10461,89c60a402349e10a18747523d00ae81568f288fa,fe6cd4d2d6d37ed959fde470f6bb93ca4825bcbd,high,1,1
10467,3a81658ebc2f799ce32bcc3d374294f2081157a6,3e1f486755fcbae7cea7e65f1f982aeab5e6bafd,low,1,1
10480,8b71fb99c1069fc50a6535a71741069aeca24968,706f122be479d0248b89157b291f5b91646900da,high,1,1
10485,38c8e7dee9dda98a796bf0a17a1b5c8d3210c89f,e1c7a550e8ed39c6154749f25af8026fab211046,high,0,0
10487,567f1d96e3a05807ad6f7da8cd71553ef35dbcd0,fffe65be3fd634745b20cf81f5fd1139f6a58cef,medium,1,1
10496,2b765482db243609b50d2362d4d41560bed2e021,0a77da526280fb8a95339d3b47d086b42e07a7f1,medium,0,0
10499,09c73010dde2f22d7d21f39f32e02417a452dba9,bfcc99cb696903805d8f984b39232727eb9836aa,low,0,0
10500,0d67a522b3b1401e78c3410ea5d40147b2f506ba,b555b2fdf325b4d90f2cf4204f3dd66c0e64b054,medium,0,0
10505,31f1fe59b64765bc4bace2c9ec3e0515bb0e3de3,21d1ce484cf7c8d47d3ce36fa8deafcc08576872,high,1,1
10507,8aa63071560a0c92e5d84f124c7329ca4439629f,9defdd1d60c51cd2fbaeb3d7741de190c4bf0e64,medium,1,1
10508,e6c72d91bf4c2640dd72321e369d8466b8f3395d,eb7a2851f198383b028f7df31f0c65870e129fe1,medium,0,0
10512,520bf5eb709172b247f3cfe5b7a6bb81d5d9881e,e4c26fccb39b0fee9ec8dd921ee94a6dc6004936,high,1,1
10514,631f2cf8d59dc39a9752d643decd990b41b5fb14,858adf60b014aa38bd11f8ec204b6acb32b3383f,medium,1,1
10517,3248c70a6cf59ac435ef2dc2884b7d33501b6f3f,ad67c7e82efbfff48f551d4872a6db4cc2703ca6,medium,0,0
10521,04f3e25198fd73648e9e944a4c9a4a8780595f47,fc06f8172bb599132252f05c19a6c9d0bee09401,medium,1,1
10523,2778dc4ba77e2e95ca5e4fb54e6093f83ab7262a,ab86b38f741f12adff6b79dea05c0b8cd475cc68,low,0,0
10526,1d2c4e96d46775143385f975e027a9e1af1b3c9e,ad87dffcdd9c435926ab7f7d78a886dc6afa4bc7,medium,1,1
10538,586fbab8010e510c970aea44dcac90b2d5e6cebf,e907d77c41cc46bf3222366fa63b573ee25d13bb,medium,0,0
10539,69b279f6b3a4f094cf2ffe76d987d5b0a7f6de5c,a935b90f2d2d6072f7eda75054e4bee486478acf,high,0,0
10540,5b8ce079e8587297ec995ea2c3f1197bdd5c243b,9a53fc213eee6eab3c00f0c53cc2cec6b750d8a5,high,0,0
10546,c594a857ced80367b686e123fbd2eea251038ba4,10b2df93c45d7a065cc0cbceca313b826b3a3dcc,medium,1,1
10550,22ce77ada5ca80a02df512e1a8e1be6b5b09941a,5c4cde657436b0a163dd1356fffedc776dee104b,medium,1,1
10553,6f3ffea9f54e7943e20e3e90ef2d2f6557e6fa8f,2f5d78aee1672cf1ab04a38fe5667ecb47492fcb,low,0,0
10555,d7febfc8a90e71f2b2163e9ac0d214566af361ef,4ecd50300d47a70eabf18826238eabce7ff0c813,high,1,1
10556,f1f45bad4ae0043debd08b579a7883976ae13e6f,11b5955d227ca3a378891eb170ad9bea6d658bdf,low,0,0
10557,286a5eb1d9b1743ff61e463c1009c96457be384d,7c4a127838533fa5d75a8d5135c435310feaa28b,medium,1,1
10564,2dc0363cb0bb5bc74bf413606dec99c6ea75b2e0,51e501f27f7bc99ffb9c41aa890affe605c5599d,high,0,0
10566,7d65f7f34b1bc513b31cfa05186dd2a07408daba,c901918fa7a965c11c73ec5d9b0573007e7509b1,low,0,0
10568,af7bd023d427cd76db06da6c8cdb3315eefba8bd,c30284f9bce006aa591310710900be1ce3350df4,medium,0,0
10574,1b4ade8b6d83a2c06099ad7e460aa3322afb0497,8aa8f34331b52b3fdce693bcaf56e95bd5ec8031,high,1,1
10582,4e7d9cc78d0f48009408f756bd75841c107ac108,73258b698fe8e85e0c40c30171664cf8437d315f,low,0,0
10585,1bd8ef86cb418fc553f9ee4581f9a3221528cf51,fc4cdcc65fe13ebe46a4369f1f767a3ce5b9125e,high,1,1
10586,9de80aeaad6e0488688c81ccfbc4fc6b01124b6d,2989157b8c8b169f35515b564feedaa381c9343d,high,0,0
10592,ab0f112c78fdece73c7445b3eee15574c95790da,da6021fd9bbceefca3c81adf8ee87aff3e11a5a6,low,1,1
10593,4cffaea33402ce6d02d015e9a693eeb90bc15d8f,9992cc991d96435a2a386dcaea5e3ceb28b5a1a4,medium,1,1
10597,fb588e0add36e5c6f84553301da22e8078f08c4a,36bf0da94a0cb23f440d2d7ff81521962e1902f4,medium,0,0
10598,b961cb5d7ab3c0e9e40a806c7188f609f63482a7,9525416c66010c20f7588cde294d7a765a5b54d0,high,0,0
10601,01579bc30e6c71340d94ed249fcce6cfcd0b14d6,a9e61e9ba5519d94699958ea7a6e817280a50e94,medium,1,1
10602,26e7eaf5d2c1fafa10c77bdeea785e168d2873d6,14bfc6576778fbe90a3ccb9c41d32ddb197ce32f,low,0,0
10604,edb001d497a6fe658477e56999a9105098106276,b1dff771d9ff67e0dd639766a4dde3a93f7e2859,high,0,0
10605,c3c7b26f1b7b26ef073ed5ae221407bed29eebbd,475a7f21ed547f9261a19a120a369a548277a90c,high,0,0
10613,90165135bc08ee67a3e2dd01543fca2951f7cf3f,cafde72cbf8c16cc0a2cb532f5bef19e65fb070d,medium,1,1
10616,7c31cbcd315b7f1f9a53e14665d0a0ab2cd859e0,a7c83f3c0bed9b13c9d628327a2797aaf4387697,high,1,1
10619,9cafbb75414651d263fa1cfc888975727586d728,25529eac1664349df8f6b9d375ba1c5c553c86eb,low,1,1
10620,e2fe91c57e8e5b7a04128f25d593001ec98913ac,cab32f21d49ccf33c7ea1322eb87a44981b627bc,medium,0,0
10624,81de7eed567aa4a8b275df4bf17add92a092c570,0e24b24cd18eea9caaebad014e5c1974bcc8b2f3,low,0,0
10628,d405ab89fd79b4e8f87f9cd09602472ef28cda1b,ca5fccbca4f3447c504ee2008d393ae0e5b0d124,high,0,0
10630,f8ee80b8e53304376f257fcbe0de94355f24efd1,02b496afd9b4e2dbcf0ca8b49e64dc14843f756b,high,1,1
10634,7d9f88fa32a46cab6b38b69e798118b8dd2d78ed,b857088e0d895dc5f4da76cdd83dc7a4aace879c,high,1,1
10643,1db0e1e57464e482f5ed68f7497e148c68b5a90f,b1c2e1853197c99590f9fb0bd7c4a7001b9e1cfd,medium,0,0
10644,6dabea0a5ebaee92fe13280c32b3a69a83876022,c13a424c249ef03fadd8863057b070b874d2315b,medium,1,1
10647,04049aedc3a7db34537c04bec9417fa8ca5f6d53,6ab8251c50ccfe4f0eaf976b49b55d5c35ddf5c1,high,0,0
10648,4be6d8256e24a8ec82e3e87911f512ceb770103d,27a8b7b1ee5fa3e26a2d21442ca2d993fb70b132,medium,0,0
10649,52a10600d5863bb3c77cbc90f5b194f9ad480e6c,30edfdb7bc55ef19aebd8d97e392b12ba16d5beb,high,1,1
10654,5aaad953d02ebcf5e5ea8aef2a81bb68a782fd59,9849eff3ab463392e1c5e229bb1635a84d9bf3dc,high,1,1
10662,171f484cb973d3cc0e70895dbb6f962391029860,aa764c8bcc3c88fa551f7c74be5d16ace2f46d3a,high,0,0
10663,ec741a47bc41915bce6e65074a6fc6dfb38dc4bc,83ad4f552ad009680ca4bbfa904b12cb7bd7f722,medium,0,0
10665,6792947d6f698d8c11c0f21f6afd74a781a96912,3e64d32e8fe035c5903284f75dfbece15beeae84,high,1,1
10666,bf0447c319a2e1fb4177df7d854040190a6c922c,9b44f3a199c2ff3f76817edfdb6b305cb8c1e997,high,1,1
10670,26097fd7d631642421184dd6439419679c917fad,222b127bae4a3a079d1023d0e1a1087b8d7a600b,medium,1,1
10672,d3581b68bc1d16d270de529b258079af34786939,ed0a2a693272164b5501a1184d9420731e45f004,medium,0,0
10674,1a496ad09aba76f1aaa98281dc2da304ea95e503,c103f29fa530ea40443b95cdfbd5d7cf30ea123d,low,0,0
10677,b11338d4f82c2f2a3cc381766cd5898003b3c2e3,131c2bd0781aa743a66f264cac829093feaf2466,medium,1,1
10681,531526c8bf54b18568afb340e177b6a0bee51f8a,d97ca80538b1903ae3f20873c45a03fb2704644f,low,1,1
10682,70752ff20dd6cf7497b694d3a23c8ddd26318d61,0809fc84b2c8b28fcf4b680089a1b6adb47d0464,medium,1,1
10686,58f4c46cfc6925b8f54d7db0e38fc0a29f73a477,594737acd75658298918abdf0be7c27c3d98b892,medium,0,0
10688,7fb0157e403978349d4c2d4809707e1566e3067b,7faa73a5530131324f08929ad0236935dfe63ff4,low,1,1
10692,b680881227bd5b7ba1cf14fb5fa335c0bf013913,e91780aea5b691d0d00e6db2dc0d20f3d4c98cd6,high,0,0
10698,37128c7ac3a91d6377f30f78cf36a67431e57116,9172a2e50921ff2c51e7bbe11d27d58604b69e2d,high,0,0
10700,662d1f7229e0828886cfd23c925b9e43f78ddf20,a1730b51168c69b2969fb8a2b44eadfd9bd64a9a,low,1,1
10702,b0aad6deb607af15a346f5f4f327d45953d6708e,a2d28485ffacf4d0e14614753c8e54e9df8875af,low,0,0
10704,f4504785a644cc137424a58a10f1c9dcc1309578,27c757e400b4354de1503cde8f8c7c6362ed529e,high,0,0
10707,8aa105651ebd9123bf8a2383c8af177efd0d0f03,c39ecfe7c5cbe1a8c8af23d51b5e4780570195e0,medium,1,1
10708,2f69e6c84464407746711f39ca2d08fee0ca97ee,92a1a04247cfaa152403d94e19a05fc41321762b,medium,0,0
10710,777f50919d4da9e7d62eafdc2904ad0d365b919f,170a7cebfb272b8f92572a9a4451e6a006b1dd39,low,0,0
10714,7dec5f2d7b629eca5ad2259a2f0f61055d42ee96,d02c7b92251388d2d00eb87e5c958f7b8aa7fd42,medium,1,1
10721,53f2ca707efef17bcfc86a4532dbed3ab7a24b7f,5400afa058eb0ebb1459380f7a6463db31a7031c,high,1,1
10729,262f0643e3109d25ef45dba8147e687364d67797,f51fc1e82994b67b4b23fc8098e3d032bd0fba9c,high,0,0
10730,8607c5ae7a99d11332805bae8450d7e299f51a9a,a4cff8d3ce146a4ba1d1e1a555fdd360f609d2c6,low,0,0
10733,fd7631b814803a85c163dec0899a2913a8fd2c86,8beb2bcfe4af1c741cea8c4f7101510f14f520d9,medium,1,1
10734,042aeef4d0cbe7a90b8120b6df32a51dea715a02,fc0bf935b381bd3475c18584592d8dfac8c837f3,medium,1,1
10736,f9a13985bff6ad823912b8e97ae478f479428387,eb47ec5dc2ef58254be46b880862bb7a67b97d0b,high,1,1
10737,dd93ff83401663000e5953f90be8f01c5cfea843,82069d33c2e4b0daea2a5c7a40af5a30e7cf9749,low,1,1
10738,d7631961e095896b07b490a55497c9d0daf1d5f7,a4044ee9624b8a05bae1072f01b19b10bae8e352,high,1,1
10740,be8de43c1c05d514d0bbff4f79e2e88b3f1b8677,dd29cf542cc5a1087cab7fb75de6e8a7661cd85a,high,1,1
10742,ce0097f00ced5511c3c3cfe3084e3cfb26649105,e14b91cafb750500d7fde4caad58c69b55adf867,low,1,1
10747,bb0f099db615033e1171ea57374bdfade719dc2a,92ac502f1775f1f53cac2cce838dd09880136f4d,high,0,0
10749,0973fc6469b023a33063aecdfef7b39eae671fcb,789277fc4570d72970fb5e8b0977c0bff6a8a4cf,high,1,1
10760,6789162127c259131309935185346f333c20be40,83f0a2bed34b03142f9ecd674d47951a516ee5a4,high,1,1
10762,fc6d71753919b40235678796f5306bd5c3cb8789,6ff98f7a1f5470038a7ff2e5ef0b4837966cfee0,medium,1,1
10766,cefa730caa1944d4add0ec5baf835a2948dc1f73,e9a38a7993c02c605c199f0b3597aa20e4e71f16,low,0,0
10771,e3744e5ee7c1503ee9058ad7e411922d7328a566,3e390426294b8f2d2cd6e9dd23797254453f439f,medium,1,1
10773,7f79a24e358262839b0d4025b16e35371cb394d9,9ee34e963946cd185c4e143563c8b596c68130b9,medium,1,1
10774,b44c484f82438d8c6e88d7caa6623091ab4bff06,c4a813cdbc6a290559be9c1d2d3d42313fd98eb0,medium,1,1
10776,a89888293b9bb5e1438696cfcd37f9ca5328c50f,c91636bcef0e76894976a36b57fa958c2cbfa257,low,1,1
10780,67aa80ed6b5e990f1fdc6a5a217a8bba551e504d,0891fb83d8f34dc81d0411a777674a348dfa41b5,high,0,0
10785,17fa61b5a4f6a502c1c93f180adbff4561a0a3ce,19920dc30734d5f9a3a35bfc1c76bb09c697dad1,medium,1,1
10786,5b42a475c121419d43399dff4850e98ca2b96a14,35890023b1ef2f5aecd2221ae3ea5a1717f70401,low,0,0
10789,8022e87684a773a1119e5029fd2302ef1064e435,1b42ea22c729f8ca399afb48088979276da62995,medium,0,0
10792,7550ad379483b11133204637c44f412a455a4797,d8a74b10fbfb61e22bedb43ac988433b2d57c940,medium,0,0
10793,b9200573d442ea2d87ac037dd100e1caa287cd6e,678cf1211c3fc649940dc045cdf9464aa2baadb3,medium,0,0
10797,38a58440eda152e71d1815bd60354a8b0c5c7e8a,96bfff8e8e771d098fd208b37ff30a2933d5d8cf,high,0,0
10798,aa5a7f44926ddf476ab8b74c6c5cb15aeeff7275,b94d075551d9109dcfd237aadf98260b73e09c58,high,0,0
10802,69535909c43525234a058d8c9e060450eb6605d9,9c4cf1763a4a2456181b1f5226e7d03faea7258a,high,0,0
10805,9a7586e98fd46d8da0eaaa7c8b94f20dc14cd134,1dcead9dd3f958be92f58d4446e2f8fa2c954db6,high,1,1
10806,a0b96abe4e42503c80a6e2628f21e4ba2a053c65,16abce41ad0425fcf6771eda11ce6d5ef43dda6b,medium,1,1
10807,5870ece1b30259c43508ac8bc97fdd3aeef5e6cb,8255b5af72576decc9f03be638cedbf9ff67e6e4,high,0,0
10813,50cd63b46512404a9a4022d3637c22934dccf4cb,48e1aa51286f18fd243d8f6e5dbd95cceaba3aad,medium,0,0
10815,64fa0d5da92aefe952b9d4eca32e72359d7da2ec,c1dc792cce71ce54d9224fbb2eeed8a0c91299cc,medium,1,1
10817,ec9395fc2603c205f8d9487b1075e6a3f769b081,195f27f284850d97e21a491266f778738cb454a9,high,0,0
10822,38daa265a6c39df5c3bca913d508152af105aa8c,bf7704f3115d62957adf5d012202a3ba8deda8e3,high,1,1
10823,78217de3afc48ed37aa77a6f5153dcdf1fe57c61,f6f0afdb553b839ec6cedfa3cd2a8a72ae2c4bf1,medium,1,1
10826,dba05a727f3c642573a4f6a287225f0251d712a3,2796fc0ce29f8ecca3835323923637a7680d9f00,medium,0,0
10827,85aca982666a421d356f9a5a0b0b214a89206a48,241847886cc0bd2e25f1d6c60decd1aeddce549c,high,1,1
10828,41bf8b8ff3a90e2127e3e1ce2933fe4fc150ea0d,4df731f055ebb3e1131b2c25a9dcda303690bcc2,medium,1,1
10832,5eb2b7b15d1cc8c35854b8b938356b3bdd63ba5e,35330c304ecd5d40bf597ee34f0070e51e95df96,high,0,0
10833,e63e8afc2e0f0aa84f371b86b1027281b0260ba1,2fb3104d8faa94c19654e98f5ed9f6a89026d22b,medium,0,0
10840,70fdbd14c1952d2755b1536b31565b8090270f0a,c83c48b993e618c8125ea245dffe53f42eba438f,medium,1,1
10842,2e777a1df08c8bcd012aaaa084d1fda229f4307e,c71b6f71013d43966a116602a0f75c0fbbd812a5,high,1,1
10843,49e25c6493c2b562b2014ba470a0058503be39cc,2159993fa2f01010924bd5fe11b4b3d4162a4b3c,low,0,0
10846,2204bba4a8f72d088096be3fba66346a5c56ed92,1dc7130129fa6dec90288a7356bf7e7ef3ef9ecd,low,1,1
10849,111c66507164f5c80292c48ac50fe7619676c51c,a28eb76aa3f710167350be9e2831832108bc693a,medium,0,0
10853,6edb092eb86d515cb5c6dc05732daaa6f3e9cbcd,d51ded4af5dde820a1c8e6d4c78df51c3150229f,high,0,0
10855,63a192a166310220ef89a5b9b3d66040782968c3,858dab04b4ccc366a358dcc5d9656a1bdab8cfbf,medium,0,0
10856,586b2e3834561a9e538efd5f0b005c39912a2a21,34f79c50a4d6cd404c8f47ec97feece919ace090,low,1,1
10858,7008cb34c85e3d1842903fd1e5bdbbc0e82b6883,54e4310b5991db5c6b64390dd8453c152f812c97,high,1,1
10859,8a862a762c8c6d2c3fae7e2e89fff2766250b923,70eeba1b348f32fdd27545795384c710dd9e4838,medium,1,1
10865,ca715b749f5b4729d24b74b5d404ba9a9fefc72f,6519ab7797514e929b32366c108d3c29d83a626b,medium,0,0
10868,73815a09296a3674ff429682c07c1182497ec45f,c14f4057348885daf142d781679f1b331eff5d43,high,1,1
10869,9edfed110004955fd21cb630f43a5e534c143c5f,12a40555238e774e01a6bcd48244d631a23aa2b4,high,0,0
10870,785f2ad71aec71f3a167d5e9ebd71221357cb9a9,e2f43a2a315d83d4e39efc6ebfbba08c3b21c2b8,high,1,1
10871,5996b46615f691876e81db818b198a36c6afa3db,e7af87d3999c7b8514128e9b6f3dc6b7cddf217d,high,1,1
10873,22b867dc0069fd867bf4f430b0c80833d424470d,550be22a9d34e188f2f615eb2289ae9ae8c2945c,medium,0,0
10874,d48cd949547b324521be97715b65c35ec191fc3a,766d031b52fbedc17448c3698e853ada3d4f7e1b,high,0,0
10875,c89c645c619e922be5767290b119f6e040cf1509,d46ddd55aeb88bd927d4bba62c60034019314c24,medium,1,1
10883,516f23835b7973972ac47da44581e4a02fd91976,2cb30b8b724970f03a9d6f11004526d86c208a59,low,0,0
10886,ddf47a14d8a54aa6da28c1a63351cdd6d5097dbb,604d6bab69b4fa01157556889116352f258c28a4,high,0,0
10888,228e87ce66cabff2d325ac464446abc9c7544d06,515d579454b7e45ef6a8e3c43e37228546ea2d17,high,0,0
10896,ff6fd3505aefd649aace5cc25f36effbe343ffa0,aef224194ad2e531272cd432f5e8f9ca15b41d38,high,1,1
10898,3597a10d30dae69b53c6d860240751ebe8a39e91,eef6be976b5818512b3b3e52026a8d93c4644588,medium,0,0
10903,0e17137f5d79aee6646fce6d735192382fe0cb51,5764f3db31c2cad4ae8267d1867d0885d5c2dcea,low,1,1
10908,acf031e228e2c7755483f9d27f4af7fc310381f2,fea40ec8805f95291fc2021d7ee5ed1d6aed5d0b,medium,0,0
10912,da524b713968dff4a95d9ecb15a4d417a10216e9,898ba080f9495604e7228ce15efbd5640f302916,high,0,0
10913,f64fc11b3a3d961482217b9672f6109454a479c6,20d3d186993459af768fad916f74b12b6ea1c6a6,medium,0,0
10919,14fc4d08ccdf76acd9c982d4ff598b022b0b6d92,8dd6cb7494ec2e30d492af06d8c7b99704f46b41,medium,0,0
10924,5249c66f66f9bfd5e40644c01717989c9f0fcfd9,1a71e8a5c128351c27f6b4b1d0632c085a30ca38,medium,0,0
10927,926c3a682d853418dc571b4b4315011822494b16,eed28ae4a941855f8b9ffe74a062060f476fa1b9,high,0,0
10928,11fcf49e7378624636f32d0b6e727c77226941b0,335a0362068dd7ed3a4bd922edf1a04b01d096a7,high,0,0
10929,9f1a9b02810c705e36a8e4ac6c1092b60ffe1195,422329bad32689e3ce0111b0c4588e2195870aa6,high,1,1
10934,7f12b6fd94b4a060e21b99e127e1213d1153b635,1b8ae82865129d8a08c7c2b48cccbeceec0b2222,high,1,1
10935,c0c2b44ac0ef90a97b521ef494136ccffa30cd45,0301e475a0e358dc79f9bcddbe263a52981820a3,low,1,1
10937,51ec027605865f5bb3310b4a242356d952bc66d7,a5e284187dc5b32b357803f67058c3534311b344,medium,1,1
10938,1176f0d39cb125145cfd919a524b343f5d0941fe,b612562761e0f20ce83a43ec700d032b857f8c27,medium,0,0
10942,d4fccc45a57a8ea12ad08c50a29d69726cfd1b31,d72473107e30ff8b878cb4a4ebb28df24eb07de3,medium,0,0
10946,6e5255e5163e3e4bb44040b5c840febd23244c55,4844e6f3668e843df92cb64229a4b1a9d1f0d278,low,1,1
10951,7a418853bd7f16f4377afd9bb9245ac9412e54e2,c85cf093835d298440409293648b5fdd5bb35069,high,1,1
10954,1457e50f50f534936e42cf80af3c89c833ff293c,456db699ee53fb7694dad5598d13fd23d8c4f937,high,0,0
10955,02233eadcdf2f72bba06ff0e0fb69339b81bdf74,984b0cd656e42df575a872c7ac74464c92e7f7da,high,1,1
10962,59a136d7b3577b4ec8dc7479663dbfe71e635e8b,213c14bd198a0c31675d4c879a5a33a4504ce94b,low,1,1
10964,c68f7b3f39c281f067efc70ac2f57ccb7348b40b,58416e8775a23e102b835b40592d0e60e124b39e,medium,0,0
10968,d9ab277082e7497325dd8dc35f0a62a14016ac1a,caa99c6f5ce1717f538944ab2d22297c57208d1a,medium,1,1
10969,5712386ee92f3f0df4f3298fdd4ea401fff7d873,4071b69d56652ce03aa11006b5ede5c697e6d249,low,0,0
10974,1359edece333d4e6f0fad060e04f730885c4947d,7289c08e07d25396afacbc902fc8aef6343ed4c2,high,1,1
10977,8054eb8a1063ecded3d379067e5a07f9c5ee8c88,864ed688ca371777c17289792cd469503dd05997,high,0,0
10986,a63b64f27cfddf97bfb319a9974d7759af541bd9,da9df85365d050895c9b8215598400abf715bdda,medium,1,1
10994,1601f9f0e78a46ae83a64eb587ca61cec3cb8e90,a4e66679553852f8595238fad46ba85f319e960f,high,1,1
10995,e7723456be09b9fa873bd80864cf92f855bdc97d,c06fcfc297b37bde2da7dd13373dddd1010788b0,medium,1,1
10998,67e694ef141e241a00b0666946eadeaae98bc800,e23322f50e2ad82a8a417e648d16ba5d440b86a7,medium,0,0
11003,1e5142ead074a9f1c5826a6eb4d442460fae276c,7264a9bd82c2c04a290fa73d84b7addceeff31a3,low,1,1
11007,a2abe46bf35b9a8ebf2c5925c08f445d3cd1f02f,5c8530b03a7549cbd7bf51eb47d1025c1700c2a7,high,0,0
11009,0ed31c4aa7a8fe1bc70a2a19e7bc241e2c71e387,a3303c3b925ac328be78124a9f6a408459bedb0c,high,0,0
11010,9a3b8af78eb40822fb8fe004a5389fa750323224,f440bdb2d14f4e1b299905e0fb4e877c06e4aa62,medium,0,0
11014,75ee3706e83ba186bedb27232439b644a82f7972,b6bbbf79b84d4d987528ef8ef02f1131d6871956,high,0,0
11015,228e87ce66cabff2d325ac464446abc9c7544d06,3b561cb408071b185250bd64b0bb39a33885c38c,high,0,0
11022,38882b816fb4040af3a23cef0896b3fbf517d610,c634ef5893d5b5b0db626accf80d3a7efa646a00,low,1,1
11026,4f6d452e034d811d374e56bab26bfa9057f8bc2a,07a7c3d5ddfe803d5cad253b4cf55952e4c10258,low,0,0
11029,6384f6fbe75f9c17487abd3eaa76fd7fe1b612bc,265210e53417d3c749a9b7993a937805f68e53ad,high,1,1
11030,2fc448e42f806a4f91bf39ef486f323d6ddf45c6,779b0fd1b9270ca6e9c3f7a01c69d15bebb61981,low,0,0
11034,24bf2e8d0f2a64aa51871b4b3302ea3111b5a971,9721c1a7342d1b6a76632c7907dc5df963010dd8,medium,1,1
11037,d3b04224a8726e14d83dcfd25d7f7197445db513,9b0f22227140bbfeba40de5833a949ee38dfd5cd,high,1,1
11039,f36c0166093dba3cca35bbf86a349f8e9aa4723d,8b48ad7efa2a03b093e82302c086d4ecee6f9c80,high,0,0
11040,3d68b7405b92a2b72b04cc28fd018789d18141e9,ed840c4e242a3318f6d3abc6909c4d435f8c2959,high,1,1
11041,bc75f39db668823aa77e345a44134506b163b1ae,561a8ded98679f9b08a9258c5fc4d0cdbaa93e41,medium,1,1
11042,916ae31300819e24abfee536d72ae5e4dccdf914,4ffce315b5329b8effa3105406f31bf1f427dc9b,high,0,0
11044,f5339186c54e8b9bec8b277dedec69747d51f5d7,04d53f5b47775e55125306b868db2c8421639bea,low,1,1
11048,b5dea4998580708b9f11f68f32f60fbc44607461,49b7f49f3d4480e485d8191b56a341281150d072,medium,0,0
11050,39b3ae743cc7ba494cd6a2ddf5bb6aa0cdf89f68,6aac3b875897cdfe56381e8f44faa022b321be74,medium,0,0
11059,cfa9a3ab9bff41ec0159ada992e6724157427cf3,e241608e271665cafb262894ec0619a924717263,high,0,0
11061,586fbab8010e510c970aea44dcac90b2d5e6cebf,1cf058964cd3f23615a973d2c1da094e90e38e53,medium,0,0
11064,9b5361371b510a1e8ee85773827d6f0f4de37124,ffc9adcdd1b8b235339a379b1fbb738f76002d41,low,0,0
11071,9425c87721ba56b66d6f244f22d02173a66abedd,e931a4f2d88b302fd304211d9b0ab648679d5fea,high,1,1
11073,dde5f63dfb3dc8ae04fd39490b4e4172057a7bca,38f0dc3d0fb650f73baed057e4ce11f22566a6c4,high,0,0
11075,c59cdefcf66e579e6d12a756adc67f556a6bf292,2386952facc66bcb60c1596e7443db6052594f7c,medium,0,0
11077,7accc8741ab0b4c961cc18093f980520cd9d6350,eec3d0fe7527528c661190bd9064fe305bb0e428,medium,0,0
11078,9604c6157d637d772e02c0c5f8174015540e436b,322711462a74369ee8838cc74a62f94a460836c0,low,0,0
11079,da593ef3413825fee52056a9f89ea3ca78d3d624,1bf4e1acd84567df1c6b8e51153ce0e95042ec10,low,0,0
11083,615edaf827bb456a038dda2c40d67740e302e035,bc79185a9df310351ed48e9844c6e9d5281dbb98,high,0,0
11084,d1261679ed54e78c56fe9e36264feb7a8c2c426f,ad373bc43a9c3bfb54d44630f039f77728fde90a,medium,0,0
11089,56a8dc5a7936448d684cc6d4d2dc5313068615e4,3c4e3a91b663da34981a541b10bab5f10b891b5b,medium,0,0
11093,f1d6fcda4547102be85a58143526ebabe01a6c86,ee56f3a93f1ffd9cd0909a55e25d2e7bd96cddf1,medium,1,1
11096,a13c5ff72d41958ae924b6055b48d178260eac3a,1be52c22ef40fcf57ae869b82a0cb10ad39c29ce,low,0,0
11100,9ed943059164ade59419e57e3c3228a92227d6b7,93d7a147d8fe1a3158db15891466390b77245615,medium,1,1
11101,2379cbb656fed9ee1431dde511e7d767784d92ff,6f604c9e32eb9e87d16530670208a7af5d2b3755,medium,0,0
11112,b9d749a4fd1e793c188cb745260aff90451aad50,bce53ca0525514bbba31c0e5efec7557e08d66f2,medium,0,0
11118,a2574295ffb45536730120d626c923be92d5e8b5,6735dcede2d2a756a00af4613f03e9caa6c014ff,medium,0,0
11120,442fccda8ae8057a07dd9c490143583d5b0f4447,f1a0197a86728c366c9f0f870b19ce2b76326837,high,1,1
11121,06ece072a7cfca00ef7b80c3f8a360a14e508b2c,a40228842216c78aade0c44446259d17c3d426b6,high,1,1
11127,9561dfa508770417d35d27b1a1104131a88ea7ab,5d52a3253f4cd9bb2c6f2334f6505791f1f36673,high,0,0
11129,e721c86dfcf96fc18f0cac417cb43409a65e4606,4e9d50c17bf2c858fcc917602fa260c4b644d412,medium,1,1
11130,74d9624856d468a2b389fe1dcc9cc21b361edf5a,3c24c6e39ed6fa155976d3b4fc556baf882177e2,high,1,1
11131,355c2b6c67f3d0dc337b5b045550488f6f648f60,74d857683590a69b79b6a1ae89ccd7f9f899b52c,low,1,1
11132,1974977eeb2a99118248a187c7370ef4cbe7a367,1015bb86160077086184bf4718542e26c1f0ba56,medium,1,1
11134,d93f4718c9d7386ae1c3a116b084128c0348b422,93d23073c02322152ba9f626dfc98713e9afe413,medium,0,0
11135,16dde96a50621e365de853c9b82d979cab5c33d8,72c82d7bcd471547071bc8fbea9d0f225619b8b3,low,1,1
11138,dab7b10da5032b22a03350729e95091f1fc5eea2,77b5380ab43914b094adaf14660dc6a193e58beb,high,0,0
11140,1d2c4e96d46775143385f975e027a9e1af1b3c9e,a1b7e128cab3856bc6df767f2599349caf95a87e,medium,1,1
11143,01e67d9072862687262bb0cdbe0ac497295fbedf,94b7a093b575f9ffbe6fcc2b364ab498fb00cff2,low,1,1
11146,bf259a6717379d22d82e8844bad6cf52b712e655,6b8b39941dff63f2a60abba29e456811d53bd607,medium,0,0
11151,34bf60dcff3801800174628781ebc152cedf6b3b,967ffb7f5628d0b2056e8eaf627a4ce84e2ee18d,high,1,1
11156,1f3fec72690d4ca75f084554905752ac4499629c,c2f68ff15687070d3d81c86887e8c048c72aef83,high,1,1
11162,27f2cdc4e55263f7e5326d02de1cb21f53749c96,0efdbf06b225146be4e376b183abefff96d647d1,high,1,1
11165,4163df70c609089421cc5b697cb0f90743278d7b,68166dea704ba6fad4f5c624fbb9b97789d30191,high,1,1
11166,3130cf54105b45c1f68bf1b928b72e7634722d90,6433acc0a8b61e4351e02e479c86c224c5ec89ec,low,1,1
11169,2e03bbc854a4a9ed2e2bc4a13c49a1abc5f0ae9d,8e65ae77a08f0d08b89598b4bd555e9f1e29e0d7,high,1,1
11170,d26b1a51296c46369cda960fca21f7437ee51bb3,fd74ad1b34cfadee0deb7120c1b267421b83a942,medium,0,0
11173,5d9ff949a5f87bbc7b04de35d3a428260612de1e,f673d3359a8ad54d729eb8727c6ac94ae2fd9971,medium,1,1
11174,c195d19d1d296eb9988a7a8144af6a897072eece,1608769d1e197011c2705d828fef7f07a56a0b39,medium,1,1
11177,cea7d9836bf9aed5ff10b4087cc2c9b07766b6d3,10da707a07252798d10c16650e731e0376961ce4,low,0,0
11181,77f7833ddf694e4cb5f6ebc693d17e9d4dbad3eb,27a897bdaa093d65bf9bf8eab5b50e48833fec72,high,0,0
11184,973922a760807c1dbee37c8b2b75e3d8bdb009cc,049ac97496b4a1cf5a8fc323e8fd7d5219b356dd,medium,1,1
11185,a3f2a3aaba0a8fc034e873d61e9530ada0905531,846d9456d6ed86ab91427d57e278254d8aae256c,high,1,1
11188,4f6d452e034d811d374e56bab26bfa9057f8bc2a,12803fc37145dbaebd2053bc3bcf11b1e70e8e89,low,0,0
11190,7ee967d0d759e5060f3465ce1cfddc07fa50d93d,6b2b4792d7b6eff9ca375fb391228aa411426c0f,medium,0,0
11191,f37dc8270e767b74e45989214ab0d3a1908a611f,14278b6917d31de5e72d40d29dacc0fc3d03fc10,high,1,1
11192,56c8a6346bd08c2aa2dcf3ab7f609123259f84d7,b3d7cc7a23cb4c04830154a8ae76acc9fd7112c7,medium,1,1
11194,fb741eaac78c6eaa382a2f11d2545abe718ed643,b556753c2fd1df81434ae0821f86868f878e425d,low,1,1
11198,aacb544ccca1079dd5d31257f4d05e8dd0e0f6e0,b71c62c437f1683af4f9620282f4cc218cb86a11,low,0,0
11199,971027de6a9c8aed618f4bc037956a735043fd02,79f253b5296fb2554b261f873ba92668526dcb11,high,1,1
11206,839878ae149365faa57297eda769e36033a55b73,b61510d55b1c8d04a7b90d7f06fe6769819428dd,medium,1,1
11209,5fac5dc77c51b766657fd3165e8b357a7af341f2,320988e9d17ff625d086a50b1280671d99d6da96,low,0,0
11216,30f5a3e198edaded5f02604208dfa8546622688a,3af08d5f2728eefe80b874e614179a78517b8ec8,medium,0,0
11219,875e4bc0cb8eec426032fff9a800b506957925de,94f0b73389aa95944e782fa89fec8877a0bbd7a5,high,0,0
11225,ff700adccb98bb448404540e5d49e9ac927858c6,41b27c5cd255d7823cb70b71f902502b6dc0b907,medium,0,0
11227,27c187487157ea779a06b04e6afb86d3d1eecaa9,196f294731378c88fab62acf2e7af96c73f065fc,high,1,1
11231,3f317701da29b02a4ff65ef25f04d6676288fea2,59d6d857989b16d4ed101171185895f7c56cd2b8,medium,0,0
11232,a3999f7c0c454bb4860cbf2946b6a0065ce8d2ec,9a89ddd91ae749d59643521e7068d09e2c3d30c1,high,0,0
11235,7d7b483cb3a29d42b5c3847d94b937704dd2bb3c,b99519949fe4f5bf5f6c49e109e3ba73b3fa10ca,medium,1,1
11237,00b0e1e281bd1b15f1a6ea8175ebcc2deef70ef7,9685afba7c303678002174001cea66c8c6e27073,medium,1,1
11243,6c5204fc7a2c34d5e2471fb1f3e11104b4307a6a,f164563e4dbe0f8ec3057fca235bb72b03c1cf8f,low,1,1
11244,b1c9d8dc9e3e5792346793c36e65ee80b2d82165,a628510a3e955dccaebe642627dcf2d2ded82c3b,high,0,0
11247,6ccce5b417aed5df0bfc646271bc9d2c120a5cb1,ca8ea4ac1360da1e207bc4ecc5be8a4ec4b370cd,high,1,1
11249,97829c18c87c0cbfd01c043f4daa8427ff6cf4e7,2c3a9a5195c60bbd2f3c840489cbac8d72a67d1f,high,1,1
11250,cef31334bdd6f695da67f814e7815a9b2f2ab4fd,061f43f074f84aa81044000e86198ca8b6514861,low,0,0
11255,5708bb9b8baaa9e197ad7ebf8efc9c9a1e61aa04,6ca77aa03644a79d071e8042f7700d966702fef9,medium,0,0
11259,e0635d61291e5ddb3ca3199f8f07c38b41aa85d9,e2a52d29926791218bb2e497bd32185d98ec4d27,medium,1,1
11261,688451ec011caefa3f0b95a7c93e28d39e09bc56,3d6e19fb15931d2f6e2b1037502f0ce09f844634,low,0,0
11262,bc358a8e03975aa7baa6a36964adeecc7813ebd4,918248badd070a48bd90a69c29873b727cd4315d,medium,0,0
11264,c79c6c18776feaf8485266855b566a9a43fcade7,6d350b9cbc2a2701513bb379720c858c9ba68370,high,1,1
11267,16fe19fe2649e2c325b22053bbe64cbd9822370b,48ff71955921ce021020894bcdca6bed988efc7e,medium,0,0
11268,c4b28805a13229f88f5f7416ee24c5a8ff55f542,db88ffce85acf03ec88dbb1ffb8de8af37ec97d8,medium,1,1
11273,60562f9396747e376d0cdc4b1894411e65aacfb0,d57ba6fe4e017382a08c7dd51972b0dc055ae527,high,0,0
11276,7af04cc542cfa4aa492099f69fc4f204f146155d,2e1c44f7c2dbb1153d7220441def08ed7d0100c5,medium,1,1
11282,13c0f74848534bb41b5c782f9af8130b8fbabf27,801d169a3d319605a215d1f956340f4a492f7952,low,1,1
11285,b4e73ee7876d25c8f4b89509e326ed747b814fd5,d8cf6bd489d82e1e581211019a2158fac547066f,high,0,0
11286,1b75de024b9176fa508b7f7a9be45cabe47144a4,6eedbdb9dbf581594d4833893c5f6c5b6b2aed85,high,1,1
11291,cf9b9509b871ef32af7cc84cb4dde715575ef7e3,f692909ed7ed6a6360fa70f68d2965ac72de0e90,high,1,1
11292,62a81370375877c941ff28431ccb7605a383f5fb,871ecd7e0267b9353acd7a68a816f04be4e27836,medium,1,1
11305,493afdbeb34faa3197c67fa34c10f9f8a02969cb,3e69985af83d187444242480fa8b1eb5ec2369ce,medium,1,1
11306,9eece0e5b27063ce140125064071f7f5530cbade,0dff308ef99852ac3107d7d1dc4b26f7806a368f,low,1,1
11307,8b5f09265a9081bb19f73c77d5daab4b6d0ec8f8,5502d6377b9b08491ea93e2e8af275a9f7308ca0,high,1,1
11312,acd94d67d9e7510cf40d90dec32e4fb989ccf7f4,b8e5231fe690996b4ef84a1d4555654d2e28fbf3,high,1,1
11315,b203fc40d5fa16efb403e470e3cfb471abedae91,aef51e13b6a8d1ddff210fafbe4e6d726e6f928a,high,1,1
11317,400b9e36f85a6ec73bb0040479d1fbd07393bf69,018dd1fec91cbcacd3a1cb16ef9a59fe79ae2396,low,1,1
11318,41f4fbf485ad8ce6480ce23d5c1567a79f2d2df8,daedef0baf331d8b4118d41dea75727625813660,high,1,1
11321,ca0ff4004a0daeb83d1b39e0d5c6f35dac459652,1e0596c23cc768340d1916f1856b0beca487fe30,low,0,0
11322,42e3c16cdf196ecef5c547f4da346a0cef7569cb,9e3287f53da931c24df84685e15074f8832fb723,high,0,0
11323,bd071e0174c0a23ca80a1494b64f37b0883fce7a,54adcf3ae33b92c12c9ca2a6c98f37fb3735bca7,low,1,1
11326,3640d6bb633955bab5b06255c542270827f4c2b3,a71231e5bc6e116fa459d78286ab2eb4487452a6,medium,1,1
11332,472aa9ba35994df8314e0520b689d9a5846ef6ac,f37b1f6a52319c32bfecf051313d505b53870b79,low,1,1
11333,c0d383282a8909cbb0341a3b9706abfa436ccf4d,32d34948774f3fedf69a5ade30b2750af603219e,high,1,1
11336,6869db8d70ecf631e383a32db558eefaf561781b,7cb3edf6083c85eb5137ed8f7ad20a19e7c98775,medium,0,0
11342,4508bfe3fb51407eca55b8de1bcd6296528de9c8,3ea8993c53d7866bfe2d8a2222926a729803aef2,high,0,0
11345,781350da0571ebd9ac47c4bd6053d3d2118e59f1,94ed87c40b6d216c855258ee879f025c9cd954b0,high,0,0
11351,cf4794fc8a0292c7678dccbff0080b44d37cd703,8c9c2f68fad456d4f982edfaf3f727b79f4bb04d,medium,1,1
11352,b254d13fc59a9f40d324eb59788fe02f7f0534b3,28c0f3b9ac4d8e6af84f0a0ec723fe5bed08ec1a,low,1,1
11353,bd731ec7bfd36e2e46ff4386b2137031ac8b8918,f0e04c50cabc74f2f5b3dda75d4e19132da98509,high,1,1
11355,72273f5a29da3c3ae99282992c9618a046d972f6,922248caebf38f4d97d0d618a03aeabe9c38913b,low,1,1
11356,e9517d2ae0755d70d7227842791ad6be1ea5b193,b0eeb6f5f3cf5c0cbc481839e8c865ccbdc696ce,low,1,1
11359,f0e4a0fd99d2de52dba2b228cf792fd0f9a39b68,3868cd0a64c1557ada7e26f5e8c2e8909283e91e,high,0,0
11364,da37fec998039950879919653c839bdcbde823ec,aba2addf57d19f055a0e436fa92a70ad9f8201e5,low,0,0
11369,7b71062100d7e90542c5e0c74462c448ae1d7617,de1efba7f8d6c99e6ff67e49b4c47dcd5664999e,low,1,1
11372,d488800cf18366b77f0eb0b11a7ac82472287dc6,a8cd21f71beff1f79ac0f117bd7bb0ab8b03369b,medium,1,1
11373,437ab9090e893b119a4d599c736e24d7e1539665,813b23ec168098e9b73b896d54a321a0fd5da432,high,0,0
11376,50ec9ebe53d43c4be72a5bad626e976d601684a5,df804d8e6c1b71ee795b881ba13b9efb35f50ec6,high,0,0
11377,7c31cbcd315b7f1f9a53e14665d0a0ab2cd859e0,2514272bd8659e5c9ce884da59f755bacd2b76d3,high,1,1
11384,5bb7d730b134fd52437162f276d09246f8c1abd5,29d1be919e13a398610d4c29bc08d7a9639f8d4c,medium,0,0
11385,a7a6a399b780db8c1a1e990974b65a6c9710b0e0,ee4b305223470c8dbf01f90eebd0be667f482f98,high,0,0
11386,72d46c4ff3aa6659d53bf65dc15137aaec4800a7,cc3ce16cef488fe42856f4c8503a34ed9a4bb82f,high,1,1
11387,d322fd72492dd1329b69ab214aca9ba254e33a58,225ddcf1f25092f8a5a21a07825160a2dfa64c65,low,1,1
11388,495cc2962d0accc1a7458f5edc64c1b1e20bf27d,3f78dca918756bda8c0328e7f4ebbbf08e7605cb,low,0,0
11394,2a72506d6b2e4ce1353114ee143f3d232e61a969,29b5d4338f1bc1cc3d8f374c319939ff80f3b453,high,0,0
11400,c80361cf548a4c76999d792b43578e33723eeccf,52218b7290ca6ee500c29c350ef259ab6f705f05,medium,1,1
11404,2e4f7e80cc3e9bde5137877c9d32edf4232997ca,2ef7a3550918dad3c18e1e3326657f39fefe5718,high,0,0
11406,b344b9c1efe875c34786b7dc9286bf860d9e67ab,f8e38aff2d58847f0e090777f6948b0f744c8365,low,1,1
11407,4ab2692af5c7a3df9a5afdf67eeebbd5da7e8fc9,44bc0857baddebf24806fd0491c7775990e1dd6a,low,1,1
11408,902551c32e526c4a1dd763d11c6792554660dc5b,6c736601a7b2b9d4982799e658b1600bb877aa68,high,1,1
11410,10860bcbecd4f544b2167d569c42bf902302968c,f6e22d136a384066b48beb05a1036727fa30b095,high,1,1
11415,38156978c948c76c7bdf8a0e14c0968c27b7345c,1437e445c8c1b33aecc4aded363994c22596a7aa,low,1,1
11418,066c756fb7069d26bd999e40c2303daea5bc19b5,12ecba05abc55ad2c34abe10ba191a3183ff29e5,high,0,0
11424,dacde776186de5e046c0f0fc175a6cff11ba4bc8,2ac035d01f78545a8fd615b6c57da26784fa2e47,medium,1,1
11427,1cb6517e79b5da8aac48f4f04cccaf978829dd10,f1d924550f3d830bdfb547f1db3680d35ed14f9b,high,1,1
11434,61bbb7a400dd767d0100ffc91460466ecf4d4681,958fdff071c84541ff5cb6efdd05206d01e598ee,high,0,0
11435,7efdf5c6d8b0efec6b9f581a2b2e9175f4bd861b,31e102c9b0465e4fd34a5768abc7ccec33cc9fce,low,0,0
11443,5f10ff298c29e48e825cf30bee6afda68bc86ce5,b8af74752773a92dfe49db330d64c5e1aff1308a,low,1,1
11444,77925e3c13d6927e2d79c9c48ae4f3bba0e41c13,e33e45d196c0225b6b915d5fcbf974711137dc1a,medium,0,0
11446,9fb9521b60fdc96cfb25319c45895f1094aa3c0f,0286719f804c3ab10fcb34f2d86f55a0004bd929,high,1,1
11448,6d5afc4f6d45d35ecb63e41e2efd7fb8f40b3edf,70f44257f5ca8f03c231012f0bdcd1672575e6ce,high,1,1
11451,55bfb228fe8f1b7c7f371cf5368711bbb283095b,69547067b10781badb9cb1ba767a5abd60e19081,medium,0,0
11452,5430e2af62527b40d63196a193e152f3d37a24f4,b66f6ae0b3e4913b5ac35e8741031e29240fc4fd,medium,1,1
11457,7e756201880206afdb131aff1753fed66e620d57,84dfc4cdf2ace49f09a61d9aa8ef33832eaecdd9,low,0,0
11459,f53e8e88bb67caaedb99bf07fe572d8949f79669,2e3bf7fdd0a272d2aca11f580d5fd255ed93f80f,high,1,1
11463,a78b7ffd7559b385a997a48bb0f93fbfeb31beae,3f4400c4acc6357225d50ae8559461b84c39acd8,high,0,0
11464,efdd95b480596339e38e9d93b17ac1fb8edf2ab6,015e27b58e1abd0feb28f349840320a0068d35fc,high,1,1
11466,8310545e5c0a3bd237a6657218ff1b9b5644aa8b,ea7763544111808b9fd694cfb8d262d23eb95165,low,0,0
11467,27e26a2f844c006e532cf155652e8f46cca0a4d6,d179f6d8bb49ff6d77f0b312c1fb7498aa93596d,high,1,1
11471,6d6a3df1898bc38f3b826e6b5b9d7585dec2359a,255796012757ec232c5e43fc371da04ad2807c7d,high,0,0
11473,4d2e5310fd6c2d210cc4cd283b21fc733923147f,8c5243fe6776c4950afebcb14001ecdad362aad9,medium,1,1
11476,70b28fb95137e1a122a29052ec6dd97c6b9ba972,2c2de0ce3c37e7f41af05c1adf1c8f2e3f2c8370,high,1,1
11477,c7343a3b69235729bfd7350c1fb7195b883aa8a1,d63c7a6b548f25adaccdd3d0fbfd9f5df844aba0,high,1,1
11481,4408e07803dba0cddd3ab38c40b479db3ad58f76,2cde916b2fbe21f2a3c11330b9d79288c694d307,low,0,0
11487,48b2e852c36aef2566c1c55e9617f9531ca42966,591d4402fa2c79e42c3eaa41ad3b34e74b4450ee,medium,1,1
11488,920143c3118b74b7a409e28d2ade05f35847a995,bb1dc16e015a648c1e2565a9794582644a155361,medium,1,1
11492,59549bfc5aab3e1793a9b72903a853e2507f6165,836a0ac4127ff6d672687467f8cc5017d7651200,high,0,0
11501,2a7a50392e01f145c6a7997c3eb63baba2ae7378,8d0eea8c1f2ee37abe94a9e1eb784dd494855714,medium,1,1
11503,89e9b986d0d25cb0a8bbe080f47d4d64323851ac,b497c5dc30a333bbafc1ab07e7b60b5c6984fad0,medium,1,1
11506,9d3810aac2737531cc6a0d39ee7cb698fbdf9bd7,eff89f382306c6b61432edd01c9d1e591468f21e,medium,0,0
11514,98a6f2c5161544f1d083bab05a970a5e47bf2810,e9d11cd3dcbdd8fb0995ab1fb0bc9f1c789f0e6b,low,1,1
11520,87ca1477da7255b349822f155c662db6164d11cb,d2467b6698f567fdc4e528d0757f88b2099f44cd,high,0,0
11521,12bf89b9404f04313af43643c6b8e9584ee115f0,dc18dcf23828097a4c549cafe611fa06f40732c2,high,0,0
11525,66038016fdf2e4fb9c78f6523c2d03849a6f9d16,73eb032c78fe2b37e198b642593714c719c4a271,high,1,1
11526,adbcc6f310456997f24b06eb7160388426452473,6a65430ff2be71d4b50d71e7e9f72e81c620625d,high,1,1
11528,f1f45bad4ae0043debd08b579a7883976ae13e6f,cae837b594057fb3ef954d5a902f9c9752bc367f,low,0,0
11529,d1f8548fa7715e9c196e54b9f81da82d4bf9dfd0,e6e92795ed25b81b2bb774c3382d79a7af92bebc,high,0,0
11531,a79aaf1a737f181d2b598864a84dba2b3ab9ebe4,a9a204913f7d11fd1ab7fc77e6cce41d7fa576b6,medium,1,1
11538,c11cfc8ad5a3179ca08209c0b24f88bae981b22b,536f0379475b350cc63aceae600c5b7b42a2ffc2,medium,1,1
11539,f3eabf7754721fc98be5bb748491e5fd02ff6646,4461db8913d2d13d42f11dbbb0bfbb290ef45cf8,high,1,1
11542,597293c5dc735568648020c893f6d10c65994887,7979ab831a6b12536d023526f50d3ec98a20dd73,medium,0,0
11545,7234b17024922fe73e0de926398427951111124f,252100a87ffea8360c3c8b6c2749e315f55abdd6,high,1,1
11546,4a4b6850dcd66df76300aff5a49eea471adf8c40,00979cab127ad7ed2944fa3b547390f9936d977b,high,0,0
11551,ad6a3e3b35a999033607a69cb24bf464e16d08c9,2adbf05414fb62fddc927a03bd391b994d8c3667,medium,1,1
11556,d4450cc90e4ec378701c873e338cee9021cb88e3,a4040147a5f746dacdafb2e36d66d7b38b523522,medium,0,0
11560,066f8981072561ed3ae319aaf767f03e81bfa142,d8ecc1457ab7161c95add648b27ae96c540d5736,high,0,0
11561,d33a889186aad235cfe4b71eb11459768bc58fc4,049bf739bfa52ce8e7cc8ea8af778a70c60476a8,medium,0,0
11567,616c0dab6994cbbb1113570f1016b03a02b0245b,3e942864906489fa6df96177063336c7a668c6f7,high,0,0
11569,a22e4c81d82f8978a2452243d302c106c2446eb7,fb6f6a7241c35b659465808731aec9fb816d75e2,high,1,1
11571,a7322557f01e1abb5a396faf2d6b1044032b2558,d6f425007f3c20ac486d2f205975469b947ebd73,high,0,0
11574,b8c74acf10d51488465ec5f9acfd6062acc315f4,c116595ac9dc11d5ec610422651600973070edc2,high,1,1
11575,7fbeefd7cf8de17718bcf63064b65a75d5bd5c2a,4da4076bb649e3a7d6bae153f68be5e0366f14e9,medium,0,0
11583,56f4bdb8d17c5e5458ee65aa6fca4365ec840d22,6f9ad614c61675236ac9157f5ee28fecdac8a69f,medium,0,0
11587,1b1943fee9616b65cd5b767c93476624466e4f2d,4a399d520a7783cea326b3405aaa9c38d89e7a3c,medium,1,1
11588,4afc7fabce6f82800e1805b09b97444024607b1e,4f6dd6578bc4ad51c30c1d028f22074d1a015f39,low,1,1
11589,ac62ea2cabfe86fba1845d67c0db455ba8d59936,c554829421371a33c225f7b44c841419a324df2c,medium,1,1
11596,ac989edaa704956a8d0313f1537e3cd61426bc59,b0480db36bd70a79e815516eddf077063889f888,medium,0,0
11600,4cd6986c1f7d181e9a053c1843c4811dda6537df,46093f08ea3e0380d460285518378a93bad4879e,high,1,1
11610,501543a80616952dec47fe235719a9dfd996e745,e5ca28fe7982ecae1dc32fa3f9bd85ff763b98b1,low,0,0
11612,1fe0d809fa08e3d6ee8dc916633c33a1eafd032d,9e3519089b6ad1c2ab179fba0cdc2139dbe25949,medium,0,0
11616,54c269ea9f0197a4455957669295c822f1281f41,db111c41a26a3932fd490fe6bb242113aacb7298,high,1,1
11618,98de8f51f3fc4c0ff6d80502ad56b25bf4c0115e,ef35e0ce0a789f3ff606cfda27c343fb8b9e6c05,medium,1,1
11619,f44900edde4f511dd0f0497b84b82d55556d8505,4f5380302f853df0c0abb59f1bdd34ac0f2f76f7,medium,1,1
11624,84ec4e31f7450db48afdc7d4a9638f87c6933af5,18b6934940ccba13d231a719e59251df07c38b11,low,0,0
11625,52ed197d7e90cb68f400345ed8bf112faac9d4f8,11ccbcca4fd81a55a0b1abfb03adaf8be7e0f439,high,0,0
11626,66e43e7901c21a8c56073e79bcbf6f49822e1637,62d361eea78493ce6b3d2b462a60e67cdbbec721,medium,1,1
11630,567f1d96e3a05807ad6f7da8cd71553ef35dbcd0,a19b14f981a8b23d970a5e11dec94e3c1e46055e,medium,1,1
11631,bb5e9286aa259930985cca2a2a2cab79b1ff9727,ba2baa521689765dd66512a23955f6f0cded0bff,high,1,1
11632,c01b00641b89e9717b5138060a9ac4f299ec3123,5f5bf69c881fad0e410770cd456aa680a672086f,high,0,0
11637,90a1b357fd6a09759ae92b680439ea81d0dffe92,bcd2d5c8504c7fe208e98a73a67320dfb8c5a1e4,medium,0,0
11644,2dd25f52593d6d968aa1bce102c5812039c3a7a7,03478a6ddafb2a5c5037eed2cfe763f9f1cae673,medium,1,1
11646,474459f8e30648bae42f04c3fed7646f0b4619fb,28a1b9b92ed3b803c4450a8da48a3d06ed67a30c,high,0,0
11648,85fcedf3de90d37b8213865cf39474ce00b5f79f,7f3eec6efbc35401d26f9328ca7eff4f354a2a32,high,1,1
11649,e944fa013112cbc61bcf7e4a58f0c25a525001de,b267a1243ee65f0c77f05d48e025995f4e7f3262,medium,0,0
11650,65a3d2db8bc3a33d0bba06067605516e5ddaba23,bd2632077cfa107ff907014f92161b82c40788d9,medium,1,1
11651,b265137723710edc01be3bbf918727a364b5bed6,28238594b7831f9a6e325e380a8469b270e32d6b,medium,0,0
11653,e1199d41bfc9374085d42bb49b895711f05e41b9,d428628dffe49af583798bdc99db1c5c04044a1e,low,1,1
11656,1f0504d97f343c33706dd08cbcfbc74b398d37cf,9931af6a54beea9b4cc39ae4915922b564b0cceb,high,0,0
11657,ec266a1d97e37079d50d528bb5ab75ce66563f5a,a6a6ae504f8cb5d78acacdf60fa902d4c099217f,medium,1,1
11658,c878261da662ed02ee9a71925275184b6129f937,e5b17c6c1836a1159ede6043c8ace841b5b8edf4,medium,0,0
11664,3d4fd510ed44a1bf34b833372d0bdd6876f4557e,5ab59ec3f73e32bdbeda85430d7379994b305400,low,1,1
11665,54866390cc713ab6a19c8c54bab4837c53676185,f66bd3fc60582b29f049265888cef3c9eb1e5267,medium,0,0
11679,f8a82f08c195a103c065d50926a5ca8531891f5e,8c121d33fa04132d0584a36fe15309e1f5c621c5,low,0,0
11680,7b8f945360c1044b3de41af14ffa806544e54676,60dc1845e61e9cf97208f29c742276698b780123,high,0,0
11681,0baec98bf5893c1c1025c83f97af00b57e4b46c9,fd422da6ccebce54a636f18237ea0d0defc0f317,medium,0,0
11682,d8fa854240353134c71543a8bfcba7433f206117,ea86100f57f1d4c6f6f9b425015933e9c99a88f0,medium,0,0
11688,1572868ddf1bc57b558fb71f8f22b7f437740c61,410d8d8533cb706a5b78fd94f3d23624433a4510,high,1,1
11690,29abcb71e3fc1f90c1d8bf024fd9dbb4b3a55ddf,ab4cfa238422f698d31cec9f08cdc98cc2319a9e,medium,0,0
11696,b224c8c0a78c96ef900186f07852d6bfca4c379b,d1f40f0cd17783b4a1a13b3be07df791d4489056,high,1,1
11697,82cb4d6a088102168153953b532ad128533525b4,e075c1bcd963247a480866f2350f3dcce485de88,medium,0,0
11699,3b643c099ef88c91e2ab4e8e917dcf31cf5e2616,b96feccafed905600ba87304ee0a2d850c93b873,medium,0,0
11701,e47d277b200d6397e2dcedd31ea246087fd239ab,179dce6373eabab71b211b3c3501a59326911751,high,0,0
11703,9356c42d8016b451de74acf717116e1bb0a2c400,f1c4201e82671b759dfa02c1644c94e22d34ecff,medium,1,1
11709,27d62630031f596dcf18beca036203eb53fae364,52d909ddadd71fe33f0bc93deb560b4074f164a1,medium,1,1
11711,8599d6072f5290a57e435f99f3076e3876b18a12,2938581da05dbbd7e9ca106ae788c8751b60b420,low,0,0
11712,f685d7597ac9626e0d8289583d3179ae89865670,703e1501380d5424b6b82bfc9d4658c4675ce62d,high,0,0
11713,0575b3531033b55f4e0ad7fb74a68651c63d42ef,7858225cc0427de48bb4c9185123f591a10e1348,medium,0,0
11715,8c8c9d319dd0adef78d9dd3ba364359c8d6eef13,35155ee81acf07b59bc4e682a919191fb07916a0,high,1,1
11716,08ec5ff6db93dd9308557ff7c4fb87f5f6691100,74e3e7ab948d44662791722d0cb4641f081fd097,low,1,1
11717,5cd39b8db521f7fba87ad10ce1765c1e45c26d19,43d966cbad4de542f8b5c9852d2326ba3ae98667,low,1,1
11721,b94ba43809c08687e6bf23a9732e3ce882b05d35,33bede8ba84fcc0a0058bd632563c474c407c909,high,1,1
11722,bc07c8ac2c8e185e8d3729ca255fbed1111ab7b5,17b975aa67c6ba569b4bb8d71aa39f431bdf5c19,high,1,1
11725,a2aa54f9979dd1e54a5e73e2d6dd6bd7d1e1841d,fbe7b7eb2cf1585dc5fca71c3f1e02b6a27c13bb,medium,0,0
11727,dbb20348c35dfdefb9568eb0421a934f977bfe99,5d2eb8a07f1dcc2980017867ee3690fc0d64acfa,medium,0,0
11729,cf3d2063906bf5b2b279906dca133a7576e79073,2d580d12bdf0ba6da1eff886fd25eafd061cdc6b,medium,0,0
11730,196e6540859712cd7ee9c9d24c876d79ce750ece,ae393c90464dc530624d3bee21f51756f6a7e66f,high,1,1
11732,0b93837850b0ddf04c007ae8b82077b141d08ac7,63ce9bd15c000e6d4678cbb86ec0e589e8a83b5b,high,0,0
11736,4b7752455b4a8b52752b2c5c445d9a77a95f7e59,4b8a8f747cdbb1e346ee5ccd1e52c2dd4be91f54,high,1,1
11737,5e5228cd8bbaa843e7c11941c0afd9057401c2e4,29be0d5d524576e251d6d1295cc56fe6151d6283,high,0,0
11738,fb6cad29b8eadd31e839a5ab00f12943f721d4ff,3e3358152a98df64192f457750f232ce1ed01076,high,0,0
11746,533b68aa86cc12221d83d1589baae9bddc21b7e6,1405242bb6147579f5ba93d10a61e569a581f5b5,high,0,0
11747,3b776c5c203d67986af6fc21fe6c96ae011797ce,5442ff4ed07e26450558b5c696b35b30cf521ea5,medium,1,1
11748,311efc7056b369658ba8dd4b117ad9c9d1d7c1df,b51207a5ba41ef1d5734e0d64dc51fa4dbc1f925,low,1,1
11749,ad658db30301d687276e23435e9b0781fcae509f,8e5f0849dc7389c0f81b33820eef789876fa8702,high,1,1
11751,ba39a67ad2c7a64f81d313d05ebc485ec39b9eb5,80e53e1c5bbcd3c21c71418158e932679cba2499,medium,1,1
11754,9250f414f4460caffe87dff8df3c4d7abc34a9b0,ad56c5e78eb82e594e7318c00525d25e3421416c,high,0,0
11755,80ce648304d9531523fa28dfd427f1724ab46a90,8a9c478a6302b8133f1fb84b062d17275d1ed3fb,low,0,0
11757,0ff30e70a408c107ca50524f9a6e149fde049d05,3c0f8f6aeffc6f67acc856e65a0b533881e5268e,high,1,1
11762,0f6a8a6e7bcbe89282301d8358abc19aeaad6d9c,becbe30c586a82a9781e6791ffcaaadcb7b78427,medium,1,1
11763,fd400a4041d67a330db9fc4ba0d61662f1ee3822,d3c73320c344b0a5a09c126324e137922e99f6bc,high,1,1
11768,85d17b86bdfacc1052e7bef93a32076a259cf095,180125073d374736c3bdad086f1f4948e2963ad5,medium,1,1
11772,b93470642fd152d7687ec407d8338576bdf6c6fb,756036fcb32e8fa9ad1e0a84713515ce3149aa13,high,0,0
11780,318f55549e97e3b09f4008cc1097a2d4ddbe8450,e1f1bb0e7c58983f28576e6605b7889d030104a4,medium,0,0
11785,550554b7f5031c78f84d750969ac9d095fd158f2,3480028652fa7a7f63a07cf1abe2069a603ce825,low,0,0
11789,996ea21e9559be6dbdb43f44c137edfbbd46cf85,29bfc48adb5ad4f13c691fbdce08bf26f594e3a6,medium,0,0
11790,c4dfb8edf9d22cb625489f28d33390bf726c7c1d,52575f4b40be7144176a8d4724efa3f3e749c359,medium,0,0
11801,b6de4711b1010140bd1c6524c2285925eed7ee4f,fc3989c20b800fe722c09de9a74642c96302dce5,medium,1,1
11807,8fa65239d28d6548d18feb9b328d21f53dd98301,a47b167e985af7ccd729cd3d05bd2b35523570c0,high,1,1
11815,934a5352ca4d605fc73fc55c18f79dda2fbd8313,0133f94c578d0ab08722224e2869ca2fde91aad9,high,0,0
11818,a865f6a1f7e49249bfb53b41cf790aa017920ba2,61ccadadb75157748b685ddf62f734fa79733b69,high,0,0
11827,9e48d2ec3da92c6d2055a8e5e484ffcee85d37a8,b0b17e5c22677cd4fddaba5d8e4afa3da2311dd0,low,0,0
11828,0acee956ab69baa488e4acfd3fd6c2b6311c392e,91a29b9ff03789279883154d037c969f20138008,medium,0,0
11830,bc07c8ac2c8e185e8d3729ca255fbed1111ab7b5,184bca17efff0d014c8f6b4f328c8a9a97d36e42,high,1,1
11832,7bc51c7d264102d10da6c655dceea58bb130e7bb,8f016a56b2d33a6a76eba8dc2a30ea7b68bbadb0,low,1,1
11833,2fb7752db60e8e785788db3e7b0f772059e4e0b2,f8679b4f6ba10f26e28b1c96148b2c9fd66b8ab0,high,0,0
11834,70e588827b62769a3a29cea3cef940456d65fcce,415ea10cf66ec99c63e03409b0197e129d5b0988,medium,1,1
11835,1a9f7d2d3ef380d5676fd5afee1f392d4ccd9b7d,136335e37fce2d028362b720f24de12322662ea0,medium,1,1
11839,650cb155908e48631be39de37d2cf9010540b864,aed3fc356f0849d02ec0f80b871b1adf72507362,high,0,0
11843,980f1ad164c4429a8a42685d9f483087066a5924,36881954f6b9519c2bae0d9f19a8ea62bcb2c821,medium,0,0
11846,adc8e794c661caaf2a8ea1c22c4badc08b6f5df0,c2d61928c15356751894fc353bcfdfea1d9dd8a1,low,0,0
11847,71b8d9c11b6a80235e535ffc380f19ed9a37886d,25caa1736879eaaafc039bad9f3566c116fbd878,medium,1,1
11849,7cbae3f6b0326a9b85e965efdb7edfa6f9b890d4,453b5e007b83ae7b65adc445a22e4dbf9e71b7f2,low,0,0
11850,f541412ed90b07edea4f66dca74d408134d21705,32da394e4ca9f688997132e911991495794eaf94,medium,0,0
11851,886bb29fe85bf72bed68328c1f77614cb5fffe74,97bf1044d8de28ff8589ec3f67c948f5ac7bcffb,medium,1,1
11855,997deaf2e397337af10475cc69dd6f7a08c00411,c1a5ea5d839b83c9f294a8c368c9d350be6c6b0b,low,1,1
11863,6f053ca1ae4adb22bd39391701b7e94b0d9d1f36,73b1942527a325ccd0800aaccadbbfb0d235b7b3,low,1,1
11868,c36c4a7182b869673e101f46ea6c354d3e693241,d7ee8aabb9561c458eb8bde19b8f4eaf57923ed9,high,1,1
11872,848b9d7308281603727234696218a16f291d01dd,77c0c159e87a8e0956d1fdc945693653ef42a5ac,medium,1,1
11873,02df244a77a6706a30dbecb3005d59f9cc860553,fd799b518ecfedeeaad9b649d1041a14daa81675,high,0,0
11879,45875b8dbcb3bec2426a8e8248f0a963db29f170,f4fc0071b18101f8eece8e90979225cce822982a,low,1,1
11882,3aafd0c15cc04313e8df931ed6030efd9001e860,5ad2b466ce9ecf3f1ad7c908c8608fa50a9416d2,high,1,1
11885,1e69807dbf95d823a9dc31012d5025423c679ea0,9aab784f89e7066ee12db3871711c42d05df0213,high,0,0
11888,4e0b0652791186e18a6775b8467a2157cf7be580,79fb540629ff8e5786036ead1c60a2577c6a7df2,medium,0,0
11892,be6221c543cc9ee27a28a809e5d9b3b268dbba6d,0024afd7bad95998a6d8d50b81590909b7b98df6,medium,0,0
11897,4afc7fabce6f82800e1805b09b97444024607b1e,696829e82337a523b4cde2197e84b97c8fc03a67,low,1,1
11901,85cebd1dcedcd07a2176af2dbe899453f57e5554,0fbd027203c97f0a38d51c3ed359d6e5c36c0aba,medium,1,1
11907,1c6b9ee763151973839caded03d5f2133797a3d6,ff3dd436e79881d59bcf4fcb507c45cc3b32554d,high,0,0
11908,e2eba38e61b7e7e48adf604a685b4ab3c7590dab,182660e28866a157453a92ab44cef2405187dee4,low,1,1
11909,a51d3218707c93b5f5901e931bc426fd14d83e32,bd851632713dfcb242337525988a4f8b9e1c8e0b,medium,0,0
11912,7e4afe3a658c9ecf854de42051efed78b8f5dfbd,d1a47268c3d5715959c6bc27a8b9793412dd442c,medium,1,1
11913,ae2e7815a6f362684f7cb111b2068df75891def1,41adf1e46c11355130c4802bf092d8db956d711f,high,1,1
11916,e315a9bf3d0f49ddbd84d29bbd3a65827a76ccf6,c5bcd707d6083f41d6ba2becad934bf71b9656eb,high,1,1
11917,d0957f197250b3744fec40a968cca198a97a36ce,14f4ba9dde2ef91a2c33baa018bda5a6ff0422ba,medium,1,1
11918,1ce5551f7f5c5456f2e0a8baa515b3a7b51546db,728c13645374e82a662293a8b3cb0b0f0ad0a9ae,medium,0,0
11923,ec4ef5f8778190e7699df16a7c9e85c8a8a537f1,eee6403603b73b333f8689b358eae7d99779abc9,medium,1,1
11926,fd7631b814803a85c163dec0899a2913a8fd2c86,c0dca8907616832f705cf0c952991ea3c9d36140,medium,1,1
11927,af7bdacebea4e137823a949cae20f6dfa314dc27,989d583afd0e7e695c7a39f16be8ca809aa3b4c7,medium,0,0
11930,9f58dc80568e5db269b51a8895cf9cb73254ba6e,94c4af12ffa822a6a3892e916fb3e9b898a0276b,high,0,0
11931,1cfc3a49a9450f09cee68e1c9b8a783fe7d160fa,1574db376e3cd119e01d1741f134b28ccb232588,medium,0,0
11935,5d575ce1ddb5b70ab9debade6fad65c338ecf1d3,e8d036291cdfc8c7f55fba2156a9a72f045b7973,medium,0,0
11940,5fba94103a06a80868d50dbc9d4404b230e3a17e,803e2dbd60581496ac56d2c7916333d5dccfffc2,medium,1,1
11944,936659ed4f2aae7fa4c6aeefd24f9b01a04a8ccd,a949c72054a8be8597b8bcd67d2386144030ed00,high,1,1
11946,834fad763ee686130813345662788fc39fd15bdf,b7d0ac7a165696e387b2b854567f0699c6e071ed,high,0,0
11947,cc8be993a55f1d6d3dc8af27040e3978a997e434,8ea95c84bc8a89143561d9117bb791ac27540a10,medium,0,0
11948,7d81502dfc3f85dd858eb57db45ec87588e238b8,f433e2a97f56f49bf79382185aeb0644ace60354,high,0,0
11952,6822f01b932e576e9da76363382cc745a82778bf,39ed28bdbf0b377cc2c78f5b638be9b05f9992aa,medium,1,1
11955,9a097611e074a25e9048cb77428697717a0b598f,48589aa95e5633257dd0a4ddf88d82e4f349554e,high,1,1
11961,82d925a4a507ae2705b0646c6f27fa4f3b4c22d2,fe6c661339798314f6cb3c4f8fc1fff74f9fbe60,medium,1,1
11965,33a893b219adc5204229ae8be30e8f2aabeb9ecb,1355bd4158708d58abd0ae5c709f9b4f4d6e5534,high,0,0
11969,5dd889353c2c832bafb59f2f23b35afd1a9e1540,863479cd90a97a77728e12f7f72b3dd1790b1017,medium,1,1
11972,a89888293b9bb5e1438696cfcd37f9ca5328c50f,5babeda81976b49d632f25db106da41d7f9a3834,low,1,1
11974,e1eef84764b1107f9629e75c82b43cde1572aa04,b10da3cfb86952721c7e55c66417d1bff3bd0bb8,medium,0,0
11975,f9f4458956a79b50a4c7678274689b0bb077a9fd,a6dca686710644552e05451bde733b0364d240a2,medium,1,1
11977,ec266a1d97e37079d50d528bb5ab75ce66563f5a,4b1bbe7039ca80ccd631bd49cbb082dd9c4d28cc,medium,1,1
11978,e6ec234549d8702be3097cb5a70d2207156312ba,5119590526d46daeb6944c944935af370fd65bbb,medium,0,0
11980,88eba5e685d1eb926ecfa4e7ed065de523558f0a,82c3ddad58b8657d44926315012f15279ddd74e6,high,0,0
11982,b6b9bd84853d728724b0dc5a1ab902bef91ceb9b,fd148b1eb0d7c7afb08ed6bf2e03525e20339226,high,1,1
11983,17364755b6a29572e434f1b9cbbbdece4769b6c1,12c041b1d8fead63fe9f620938ecb3d731c48e59,medium,1,1
11987,fe5e02254bbe8bec676c552dfdce44c50d8d3770,219d855f54affd83c602801e4ee4380f6ce49fcc,high,1,1
11989,ee6900d903e1ffac2fc7c9e3eb4ff6ef0285db01,e2f692330f717f818f00ef747af0c95fbce7be13,low,1,1
11990,03f8c1b2f5003233ebc3f7f95b44241622b69db7,5b4e98afc61864da1302d7b19b3827d44107e223,high,0,0
11992,24bf2e8d0f2a64aa51871b4b3302ea3111b5a971,828b38c2b805acfacd7792254bc04a20fe3b01e5,medium,1,1
11994,850747586e73606eed0d44408b48dab21815af3b,2788a8136bc1ae41dcdc2c69dd6dd674e44a9aea,low,0,0
12002,97aaa8365398e2c5905034775a72e4743298d98d,d4be564c35cf8c9327e59d198a540da3a70ec932,medium,1,1
12003,c775ff389963ca9599b3f11b639a8b58442dbc34,9c1f36f7f5f87027948c7992c982d4e203e99ab6,medium,1,1
12006,f28b08b671a3fc1162ecb9044e6838ddf71d48c7,e36deff99fbd179817db2d303670a55928698578,low,1,1
12017,c895ec370c9181b70e43d33a5ecb11cd6206dda3,f7a0eccd29650945b424670760a01f53e1a4e527,medium,1,1
12018,8feecfedf34776fb67474627967d38b6cc7897fe,ab934195638108c69c255659542e3320a6fb9d84,medium,0,0
12023,d265f41b60fc1353e43897d25463bc8893dfef43,6734b15eb98a2ab74d435fe72a77cbac7a2bbf0f,high,0,0
12026,017ed49b781f1a77fb2917f6a8eebd0003cc272e,812a85f031da14ee7e6f9f6c1069616a3753174d,high,1,1
12028,f559141b51c99e35d07e9316f028ce04beb79da3,9f0319b67f21ec0c0d7b6c112f86bcde125d900b,low,0,0
12031,1cb18950e045ccbd0f80e4dcf3f7a35b963963f4,3a88f6a948ee0f68eee527f09ae179fefab7a6ce,low,1,1
12033,5e9e9c61f48b0ff5c29534eef436f3e4f964e5f6,26b14ff09952fdc382fcece6d4e548228a065ab5,medium,1,1
12036,a1d63a31db45d5bfafaafa32c43f5c41fb9ceb33,4b076f7793a1e517c191b69f5bad122023a8b5d2,medium,1,1
12037,e878eb5dfa6cc787abed1324ea15e83f96b05380,ee5af0ff7aa9a28751ea30a3c4e6572f6f6e9422,high,1,1
12039,afc171a407248d6c42556d1d63b596e5f804ea02,1e53ff560f2bb023be785a1b6d1c51c353b6845a,high,0,0
12044,fd55269814980db4b310c38bedcaded9e3495c40,46314eed9d5af620ff375528260fda3d1f1e9310,medium,0,0
12048,5f2f18cd1d97318265f0048e40cbfab25e360041,058b93f489dc647f90afc44922d50bbb561edeb9,medium,0,0
12052,87cf89025b26fd2c77fd484cb3f4df298a2bea8a,4676f7f1163f5c41390d726a42809c7bfe6ebe5c,high,0,0
12053,9447113d51241e0848a8f43cf2519641c5b9be4a,aac1202f0e4fbfe5d0889414a6a14e39e9679234,high,0,0
12054,73815a09296a3674ff429682c07c1182497ec45f,03b93bb49789f0762f6588af904f18bdb18a9030,high,1,1
12059,18ae39a02091519a0e44b97ec0632d3f36ba1bdb,d7571f3d1194d316f49aabaf1b7b3074fa9adcb1,medium,1,1
12060,fbac7078b7d5a217f731c18ba33f57cb3b4215ee,b977a95c36f3964ec179854a00da03c35713d085,medium,1,1
12062,5bd56203b9fe41222ae44da0bfad56a989ab9c29,343269028953329a0d93794e738707e12e3842e4,high,1,1
12063,963c001af622c214c2cfd8bec1c83b257dbdff1f,759b5b1f2ad978f664c7269182928a0838af00d3,high,0,0
12065,fe3846a0990496beaecbe92306fc146fe6ca1470,fc92ce6622b256644a01c81236a1a7e5014f5153,high,1,1
12069,01cdbbf068d4f248aa859dc8eb0801ce080ba1e7,a0b552f3d3000b03ef1b4eaf41c8e6672c65aba1,low,0,0
12071,408c6c3782c9fc9465b2aa1828be96c0fd0c2c0c,fb999759168479f7fcbfa5a9e54e5287586935e1,medium,1,1
12073,ce4a29133e52da2ba1546d116f50154471a5c8bc,ccefe77aee33a05bd5f79340b9d842439fef6a6e,high,0,0
12076,2a373c1dcb861d295d9eeceb272c6a9e25e54176,dfe5e39ff51d7035ad631213d9ad3be66f891d9a,medium,0,0
12079,e4b30f2a09a3f18f02dfde53877180844811960d,e393ef3d738841c68d58faeccf11e54e7ea6d20a,high,1,1
12084,1ae4125a645f6389419ef3b5aed8c7d6e2870581,dadeee9fb2cdaebedc2a6b78cebf7b85b0ac975c,low,0,0
12087,b4407b98136c3df10ef4ce38b8a7586062b646d2,a4edeef89ad4d4c953b5cba402b6d78168a80385,medium,1,1
12096,bd24c06b9f89a012d818b851de43a186a479b83e,386286df826ae5e628a394bca92af5f30c60e4a9,medium,1,1
12098,6bcb6fd72bf4663fe4b6b9ca89f610d88c3952d2,b7a2f31e8f8f7bb4304d9bb4da0434f5e1d5012d,medium,1,1
12104,8bec00edc26dfa9009be73fbb61bedd85cdf2b0f,48e9ab1c1ad5f72f0a43b09f2a922af74df76b46,high,0,0
12111,97bb2d37805fd2dd2eb7d740a7b03034845a6f0d,58667428edaa2acfd12cc43e96c475ac01f7a5f9,medium,1,1
12112,5dcf533920822392d6f067385c0ef90e54b6f06c,54258c6e852a3cf1743c202acf93830e670075e3,medium,1,1
12118,7e724542b7d03e979d7d1ecc15a8d41d8711bb48,51c65b46f41417ffc95515253c0f2e5ce012a86c,medium,0,0
12121,0a734c36f8791b09cb036b43877d3e290d1a1931,9857f31a75741709ba83cc020a881534d0afd5a9,low,1,1
12122,84f6b884d6524037946a39c14c8f0c1024519ef8,34e66214c6881871cda3afe165092d4edf8032ed,high,1,1
12125,0a4cf8118faac3e3c37ae2c496292cf37fedd50f,d2c1ead4b3bf08181b7cb64e809b646ec806a811,high,0,0
12134,f9ec7242cf6203d47a03d4e5f95276cd240d680b,13be7d3784fcfc8dd2a070e7164da612e040bbab,high,1,1
12139,71666ee4d05577e5943996dff6607dc74ce93e36,0da1e00ff4784c9ec03810212a0f709792d1dc8d,medium,0,0
12140,793686b98a37a580c83578f75a051e69e6a231f6,9bbdb0e81ec9c930103a0e6c6578d182e77c8546,high,1,1
12147,29e311ddd236e3a8d65dd39950dfff41cd8ce67f,66dc256b72b06b119c874a0ad3c395c756162b5a,medium,1,1
12151,0d66961347b2a97e51e4a3f1be5fe5ecfe6bcd85,31e5b802b40b3347b98e61a3ca0920000ceadef6,low,1,1
12153,4edf87a64ac4c19dfe4db6960f6d2cc739235433,f0b4f4eac996062875aeaa158043900c76fa22d0,high,1,1
12160,0ff30e70a408c107ca50524f9a6e149fde049d05,1ec34630a59f03cdd7cc534f7f9292c1a66609c3,high,1,1
12161,f8e4d75a8615304d0d7096c092e71e79d626b787,00f999997fc7f6dfbcf44060dd427f5617b06771,low,1,1
12164,ab9ff03ef18c0cc7bcfc8bd75dc611058afec6d4,7f4ff94507ab99ef5c64eca39ede06e69f1a6750,medium,1,1
12166,b8729af44cc3acf5de87b7ead725380ae7647c1b,8083b688371e5dfea3da97861b7b1f0e62d24805,medium,1,1
12170,a254b85b83ccb1225b2a6d82a00d886c31b792b9,7cf90a5daeff6da33a740c6f6470aec132deae50,high,0,0
12173,c5762392c1b4c2c6aaf54cb4cf6b9f7112a38d9c,1b96362e5c9fe908867a203b9ac5ce26be6df711,medium,0,0
12176,eaeafb5810a564fa611576429a85c229e686ab8a,2340e4fb44e9792ba1e406194220bf0083b83b78,low,0,0
12178,ee6900d903e1ffac2fc7c9e3eb4ff6ef0285db01,b2c292292ec77f89f6db55c7379bd9c94c4e59aa,low,1,1
12182,0382ca98b24b0d28471cd1a6c8e8db035e78854c,d45dc40573660b4ce18c2566647328b4e0d9ea90,low,0,0
12187,d77058cdc4bf0af05495f5169d019b4665b2e16b,0614b80ea9b64fb894c74c71789527395507002e,medium,0,0
12192,63866b35615bbcf3d3fa3f96f0a22f232afdd3e0,d6d5bfe1646fb10a486e7fe026326d08f2861746,high,0,0
12193,beb86def3f9eb3f92ddd12737cde335fb12b0b92,01c5848bfb270ca6ad18e0858c5c9fc5a61d63fa,medium,1,1
12196,f517fa7a65a8ac2b16c9529fcffeceeecd45f476,37ea4ded631f39b0591797149c7e4f066c453416,low,0,0
12198,232cc2e622de52e103a3ff9c4af11a0b3258b757,5c993478c7d029db0580240eda6c380adc146e17,medium,0,0
12200,e900446130ee3a935a983195c77310d8e6905cc9,9cbe5c4c55cbd089466bac487246fb497fc12a5c,medium,0,0
12203,44686d5ea4a345395f9bc4accafd4f08dc8e15a9,bc5f99c99866ebd73ada9847c306116bf092f4aa,medium,1,1
12207,c883d6047ee30eb9f2fb5ea1dd291a98d2a63c07,0e40c9fce61f68bdab49ba0d2ce93e38d85acbbf,high,0,0
12208,481c819ed4aa01248d6142bffc5aa88719ea9d53,0284927f0758816f8aa113395d578b50d92f4614,medium,1,1
12210,9161c646edc7bc1cf2ddf1069d0381b7da04aa44,60fba182c30fcb27c5f7fe962f4ec34e117e3e24,medium,1,1
12212,bc0c6ae5e0d6b3cbd0383b89dde6c6be40a678ad,200bf057cc26b38ee8e556c1bb7ff38a75143bd8,medium,0,0
12213,7611be16415f71b4258978fc35aa36bacebba380,ac63c4399a7f35aafc01eb4e45b75c7b1278d105,medium,0,0
12214,8098e0b3db868722b8c758510d26b0688c6a5f08,1358c635cdece5d1d26b537c31ff2277d5a73765,high,0,0
12216,7a3a36fe34284dbbf1aa06c0b87558230a5aca3d,eb4163b82099c600ad59e60a4ff213f74e2318c4,low,1,1
12224,29fb0efa4f99137776ecf3cba720953d7ba8d0a3,662cf3f2d5c903ecb861146091572064713f8382,high,0,0
12226,60a9755d07ac0a1f67c3600381a5e039ff3a66bc,79fcbb17bab512e7684e20001f5255920c15649d,medium,0,0
12232,8152dbb1fd1ba9238394658ba35b7b64f4d35acb,4b8023ec223149795085e7d74cb016896326561f,low,0,0
12235,cef14ac61dc337014351facf36cc1bc34abf8c9b,05b030093d13e8fef48df9dc24becf9b51b83c7e,high,0,0
12237,e3ab008846f1c0594edd934b9a6ce918844775cb,345ee9ef4688f656b1f881eb79d9a0f9443370b4,medium,0,0
12240,9276d86e8fb347ba0b4277333745de1396e87f82,6cfeef7c8cb038d6b9af993dbb9df9bf7272eda6,high,1,1
12244,e80ae11397a623e87ac3464c8cba9e6cddca3d6d,f9fc226e50f195f989b718f3286cc7135efa4c57,low,1,1
12248,29d1912c582d42735bdb2e17bc2f017f4ecfe48f,2c8e93dd726c385e3916c032ae3546175f3de953,medium,0,0
12250,02026c5dab736eecb7a11f28ad3677e635b7d1cb,88aaa3e526fa14286a2da0496cf87bbf8b68a649,low,1,1
12253,bf1816c6963fc0ca2dd02e4d58238ee409888f30,a01ce6bd83bbb5ee5d6757328b3ba56798a72a3c,high,0,0
12255,111b37fdcdbd15fdc5fd8682bb91b238da9a4427,8bb96391bcf7265a0d06d220d20af7ed0cace342,medium,1,1
12256,069f99f35b38701a1c812a3af813728200347c13,c5314d9ede3c28effc454f441dcafecd8f6f5bbb,medium,0,0
12259,9e226f12b3b37cde785315fc79f22529d29d4d63,6c341077227e5d8833a444058a3ea8304a8034b7,high,1,1
12262,004ec620b20bbfac8714a0861cb8ef20c763159a,0309b8cd57017d1a3b3a1b5c1211eb0a7ed4c066,low,1,1
12267,c71b30e1d4ca0fd294d4497e28f90d4cfe91e14a,8fda26fc77c626c99ce03e12882696ae1c210873,medium,0,0
12268,69bd1e617961214de65e8bbb1a21680c8fa20217,64d0292fa8642030e814003d752ac853fb6b22b0,medium,1,1
12272,decc0356c018ad6abd5c43cef8bec9ce5daee6b4,b9e916ae6853fa971da2f6a07cbd56a9e3f0cca9,low,0,0
12273,461cc962fb463a0a1b314add56a0dc788d42d111,11fdf3b393b4c4dd543f1968bfa62988a3158035,high,1,1
12276,825f28a94d7d5f687e96683653c0bbb262b07e0a,5fc17df1210d5a1a9edae29a7642263020a21cb6,medium,1,1
12277,943dbb11420eae0dee6a7d129cd09a840b01b074,f626cbb4697795e1a78c87e8f85bb7ab1ecd5a0c,high,0,0
12279,da60378bafb0cdc1e97163a0c8e3b1b6b7e1354f,1624aafa2de593a983aa5dfe90fb2167104ab3be,high,0,0
12280,2d30bc9e01ffc6e0ae99f979452bae1b1c901d8d,adcc84766f09349074d8d0b6a6d7d8c179f78fbf,high,1,1
12284,407cf087babb5a6a3fd0caac060ccb97dcdebbce,9125844d92ac99ec1949fb2ce9fd00781d63283e,low,0,0
12285,541e75390a93df08fba5311fc6981be33e4b1f1d,33b4c763d3a517364a3fd04d4424b5c0a8b4d743,low,0,0
12288,67f6f1aba9ff695aa8368d9e6a844a004a33d2e2,e87b4d78223bcf6654bee7552e1de391412309cb,high,1,1
12289,3f917296f296d01cb79f4104b89e5ba9b993131e,cddccb32e2f859a1743e9cdaf1e57471f1dd39c6,medium,0,0
12291,ca47aced77b18f6326b0b360d53b6085dba401a9,0933ad81d74eeb1f90e895add4408ed5451ed032,low,0,0
12294,5708bb9b8baaa9e197ad7ebf8efc9c9a1e61aa04,3fe867721f2f117e8475b1d839f4a426dd73dc4f,medium,0,0
12297,c04c6d56042400027d9d6d97eab7b4360347ea75,3f112e4c217c812cf328168365f20e63da54e450,high,0,0
12298,b939c3d050adfe81bb329c54dccd924b4cc9ea12,84e766c67d10dfe0e8be8736b52729cf3b575a41,high,0,0
12300,6890d95033dc84b106aee0fc7baba0e59d80eab2,0db18dcdeda53a102c2b57cf322ac994f0d3eb07,low,1,1
12302,d5542338934035a5d48c0be89758783f489c7b74,3393d2465ace9482e0eaebc50fb878a62af1f49e,low,1,1
12305,0d52f9f246b85bf879efd12ea22049559b643c09,50951030d9e6e65f2e025d9c3906bc73b94ab419,high,1,1
12306,4cc3df3b6027489ebdf4dc78f78ddad9a873a30a,5fc440b55677ba404b46a925428be9b364a4fade,medium,1,1
12308,b6a5ef5fdf37ca4bd55470996da61554b8aa9bc7,8ad108c997462d3394fd84b5f32501b59868841f,medium,1,1
12309,eb8a86cd2d3e495ab89e3ab3713ea40bf24f3372,e83dfdb4035bf70e726e7751b66254bea4159568,medium,1,1
12310,ab6eb88b50b766e1f4b791555fa11f4b5e1cb742,af2a9c8d1c5197a9d646f478d0e7eefe90cdddf1,medium,1,1
12311,92ad457c7b710a38f7ffcd95f7de1b5dae3dec5d,bf76fe26b063b227fded682b39e4e3f8ea8720fe,medium,0,0
12313,59549bfc5aab3e1793a9b72903a853e2507f6165,3f97048ee81ac424b2339cf1586a4cd92c90d6b9,high,0,0
12318,7136d497b67996412d65fc60d7d9bb3d17f48567,45ec2a042ab91c6a7a5f8e02c70441d447d4d719,high,0,0
12319,d21ae046986896514eeb1bff749619eb6742b9a8,d689758dacd96553372f449affbfc901ee8a514f,medium,1,1
12321,1d3b63e158c4fc04c51b6e6a1cd570b10c0d9f66,5bfe8a0ef6494cc28955c427635994d7725ec9a3,medium,0,0
12322,57d9f2d7e614f599c7f5e58dce6bab28eac59585,7723b7239153f0de9849f56f1bd4de4ce91867c5,high,1,1
12325,1c1512e8ff1e4d1d0694c76070d16e8e18c15447,9ed9e8478dafcd696e49c3831d100af659c00256,medium,0,0
12331,06dff266100456805ab7a1742285d26e34409d93,6b564d29eb0a0d28639c0ac38296dbb0c48a4590,high,0,0
12334,b5bda6920c3cf3043334bffc57e069097a250601,313b53163372155b2bf36d03e7abaa133540a20a,medium,1,1
12335,29e311ddd236e3a8d65dd39950dfff41cd8ce67f,918617a98f58dbc699fcaff66d97f01068c53b16,medium,1,1
12336,90df1fd000b1140dee0529a02c84c61726791f8f,6cff8f8db9623d3c3cd23848542656756d259547,high,1,1
12340,7fe437865f6f7c5080d5447b22d742d8d5af92fa,f1b8d5a426bab390b79fcbbb08a98fd971b6a9f8,high,0,0
12343,768bd6c7ccb9bef041a71bb51e59cc2a445a1284,9e4a2b9baeeeda44cda130869e95f5583a2d0526,high,0,0
12344,c1017db147fe9507056c364acbedc88c60532b7d,a556bc03fde3cdd6b42ba2cf951ccae7170324f8,medium,1,1
12349,340f51fd2262e216e767d683db48f60d1fcd195a,dc43188d681e62cfef27aa733455563eace70078,low,1,1
12350,63c8f73b692117390f40825b3a3438cdfbcdfefd,6ca0390346be5221d4d7e4b9329538c58c705d69,high,0,0
12351,68b190572872e3d69d465a5d08c480ccfce8cc7a,23bb863b654b93275aeeeeddd78b4581ebbd92a2,medium,0,0
12352,58e8563c0608f56325a0f20e08d3a428fca4d6d9,de4e5e350e5e4c9acd367f861088036053dfff56,high,1,1
12358,d45d4bb6c4cd748ba99954722691a70de3bb131e,546fad06b2caed04e3b3303be1cc05fafadf6d14,medium,1,1
12364,78faa84f3b7b735be013e30896393a84938c0107,31c6c96e6e7d0b2267c75a0bac7f515bb33bacdd,high,1,1
12366,6ddc8011ce11ca9a80c588c40b8a20beb47aac35,f4adc9bda2e1a7d93e4c040944957eb5d2ca9449,medium,0,0
12370,eb2b290909fe6d9bb557859d0c61ba1ed12d71a3,916544768b994bffbb986f2092c784cb762309b5,high,0,0
12379,1d8c1782ef7405b6ee465c6f9b470d874ad44354,85052c3b4091efadad793632fa3b5eeb52ccfe29,high,0,0
12381,6f2b22524223bb1372dbd281fe9ba5a0ab58b923,2b2f561fe0abb55fbbcd6bdebe3f8e5417309d95,medium,1,1
12382,ff61cae86e1f995fccf2ff8fab0093eaa8a4dfb7,62298cc152bb20e75c7f3e337ad0b4415b1326ec,medium,0,0
12383,6246ecc115fd5507fabee7a23280830428d05f42,75307473378b84a966ff95d7b5bedbf122f577c4,high,0,0
12384,d5bd1587a20d9bc6619f9402702ca407548e49d0,9ae7074f99a883e4a853103af9daff0c69b1e3e0,medium,0,0
12385,328b7ef82f26476d694a5550cf3de617c26d3a49,3d2fd5314e77a5e7240d23eb00c577575f970d33,low,1,1
12387,4f01dee45fdabd19745c5f387521f43c84da119c,7c90d61f2d7aaa2877dc5c3c42dad8d75a4b3d1e,high,0,0
12388,17d586ce299ad1b4e88e3076e9d188984dc37af9,23576ab06d5f20bd272130b56ec7262c714157d4,medium,0,0
12390,26e6a4c7f157ca6d4b6d5b1bd12cb361f27b8b6e,66f42927f949e2d6a7b2fde6ed2d352f8b3d73fa,medium,1,1
12393,1246e79e90134e279514476a96bb95fb5be98996,968debf6a32ba02a9ec4ab15dcaa1bc502fba5e3,high,0,0
12396,dd28a1efb1bcd9aa7f437b97d8d669dd15668031,2314aba260ef86ce0e97d4537cb8ae54663771b7,low,0,0
12400,cb576c1921fc48ab499be711938fec1fc95793dc,e455a1dbee73da1fd7599bd9a0bdffd35972c2c2,high,0,0
12408,48405050f702943e20f89d5662f3ddbc583d5ff7,ea644667935a3035b8d5b56bb95843e846ef62c5,high,0,0
12411,7ff403a67a48313d637478740072f5b3a3589b8b,8bf879ad7f807fb6cced6a2bb1b3fd7752815daa,medium,1,1
12416,40f2dadcf4c721542815a17506811e75915c80de,4752a9e8646898d0368d8a71ef0c84a3105653bf,high,1,1
12421,978f148b306f29b5e785501fd2bfc8b83093197e,3978fb03fc96fb0c504f39ff329b3b28eccb5199,medium,1,1
12422,5fc4a8db1040897545e43fbcf86e6a49a39277bc,c393a1d1918fe710e55ae3687161d9875a28d6c3,high,0,0
12424,f974ce244b783634b19f9e58691f30e4915fadca,2ce3292cb064308cfa54b543557dc3527b805747,low,1,1
12426,fb56c816ef3535f0237226b5265c10187257b40e,16f62714bfbe54f043f12bbbc0faadf7e472a0e0,low,1,1
12427,9ec9d8930cc31756e5dbb7e125eeda2320d522d8,a80858b99fe5d31c9c766179f97de166de40fc79,high,0,0
12428,999042398ff0ee774bf3471071f69f721843e32b,8fc1eaf2194e14de62b7fc8223ff407d124d69dc,medium,1,1
12431,8d8962ad9f7727c4f42b88bd39d6b0f85385c877,b5435f96e5238887b994a4c12b0b6615e0c838b3,high,0,0
12437,a24eaf24e8b7f698b1c85634271e783964860e0d,8e62cab7f0c0d5dd5e0f58d17ba7df2d20d7c088,medium,1,1
12439,4c59bd5cbc9fd03ebd89da76fa869baf7b9dafeb,6a25bd1b3edd2edf0568a96fe1f7e030cfba5668,medium,0,0
12441,f67877b671f8570180e8c937e3e9a450bd9a4400,80451e5ba074ae6756e890a14ba5d7ccea07b682,low,1,1
12444,f5f1f89829ed58b04d827a1d19335bb8e5be8fe7,a2b0f0e4758f2c38fcce50edad0aba7d5876929c,medium,1,1
12446,80e9898869bbdfee694df56cf6760f02ad6589e4,a82c27ece9a98ef1ec2a3bc505b94e98fd7868b1,medium,1,1
12448,b7dd827288456f9cd1002182ae6a50eefe2a6bde,c141963b81dcc0dcdf72a8da463a4f9fb6b4f547,low,1,1
12449,050b1794e537e0979434cfa1c4759634f4d0b464,2ad312891a004e18c5f4a60540342d189d4fb30e,medium,1,1
12452,6493114891e69acd8a8af2831ef068f63524c8d2,4b4bc9595e976f4d5ebea69bdd234dc2d0a6f3b1,medium,1,1
12453,07051e81e070d5da6da3ff017f5b5ab7b06c93a7,e4a472980226ce42e542d18921995df00eae21f0,high,0,0
12455,ced19294f5ec49e919bbeedef6f6b2d0e7a5a692,7861f7ad4f7fb021d7329782ba84e475e45dbdec,medium,0,0
12460,d0d3780f8b55c032b536514a393355969dcfcbcb,496ce44ebe0a99acdd8298416a86148e241acc96,high,1,1
12461,165af3fbe3877c095b8e9258adbd0f29dd60dab8,353adf16312d80c819083973af5845bf8657307f,medium,1,1
12464,2e17ad106a61e7db01d260c80586d93ff097a1c7,c6e0e4eb7f1d16d7528b277aa42e97a1f76caf5b,high,1,1
12466,ec97af3127234afc06a99924c44507c2edff6d40,a52d0525d772546ec038cc242f49a4280bab5efe,low,1,1
12467,834437ec0ecf401880d1880203539c8403c461f6,d8a7bff51640d297de4553268fbdbfc8eaf4ccc7,high,0,0
12468,88738a395c789ed728b491be80aefade3daca604,271121b5109dfb964918ae0fe43f375cffb95266,low,1,1
12470,048c4862f5b26d0a637685bf4c3277c34fecbce5,edd4ec5a322020c0a702c68a15c4fbafd5684aee,high,1,1
12475,45d757779cf30a67db0b6a4dc54814e466090aa9,63a30dcd76c4aa268dabb3c0ea9dcb17e9a5c937,medium,0,0
12478,2732d4b20d754a438c21c969426922ba044ad892,e8816446f3a2ac058c917a3c1060820fb039ed57,medium,1,1
12481,fa5d588310040875c3250e49b871b46f0ec666ce,d50d9c886708ad016852c72718bdcea5eb3e2fcc,low,1,1
12483,8a2c908c937085351a8bb603161c14857659090a,a85a07b1624d8787f2fab6ea5832c881ee911e0c,medium,0,0
12487,d5163d848ffb26d02dda789cbec7a92fdfda297a,e23317d4e6bb3e7a67b108e495225201e1ce155e,low,1,1
12488,8f2f363ee5cbff22cc1f448996255adbcef7d6b3,475e0b2d9b90a97488157df94d1d9f35a45f6ccf,high,0,0
12494,344e5eb50ef9218177bbbfbe1ca81c8db039ad4d,8091533621ecc62778c28a7aadb8e58b6c7e74c3,high,1,1
12495,82ac133be2c64ec95d0b157ddaf5a96c66f73e11,a1683c29a41ddaeef4820e78a97a61bac8952266,high,0,0
12499,14e795a20297f6d5a8bf27529f66effa121a2701,cb31a82ca0ff7c3a82f170e2c07dc87ebdf93316,medium,1,1
12501,e0dd0b8322897e68e9d2f9f3d51aa459c3c756a8,7f68ef4adba0844e8ae8cef4e3640db85fb16ce4,high,0,0
12504,df67c08f8d4dd76dc1622e7f46050c4fb503564e,69dea1468527ba25dc6e3c148aa22aef4b938f08,high,0,0
12505,f386b3ede086059e86c8b1bdd83fe0cdecaeeee9,52e318465553d34241e95c70b99215d103b4c3a6,low,1,1
12509,88f0b7d58ad282d6b39034382f739e22d80b40e0,426bf382f5ee39686d4bbe6f96d23c66894ff507,medium,0,0
12512,061d5a0e75ee507fbbdc426253adf38a3b78c6bc,08ab97b12d4847317df89a8084e1aeb954c4266c,high,1,1
12513,52c89e08f1be7094f28484dcbd6afc469ec42559,48a762288d1476deed9447249f87962c47e4ccd0,medium,0,0
12516,aa6b36f5db4c051a0eed42e2668c47d148657114,97e2b30757f0e348da47e4c6938a24bf192b8eb2,high,0,0
12517,3227847921fffc449187bd375eeeb99c5bb64353,6f25efeffb403b0d13d1f73862e0651e3aaad641,low,0,0
12518,ab4f85cfb1e02b0c1701ed91e9734d66dc8d909f,25781a64b32ce81dd445b4bcb6af6308cdee41b3,low,1,1
12522,4b6f430cc88eb53b24cb79448d506ec666891b4e,4b46f7c342396b18f08305b376b4229a1db827f1,medium,1,1
12529,ca5f529faece673340b95a6bb7ef1c5afec7eb9a,9ff5dcbebe9ad60a7620ac73c629abd102e9c4c3,high,0,0
12532,f8694ab93ccb236971a56394e22ada25f9360eab,5588d69eaf5bcca1b66474ab12e48faf32329af3,medium,1,1
12534,60a9755d07ac0a1f67c3600381a5e039ff3a66bc,5b99527786d76b69c5e80cba858e0ffbc19702cd,medium,0,0
12537,0555362613428b067f631ed02f89f1f7c5c28ec1,ae84b0f3db9cc0d418e0038511dca30ebdbeaa6f,low,1,1
12543,2c708523d11ea6888fce9c7e3c116abcb49b1324,cb5afbe4bbdf19582fb49c902a996e7e6730af15,medium,1,1
12548,597293c5dc735568648020c893f6d10c65994887,424bb8b17aa5d427447789fe1342cf333fb26a18,medium,0,0
12555,7c3c1f1dd2f92f6b12183270e7e0bf09ae1b8886,6ae6a544ddd992bb101a918ee023c547f0a6b187,medium,1,1
12556,cf9b9509b871ef32af7cc84cb4dde715575ef7e3,6920e607430741154eade15e036a4543bdaf3c06,high,1,1
12557,6314e4b93e93e617f7ced041cdf31315171d50cb,b244b279e96d910085a614453f6bfb53f769d126,low,1,1
12560,586fbab8010e510c970aea44dcac90b2d5e6cebf,ded08a80d9ca254f1bd84e1ce5ca34335d571a83,medium,0,0
12561,b9a6e647a3a2c19ef405fabdc44392d50e3682ec,92ae940fe1faa58444c8b1e5847c57e466eb84f6,high,1,1
12563,9820a9578ee2ae6daa6d4839b1c82a893f2d2a50,c6efddb722571ed7776790e72bf3196875e9d960,medium,0,0
12566,8fc3eb19cd5a707263f564b62052fc8a79c2b51c,bf395ab5fb056785c678d198e1f95f520eef12ce,low,0,0
12572,b94578736c380619c5070a9d819395f05a8c4458,a9329536148b14d438b6082f37c796c29718c6dd,high,1,1
12573,b27a7962a5ede41fd69295a7b3373717607471db,8faee5011f9e3ff77e8b8a2eb13e2ed1c96c2db9,medium,0,0
12575,d33200e0ba256f7b167d24d692539d25b1511c59,5bafdfcdc3923beee17b43cf349b24ea72afb7ec,high,0,0
12576,da56697521d3bcde795565fe26dee0fd191eb33e,d9587eb3acb7f22e41d8524c19213198e36559bc,medium,1,1
12580,68c053903227d4535bf0d4e552cdd8f1c4390ac8,a35496c58900d970ecd4ea3499a6f7d8f66406d4,high,0,0
12581,593d8404fd744ea2f5326eb6c16896d373394b47,e97202fdb64904fb73c02669d373aea37ede9e0a,high,1,1
12582,2178655e0f069ff840bdf2414f29c19ef4d2d710,26f73bc68e942e59f2c5ea6109da51a8c470393d,medium,1,1
12584,dd455f6dca3ac5aa2338db4e778a080349882a74,211dfee7808b13cad36e27da716e3db6a04eb495,medium,0,0
12591,fad1b81ec2eb6651a75656397acdfc4169f8e0d4,b480a5cb22c078ff26bedbe849635564a9b8e9ec,high,0,0
12594,44b4fd8144d97cad73894abe6610a3389defc2dd,80e1d4ff00767e4ad5df0ebdba29b3a40001d126,low,1,1
12599,017be3b1d604c5257de921b90192523febf15cbe,7d1d0b91c613b86fe1b9557689fe32b0625642d1,medium,0,0
12601,cf3c6360df002660087c2e2cafc029deeb246f44,3a22e22427c00b5db0b129531f1ed1516db69347,medium,1,1
12603,538bcaf3cccb38407548973176222d45b77871d2,2a7282924978ce39a6fff55a99fbef5a66e629ca,high,1,1
12609,bb4fe46c50ac53f6a9a7ffffbc77a093485fb16a,829df85769b0797789b838e1d302bfd8a769d4e2,high,0,0
12610,1a97e64b6cc3b5396bcf15e2dcfdf0a77f69311d,1bf099ae823a2b38b337e7b0965cbd267da2a6ce,high,0,0
12612,2b765482db243609b50d2362d4d41560bed2e021,e1e69cddf1937926b9313c1c578cf860e0893e97,medium,0,0
12613,0f8b05adf9486f0098c753bec32e1d07b7335957,562dfe04327332c19c66e2da40d072435580fb85,high,1,1
12616,02caa16baf991d42b6d4ea81f5f088ccec253b0a,5718ab2523b49fa99012bcf13f9fe7786f569c94,high,0,0
12618,54f609c7f5a7cc8092b8a992da2ce82f126e2f86,8f7e7abd34ce1eb246701a706e23760c43c39d70,high,0,0
12621,54390a3b41389c95adb0ee8b31ce9d41f5ad5dd0,680b82089a361c32bfce9272fd5bcde309fc1f8d,high,0,0
12623,69e96c39bb53ea756f3475c31d81a458fe460e34,ec19e285f220a0b72e04ac766306a0f5e5edf21b,medium,0,0
12626,2b6c95fa6bf2245c8223c5cae62f052eaee7666f,5edd5269be47698d524c4be31fed8b0d2af2b309,medium,0,0
12628,a4331693e5487bf6a4970d3deb0ff83ad9a85ef9,fa4117d0b9bdca3d44d8544c4b8de8c7a897e0e5,medium,0,0
12629,4c153225c86f2c524505bc2c7d5970bf2fa598f4,c473072177d410d61d1d16d2f4191170f1c7d9a1,high,1,1
12630,deba9333d60bb06d0b30b1559656b84831a3b686,ae3221cdb6c7de602dc46f3afe5bd31b3cab7dca,medium,1,1
12638,718297c99c9d145bfab9ae38014b27b173c215e1,90282ee1b37980349f5c125228035857436001c4,high,0,0
12644,7ccd46732fa58026a4c1f2d41bd83fd23e21da2b,b3653550d1db28f235fca4a76a93f4c837fe3373,low,0,0
12654,58739ac141324ab88855f5df206deea85406c2cf,521d7f45b529c50d976073283b05f64b432ece19,high,1,1
12655,17e95001a485f9c149972c6ef88c9d0814e4cb92,e94ce23909b0ad2372e3cf6364e8d4dcee2ce082,medium,1,1
12659,d9f7deebe41fb6cba26571abe47702ef14f20a72,ddcdd9fcacce2e631e9c81f1f0556237987d1535,medium,1,1
12663,0eb393d6055893675e080581b5ea628cb5eedc92,675adce337cf0be708f6138a7ba3f41f3d00e7cb,low,0,0
12664,dc31c680634e7478f0643b428c64bbe8b8b9762a,b5455ca0d681ff8fa4a174acb41ed0ffc0fa8ffc,medium,0,0
12669,7c9e94e7ad23cab876e76fdfb77686051bc68be8,ef33056cc87e38de9fc5c0c506cade7043e6e222,medium,1,1
12675,7503a90306858551b0c6d50da4467532bb4e6a60,a148091838275956e9b764eea82e2ca25ed152d1,medium,0,0
12679,834fad763ee686130813345662788fc39fd15bdf,ab6bb93ca53cd2e85fa187abfb5076afacbe0853,high,0,0
12680,b76a0f3eb52a2bb73b63792a068c2c6afd8aa4c1,963e065c26f35e03eeca8d0a5007329ddbebe9c8,low,0,0
12681,21dd6625ac1b514df97f2c65be20068b617645b9,560d6109cf08d9085ad01b3ff76c82e3f120a584,medium,0,0
12682,ab4f85cfb1e02b0c1701ed91e9734d66dc8d909f,816964eb14f417efa39f69f071879659d172e675,low,1,1
12685,dfb0fbcfb207ca1a07c2d670183fa75d4c3d7e49,10f488473f46399892479e624484a49c9290d2d2,high,1,1
12686,53c68680a9763d82cb8925ad8057586a81dcd13f,52f76bd63d8352e381cced779cb1bac9bb96c123,high,1,1
12687,902551c32e526c4a1dd763d11c6792554660dc5b,c3026c09c1c50376cb248fc6a8fbf9e1ff99a57f,high,1,1
12688,8c7d10f49e7d1e3fbcdf81d80933b6bdd53e18ab,2d8820447ee2e928df177cfa9c30d03c951ffa49,high,0,0
12689,411b76679e3a490d972e4bc69274209b361b02f3,67b2cf5e33488bd5760309e5f8bd7e2108cdda00,high,1,1
12692,bc332800ceb9222d91987768bda5490bf496d780,22b6d27cf55a41bad3161d3a84b3b3caf9f9c687,low,1,1
12693,d21ae046986896514eeb1bff749619eb6742b9a8,35600236811aded65a5c2d67a2a12af7405a889e,medium,1,1
12698,3e5153e7ac08b5a0aff5023f8c9f999e42270f35,b9365ef23b3de6df74b9045806ff1bde615b1fef,high,0,0
12699,40f5440d998d2d170272d87453849f2ed3f138cf,e31050f99a115873b554f18ea5c2bbbb7ac97a03,low,1,1
12701,c7804acb29701bd821beace0e4f93cdc5c9e378c,2be911eb95a2c56d8652e8b327036e816a609534,high,1,1
12703,24d66a5040d73ee3d97a0e0261d6af8575ea8bdd,15e0bb506e2f3cab46bc2a65ee409de9445ec8d0,medium,1,1
12707,a4635642bdb9454c7d17478d9e0eb1b744593522,f8611949dfa21676ad7b833077c0b3651cc5d3bc,medium,1,1
12711,acd2b9ce910354ca009a76be7db77d341ef14d60,da1fdeef97ca09f52aded97dc2bc1707154b6fac,high,0,0
12712,7e724542b7d03e979d7d1ecc15a8d41d8711bb48,51e8065cbef8ed397036e40e18c45c9cfaf98909,medium,0,0
12713,558cd2fb849bbcc073f5b834643b929d819ae4ec,c8c6fcd52c9c5ba5e1c5d14a68dd66d8c6021e53,high,0,0
12715,b5b257bb25bb6b00406d7dc62121488fa8391983,57252f26979a940ce0d779e929459f6d21622666,medium,0,0
12728,01034c088d570fe3d6e5f8508b4b48563d076b4b,895830ec4fccf5971778e623dc135c96f2f0019a,high,1,1
12729,ee0840dffa459fc3b7a3fae9b452291e3bfa0712,fa65fbbd6cb570f914f09a7f634cc38b2218b9b9,high,1,1
12731,71e8e9bde3f7f906955a4b1b03da14a3bd85eed2,d63f1acd03e8bdfbd73f7f893aaac1482b9feae0,low,0,0
12734,d4a898ea4e3f4c96b39c3ea7fc6910d873be681a,538bd4e4a89bb6eea414e2e212aceaad51eb350b,low,1,1
12735,e64416c205428da4f556a0eb9fb413fdea175842,17bd71b61ffecd4799cf308889d8ba50f7239b3a,low,1,1
12737,694a6709ac5680460f7353ecf7e9038d77baf39b,e4c59ddc5d0cea19c50b1eebfc44ca7ab94bd7ed,medium,0,0
12741,8e39490f9178d6bbead046b2281e622eaa9feb70,010c7f8c750f57c8ca9ceb4f0c6f2216ea786605,high,1,1
12745,796898e8c636505fb97642aa7c500c098b4037fe,3d3d7b82807e2f1ec134fa455d60df199f2233fc,medium,1,1
12751,526f9cb11072350c3345780fcdf3bb666c7b6b51,1f4ce1bf9e291328d71db2200f24a652aa3c10ed,high,0,0
12753,ab3edd377e26c685caaf073f47a2385dbd45c4f4,1083fd210bc542a6f3479d98c28f7e8d88dc6d58,medium,1,1
12757,ed8a6ca99b1122a852c6b3e7864add901e2b4bcc,bbde3f659f0fee9151f0111034b52e3df14cbeb3,high,1,1
12761,110c9df2c0f00ec512dc8f43eb885d56946192ce,aa23839c27002e77915db89d5859f19ed0b52fc7,high,1,1
12764,00436c07235cc862189fa5fd0e8f4fc85a041f6e,06ade4696efc9539cc90bfa221983e120d4b47d0,high,0,0
12765,972e48baad3102e68fbbdaee382ffdb430b5502c,f0ef44aa6aa1f4cfaf9773bb22d167784789c351,medium,1,1
12766,10d3b1ea28327d65158bb9ce283deb8bbd52606e,0130e10b99f37272c402bbdd606b1de89e897249,high,0,0
12770,b29eb1f9310ec4874922ecc619911657f3e2fc7b,914d608bcce089ac5f9645690b9d2e0f8a41306e,high,0,0
12772,26e6a4c7f157ca6d4b6d5b1bd12cb361f27b8b6e,4a188182cf171dd8d0e2d4bd2233f41881e8d033,medium,1,1
12774,5ee6b230b7b4ee4cf109a7ab399e76906b2cd80a,a6598fce72c037774239aae812c3331facb563a1,medium,0,0
12779,30b0771ffc8e8c2e13277d904388188a5de486be,e3a31a5b2e9e6f987161d3630fada722e40ae65f,low,0,0
12781,13e411675d640acbafa05a60ba766a9998dd98f1,6e518fefa38e28cef05f2a71e8d36c09378b2153,medium,1,1
12786,c6cf0370ba3438fda923f0583c4caa10f2d8aab7,1af45e4be2a638fb06436f361129dc666406d8c0,low,1,1
12788,7503a90306858551b0c6d50da4467532bb4e6a60,d35b05d81ab23c21415bebb4cc38855ba8e0792e,medium,0,0
12792,a22e4c81d82f8978a2452243d302c106c2446eb7,3ae1d0b528a02ede34bd95d86945cd584da0e016,high,1,1
12794,36b62934244331c25d793630a7c64f40fc822726,2e3d3271445a1bfb3fd7daea850cdebf779bea9d,low,1,1
12795,47514fb66efc695165ff136276bb6364df542457,87814c9593f93341f8c151680bf63fb9f136312e,medium,0,0
12800,7488f66dd2ede07272f07c5b57caf88272d187c6,3e0c6f0f0f8d90e0fe1f9356a320a41c8481cdbf,high,0,0
12806,e8a8758bb8c223c2251d0477536c7bde4d73ca09,27b24b31767bef7a68ea0d88a9155cf608397bad,low,0,0
12809,0a52207e74f62f70fe9724a9a3dc5b7335327eaf,b69cf453a2268b15a127d8129b7e437e2c6b1099,high,1,1
12814,f918a2896ea30551ee5fd7516e559fe3be1e909f,14d0e91448ebb8bbedd3f611644c253d83547459,medium,0,0
12817,286a5eb1d9b1743ff61e463c1009c96457be384d,71ca13e9c21ad2be2816a29ca518c8f2ff046342,medium,1,1
12819,04706279c52fdb117f55858e863414fb022e24bd,84f95c7c7111da8714a75fd851c55f4793de8fff,medium,1,1
12821,4b965b1bd9994fa5b0a682c54d84633697e3ba15,0bb14a4710d9b9c94e5d726260fe50a2dc5a0f9a,medium,0,0
12823,165e2f79c5e3c39a4f7d0659c3cce01a5a828221,5b46188f5e5a5818cf7e93ac1acaca47c5b5e44b,high,1,1
12824,0628b068ef6326abd1f848daed97d66b4c117fdf,c95af78acc30e4e0c5a70a89a29fad5ae7b4d90e,medium,1,1
12832,f277cff6b1cae099abcb312ec00a3d48d563dda1,3a9d8384ba8a821bc8b9f1b3fb2e165073ee9de2,low,0,0
12838,3b772de9d6dcbbe76597a30037b56dfc39282a96,66a1cbfd421604b262a521dad11a683ebd9f0671,high,1,1
12840,1eea4598e50c8c9cfbb38f67246e76a81ff47451,3cb8fd0922748ddef9bedaf6eaa6687f65118219,high,0,0
12842,16b8479c43bccccc865bdf8beff15d8bc83a0ecb,a0850852b33120df7381209f2c4d3dad32d91e44,medium,0,0
12843,aff37c682b100ac947724a97b07a4611de354e18,dee05103863b1f0ba239a01e11dcfe28419f7432,high,1,1
12844,a1b1399029c4333673fa9b9177ad7fc8382f59a8,c4183b2e8886f5f9aca88a74aff2c69e3deea23d,high,0,0
12845,7aa3d4b2cd867b36a4d0abc6b69ad1df9ec38720,753386600627d63ca532fc68c781bbf496694832,medium,0,0
12847,836cb8e3a1024f6d16b415d56573dd85149dfb1f,62cf9275e885eb1b2af0f3de0303e5ae343ceedd,medium,1,1
12848,a6c9ce4e32f82054f2aa052415121903ae0c8d4d,8ebc14fb5c7e13155145f91d9373a4ae05d477ff,medium,1,1
12851,7abc8fd39d24f5f64ffc7be35ae1624a407efa0a,0a60c2ddfdeff1989063a8f3b4ce1a54a21bfe11,high,0,0
12859,8ead2dd8734cfb145475be8517ef76470b32159c,fc14fd3718d66b8f0b26e2d8a25b429767cbf7b9,low,0,0
12860,5d4920c7d0c063243fd14890eb607a2562e8109b,833f2d8b677f7444d985e12c896a870532fb9def,high,0,0
12863,0f69f22648c0e58789ad5833b3421e2014331dca,d52a32e788ebdb04214556f1a8d4ccf3cb6fa8ae,high,0,0
12868,67edd5b774f4f667a8a5fc75d0699d8391189ba7,2cac71f86c6cbe26b467385792992fa43a68d1cf,medium,0,0
12869,1d95eebfea0d607fdc318fd8ef55961a8da9eb69,24ffb27daeac8f40b8d899906ec39ce12aa36d8f,high,0,0
12877,2f4a1ca5029e092bb1cfb59a48d5250e6e8b5969,704e7339663f13f58cd214b2e590f346f22dba32,high,1,1
12879,18ae39a02091519a0e44b97ec0632d3f36ba1bdb,3817c812f913cd1b958198e677ffd948d0310f51,medium,1,1
12880,7a1c8998b825bc29be5ace6de9fe5d6cc6e2a631,81145694b37fec843b44d5b9a56e760233d2a91b,medium,0,0
12881,6c5fe225c68e8462dec353c1f38c9a5d507e66f1,80c3f33dba094e935580363825f34ec64d4b69e7,low,1,1
12882,9e00dd12f3bb53178c0035d9e044b3e4ab3a1fcc,5f04044115e352368003f6456d3c06e388c7e0ee,medium,0,0
12883,a0d2104b880e349670d2749542b38e54a896a575,a9f2d85b32507c0c2ea497729c6c7ca63ad75426,high,0,0
12884,0705d406e1602f22e1da5078a8bef502639d6371,8b6cf55679d7c9cc7b81c1a1582d8d7d0cbb2635,high,1,1
12888,a2aa54f9979dd1e54a5e73e2d6dd6bd7d1e1841d,b5fb10ba958447d7dc2706fcd562800d6b23dae1,medium,0,0
12890,9d61793cc8b25c4a41597e6c174e219cdfbfd36b,bb54a0c91b2ae2ce6a112cbab3b8c7624c6bb6f8,low,0,0
12891,9ab2e617353cc7ff093213f18a9e7d6d418ea34b,aca680374f828e067a0165ec555e8e949177b622,medium,0,0
12893,1ce4e98ce9a053d3692f102c0af8854d8e2baf30,c605c99df860009551c310fe2351dc7cdfbcb17e,high,1,1
12894,40ac5238a5a11c7e618abfbe23af7aa28f4afa3f,78106268ab06f1edd4ffc500cfbb48bcd9bbf827,high,0,0
12899,d21ae046986896514eeb1bff749619eb6742b9a8,215ffc31b98d02732ddd1bc87b0dde31c9f256c4,medium,1,1
12901,3c97df80acc979027a99639bdd2f678f8ad8421c,11717e7efb38df80a7c20f8510aef588a8a70bc4,low,1,1
12902,61f6e42801693043c12186be754d52bd92ee5eef,7c666c6a70ed60c1a71a38157b3e9b0bc677dd77,high,0,0
12906,cad6314e6af894e2e91789db309f4b1748006012,daa609d5df9ae1b4e0a88c1ace81276d418ae13f,low,0,0
12907,e517ea3dd5b7f5324646eb357c10974338725459,2db2cff6c2e046971845d46830ca1aaed6e2cb26,medium,1,1
12909,b223b85a8f51bd58e6302d07eb231353cb5c1048,b90a7e82c0b5fd3c0a91ffe34e589db491737730,medium,1,1
12913,dd455f6dca3ac5aa2338db4e778a080349882a74,ef9f1177539a8b3af3189fab84fd757f706e86d9,medium,0,0
12918,538bcaf3cccb38407548973176222d45b77871d2,a31d7538a4fa618061e3bddfcc65b2b35b7c4950,high,1,1
12920,df096b5ffed11184109ff9aa8b46812cf3c56e2c,92b3f55956801f5edbd46e1393b9f32238a5766d,medium,1,1
12929,9807a8df416de6789674a1cf9c850d888dae16a1,170e15442b59bb691e3ee58e15cc2380f281f039,high,1,1
12933,aedcde11cb5c9219ec4801ba576ba1c263f91b7f,10d3db053efeaea23cb3dc66f81c7f80267dcabb,medium,0,0
12935,046e018f4b8e3bd875b0da5f7bcec90c6c7da1e5,8fe87f6fdb7ea0ead8d784298459db39b3651aa4,medium,0,0
12940,8bbcb88b896908dcbf7e5c89107804f29f6da3af,c70d40349ec217b166046dcb64abde996a473cc1,high,0,0
12941,b02975a9dd73e0581ea355fa7c152da406f21b35,5a9f3d5e2a093cc4c8d52af9ecafe349eb3ed2ee,low,1,1
12954,9d86976511dad449370aa6b61283330fae7cc7c4,4e16fc396b5ee0102d23b60503f8ce3911d63a3e,medium,0,0
12958,45e63e1949351e55cb1817e8680ee4975c7195f2,75b33058c118c4d5bb95d26ca8775c2caf96e0d8,medium,1,1
12960,0ca2b2646336d3959fa441b84575fa2a16810930,1dba06072f2ebf8cb2f6096876a39e694694eb83,medium,1,1
12962,a56a48a1245363826029858f34503032cd4298d7,fc72b430aeb81f6b2cd391311e878f6e1093c9ff,high,0,0
12963,22899698b5131d2068985b6bd7e431d17d0fd220,abeb96497aeed980bde7b98727b8c621dc58fa3e,low,1,1
12964,7b2dfc020802071638180f85ef85ce5adf57d5c7,c1229260fd68cf662709f6e85904810735899a12,high,1,1
12965,e5a3f0a8c077d8c850a50879ff16a8425c94f268,866d3cb2050a39d9b1ba70d2be2c20496c9a1fc3,medium,1,1
12971,7b7c1ecc6ea9d46c2dc7f69c2f033869d83bb85b,1ef589c8933e5cb7c37db2937c16399eaa0279dd,high,1,1
12972,b72863601d71ce50e8f06528fd0699ff05268d51,b5f82a21b5f0c016c32ec1d11eb92b8cccafbfde,medium,0,0
12976,fa2eb6eb511f3ca26ea12ca8b93fb9fc622424e1,58a3f7931ef8a92f531b3214d76c7c385e2e1e3d,high,1,1
12982,af3209fd85be47cefe0b59887a9488b9d6889599,88d33cc630fe8195bbb6947d015bf286909fadd5,high,0,0
12983,a8bdf33d3369b05e8c6d7c802b4fd3347ef3fadb,838694b91be0e348020eb3722679c9b2ae3776cd,medium,1,1
12987,5cc2fa6351be95b38d1721f91e58d57697f2c742,93a55ad6a4dc71d933d80c8e7d5e92f402b793f6,high,1,1
12988,069543bc831c64530861e6fcc41b74998f0bb813,e949ad620643055ec5d2ec8ca7255c7732cbec38,high,0,0
12989,5a939093a4af5e04742ad595e43c79a03df90b52,c40a3b27a5c3bb9d578b4747957ad522dd665bcd,high,0,0
12992,c901d95e3f5edfb739aa466d6b53f99409df3119,1fb7f21706a1cbe1bab144ace194758aeaab4b02,medium,0,0
13001,fab688cb57b332890fc98896f7c592c67e93b96e,fbd9967812794c0e86ce1129fcd3455ffae1a571,medium,1,1
13002,91c43ad88aa61f13da8fe3260a990cf265159d53,492fced7ab990faef940658a2641af7e3fba3234,medium,1,1
13004,69175236150b2d448da80150f4852b159f30b0c9,e83e83e637205473becaf6b5c4c2497b94b53759,high,0,0
13006,1251f9655b4feda759853181e190311898ada2b9,d88ad8ca5ab1eee53f7dbf5600f9921d0fb30d52,low,0,0
13007,7af48a25ca7801895a8c319c9918cc00f93b1cfd,3505312eeedc005d04e9cb674ef020822d89e26e,medium,0,0
13010,e800af60d008e462a04c74751dc1d521f6604819,d66c5563edceb0a1d5a5967aecda90afcada7807,medium,0,0
13012,85af8cb73486bd3b1991766884f1f5a692b76b14,d7c0c59280e3036374909b728f8c8d50b0f6f3b9,medium,0,0
13016,22ce77ada5ca80a02df512e1a8e1be6b5b09941a,ca01c7fefc9bc097a153dc00f02bb7f6482727d5,medium,1,1
13021,a21c003daccec007f72d8dc2f04673987fbc53c8,4ad50e9795888d6a33ced7dba462c2f4a0bb1193,high,0,0
13022,d2aa05315d440d15ec015690611ed600df110309,320f027ed320d99a847f09bca330775c9cd29307,medium,0,0
13023,ff0fa6c8fd6bab6d8e843c7a333fcacd4c241638,4c2c08c2a3e47e3361230ada1f51fb382aec6d26,high,0,0
13029,0177562058855c2526db474d271ebd4c84fe86ab,475342a83e42b8942b11e73c6649b3651bc970a8,low,0,0
13031,bb19c7a417950a84f7ace21271b6b86cdab16d5b,bbeabea5de541783f3a4b1da9a2d8b0196a082de,high,1,1
13038,d4450cc90e4ec378701c873e338cee9021cb88e3,b4f618c19e1dae4b7da65d0c1662e404cd3e8624,medium,0,0
13043,9a652bd0dd411f46306f23c48067a9b1721cc57a,dc1d0aa4fb59d43cfd2f141248459d79c357999b,high,1,1
13045,1a9f7d2d3ef380d5676fd5afee1f392d4ccd9b7d,68a1bc7fb23687663e198c593c0b7178d0fb4b40,medium,1,1
13048,3e9631d0936b3170a9441df12ad8dbdf7d52c457,5d45adae4ee4a113d75e6ee935f4f7c129ef37e9,high,1,1
13049,0baec98bf5893c1c1025c83f97af00b57e4b46c9,aa71336fba86ff38129c539100bfdb4cb2ac2b29,medium,0,0
13052,aaeb6b92da865a0538d87a5ce359f4dfc4034796,79885b2c685c0904eb0b8b481f4ada692641b0c7,medium,0,0
13053,8c2ae181a816ea7abccdae9b63d8a1aab6e325c9,5c61853608666cde222e00a60da3f5a94eda8e5e,high,0,0
13058,cb7c0078af48e2f60e88a79e4019e73b0c7f4ec2,831c01260b592ba36df1bc0521ac4c1f91130137,low,0,0
13064,2864a7126773a2c621483e97deb705d15e0ae73c,691082dde4c5ebef8b83a7cbf8399e9c99d76948,high,1,1
13066,59ea16ab08a034c31a17891ec1970145160248ab,9d57a7213176ce45d5e551c14b67c69d2a623eab,low,1,1
13069,35599d8bc14d5e4bf602e33bf2ed47662cb0ccf4,13d0be7f1e3a322130e077f4537c175dbba95688,low,1,1
13071,05130cc5312fdea64f615e3fc5de9afd77d45897,28824b0ffdc8b0ed322282d9dceef13facbcdf24,medium,0,0
13075,4e7d9cc78d0f48009408f756bd75841c107ac108,74d45c47ac121b4543ab7299a7804b267b6256cf,low,0,0
13079,7289e6d8449a45468fd0462c9d427d27325fd00e,b55b032729032ebf3d57f3d0dd1f63cf79dec222,medium,1,1
13081,165e2f79c5e3c39a4f7d0659c3cce01a5a828221,2f6e36c17e186d9df4b8d35c69e9f92a87bf8ab4,high,1,1
13082,bc07c8ac2c8e185e8d3729ca255fbed1111ab7b5,2466652f421fb185e37af6fa7f52ed236414a73a,high,1,1
13083,42f8806bd438f355445f1b3ed85cbdb6c97a1b05,f5c9c0d002592d985d262b1fe5574a0c554ba963,medium,1,1
13086,d28d97ae141afed18bd80dc8d8f9e9a6c6024d4a,f34b076cbfbb7277f90e861fd4d5e1e0497868b9,high,1,1
13087,006961ae62e03fac4a8030601a3810c53ecf5b54,ea6ba07a1f24b75c33d01b39365ed67da3bf30b1,high,1,1
13088,0c0d11f17f92632b9b35a5161f2cd01dea95b0dd,5f23bf7389da7d680ccc17fdd2c13f65ca6088b9,low,0,0
13090,d8fbb541e7fd6f38a774d88760f7c07c26ee1f65,f0f7fb8c5503d0b6958debba76a62ec4ea17ebc1,medium,1,1
13092,280677f9e07693d62a60d2bb64385782b8a5493a,c5c0a26b40dfb20f6dc9d01f7963ae4f5c496c93,medium,0,0
13096,b25b0c9338687845a4bdc6faa8eb075acfda7eda,ca9585cdd32968d16082e75128f9b1e4f4c50b8d,low,1,1
13101,422e5ae8fab8d235b6f5329140bdbc0a39bef866,2d7eeba23f2b4f74ecd4a7fc1640b0fcc3b6f7c8,low,0,0
13118,3a743a39173197cc46e807a4fe0634dc4ca92e8e,cfbb07bc929abaf13f318b19441945eec1e744be,high,1,1
13122,1eb8edf86a674cec3d09636310836445ab25f559,7d50542d8dcd3deb75d382ba204840512bf9bb1c,medium,1,1
13124,23d1023249ced6e61258ac3a8bbe0942eaf50eb2,7abbe95b80e10664e675e5aa2ecfd1b276129d8d,high,0,0
13127,95eb4f41e7a87e04bf19265be96da92631a63526,36cf2add6781ea0a6c3f43dedc6765b3a598d8cb,medium,0,0
13128,0cd71a065908740002cc1ded84b33ea59cc9e230,eb81d8986be0035b31f45c3a4f923edeba0be6aa,high,0,0
13137,dd33e25c40b2d73ef2795aed6c80825a350a9cfb,a58d3d00dc3cf3957d59743a346f946e65f0f7e7,high,1,1
13138,7ec04f90ae64c6a731986fc4b1f53de0298fbe43,35bdf3d2218fcc9faa75eb98395da3fc722f6300,low,1,1
13139,9ccaf0f857079c662d24d352211e883aa41950cd,68a5b430939103c585edf4703cc583ae232e0535,medium,0,0
13143,19a0ed312bc2f9e32bbca4d99868048969276a03,2c6c81431d2912dc0343807001d574c8fcf1e5f9,medium,0,0
13148,c293841fdda10e6e933722e0b712a7d71b171b8c,06d98cb86e4c6c9201795edb995cc1223abf847d,medium,0,0
13149,330bc79cc82cc3375bcd6a405cc7dec549f0ccac,f64a973014063c475e5fa0119a07fd5d6932ba0f,low,0,0
13150,c08a3d3b68ca98326df830f358aab8ef06cfd11a,8e2944b8b46b5f07306cf92ede77d49bef55dee9,high,1,1
13152,c5015b5354ab7ff7df4ba041852d1ba3d8c02226,e659bb56d6447ce50feb85e8fa670a8c0ee0c8b4,high,0,0
13154,97d7f4b17cee4491f2df7626a22a6ed808ef7da1,cb932a94bd6089482791e6d9f1cd262dc31fd101,medium,1,1
13155,c8fbd3451d6ca0995676f0b713cdeb12a1b7b45c,9ebe57fe1d8c40dc5ce7ff0775c12cf3a4a03890,medium,0,0
13156,0e865a707236966abc1f61773ed168d45a95abb3,95ed6c706dac699c516bcd7edb63c07fa17c5a0e,medium,0,0
13157,b44aaa79ab06fb41a7b208f897ff44941a199659,226cc161f5bff3061432f7b1e60f49f78c33e9e0,medium,1,1
13158,7b7d1c7a369b5bc867d84326c54d6b5c287691a1,75bd55877586f7518c647f979f0048fb33459ec7,low,1,1
13159,a7fd70321fe08c5d3b57a10902e98c729b09d117,c079a608c89642172d6d4ea57631910ed5f33bec,high,1,1
13167,7dfc29b08f00f99636abce27c7b34ea04709928d,99321e3a879ce928d73fdbbf795a94b471733f4d,medium,0,0
13174,fac7f19f5b3937e860d3d7ff56a5ad1210abf3f0,479b8dd9076bbc1f3ae939377b705c1e5c9ae063,medium,0,0
13176,73aa933ceffa8611ce324a4c0a47dc5f0b130878,c84a0f0e4e95e7a2a90604633f0d15e51f2a213c,medium,1,1
13178,06b6a5a98e73c5611630ab29f258c0a7e1686ab8,30a87de6289afa15b23119cea906b59590b03fac,high,1,1
13189,11fb7403f0f076820dcdce8592180fd651beec2d,28ec7198c07ec45fdacb5cbeffdf9fe1e2ddf90c,high,0,0
13190,10eddec5e33c9bf05908284196f8ae39021f075c,c764e96909ca7869ba6f6cdea7ca6fac3b160a90,high,0,0
13194,b458348a487c176e25c8be7a604ddec89e467bfd,a006b104344959b35cfd724fdfeca454290b26a5,medium,0,0
13200,75260ed6d1264a9203a34687d4a2e21c92f33773,a03de64f36521956383ea7449595d27e52d22d58,high,1,1
13202,80f5a6de74bd01de170ab1a4b3c5f0e8adfe7143,931669c3efc043de1c1278998811843e0e0d36be,high,0,0
13204,097b16653904ba85db20806aa6b4d5a77f17b253,11e707dedf05dfef45275dd9f69322f3de215c39,high,1,1
13207,4aaae051b1d60fce70282dde0226e1262787bf89,566f59e75e1f0353035d5e82ce5cb5c2cc38dcf9,medium,0,0
13208,5f605690a98c1adb14534468f049b17ad84ce02b,148c0993ae7b05871b571a3348408b0784e3e184,low,1,1
13209,fe6486ec80c94aeda49b4595c492ec1eb75db034,48eef1bedef4dd77af01e6cf3ea0f9ad38ad5599,high,1,1
13210,bd245244b24dd78d5f1d7cf4835eebd41f405264,636d72ef32fd1d56b7d16d10ec39fb0f96289274,high,1,1
13211,5b51096e5f1a3ec33d6c5256ff8aa9bac36efcbc,db404ce7d48a8804eb7fdc065dd17758c44b083c,high,1,1
13213,463a270db1c08217f302666d32081bb545bbb943,1dd8bac711d38d0895e7ad22907d185efd67ae2d,high,0,0
13221,06b700fc957d2d5d72cfbe73ce22dd8e3f8ca74b,c36f94865d2cfbb495c35b274d9954b3fc431253,medium,0,0
13223,42898a5264754a049acf97b293386c1b5a69178f,3ff93be6976554668891d50adfdc63294166171c,medium,0,0
13224,40c0846b738e62d0e43a26d2a2ac35b80783e437,ba080470b12a3e65888c1453b5d926eb5d799034,low,1,1
13225,81714cbaacc06ee795cf1e4360629fa76bcd0b49,74fc78f8b40a784f6d947b8c90155a4c3aaec5e3,medium,0,0
13226,3d6afa3dbe3b399b88c86372f2c3cb9516d567fe,1e40ab9256a524a7f9c92b507c9f6ccd152b53da,low,1,1
13227,4a37bd28e8a8023e08c4bc7434574d23a9662b14,fddd936100d631e1c62d510168e59398c222c361,medium,1,1
13242,1edd7c9210c8c76ff0b708f5596a2e4337c975f3,55312a8562d13d9fb657621fd1b4ddfa84f4a25b,high,1,1
13244,830604db25a3760ab27d744cc1d42127df241fc0,b4afa1f0039e88b66a27cb0dcc3543ee9ba19c05,medium,1,1
13248,2569745d44fcaa09fb3c92733d5d769742167274,cc3535b31d50b9105ede9df2baee8938de195777,medium,1,1
13249,f559141b51c99e35d07e9316f028ce04beb79da3,0cd15919d1672d18477942656f16b107f4d6328f,low,0,0
13252,5fc4a8db1040897545e43fbcf86e6a49a39277bc,7a43299ddd4a66c3505470d568a04053580dee5e,high,0,0
13255,220b9adf77e2897b94d029ca9fcaa6acb150c03d,fe8b8599842b428ed5e8092fefd59cf98a3b0a16,high,1,1
13256,b73279cc22e8afb123ad5811ab8c367cbc643215,84b55db9fa8c0fb1ba2fc7e2ab5e914bedee77dd,medium,0,0
13257,7b62dbf0ed8ffcf635ab91aabb632b83ddce6a1a,35076dfd9aaee4c9c68596c816aa960cbc47262a,high,0,0
13260,179ad3860cc4c5482bbedba0f64cab11e474d453,527e37bf71162fd74e13cd921fff7f7456ccdea7,medium,0,0
13264,0d9d99d15fa75b6cc18d90a9dd15c4ac344dcff5,bb8121b4ea9121668f00769fca431d4b61cf9137,medium,1,1
13266,57e8b3896bfa20d6ce790e4b687e5b10291a48e0,7a0c1133d8cc6242d81595e6a2563e2f69336be1,medium,1,1
13267,06fcdfa127fbd59d792579ee7f69151eb326dbe7,b6600866304926e7264b6bf45acd90ef1544b9f1,medium,1,1
13268,b000c25ae63b52e7b9995e0c1d0543b05aee1f2f,6db5e4b1d556d937749b04027789649c8fb0034c,medium,0,0
13272,b0d05e0e91f1ecc296d0c926c0279b0a67feb853,7213d6a51e4caaba0d18739d569e87db051eaa45,medium,1,1
13273,0570c6d5ac26bb8988a4007a4430e181b83f5c51,34e131d228eaebcab721dc00205575b394e2e822,high,1,1
13274,a0a56c98481ef5116dcf5cf0523d80a841a53f15,c39711d84d4dacf2298cbdbc303c2b6f7c140ee4,medium,0,0
13285,10bda051f50eba473148b1a07b07fc3a130420dc,bb7fc9db7d91eff68bad3d8b8e6695225d571538,medium,0,0
13286,471eca909aefe2e6d3c677866ec3d703927e16f4,4b2edde00a4cae6255669b0bb457dd5ed5bb8e79,high,0,0
13291,e4c7e8e2ee453d43ae6de328a68f22b059ac6b37,777aacbac23b6bff5d358db20340b6f4551f4c22,medium,0,0
13293,1ab189c927ccb25bff867ef036885c9abe65dc7c,4c823ef06e1f6eb98e1653fc853a8450eff5793b,low,0,0
13296,cacf47518070361f49b5c1cb02788da44e363837,b2b811493ef51806accabde1f5fab00278326ab9,high,0,0
13300,a1ac4115ca7d39fd32716ef8a0ff5d09e8ea88e9,6e9354763f621d3a9641200b4f0ca40f827ee5e1,high,0,0
13305,9ec2a6f853ad28fae5c268b519a3bb77aa0bb301,4da5ff7347fd5992a8f370434fb9c18978b48813,low,1,1
13306,69cb671cbc241f243150827d26838f2d9e51502f,9ca332cd571d8a6d805aa1fef2dc8a49f3df9736,medium,1,1
13307,09852f4a3aa025bf4fca8861da0d45760c2c26cc,e15f682684479b6f88f05aa2e3f0ba4bd9497817,high,1,1
13308,bf0447c319a2e1fb4177df7d854040190a6c922c,66f6d100726a9eab6278bd6f1af6c7bf817da379,high,1,1
13312,abe02271c2a72840eb6a2bfd601847ae190c50db,11cbe9bf714e139192582e0be3ddf989f5f1920d,medium,0,0
13314,c70fb1c3b6d74ed612f80e2a630367c262e5be3f,1b1bf4f8bb271ce1c40017d81597de96f2448058,medium,0,0
13317,7c4a5ddb720858fc9d39337d7ac9d0bbe76d72a8,78d3acd2cecb29c09973a41ee5a3afa263d1f3c3,low,1,1
13321,cf36a874c9a81ad850ad362293ff92e2823066a6,61c357e8fbd575c36abb3abb40f0f10de5aff908,low,1,1
13327,6999980bab81577c5ce8cb411a578450cbe8a33f,1e8dee0a44da589e11749c0049e45a60df13c33e,medium,1,1
13328,f0ad5a7693eb305e390219fec86da13b55fc9f8b,5c998f44577082f87c7444393ac020e49d31894b,high,1,1
13329,ae19ccede77d4b3684610cd32ddd6afbf455d6d6,97866ce99bc6bf3e99d5a9cbb00a1cc669188755,medium,1,1
13330,c926877c81f65446fa612a2a1e9beaf8f44477bf,311074d026f1f53eb77dadf50e70f79be1d12b88,low,1,1
13340,dd68a60b41f91f3fb86098b86d91e2ecc9463bdd,8803c05a17cdbd81a5ad8560ae4091a0b840c090,high,1,1
13341,6c3481a249b05c1173961a35a2601a5d80cfb91b,6113d77435e0240d2519869dcf1d510b0a94cb87,medium,1,1
13345,ada65000066c68b6f144b2c1cef19601a555679a,6e789b891a893993fcfd3c347d4b4f2be1072f8c,high,1,1
13351,8819915bf9cd90b64c386bacd59cb03b23617b83,26e737a3d577999ed3be4f8f9d4bf5d26ddb14f3,medium,1,1
13352,add28dbdabd7b3a3e1312ea92a48063aeae5155e,4618bb6c1ed2311dafd850cc2c83bbaa8b88932e,medium,0,0
13354,5581b1f8bed9269e6511bd0a22769a750e29e133,07750e96658163eeecaa4383af57c6e8d3f7b620,high,0,0
13358,b226335c0ab147a14c56f6f013a46f29bcb3699f,0bd71251896b74ef6c1966898f3328b0defbb000,medium,0,0
13359,a1762f5bec58a5cdcf85ea862dd767c1d8e83738,0417292e1f07171a61a8d9c75082b3d042184efb,low,1,1
13360,4ff69f58d98013a85adf08df21a9d20e3938459d,0913b3d8184bf81c223d17b42ed58b33b6e0fe2a,high,1,1
13362,7cea49b7fbe8466eef4db4b749e8b054f9f099b6,5f0e3ef8ca89d0f6f9a9171fcb450dad00ba61f0,high,1,1
13363,4cc76b522dde2d2837bbad5ffa7f360434681343,6a8cfc4afbcea5c19123874e629d67aff439e103,high,0,0
13365,0ff7d46072801db03bfda62a2e9902caa8143541,2907d7a546753c722a5b6f3086a6efaf34e9b61d,high,0,0
13368,a902ec1cf5cd260f0b2fe928be017be9961df016,7b620d8dcc4df68c2d2d83db0e1f4225b54cc641,medium,0,0
13369,088e79c6534ef855e86527e16450d6d0509d9f49,e9919ec30e59b22adc818906e61e4b92472f7dbb,low,0,0
13375,a827a474f9d23fad3901777e73fd1f3189e17bfa,5e0a3911ff368095639c9b49afeb1104507cd1bf,high,0,0
13377,fe3d2d2a9e6ef879fa1bdc2169236f27f512304e,e7c698afd230e5c0d868023e04c9aa1df2fe0083,medium,0,0
13378,f1a50f0795625ef6eff1a268e58202ef4af37488,173730df6e29fddabc8df5a3ddcd348141a33973,medium,1,1
13386,501543a80616952dec47fe235719a9dfd996e745,a53bc3ed95b03d17103558a3f15b68d302be3f1b,low,0,0
13388,3374f380f4a77f0ffc04a7e827e1eb003c19076f,04ff312fccaeea9c5b4e277fd7a07993005b0554,medium,0,0
13392,24e330df62ecce3b2107ec69c06560db1494901a,8d0f70cd12ac002e19bae24d2f0011f71416586e,medium,1,1
13394,91ae80a81e904fac0337ae501a25ce1dfded8f96,e735db18d2b6323fc77474040df7e9b1c3dddcf4,low,0,0
13396,2db27c87ed733c3991efc3b08ad5d4280de649c7,3ee95feb232a031ae52936b772870f938ea2bfc1,medium,0,0
13397,2894b1ab7302af08e4fb03c7c25280fa625e74e0,d15f588153482a3bd0c157295ab47ee234b089c4,high,0,0
13401,4064df96c9617e0e37f40491b6a50646eb705aa9,7ac4f989841103061ec8dc405ab077cc44da64e6,low,1,1
13404,036c1fb06b0794d09482c807731e783bbfc3dc50,0761b2c21a398f582dbcd154949852867544a412,high,1,1
13405,acd804aea5e43398e7ecad43980aed6934f62818,1d887807c5abb789c39d8f24b66f3c9eede576b0,high,0,0
13408,48fffc27f7e26980f9f58e81865d0fab34ed0783,a43d1835d253bdecdef85c3cfa4753df0083540d,high,0,0
13409,cb965d5e5a476fc9d2b20fde5cf393aa5db0d0ce,05c463434c1e2d43819dc273f205b8f144bd43bd,high,1,1
13410,68510c807e3ed570f8007adc959fa2bce55f3a1c,e5c5318948c816e1be8f2e3edd5815f6fc751518,low,0,0
13415,67be2280b9c58c2196afbf51782b0af30a138abd,fe1c139f631af03ee036ad324c0006454fc88d4d,medium,0,0
13418,12877e8b6632ae53bc3b684fea7196f46cebb0f6,4d94a77da9e8c1a7a30d93e2e7ae8a4a178dc07c,medium,0,0
13421,7d5c357c4b64fcccaf91095f960967a8e8be2d19,e1c0c89533b6200608ecb39f3f1285db3db732b1,high,1,1
13422,d5ec70c755c115267ae71c35ba891746849d5f9b,9241276b5064dffa9d96d2249ea42736fe8fe9c6,high,0,0
13430,d497ab8b174880a16a2e7eab63e1ed1347809ebb,faca80cf028aaaec3c060f30a3be759b1c3da6a1,high,1,1
13431,dbf0c84c66c2b3d187c19f7b15d39673892162b1,d8fa4c713a0d6a30f677156f525d1d90fd1a06b1,high,1,1
13432,f23d7187d9671e93dec4a09a025deaa90c65797f,4a519a3f94300877e1316d61e24c5d8ee5c4c279,low,1,1
13434,bbd3ae4856c193591d4797aee632a29ba1a5232a,4c991e7c05d74f8c8a3eecc0eba9bdd8a7e30f9e,high,1,1
13437,b9cd41c7dea456fbe7746c1ffcb905999dccc702,753e38aa2c2fdd63589c11039444c15324aee33d,medium,1,1
13438,210ebb529312c936590d87a7aafb2df8bd2f7b4f,69ae68a5417760106951733dfa631c9da1dc4207,low,1,1
13439,293652510892b26ca11ec726db48826f0378f12f,e90508297bf7ffe380f4ecf49c72614dad9d8bb3,high,1,1
13447,0b0475fa7684b1458710f8b744b8bc38d4ddfe99,4d11e25d6791f500f6b3075c85483a959dc93bdd,medium,0,0
13456,56f4bdb8d17c5e5458ee65aa6fca4365ec840d22,b614ab68d8c54ed9aae75194b0b78f0090821f0c,medium,0,0
13458,3518c96375d0110adf12945cd9f3c9242a7b3b37,97331b37ebaa8b53c453dbcbde833b5f3f621e0c,medium,1,1
13462,2c4b39162e3717c257f4d3e1120c91cd27933d92,f4e1d2dd9c4f771c11525c1450de1fff6964bc2a,high,1,1
13466,8f9fbf9e2e58f17cd21dd6bbef0eb1a1ca898641,479232d5b343806ab0a14374c0f61c43535c5f70,low,1,1
13469,b1acf12ff21f492d9627fd5688b409fcbc0d974c,37c93c394c3acac5212aed210b76488992288e8b,low,0,0
13477,4740f012219454d658c586ffd1e2c77dd023e0f3,9ae4c0c9cb79558d559e2a9f17914c8bbfc9d8c8,medium,1,1
13478,01bbb3e8bbb9bdd8cf4bbefbac76098a3a34ac7e,b7564c3061c37cab7a3350273fcd0a36e746c33a,medium,1,1
13482,7266c39ec441752bda579a9fcbde7eefc248b41d,94cc111e817b1b68ae6e1512c3fd29bea480cf32,medium,0,0
13485,9f232700ffbf95693b7bed4b61154ab58dc5f7b4,5c8bf296498a1e827a872d17b42c2dffbecfbcd6,medium,1,1
13486,111649433eb86ccbc02b06ac9431d491c08624e9,7e96867053c829c5bb86e48786dc7b62b9fea051,high,0,0
13487,54f8736e9d539c729298556302f1efdf131dbbc9,d51aca220691eb505b0ad3b4b8254d2079185b7a,high,0,0
13488,f524f6a29d4bad491fe03641a8ba98f95bd16077,936fbf197847396871a2183a7a16734cc4607621,medium,1,1
13491,29d1912c582d42735bdb2e17bc2f017f4ecfe48f,c6d3f27da14a08d3db1368b1869168fed1411f9b,medium,0,0
13508,6a29ae6f05f4e3b6df3169fc35b8be33f65065b2,747771765dfde79e060148b1a8221c59224f9d8e,high,0,0
13509,5a21148b24929f5b2c16aefc23e21a5896151007,35cdd74a9b5d5225f43924616da83157c78a99cb,low,0,0
13511,583ae8c204d9417e9deb4a12b73c685779b7239a,f9805246eb55ddaa5831fbbde93a98063ec055a7,low,0,0
13518,3895956af10907856173998bee374e42fde6164a,d0611cb874b263ac22a458152d89bfa6de4a3c17,medium,1,1
13526,69d43373c570fec8c8368296d5752d1b02246e63,0a2f48563391ab73ef34e6326423393e03f75922,low,0,0
13527,9fe4c74117d1b2f68adc702d916e683b3e581c82,c1db899a96f171c09b82aed3efcbd2dff9c04a23,medium,0,0
13529,8f80c0c665299a97111d45763c7bad17d7c18c88,892eac3387bf7ecfc8556c12ef28a2f4e538318b,high,0,0
13531,8b92b8ec4fbebec17849ed657048cee8e485656e,bb134d8b8862cdd25099bdff6432ee5ac479e85a,low,0,0
13533,48174d14e0d85ff748c503bb2c128dfaeb27cd82,a48fe7b44711e6de085cbde34ae7567c8a78bfed,high,0,0
13539,30a536151190567d58dcd755786cd963f40e0e05,cbbbfc59efe976d5daffb8a3bf329840e3abe451,high,1,1
13554,74484c14d53e0372845214bb4960705918116354,4cf5bd7103fc8d2333092b7ca0bc85bb59d95e22,low,1,1
13555,cb576c1921fc48ab499be711938fec1fc95793dc,889acdef57be7ec3411f48f55e173c6b7326120c,high,0,0
13557,1a9bdb5d4a4027ad23ff3ea04b9ce57bac04953c,19414d5583c26256564ca4a4494d9f9f4f5ca2a2,low,1,1
13572,61793ce8c867312c850cf7b82ed00dcd6ca8e6f3,a14ebbdd87bc3ad5a4536f836277447f7cc00d2e,low,1,1
13575,2da0cd4676240709b073defb8474378234c31e01,3e1372398f865f86888ff41ca253877933f354dd,medium,1,1
13579,26ca76ba216ce46d9f440bdd83272d83842bd2e8,18facfa2e870d581b384ec345f5f914ec1565765,medium,1,1
13581,cb3b87a9111efa080e5dda7433acaf503b4a1e45,0d07c0de5b75de926e462c796cfb23c7f02486f0,high,0,0
13589,0931fa6439f79a3044f91e70aa3cff8f4553edbe,b7fa763832ca14c7a417967f9a060278762d70e2,medium,0,0
13598,501543a80616952dec47fe235719a9dfd996e745,de81c2250ff2212a1aabebfbc0b7f318297f824f,low,0,0
13599,b2d9fd0c177555b10386ab2cc4b89e6e7392b6d8,695cbd1a1d94f4b25979b646bc58904e30c72c9f,low,1,1
13604,6f9ae7bd2906defecb45954ae42d79832cd0ea25,353abfed730485d533b20e58547e36237fb889e1,medium,0,0
13605,ee0b0a92d15ca6a84b7d8a27eeb7ed5c69e5e003,ec9781700c02e058fb321d3c4d7321f780067be9,high,1,1
13608,74ca6eda7a3077d65f266796c3f8c088bfe6b6cb,90c0b166b6bd8a37a8ddf721103a8be44522aac7,low,0,0
13610,1974977eeb2a99118248a187c7370ef4cbe7a367,0ec49e7ca3be6b5018fe13c92dd7152866057423,medium,1,1
13612,2376457ac188427a4359f5a531b37169b59b4e1a,2a1cf2cbd37bde967dec57d1d2c052b6461d9321,high,0,0
13621,0d673c04788c39d2255541f73ec7da143109e98c,961ce1974a335ad1a63224cd90d63f74d3680695,medium,1,1
13623,6b2f418ceb3aa0d00d5a55cac9eefe7e401e7674,679e1ce7d1c0861964cec8ca3f3ac05ccfe40ef3,high,0,0
13626,1edd97afec60861fccc1a5552a97fd83c9c8af90,51ec3fa6c99484ac80bc1b8eed51a209a4ea83d0,medium,1,1
13629,2cc99274a67c12236b6bc6e180d3d19f560b2b81,2d3de4cbf752028eff55fd3f8c7ce44bdd27b10f,medium,1,1
13632,4fa528ded72b5c934815721d97d08b446bc66f74,606e6d9081e27d522c8ad7f2dc811daabd7937b2,medium,0,0
13633,2e77a1232e5f192b21e4014e51aabe2c7c66f396,3a24e9b1cf4af33d1089b6e5f8814e127b7d0145,low,0,0
13634,ab2a8d6a729ece42155325d12294c5ab6784fc9b,a5c49438b5c544298044d4d65c4eacac200eef71,high,0,0
13635,8da40bc66e9e329aa440ad963ecc91eb064545be,dd02fa971cf4a83f623928eb2383710130f66a1f,high,1,1
13637,4cb5c1ea24f62978ac45c5084b9fa8a7c7d38822,b9880fefd42810ac45cadd669889e810531f03c7,medium,1,1
13642,a1687d61e32c452647a63dfeaca0466a24ba47a9,0fc541bc719698ace2d87d5cc7ff52b303e73ae2,high,0,0
13646,72b11480a7df62b089fd61c4c99d614bed74368c,1f67c2b24a1a3a32cfc94483357ec49abe47ca2a,medium,1,1
13648,051d6a8e63cd68b765fedb95ece2d9e246f0f36e,74b864526a600034bb18ebe5428ed79cf60c2fa3,medium,0,0
13650,58f1a77eb921ee72b1cb95eaf0e613ca5b45d66b,69956d322edd5394a971e43ce9d07ddb65e0bd95,low,1,1
13653,e3f277458227a2d4d31e064eb6f45f58b57665bb,53c9522a435dbcc74d8088f84e271e31030417af,high,0,0
13654,eaef4c5926bda5589ffc7ac02ad6e4f9812e1d24,7ea90b266ea93662357c0d23b43944ec6b6ede11,high,1,1
13656,4f52578e0d156232103ad806cdd5d799922ef6b5,a8391d000b84e7ff1039e4fb95179b17a4461345,medium,1,1
13667,9084189cbef359c6df989f8e2bc7bca2eb9e8949,c175c84f1c8970ac9c3ad3ed88b1d2f4cc34a4a6,high,1,1
13668,acbd9345885a0784e8e4de6e4a6129a72663b81f,1f49a6dbf05b7accc7d4b055f89338c180f7a9e9,low,1,1
13671,a911b3ed544da2361f5f8c72f31a5b757740308c,699c9a775c4f2123e1953f4ff15cfe20ae1e0182,low,1,1
13674,f3c8bf5bb765fcaccd8a1fc5636e19bcd76b4df4,b8666364b4fbe1313a36e50f0b47041b3b862940,medium,1,1
13675,7260097119897eee156537799e1e5fd48aa7fd6b,e60c50786ebd11984859f575a56de784116021a5,high,1,1
13679,262f0643e3109d25ef45dba8147e687364d67797,9b0e97ef61ad9e4172ab22e1df047abad887b4b0,high,0,0
13683,54aa1a5430ba95054c1df5fe6b4d0b001d8134ce,472099c2d6ed09aea315e8826554db283df6b467,medium,0,0
13684,63a192a166310220ef89a5b9b3d66040782968c3,c3ab27c8e157f42992a0fa1af134c4117ba8310a,medium,0,0
13685,6a1ac2871c8e5fc1197acc97055c17c8507d63cb,7c5daa734907a48b0c54e1c405c123a922d42346,high,1,1
13688,e3728e76fc5c927ebd52b89edc39cbe5a58e444c,55d33e2171585885ed5230a0b3587dce08d821ec,high,1,1
13690,2776e39a2e399b7a8e902f8be62e0ddfdb1842da,c678d2182e2e147c246cd0b3dfa16a9d3934615e,medium,1,1
13698,dcbaeba2f0b9fb27b5d449cf393f1727387bdcbc,80de3464e4c3ca4127616e615a95766a705e89c5,medium,0,0
13703,34a7770d99df8f749eadfd2a92b9a1928db839fb,11f5ba323cef6b4775efd47fde8d742d51c60a75,low,1,1
13711,15fc3369026690c437254e89f4a72bf3cea4d46d,d4b56a9b714a396fda1f138d5998e9fd1cabaa3a,high,0,0
13718,5d88fdb5f971a64bc4cb30eb5e5b93c4a312bdff,1d1d4b37b767f3fce9f2930235d497f3f7b57935,high,0,0
13719,4aa787b1eb0caf64a581fcd605933b7c3bf0e1a9,5f9b6543b7ecf8771c11defdad7b99e589c24662,medium,1,1
13722,714ad3b94c69c3a73e27bee763d0c652ec836dac,83ea76959f044979282ee1d64e3dee6362c192ff,medium,1,1
13723,cf592c9f07179c2277ceb7091f084f3f323198ac,b6d069d10e486a3075129eb4834cc1db7e007aeb,medium,1,1
13724,deb8bc22139e60647ffa0c7bd4bbd543d9fcf14f,720fa138da4e9f96f8d8fa15437386a462b74610,low,0,0
13726,f8c636e80f085997391d2b11e65cd00d927a38b1,7aa058ee6ddfeb5d4012eaf3fa0f89b2e9604907,medium,1,1
13727,76c1d3e10e013d212746e7a760df892cd26d8985,b7a75050ec068543ff9b577575f913fffa0c9753,low,0,0
13730,dbbce6c55f88880a553cddc179101a7c4d14c007,eee887a68f8bf1e8974b7ebb3fc111f066a44660,high,0,0
13731,5f8dd2ba88626a33f6facc37f26214be0bde228c,833d7a6085fe51ee3ae5f5cb96d02375b6ed2290,medium,1,1
13735,608b3d29a1fded36fdc004e40fd327c21a23b84a,3c98959f8341e2bdbf83a6b0ab3a587c5fb8144a,high,0,0
13741,0591ef6f8656ccb3a0a8d3c893ea47a7a4363bc3,03a7b0aa50394905663d20fe63f1b99aff0d577a,low,0,0
13747,957b73f4c4a794d300d8affd8197514aa399928b,abe22a80b6cedf2557a58e85e14e755e7133bd58,high,0,0
13748,280677f9e07693d62a60d2bb64385782b8a5493a,bc9fa8ccf86828392de3f64edecbd1d0482abf95,medium,0,0
13750,fced7c3c05783d1416651f52ec3bdfd0ec694dad,920971592868ae20609b8fd7da47d42d8a9d96bf,medium,0,0
13757,350cb81b2852e9dd5b4724057e4f4200db655768,91905aace69d502b52a27c5198a67db43d2e5fe6,high,1,1
13760,d888ee6f447b2f810efd80ebe72068f4ec4be03d,5b61a0af1726708149471adb631137511463aa0a,low,1,1
13767,9f5d1f5d5133fde036b2fc76d323ae1c521c453f,047735883c3a559c354c2f269bbcdcb33bd036ba,medium,1,1
13771,c9196f79842eb64c5f08ea8b4d2a2ed6dc1144a8,9df2845ddd0d7e0a96254a17a8b5c2b30cc3685c,low,1,1
13772,41068b8ce78196d904a46f35ee5b14745a22a052,aca610d07c7be009c6bb994918006faca2bbb281,low,0,0
13776,e2e1754995ad925c06c1cc96e9856c87fbb8892d,3197f866de22abba4e969685fb2fe389ba5d7d5b,medium,1,1
13778,65385740ed71ebad7f58adfb39f858e70edacb28,c80fe9b4f13ae6e7a4efa5dfe4ae1231871a6d9b,high,1,1
13784,62193f25b089a12c17a51c31cc959790743aeb66,bd3a26d5cbebe4403804be5d2c0ed274e3ff33af,low,0,0
13786,c0a6e08de2838e9154707d6dea4741ec061207d9,7d5a926de65e1080c391c929b201cb5dc443e9d8,medium,1,1
13787,edc73d7665707b55f0654cfae041337223f7b64f,d96d8908c9b385fb58b4863bea5e16cf919e17bd,high,1,1
13789,d835c18bec27e01aad0198828f1abc6776fe9696,2f68e75b471cf8cdd97299e445173ba1d222099e,medium,0,0
13793,3194e5013ce0866e0314aca2cee583c4f25f0305,23b0854f07aa1c713613c402b744939143626d44,medium,1,1
13802,41e63606543275444ba4b5ee48f5995bc6d0761e,5c75f06379b3f3f68016c2ea32fe57c41c11bab4,medium,1,1
13803,5795b73a734c664868807d17d72840c1d0340d2c,8f588408d968df150ab1ec74bbf22b1d97b5418e,low,1,1
13804,7be8cacce6b09e19e2a21e4e831e5e9eb58e3d5a,e49d4a364479fcd92d8fa29bf03725b99c41dbd8,high,0,0
13806,630ea3a47becc018a2f1c749b0c4e66f48e4110f,03fb940aaaf9feb286d08c137d3fb9a9a3c7baa7,high,1,1
13808,b7b13f85c254b578893e608a562e7b9ec101b707,c3d29b42d4b8e47cf9fdf00a1f199faede409fd9,low,0,0
13810,0a4930ed8ea4cdc256f60591c6f566b9e4b17d05,66e8a0c39a5ded7ed29e6d5e3ebe1604d8f68d59,high,0,0
13814,b7dd827288456f9cd1002182ae6a50eefe2a6bde,5124f873b35d436221fa9948e95225b449589824,low,1,1
13821,af3baa8f7064ca8c63f08db29d7327e4e28e996a,85aacd83a2f60b3b7af799f7a3432279541e4595,medium,1,1
13824,b068a7b68b2379842cb5284e581391e460c1d896,5a163b754dcf3ce2a9d57b0cb84951273ecf9cbe,low,0,0
13825,925b9832c09a21142933480de48f9eea590ff079,b8f5ea71ffe00bb5d4e41ac343582823708aa302,medium,1,1
13826,6b0a30e5147e09b2fe06c31257b0894c0ffbf398,4c236bb48d5da2fc20ac393139254bc6b189acdb,high,1,1
13833,2f19f5a2638aa30c8420ac2d5934a396763a176b,a61f04c67cd8bc52fb4c3e9a6f9bace85f3f308c,low,0,0
13836,df139628dfabc6af80f64f482198bb403b86c377,380997a6d73ea59bc269b3a245716693239cbd0e,low,1,1
13839,1e2ec940cb0678071210bf951f3a6ebd45047d99,bde57681f71e3d87ebdb262cb75770fc5f41f4f9,high,1,1
13841,9c1dae54f6b9805cd33e4e550fac12e57067c954,dca1f982cd71d74d34556b805f4b3019f4ae1c45,low,1,1
13844,b1b722a1d7ab60bcf05f07861fc071c1a2e20223,fd50714cd5d3c8e2265953e4927cae830e761ebb,low,1,1
13845,531526c8bf54b18568afb340e177b6a0bee51f8a,9fb033242fdc5d3d8f4de623eee8585d2a0ee1de,low,1,1
13847,beb86def3f9eb3f92ddd12737cde335fb12b0b92,efc034557a8e1886fe1f64b71465ada37b1c13d0,medium,1,1
13849,ea40e7cb531ced7475197477bd617a42c5a13083,3860fc4c1b8444e1e953bd283047cdb73acc86d0,low,1,1
13853,fbcd2dc4d722dab82c41368f1da827b9ea42265b,e290d194a27e1c1e0bbb6b2dc3241f6026d3201d,high,1,1
13855,e2b93d44eb3d51ed1010ff08e078f3cac39902f4,0717900e550e9e5de4146ba2e29cf08872f76506,high,0,0
13856,af7329d87defaf9b5513e5afe2ed7e6556da9d26,38cf5876785bc62cf1befab5c4bc7172a54f2895,medium,1,1
13859,bd56c631e7ec305da4cea2da064ecca44d8d0830,94a2ba88d776d0fbd3cf2cfba7ee54acf8a50277,medium,0,0
13874,82b4652aee73cc8c21129593d37d562a685f6eb6,5bbcb5b3fabf7f398ee5dafc328859bf90759878,high,1,1
13878,59549bfc5aab3e1793a9b72903a853e2507f6165,de23a21aebcee90a0f0914dff473e7d277befa92,high,0,0
13880,318f55549e97e3b09f4008cc1097a2d4ddbe8450,c82fb8ac470ea9c0234de814c03594828da75b45,medium,0,0
13883,9914f05a01a5fee88a0a83932d4348fff6d79286,555298191d796304b2bcda055c77520e7f5e6aca,medium,1,1
13887,6ca5125777b1f11551f3b50497c8e0baedbcc5d6,6a75d19e145afd43c6b22e4a63da70ef5ee4b613,high,1,1
13890,d0b5bfaf06c3bb469c1d1e50d5d702e62ce048b9,cfa718ecdcbe6f37a67b336bbbf006649180daed,medium,1,1
13892,58dac4f9d3ae75fa6f96a6027f4158938564a675,8b6784c610207facfaf3bc3b747c371c0c15e776,medium,0,0
13902,dee4d839214bc1afaf97531182edc1d190fe113b,6e31467e22c79467d5506af53a5387423f412446,high,0,0
13903,436288e175c673b9f671cd41a3eb14ec8496f173,2d516e3d6173576e2523bf4189e50d55532f0990,high,1,1
13905,b7778574508fa6851c73978671f473bed552fbbe,abc94c0f517c37697b3f4ad8af15de6a665caee0,medium,0,0
13908,eb8a86cd2d3e495ab89e3ab3713ea40bf24f3372,a4d5a62d44108dac078d1ee8d6713074b725e2e7,medium,1,1
13911,c7804acb29701bd821beace0e4f93cdc5c9e378c,c230900ebe2a3a1298fdd556b9f50c76a90ec406,high,1,1
13919,c3f1683f3ba43bbd50bd8d3cff8e78e87e669b18,b618b6e4b4f7b5b5f75556da3e22f88b215d2047,low,1,1
13920,b4df85ddd1d89130c5a0e1f640169ef6c842f7b9,b08fafa967c1796373a5bd49f0a5330d99b48c15,medium,1,1
13922,baabef50b9cd56811328b7f285911d39537623e4,53600b872ac5c03b6b7397aa107feb4af14f6034,high,0,0
13923,844905b19c734057a81996eeec73f2071e5ca6a7,62e29c6da84ad87449c0faa468186ffc6cb077fd,high,0,0
13924,21d278b19ac44be4342a8e2fab949185f40c046d,368318d4d04f66e0470df67f0d3a887102b0deea,low,1,1
13925,3bc2cd3f7d1181be3b67e5b1bd04b82a3b909ee6,7dfa1bd7958f6fb840036631fc01226f8f8e5674,low,0,0
13927,018313585f86afe4b201e04179f594303d26c48e,de73d2243636e9c1934754ede6886a7cceed1e1f,high,0,0
13929,53557c0bc964655d1f858a1b1b3c87d280ccac4e,eaee5ffa4eddbd4ce67e061ec5ae93faae7c0839,low,0,0
13930,aeacd8dab1b1b7ec05c9961783dd5dec7b51d46e,f8844b2281b676af68b93519b51a72a0c0db8c0f,medium,1,1
13932,de8fa36af0c723fc5b8602cc10c89ae31dc18175,9253dc27b728408a5898455fccfae06c478d0f69,high,0,0
13935,c8e4655fe159dcd9f1d82fca5939235d5403d3d3,89dad41ce37dd45e2911b583ef7c3df03092a478,high,0,0
13941,2b765482db243609b50d2362d4d41560bed2e021,9f31ae61e41ea1b5f8e35e90c5584306eb60fe28,medium,0,0
13943,48261e56eb2d897edb4f115d8c9c2911fa90f90a,346bceefeef432f22e655b373e5b90540287b118,high,0,0
13944,3939639d2862d469f07e236501577879208c0453,93830eeaeeb1b2c57d29623a5ed0bf20a4e35853,high,0,0
13946,1b7f8fb4a1562a2c8855c7d6ec9ed27990ccb64d,c789170361993ee5cbe7fb0d1dc465fef4b4a551,high,0,0
13952,60d081c879680673e928f2e857c32e094b20bb26,ef41f67b75ad52620822c395298de2d129a16068,medium,0,0
13956,5ec3d2fecf355525728ece21c4b1445f81804a63,e8c612254e7056baad18017a6609bf2cd89a51ee,high,1,1
13959,526f9cb11072350c3345780fcdf3bb666c7b6b51,302839d155a34c188a503c1d1d05d1ceb2c826c2,high,0,0
13960,36fdb5fba7d6b9fb0e6311c43c2405cbaa7b6bab,5109cbd0a21c23a37016ed2193cf7b6e41b0a7d0,high,0,0
13964,46ca0b4eda377c667e295ea4fe8cdd2970f9aba3,d0dd6d5864a8c2f819133bfcb2b34f3cb312dd5b,high,1,1
13967,4e2b15b7715db0c6d1e7e4f375668b70ce5fa338,151f28745b5f8438f17bdbc82b85229a4df78b30,low,0,0
13971,c293841fdda10e6e933722e0b712a7d71b171b8c,89bce1a7b880e6f7d132532f1e17a68f377d461c,medium,0,0
13973,96a64b35fc63f5db559d8ff7609978923c7c2912,baf82035a697e97b71c53b1054952776cea82fb3,high,0,0
13974,458d416fc5dbc92bebb8dad8c01f11a96ca2f21b,a8d21dabf56932231c60c6fe29db4338146f8cd3,medium,1,1
13979,eb447cb7a64ddc220fa3e4d29dc29e3a0f6664a9,08990df33bb0ab09523afc0608112a6866af818c,high,1,1
13982,52ed197d7e90cb68f400345ed8bf112faac9d4f8,d1d878f61ef7bb1999a1c633b0bcf0198d932a20,high,0,0
13986,f1e2e0a35d0d4c9294e6962e3f752c0fa750a5fa,4949c418e005b990657de36cf93f6ee5ca87a014,high,0,0
13987,f6cfa2d5d687149fb9700ff73aad1d11e7ea6db3,d5dee52f72cd9ec22d02be6ccc556a5ae1df5475,high,1,1
13989,f52eb41a1ec01459dedc77e85780b62b93e56e35,6eaf75a7e0d764c165cb4c8802558d5139abfb8b,medium,1,1
13990,9cc58837cad375a5252b5e3f0f989f8dc7da2409,904e73452cd9b4050fb6f9438048dd151f19793e,low,1,1
13995,f07af20be4e1391b82a7bcfe10660b316979d932,ae43e5f013dbfe123ae2b24d5eee7f640eb2f35f,medium,0,0
14006,0dcf6a02fb70663e1c32096a3abbbe4a8f74e680,9b445d281bf41320517ef786b187849c71fde969,low,1,1
14011,5e619d6fde906814c9ebd5d8196d8efd6335cbbd,eac2ddb838be22f9112015d34ee9c5de0906f664,low,0,0
14012,6b1902459bf5655b5662945a3f1e892102c793aa,24edb8692688e5516daa2e04e89ae0443caac2f9,medium,0,0
14015,7ebd915f26d5ba5700e5b9a1fd0ed03b77f90ff0,5466bd730023d2dd881616d3ef30230a1c123921,medium,0,0
14016,303bcbba718ed30f74fc4d0ef4b19dc7ba950d14,8e7fdd3f21944c30c00d533e8d8c761b80d31ac0,medium,0,0
14018,a13c5ff72d41958ae924b6055b48d178260eac3a,019d6e86b60b07d9860f8373e37282778bae0474,low,0,0
14026,2636a0e0ce4a6ddc6d3326e444b6c2e17dad3167,15eda70321846872ce545f37db2ab87d85dff877,high,1,1
14028,3d4fd510ed44a1bf34b833372d0bdd6876f4557e,01dea1d487d44c6fe94a2138f02455eb9628c74b,low,1,1
14038,a248ebc6d42b1c765f9cf424fd4360c9a1e7fc9e,9c40919bc95b521e7921564ca74973d0728a6a3e,high,1,1
14043,85a711719f5b8b429cd868218672cdc1cb3100dc,e28083e76ab367530c377678728d814733d4578b,low,1,1
14045,48b361fc7558c005574bbb0f1da82784ad8bf951,b1c16c7d87db4b7f70ddb5f6daadfa9bea2d28be,medium,1,1
14046,9a3b8af78eb40822fb8fe004a5389fa750323224,76157c142355dcf4d979fe1d931b34396c93a0aa,high,0,0
14049,42e3c16cdf196ecef5c547f4da346a0cef7569cb,4a14615aa1f2567faca9a80ba9f5bb35255f131a,high,0,0
14050,e122e161bb6d71317e54882ab74f896572e5bd69,d06c2b00d011aa5782e20ab493f346c2cbd5e85b,medium,0,0
14055,ff1fb18f306d604c69e5e4c6f96b411df4787e63,f013799fd7c3ecd38f95faf377cba2349c749c4d,medium,0,0
14057,83e424673228c3b895bc0570d2107588dd351252,22c8da8fbdf5319dfc980410e8e946bda115009e,medium,0,0
14058,fccef22568c69de5c7433d2560df5a18728ef401,c9b2a707e23328ec1e9122966ff54340c28caa9a,high,0,0
14059,827b1f6619b8b921f0d402c3d34c5fedcd9c1141,cd84e026483d3a96fa235d1e7a17fb5145355e49,medium,0,0
14060,66571a2a45f639228fe4a42d156ac28e97d60359,516664027c96822e1c8242b37f3649f4bc9e2401,high,0,0
14065,639c03b7adf95a4494b805c407c422de46de2284,ee1bc3e35da7265d87a9792fc1873967118f8adb,medium,0,0
14067,9f6489d5ad95d29b9f593a77e0cb01238cc22c32,69e84f2293aaecfbc539b1a0c3d25c9d880fe059,medium,0,0
14069,d5f3d223d11f65505d0bd29ae14008237615e33d,4f3caa21e1608c1549a26d29393dc08d2c2612e7,high,0,0
14071,d0ac3729e8383e6d4dce0942a172a0d8342234ad,0d180e69e0b6e4d42d7ab5d1cf0f8e07128cdc28,high,1,1
14076,fba4a4056368c4be92f1a00033cf49fa67892af5,9ba0e55c28179ca07511a5d118ca295ff4b9ed1d,high,0,0
14077,39ba3920e758107253a12b281677c11656790986,dd2b8de4cc293f1545acc5122ba4814981ea0ae2,low,0,0
14078,5b9a22983925294cb67608a90f754293edd9940e,9b636ada2e98d668135bc3fe1ae291d0daac3f0d,medium,0,0
14082,d70335e09c65db62ff20d21190983466e26984e0,98060b9bf26acfda61f4c7b5097cbaf073ccff9b,medium,0,0
14084,b720dd611facbf4ad895258820f1cb60e0cef22c,95d425cfaaf590cd40843d76068f808d7ca25057,high,1,1
14085,16ea82cf4443c7283535c3300df39d235ad84778,9654bc1a793d9a3effe4a74c8f6987deff1dfe13,high,0,0
14086,9b6b48016a435f3271040049c996530ff34e7721,80c9dd004b8084881c3f6fc27acceed209007558,high,0,0
14090,52e925ed1959045544c08376341390150bdc4dc0,5495c82e5f3621d6c0720ced722edf82ee269b2d,high,0,0
14094,71aff37a7fd31a6783386491f43b1c743bf51427,6cd826c8c0eb50b0f956f6e2171cb6be89b9de46,high,1,1
14096,30f5a3e198edaded5f02604208dfa8546622688a,29af9694107ebb301933ee0392b8182a2139aa99,medium,0,0
14098,fbba7a5d7fbdaa45f7c051c7f7f519e8992a5ebf,597d5bc6569b882f4a6958e1dcf58e6dc2663408,high,1,1
14107,8a20f26a2fdc89d0e1c66d940364e6f2ff8e8727,5528b5fa0955a1ef43ac9079f667c07ad38f7c4e,high,1,1
14114,d5388ac6fa4c1f6ea075e673f8ab79fcaeae2f58,796f25861c145ff2d4c2a57e24f400303dd89f1f,medium,1,1
14117,0224863ab370090336165222963319889b12c1d9,5da76665285aeb9c48ff9c1184bfd56b70e63a05,high,1,1
14118,033a2779f81ad9c5c0b91dca9ecd58b8c9f0bded,c321afc16f3f13f252b6618b949102fec16155b6,low,0,0
14121,a886e6f391650e34d3d2e04e3b9842c7b2a68ea6,d30f67be9e262f99722e4df041325f83c19ac188,medium,0,0
14125,0157bd47671f34dee375e57aaad7d4249bd9fffd,26cf347dd5d2b18086fc1a3626c7ee42846db0ef,high,1,1
14131,d33200e0ba256f7b167d24d692539d25b1511c59,ba1e25477c3420b444c683b4546b86dd2f9bf357,high,0,0
14137,86459b8b2728c223607f0631172f305f12a5c516,1035a8f49aea4a675cdad69db89f77052712c6eb,high,1,1
14139,95978214b0e72f5deec334bc4c70de5556297b6a,99c7e5da2ce0c97a286326669cf708200d1ae06f,low,1,1
14140,33a1d4d78a802c2a88d1f8dbfeda8dc5b1390384,14f0f506bdd80e52e487c4bfa008638ec3664b81,high,0,0
14141,d34a75d1735ff58c5e9ac6d05c77edb1c6590549,92aeab9ef21b58b50ae0b75ed32465bc40ca5d05,medium,1,1
14147,3e154e08098d3a3657b73788f7e21ff45fcb0f16,db04bc83d80898f30a8ba209f28b61a847d2e899,medium,0,0
14151,69049805fb110fbc89285b7f2ffd2843790d6044,7c3c6656fe71acabdaaa5fe1573e5790b5450c3b,medium,0,0
14154,642ec9dffa89a0900273b9c67f24736599a6f21f,eb867d8c2b5239f4ac0c9786dbc7042d4cb2b386,low,1,1
14155,ef37a5e9a979fd9bc688e784ac0edb9d43b2d61d,4662abcfab776d9b01129037bd372d5007262e29,medium,1,1
14157,bc272e962f63b39654c41874052a9c763829fe64,0f989adb55831036ad43c194be34e804dc6b80c6,low,0,0
14161,c2972b36e3c65af7c65957de49d4a3e1d3429b66,43011d7e59649f2fedb3d0ce35d9d07c4e93c948,medium,0,0
14163,3dd77ac0377c86c22a68a2b415d90e68877d9115,16fb086b396b4e03829db1da72e6cdebf95c5e1d,medium,0,0
14164,613d44b0d90eba7ea344316cddf73f5675bbe98f,ac0429e22e25c70910f07bf695a9e32506e4ce86,high,1,1
14166,e6d5866d444df22fee9048b34a3da0bfc970b8a2,9896c576f184c23dd36d81745f4005c700c47646,medium,0,0
14167,d80bcb183cdfd9cfcbea0c2e68d5121002133d8b,ae1ae05f27732d6131050fe42de0f8919de56f60,high,0,0
14174,082e052e40147e6eacac96160a8b8814e51f2ea6,b864ccb2f24a5ef37fefeb7df8f76ba0851e94f1,high,0,0
14175,51be7a398a1a69243fdb88c58f3f76f0622b61f3,711e22440ebf4f172965a458b23b7c79f28d9f73,high,1,1
14178,d990d0b47848f3b3742ec306b7a2be5c3b24ac92,6c108d4452d0dbb04dfc74befe025eb387136e1f,low,0,0
14179,6a75cbe3a855f447caf635e167b6c313dbe87118,1341ddd6cdc2d7c0efb86b90fa583a7ea68d6a51,low,0,0
14180,a3f2a3aaba0a8fc034e873d61e9530ada0905531,48bba308a3ff208e820e1aa2f2df0261eee906bc,high,1,1
14181,816cb254b7cc0b3f07c56803b3c2054ed0ea6f53,2c2778539c1e9b4fff36990b75a743923808ef57,high,0,0
14182,a715f7a898e1642e63e3e35e5138d1bc78eb3bbb,033fd1286e6a0adda17f511da90858d4c09e5108,high,1,1
14185,a97a9ce742d2ae34ed2542d035b4d537526072dd,a81437d06bd673824244dac1ca3bce4a9315a628,medium,1,1
14190,381ad8fcdb42438fcb90232826417d2df88d3af8,ab8f6bbc3050f5c9bc06cc932f0b2bea30f815c5,high,0,0
14191,4d3120df9698ce23137e17dcb3e38b671d35561d,16071af57a148cc90e9ce0a42ee5bdf09814c3d9,high,1,1
14192,747ad14203125d59b1c0355499a34aa964842155,fc7c3c4e7575514091417dac22ac78334d8f3d1c,high,0,0
14194,73544b1c586c21bc0052b5fabaf1b8b874681da7,2567cb0e23c4ee719b18a8276f7adcade5430df2,high,0,0
14196,9d7c44fc1e24758e04486352234e55026f9fb9ad,933ab6dcea823e5650fbe9d0930ff1c5fec34cfc,low,0,0
14197,c583a8665dc9f4eb328d77de572ee8a27266d9b3,94bbb51fed1678614686b9453360e42d0b54191a,medium,1,1
14199,b0d211389aed0d8b7d35dba39fdf3b21cc8fa5e1,f273bde0d6ee3f9c709bf4e4df46789df61bf045,high,1,1
14200,ea995e584c49997eda7c19ad638377c21b33df69,af3a10778571ce18e1945abd8c7621b6a093fc33,high,0,0
14206,a7a4602b3bb470e9368fa5a644ecc4016c3e3418,ed9275439cc6af68bab4c3673d34d7c64f656734,medium,1,1
14207,40523e68ffc91ea1e2ac121b270238543a2df51c,e85cc5dc5b31772ca5c2f30aad7cf5ee82e66214,medium,0,0
14210,88fc580b48a68f65c022a292245629c4eacb123d,cb8859cbe72bfa1042b3290b65e2c29fa256c703,high,0,0
14212,019684bce31cce0ef962fb8a085204caf7bbf76f,886942e8e923692422bf171b5b56e68b7ef9f3f9,medium,1,1
14214,f1eccce437f6ce732f9bb01ff55e79c4755a7990,89090ab202f2f43273d832e6a77ed5799c63d93a,medium,0,0
14217,39bd72ee8252f783053d0e69864be03e423d298b,e3f99c36069554582211127493b1e7a3dce3513a,medium,0,0
14218,fbdab01a588d70218905024dae6d0cfeaa222cd3,20b432dbe448fca19d74e067c7d54653a1817121,medium,0,0
14226,58f188523a2625343d3f764cf1c3860229e58213,2989a28a70497e303e4528264dcd23027f2c2b4b,high,1,1
14227,be45484f4aa4018d6240f642a8490ab86ee4ffa9,ec5e0f29a1b45cdd7f25e0208b9f9e8eb726acea,high,1,1
14228,c7c07d0738c5d70175d550a76d15e1976a6aa9f5,34db3dd52c7611337ee8419f781ec51304865409,medium,1,1
14229,5577d65b348c60676586d1e5fa7e013c0f72a418,8f6c4dae9119d382103a030aac8001f10ebffac7,medium,1,1
14231,32fe893d3fdbc4fd2d25411496b4fbcc05762bcf,7265cd8931a9b68eb7d5b10a5eab2b30c9093952,low,1,1
14232,a6148c924e3f94ddb95539f7cdd2f867f9a2fcb3,75f1f68f151bfce77447a0a8ba1a0d2d8efef7bd,medium,1,1
14233,4c17b3e0789af071f6b0dbf19a914d493510b521,afb767efe8db70be348c56fc19af97f815faaaa9,high,1,1
14234,e2a76027765b16615561ac71772cd62867edfa4b,db1a4005176a7c065ceca5f2a5d63b5da9fb8421,low,0,0
14235,1e3bef2141236b885930e96b9d3688dcd647c8e4,4d3cecaab8ea3468de3538052f8c20cc0b26e17c,high,1,1
14237,cec5a8b4089ab72c40fd574ca7f610fd6505ccfd,ebf8a001dc91d77ca80ffb32525254c89114508c,medium,1,1
14238,280cce57c43a99b1b035ef7abfe5511414ebfe9e,53f3a991b6ebc32058a1e873f6002945685d3019,medium,1,1
14241,8c5ba3e89495f9d3531c2a96dbbdeb810dac773d,fc947e7a59bc4dcb9b78be5166e79cad6ff000eb,low,1,1
14244,015ba76359b9f85010024e6349620e3e2791d1bc,022e0873c3087d21edd67463522ebcfe5d58e0f7,high,1,1
14255,dde5f63dfb3dc8ae04fd39490b4e4172057a7bca,64c2229c90e6a8d8522d43c91e1199536031fe81,high,0,0
14257,1097f17e3a10c2fa689de63bfa81870786a02089,6683e099fcc70023f208f51c8b7ffb487b4b00da,low,0,0
14261,650c5acf35dfcc58dc37a88375478f4a676fc83e,550882a5dcb8a47e558f03acc8d4bb3ec0b45387,medium,1,1
14263,3596fede45bb29de881f27c42245a870b810ced1,fe2cb0829756df57d92187e457cdfd06fd461f2e,high,0,0
14269,21192a9d5f89ee20e458166d705ff456967bf4c1,41e6b5ea951573bd2e9fbecac163a9be73025206,low,1,1
14272,7254acb019045ffd02bb8d3cef855852fece12ec,8e21fd674e12c2c6e287a6b4bbe9b03fe57dd094,medium,0,0
14275,e34065edf3304c018cab392bac43d304188beccb,5936873d4e256e788173feef8429698dc631cda2,high,0,0
14276,de9db5bc7eb71860dfd2cda9c50d3e34625fc7da,40689e12377387635391925992abd5a2d1eb345b,medium,1,1
14277,08c940046c2f3a5cf08f17f63c3106671111b5bc,9269d678d1d27d012ed11bce1cd08f7b5f3dd4d4,high,1,1
14281,d23aca5d3ba9b8219a7acd06258b1b7112bf719d,6ce63474dab5155bcd99a3e97383a387ce353c9f,high,1,1
14282,a8203534540b865bfaabebdc129311241fc3bec5,451538bb70830df4da56cb16901077c344bf1739,medium,1,1
14284,8e2008c17314eb3a987c8d355c192d1db4a8bd41,7e35ef07018a8c476b8d2221f3da237252d5f95a,medium,0,0
14287,11a0af007b8e490a357c040c46dc902c284299d4,7bd8f7a45156248eefc70ea4733efceba2476338,high,0,0
14289,68cf717567ffadcf844d9f04735b96670e35b359,1e6b097264b7e7b87273c90caae3916a9bbd7cf5,low,0,0
14293,1cd3f9ed86698d75a8e2b7363de27222f7707b31,5849c927a3e2da6de54f05a577f7bad70a14da97,medium,0,0
14294,f99b85e7a77b01a15980d0dddc7e15e54e2c4201,ffc875119960bb75829e6f999d38d2a78947a966,high,1,1
14296,0d7cfa41cf073972a4f8c2d05bd474b1e4142796,a09ec0e89c3ad69d71855b4b54f72b7983f9f978,high,1,1
14297,e3489edd5a8473c17b532171f1f1f8b9f4f84aee,0710529d9210fddeb1448f97691fd7e44fb98252,medium,1,1
14298,52622093ce47d750331d17bfb8dfc1f49e6a96a3,58928523505ae7a90871b1b90d4e68914c7840a0,medium,1,1
14300,35aaad2d91719476a389de3be58da8b83228ca6d,1de89869d033d0f9a2216c8900eb1847b595d316,high,1,1
14303,c15f89139e37796f231b9e3c16bea8ad5276c205,b7142d8201362207934028d5b302794101c35657,medium,0,0
14306,5aaad953d02ebcf5e5ea8aef2a81bb68a782fd59,ee72f01f3f6eecf1165390cc28aadddd50338c6b,high,1,1
14311,e3f277458227a2d4d31e064eb6f45f58b57665bb,f7397eb59efcb8099bf1bae97c7cc1f2b450de03,high,0,0
14312,6ddb98b40e5facd174612eb8970ad2efef646bdb,3be6d995da26d43d4fb0d79439cd961827e2f40b,high,0,0
14314,319dc9881059d31fe9a772251bd34f3804a46b38,8a3f5dc73947b9779d3f9340e8183bae4929c6f8,high,0,0
14316,3ec4a2a97aa1a054361aceef798352492399b33e,9ba170bd82c5f50cdf4d764736553e438095e6ad,medium,0,0
14321,c8206db2529da7755faaf5587d69a0805ec8f81d,7be9be0996d443a5358eb0d01de92e690321f50d,low,0,0
14328,bf239ffaa0f46cbf2cbaa477f2fe6a63a44c59ad,9e1528047e467b36aca526ddcd87b77f355965c9,high,1,1
14332,70ab6d196206277099bd7a0b0f5b9d66fa41d78a,1c47dc3af24aa44c17ae49d5a120f699170d5867,medium,1,1
14335,02209b1b2176fa95952fced8e243e1e467bcb646,efe000701ce3a3ed72c3205c01b2f01c01a6180f,high,1,1
14338,cc3215487f4b8c24d14305d63548189e2e1f4fa9,968ef098b394f8d1aeb203ea39315c013e50cd5a,high,0,0
14343,ded69106f7d3d262c9d5943ae0c14dfb1b556c5d,872f06199f2e512c902ffd11ac1b0fe80d7fcc22,high,1,1
14345,d84c23c015103a5acebc3deb4efb65281583b7b0,cc5777fe2a6f2a099bf026be93d11a3aca2f1c86,high,1,1
14347,c770e01bbd959628efcc67858db1dd547c0c7024,a80c44171d7f27ffb36d22aab742c30412c71b57,low,1,1
14349,e47d277b200d6397e2dcedd31ea246087fd239ab,b2fd5aa3b1d52d0eb4bff4f2ccac330066ea325c,high,0,0
14357,48800303730972bcc00fe4c304996691ba425760,c3ab3da1126a2a52481c9dbf58195daa4482fad3,medium,1,1
14362,4295eba438833069303762cb78e4b3b167ffb648,dd74671683af65c9d7d50a52f6416abdc75483a9,medium,0,0
14373,c49bc106e8624fd29dd1dc9e9fd26293c351346f,f7375b4f1973782ceb4a87074d564e54845da91c,high,1,1
14376,864e064f8925c17a887ba39bc5a48abff696b079,4ba491e0f0f15d1356eb87ecb7218f1a061cd881,high,0,0
14377,db5314d1a41b953c218b536fa017ec0c772e9359,2aa2dbb7e167f85ce76902340be2e3dc5a7cfe58,medium,1,1
14381,37ad80266d286d0c686bb33b076da75adfdc727e,ef1e0a88cd09fab2097704a275ae5b9d5fe2ad34,high,1,1
14382,20f88c53e2a96b7de10afaf0212ed5a84f1cef06,c3adda18f1ef2ef1f7f20b4f0d9c0f381eb4dbc4,medium,0,0
14384,46e931310f5cac286b6f6343a665a2199b5db29d,e9ed96260769459ceaab539ff7bf3980e4d687ea,medium,1,1
14386,57eb2cedca894aaeaceb2926b59c11d13a47c951,9c3a6d868bc0f91b8845fdf19bde9c5c5f61d08b,low,0,0
14395,b203fc40d5fa16efb403e470e3cfb471abedae91,216e35d44d552d72e391e866b919205217dd30e4,high,1,1
14400,bf3506e14b5dd119fd5be59015ae1280cc922028,8bc52650c1dd5db73fc3803aacf5c663ceddd6fd,high,0,0
14402,0d5761af1efb7246a1cc1d889ec6f90a72950a2d,7b97080caa951f9e4893dd26b5ee6a76384db4d0,medium,0,0
14405,02b8fa5b95688dc1c70d978ebdbd9ec898b6d0d5,7296f6f6adb6959fec0688d33070782431e5b922,medium,1,1
14406,882a88527cec37d8cf0d720818b74fb37757861d,e8dd0fb9823eebe5862bc840727dc0d7c19a6442,medium,0,0
14407,7254acb019045ffd02bb8d3cef855852fece12ec,d4b46d68c13fa3c529ace043e705b7a5cc13ea0f,medium,0,0
14408,b04d471a276237df3d69881968743e8717fb98ce,359b1a32b394df1fa0da3e3e85195db1609123c7,low,0,0
14411,3fefe38465c3e54682d411b981f1a3b65f449eec,e1afff232d93e6b4b43e4501c32e64a1152de4b8,high,1,1
14433,df67c08f8d4dd76dc1622e7f46050c4fb503564e,707c46ddc62c0fd6bc9640caa70e56d773243a2a,high,0,0
14434,a0ce26b6cfb2f825a04ef545f5a611c61ee7ce0f,29629823f45361d77f92e25b3c24c5615358c5fe,medium,1,1
14438,49cc5d5527e4a83ccdfdb0ac1fff0e012928b2b8,83b8202eaa0d371d84b3cc6030aca3c1f9fcdc51,low,1,1
14439,85a32ecb064c0fb36e792bb660c0e7612b97e36c,cce7093bbfb0e33fbb38c5887f70b07628ccbab4,medium,1,1
14443,1807aa9ff513ccc22a74ce64d672aaa62a8f13de,d11c5e140bc0743282d53e16ef511a6cc3998b17,medium,1,1
14445,3bc2cd3f7d1181be3b67e5b1bd04b82a3b909ee6,f4f39d95b1ae5cc900b7ec288677810f6c6a0b27,low,0,0
14448,8bbd45be2921bee90a7717edab2738670550585a,f52caa07215e4459cab02427d593f4097e31464d,high,1,1
14449,20e180e4253d57a524acb77d81e12583c8ab7a69,9cb1775c67ba7813d452ccc5648635853b00b0c5,low,1,1
14450,a92af2027ff4007db15646c695b2210b374b7286,874ba564191c903129f744b5f7bcbd46c72a95b1,high,1,1
14451,f84fe07ffbe0a8b547aebd871fb2f6c3a25e2f1b,7fc73eac89b54f2895c8a36269396849353f4ea2,medium,1,1
14452,e2daaf85f981f9fa9dcfd59975dec345fd0f5392,ab67fff7c02853a6fb2260ca8bc416a1b733e7de,high,0,0
14456,e3489edd5a8473c17b532171f1f1f8b9f4f84aee,ff3a848ca7dd33d14a49c1e60aea021487bc7261,medium,1,1
14462,d9025e2af8d70b09802a08df9c0fda8b5696d0e0,7256c39d57f1b083d6524a7569eb214177e08764,high,0,0
14463,c3fb2f85211f66e17ff0fbaf3b0244290e211052,ce598c781291386c5d8eaca30a15f60822af4fef,medium,0,0
14466,21dd6625ac1b514df97f2c65be20068b617645b9,67b4fbd306a49c02b5eb4fdc6c891fc5c0a9b996,medium,0,0
14467,6bc17e5fe688fecaa1e1f16a97921b4073e5449a,640442e7d8548e9e6c2c5c503d92b498b6f21c98,high,0,0
14468,c4c3ca35dd154eccebc53f15852b7ee74404fb88,1d69409dd44f9ad6c5bb6f8fce2a950f53b678a9,low,1,1
14469,bf3506e14b5dd119fd5be59015ae1280cc922028,d2500b5e0edc409ed503705c9d21012b8f3ee2f9,high,0,0
14470,977a475b08ba176f3cf8ec1b763559c93c87738a,5c48485a24bb095a3ab4b0654d368a379dc6a974,low,1,1
14472,30b0771ffc8e8c2e13277d904388188a5de486be,b2c9e3639d6ce68977b4c2de17c7e93ae87e4671,low,0,0
14473,5a939093a4af5e04742ad595e43c79a03df90b52,10ecdcf6f6831daadbf6263f7e41b57c4b98a313,high,0,0
14474,0ec24ecd96cea8cc04c5bee777be4bcd31d56b05,96eabf9199c07f12d555a12cecb3fdf640341aca,medium,1,1
14478,ba09b5ba8762e88623518f3b2821548302c8bbb4,cf220c6e2faef25c49e52c463c4b4cabccb1eb0c,low,0,0
14481,3600965ee6e896fa4a3d8d2a25bafc5a239112fe,38de66e442afb257b4bb71832f69423c4d6b11c1,high,1,1
14483,292c1b2f1f0b2344dbcfe72d7497bb6f033e4aa9,5702293af277deebe9df4277d37c4bfe90f0fa98,medium,0,0
14485,fbc457f36ed9d6fe387a973d6a70207b08109ff4,1baacb96cddb90e2a8ab9f16084b2e73de75b05a,high,1,1
14486,7550ad379483b11133204637c44f412a455a4797,3bc22d2f99b4faf4f8e3eef8bd10a4ef5d7ffdfc,medium,0,0
14493,5795b73a734c664868807d17d72840c1d0340d2c,d0c481c3876c631da94675fd50583f5c4d27e118,low,1,1
14494,b9b523ff2d4f9acce59b9a669d311b87ccc0c8fd,18c6d26f350ef091b3e0647e868dead408b40ba5,medium,0,0
14495,dda9abd21092ae0b74e9d5532d04a9d57ff7a65d,d5ff4967ff0fd417896fec22affe80daf00c1203,medium,1,1
14497,09990582bcda32f6f40db81d22a37201ee1273d4,587500a5886dd70901188dc516ca9bb5cd2fbec8,medium,0,0
14500,05a605c04a027caf76517da8fa16ad34fb334131,e087ac0c5c85e4771b746a2ad1507f54775f577f,high,1,1
14501,f48fc6d21f804626dade7952de6bcfacb9044d6e,bf68ef4879f45bec5d871a940b35585ff2923f24,high,0,0
14507,5b49dc68aafe75a67fe8ce04150a13c757f10d5e,261199267a9caa51a8adda9e9bab915868e02842,medium,0,0
14509,02beb37b145b5fe49d1c328c4586b2c628027265,d2b407b8b163463eb8d5f502ea9f88b668844d56,high,0,0
14511,83525ca81f4a62dfdb99dd3c3cc0e7ba65753a5f,3af21109c570839e8c349c813a5739db52040d83,medium,0,0
14514,c14c656f94ac9ed9ca8014375fcb4135c5055383,ebddd656db477db25985509c20b49e9487482c90,high,0,0
14516,6e3bce3c28ab7d6b289c38032cdfcdb64662460b,ccba778e42fe8a156618ec93bb309111e257391a,high,0,0
14517,2c8160e1847eaedf117ae92bc2227a7499445efd,4cda95c7ea681f9cf391156b64f2a9b4266e7e23,low,0,0
14519,14056b70b60864158e11f01b7a73ea4d6a7c8efb,52bd1a8e37da60b4bf153b7bfa9f4a4dd9b44fa6,high,0,0
14524,9d5ff8ab137310e7695a7319d99c38d9e572a35e,0c8c7398669184f8c67afe574eed6841818ceeaa,high,1,1
14525,af78cbfce5ae013d310c181a9a0a54d27984e094,de2eb710a66fd1ed9f7963053a92ca61760b887b,medium,0,0
14527,55d4b2fe3e9d8fb062a05f7dabbdcf6dfabbebd6,c00c88edc63e31126c263fd12c75d10a05a98749,medium,1,1
14528,60e1d5ac1dee0282f6dea509025cda3d739510b7,ff582c46c8df7e0d1d4881809ca3f1ce2b92b792,high,0,0
14531,1288d0d2fcc7fe9df3aa28a7183053cc4288e182,3f64b6f8e59d5a920de9b1232a9a0587d57b6b4b,medium,1,1
14532,45f3bbe425ec91f04c5fbcfce2263c3b7144c13d,ab532251e3bcbaf1c81b5fef4c3b1ed234f74289,medium,0,0
14536,df001427cf68719e7521ea48a62a3b8da56ed6d5,61dacf10fd872f385f56fdd62ef723b24ad7ca27,medium,1,1
14537,9b52e5781ff530bab9562604a2b6e8b194bbc53f,101b4b10a06da015494565f6c5d0fc6b72fba432,high,0,0
14540,95978214b0e72f5deec334bc4c70de5556297b6a,44c37e09998bfa88d471c76cae83028a4144c2cf,low,1,1
14543,eaef4c5926bda5589ffc7ac02ad6e4f9812e1d24,0566d874b332f0b3314a02c1ff93570da2906ca4,high,1,1
14549,70d4c9a6788707461f0267040dc6bae8978c9d04,91e6b00e50cc1a8281bb523209704944fc3ff41a,medium,1,1
14550,2576e93c2cd2dfb20d4bd6a1f976e73662804d1c,dd5f868a75d7b11d5a84c6709530bf3ee49bbd0c,medium,1,1
14552,2de6a54095c5625b5c3ce9be7ee5592a20c7fdc5,f65dbbd3d6bd9a38d36004b9f3f39ced0a889da8,medium,0,0
14553,360acd65fbf9f28c310b118ac75e8dcc04f6490c,f822d2f8ac44107f7fb0f93566e2a5461fb53d4a,high,0,0
14555,dbb20348c35dfdefb9568eb0421a934f977bfe99,ac8dc5e48bbc785732063104e039d297af8b6028,medium,0,0
14558,bd2240de07f59aec933a0e7a042ee044d552f958,2d8ad11c5dcb8533b0870d4069530f36cfe3a82a,high,0,0
14563,61bd8056cab10e40cc542aa7995ebe77f50bae6b,f6549619ba8db29eb062a89c60f88da47de9e011,medium,0,0
14564,49dacda98bd3ba58333bda2eb4158881cca74b13,73003eb33d83452fb1b5eac0d29fcf32845000d3,medium,1,1
14565,28619b4e38cff5464985d7d7ef648814bc5cabf9,6434182802116deecb33fa6dc073b5e0d70f2d6e,low,1,1
14569,2aa109717807d75114157b404253466f480d4f04,6dbaebe9084546192d27eb427ab4aad9f3cd4423,high,0,0
14576,ce4a29133e52da2ba1546d116f50154471a5c8bc,7af0a03d1e28aea8a5b89d97abb67f208ccc1e23,high,0,0
14588,e9b70c88a74baa36db9234767067e1f1b1d9b169,341a25baf6390f4015ea7a5db079d17a8d822890,medium,1,1
14595,bb9c7286b22110e1f7fe6ec3c6a8c9fc2bb9eb55,a1387af5366dc110ed36d6cb93fed87748712e65,medium,1,1
14598,3a91b47cadc95113efb69dc6cb4b2574b5e94598,4e6b144af1ba5301f57e6c6ac6d38f774075d07c,medium,1,1
14599,62230e53139d2e6e7d70d4aafd91a463047dadd2,ed8f1021c78a706b867153ef15fbc9c78430e509,medium,1,1
14601,5c696e872c3b4ab977a73a0c56c8e611b69b34ff,b865fe6590fca78b1cf9d7ac1754530198b73d48,high,1,1
14604,82999e3a90dfabfd8cbefd673cbbcd3fb76619c4,8232627db303981e7da6e9f2ea24acf5c7dff25c,low,0,0
14605,2802b01b7002e9f6778cfeee5d3eb8d84d270374,905802f76d9a904aa176de236e1269c4137eb58d,high,0,0
14607,d1798302e6344928f0c77b6aeff290d3deb6a4ed,6c1151da842020c33492eeabbfdaaedcd29ec78e,high,0,0
14608,a09d8a17ecbf4d53a9edb6fd9401fb52dd22b75e,57e7abf9e9765e5029ce42b8c56cf5769be1de43,medium,1,1
14609,e8b99af3a3a75fe774c440d3b37192a55c825752,baa206a472a24820c563ddb0a90d87c1d5b3891c,medium,1,1
14612,0c8f23b393b12f88e971c828a1aef7d3307b32ff,19fcb85909b83dd0d23deb4acdace024d387d87d,high,1,1
14618,d9b42038dc7f98ab2ac2f56a6cb98ba41133d2c8,3cd4fa1eb1b26d564a785dfcb84ff5ccafb3b8b9,high,1,1
14620,bc358a8e03975aa7baa6a36964adeecc7813ebd4,0b05ab1f9b7ef66defaa15b9029fafa845a5011a,medium,0,0
14621,ad7cbc3c2e44b657457a838c38e1ae9221feb254,071f86e4b1a0f4469e8a58a545b624663cf6ba88,low,1,1
14623,1ee9f4e0e42814e6231e9767cd4415eb1d6b62dc,5fef1a9aea4353fcbfec9a5c2b2e9fe2f912ff6c,medium,0,0
14626,46b1f915728e9703a0b1d2bae28a4e3e5b857ff6,1d81f164b3838f85d163c05251cf2f99a7ded9d5,low,1,1
14629,ccd58eab76eaf65c2e65517d08d1d0275101f03c,ce452cd1064eecfa1d63a67f206699cf68b94bd9,high,1,1
14632,d98fe1fb0bb5aa8fcaf25574a0c1d25c1404b3c7,53bcdaae72023ccd2e447206dd551d1791312249,low,1,1
14638,7031e2b4d773b056248f4b466edd1364fb748b10,29779d3a25aa78a7db73fa2ec9f68ec5d7ca20ed,high,1,1
14641,f0181a73846ee2827e7f83f22a4bdcf4be5a3b53,576c2aab9d36fe5a82ea824198ed59c42f0e6545,high,0,0
14642,c2ed885f9d9f949e02c2184beee30be55fe2b019,9c75857a0c844f5fce857c2196333c3e434d3c90,low,1,1
14646,751f9437f4c159590d8c949f108133ee9255b29b,6cd053efe64188c46797a6bdb0a787ad26ff94ce,high,0,0
14651,41071cb26ec1fb9e944446a781b09ea2feb8b20a,c5bf9041f58c7a69e0ecd780fbbe1457acebd675,high,0,0
14655,6af67c6a063625ce4e76bcc1839ca2891830b2be,f031fbbd9d64d2f0ec1ed053b9b401e79ff4e2f2,medium,1,1
14660,aa8aed7fed60f7d99117395ca0d1e35ca7b8e925,8920d69478c66ec4b7af66855145f6b0af3361b0,medium,0,0
14665,86aadf82e954876a771f3e517515bc15ad9eb7d2,1699a472f768ea517cc34d67f37992b101f75517,low,1,1
14666,19f44850f0f770403778e03dfd41dfebb836ede7,34188e73772756b60f4f7ad23dd2b5c45f0c8e53,high,0,0
14669,d2664274e3d5257bbd406321755f81524cd8b79e,82c821d17ed7c0f764870450a8ad0f94ac08716f,medium,1,1
14672,0dcf6a02fb70663e1c32096a3abbbe4a8f74e680,f3e0cac3b0cef95485754083e7d3a752361e1989,low,1,1
14677,d56d356c7d8f2ddc8a9ca491879414505cacfa0e,2625981494727031a8c1942993039e89798f0c05,high,1,1
14686,366336fbaf4354519d4aaf8e7b29e325b75a951b,07f84f4362ffffd2e9fb1015e1ee4e457c269c45,low,1,1
14688,75c08a72e5152196f561e4734a37129fd6f568d2,988425f91c9e542b9c98f347dafd4e20f98612dc,medium,0,0
14689,f8b8b4cec8b5d0167baa85f52d264b4208fdcf1b,0f5d4a5a2a2c1c6d81e3ba5a646552a636ecee7c,low,1,1
14693,7c480d7c702c523c4541146ac020e700abf68989,da0f2b665d9833ebf0244ae874e0a2e9aa434962,high,0,0
14694,4f610b7c22c52f1d980d72aa7ca20d78bd97c34e,b62ab6ad7f28b44b19159d52aebc0d4db3c250a5,medium,0,0
14700,35141fbdb62540f58bb2978e5ce7dcb9fe6f6c0b,f1750c575dbb1449bed00a83b763d645e7f28453,medium,0,0
14706,3cb9c2fc03ce71c142ed64d815c4ce497d03dfd1,58998b4e66aba298f03b05ede64a4a93f761bf3f,high,0,0
14715,1f3fec72690d4ca75f084554905752ac4499629c,a172a71d7d9527251d8dcb8d6f8224888e7bd717,high,1,1
14716,00b0cfcba1bda0906a8a6688e43404f2ec92ffd3,a1fde507ccc80cdd0fef6cfdfa82dfad8675522b,low,0,0
14717,9b7c89c3c2e0e32d9af4797a583b7b96dd30e583,5e2600daa7198ae14efb731036058763a8f0b8a6,high,0,0
14718,f14092d95eca64c29240e7e317e1a311af046259,0a58c9d887bda4dfb0f0e3c26568ace5f93736af,high,1,1
14720,2db16293dd67f80d9ff559da3d515b3d922ef437,630b6521e4b7d258e00defb68a867990954cdaac,high,1,1
14721,8cea8a17af54017b0c51b01b010c73e6fcb966a8,6fc31e6626751426589e8fdec979d4e9179e5c0b,medium,0,0
14729,7c0e4b4dddda2e386ac01f43be65a518036283b6,bf2f2b92f7573b6bbdce0110fc28ba7299e61535,medium,0,0
14736,4d09b34e384de36f76080217d24507cd5c9369f3,0109df59d9798d68aae1c50f01af9109c2cb0d63,medium,0,0
14737,b6ad0a7fb7628cef6a717a4c3624ff9d9b735af2,16e91f72f647befdad371250848210f1a3273a1a,medium,0,0
14741,0d5761af1efb7246a1cc1d889ec6f90a72950a2d,175381b4a36cfc70dce51843fb5ce3ef703b246a,medium,0,0
14744,9f8ba2bc50d9e9f0b39cb7a9d370864ae12508b9,42672bd6af1dc93c87a97f54b861cab51fb703dc,high,1,1
14750,f1eccce437f6ce732f9bb01ff55e79c4755a7990,c48e637082a65ca89d2fb5584d00f142ec03eb48,medium,0,0
14754,2f29c1a17f5d3e6563a020d95a5128bb2458be60,d0cde7ec2f009af830ecf4bfc657bc52899fe3e2,medium,1,1
14757,bd8a86258abb3b865887faf000620b0836a8d449,d1d933efb79d65b89ea992ed07ff5c90dfa6e23e,high,0,0
14766,ad84aa76fbfae19018e029ff3d0bd3b0a75e4d37,fdb8bc231e84c69fb04b7d96e229a684a05a1d4f,medium,1,1
14770,5e6976503d8917f20757cdd65c190e00fcc7cdbe,c7f40f7d7efb63fdc4433c76b751d940731229bd,high,1,1
14772,4bd8d76e2778af2d3fc2f3940c4272b692e7a56f,611cca9498aecba876c90e90b51fc7d2cb834827,low,1,1
14774,37128c7ac3a91d6377f30f78cf36a67431e57116,60732b1e18d883f34810a8fbf0b990ea4e299d80,high,0,0
14776,c44db71df2b1c05afd20ad66a955472a2890d3ff,e366294a3c559ebe31670962b8d15fc5f0251573,medium,0,0
14780,d460c8d56e83150e10326fec3ad221ebe2f8384c,dbfb33b82dfae83f5adad6cc3f233166a32f7420,low,1,1
14784,3fc0e5a3be03f3e26c518e74751b146a5dda8cb5,7430f54e652e2b03a871c7fb943960d85b6d49be,medium,0,0
14785,dbf0c84c66c2b3d187c19f7b15d39673892162b1,2c3c1db0cfe1139e62bf7693d50dd8611cb8fdb2,high,1,1
14788,b262096a7cb0e8c99df7b2bada1f937176151116,c7fb938627a74b6444227d2f5fae14e4af9a8ec4,medium,1,1
14789,828a1981493518c53d0825bd8bf593b275e97277,7d75b416b88bda199bba20deee5e6eed686ac178,high,0,0
14791,d5388ac6fa4c1f6ea075e673f8ab79fcaeae2f58,75b5ca0bf9d68df708e18cb06e45fee88add27cc,medium,1,1
14792,c3a2fd20e40d73d66b2d8cc0ff95a79ce6387b20,3d71d752242837e9705c98b22edde13ab038ead7,medium,1,1
14793,62e4f8d988117e074c722c2bf20cd4cd2c36b205,a9a98d8643b9c1febf68b5148d7750d6b7fe3113,medium,1,1
14799,92162069acb34d32f01875a86a038f562c340110,c367c4314d2f38a97887e0bf0729cb977e27ff5e,medium,0,0
14813,9434268f104c6cbfa9b327e04b18947a2de36bb8,e560eb492907fe38d0261623316e3132ead273d0,medium,0,0
14814,e3fcd71a8d9dd5f4d82c10fcd8413c6aba4fe354,023a73f5284aae137e952e3ba7e22d318aaa75e0,medium,0,0
14817,e78173409e992e7aefaf5c8347167a5b283c6498,e410cd6ccb42cbe66e9f5fc184bb9158020237c9,medium,1,1
14819,9bcbebd874232215369bb3bd843ff49596ce0eb6,d1a89a09b389a8697bb975ca4c7ad5e8aa41a044,medium,1,1
14820,0e5aed67bd26b8353c3e4e552c10009420ba46da,e3b8798c624b15200c270a4dfe4d8e7ef2b71f29,medium,0,0
14821,f28b08b671a3fc1162ecb9044e6838ddf71d48c7,ab562ee436f836b6d98db424209dca4383ef5542,low,1,1
14822,72210ba05d9004bf76aaa8568dfadf0b140f4fe8,010197ebc3905f33b1b7507dbe084d6dfdca1945,high,1,1
14826,e1e9b59583bcc03cef75e9ac01037e9b25a85239,66d5ec39293b07351849df1894ba0104052caabd,high,1,1
14831,6c6b53f65528b09f70c52fd0884cb450bafe77d4,65f4ce52ddd7640fe1238a7f2c1fc6cc6e57918a,low,1,1
14835,82b5ea510609b2c18804f85f62a5354d0d427738,ef371c4cf96ab49f289033d461a3fe28db906f04,high,1,1
14838,649e9a8a9b181c288fcf85a8a70dfb9d93757756,2c4842a8912ced880a1f3114ba9d427a277fc3fe,medium,1,1
14840,584559537612931e00488bcebc09d9cee673a4f5,d93e11c4313a866d87a61852862c94930f5339d6,high,0,0
14843,82ac133be2c64ec95d0b157ddaf5a96c66f73e11,c58ca2a87cb3844daf0bc4a114dcbaadfeda252e,high,0,0
14848,6c694eb19d474965cce5cbe2b037fe163941cfbb,2a83e24581950ae9d8038e49caa55f0bbc88c934,medium,1,1
14849,bd45fb13a92ebffa7718a15fca41586109636b21,7b55f9213efef7511501b1da03c4864aeed68b38,low,1,1
14851,fa4d8631ceb9405f39e79756a0f9044c0448091d,2d277d97f5db47845dba8f2c721214a0ab19849b,high,0,0
14862,212383e725e8e44993e0b1360c1b3aedc7e7e7f0,16c5a8cac712d7cbd86ef9747e4b86e6d39cceb5,medium,1,1
14863,83367812567bc703580a400026d0387298bbf5ab,8dc49d798e0208a4d5953e51f9b7237f9fabc51d,low,0,0
14865,c4f957efc549becd672c443ebc395dcb69279fbd,b4dfc08c1ef875edb4daa30431b478d6be5ea1a0,medium,0,0
14879,dfe0384617cb9e7eaaf9fb295fbc9c43a9c3387d,75fce6867cfcdf4e8c5b1372b3e10ced0663d350,medium,1,1
14882,9aa2f47e0aff5f3851cb6f8a23cead365061f6f7,65f51d9c7d474c555791f573835624f0949a8bfa,high,1,1
14883,cba929911127ff29e3fc4e9f8dfb8fc16710be9d,7fb8a0f101715c128a42031b4a7f2405847ddfd6,high,0,0
14884,e64a41999b01dc7c453c33793de4d90d4e0c10e6,ef00fa391c5a89e4c59cca9475b2a7029fd03f12,medium,0,0
14887,b57d38d33f30ae090d57fd1a5022f1b4fe3d2cd8,dd33f6bc594293cc6e4aab1d7d457a7ffead4389,low,1,1
14888,693b7d6aad70dbe2836c530b21f40da3c42a23f7,989fd69bbe4cb075dcbdaa696c7259cca3c1af3d,high,1,1
14890,35f5947a23b58a9bdf9aea7186a3d24ab7220c96,cdfa51ad651119688ae74be2c45c2bc5c81799cd,medium,0,0
14892,95c7326f1473c9dd668b323f096c411124ca5fe5,69c442e849c14f70cfdfe6ae35b7fe53f9a2d31e,high,1,1
14894,438e82b9caf943f26f3af65e56e946eb6e3cbec3,b29dfc172d946403ecfce1abb15710a885b08873,high,0,0
14900,5b716a5914d3196149bb57f3e9e5761d871e7a29,cf9929d327f898ff4ccee426d0b6c0dd88b932c0,low,0,0
14902,718fb232f01d65ea342f8bd8540f768b45a1e4ce,6a7bd6a11e1b678ef361941812fb9336ffc63ca1,low,1,1
14907,153115d895430775f76ae22d119a9e13656e4fd0,aabb5d960e062af84ae020c3af813299a6115550,low,1,1
14908,4f978958205ced8bf036d846ab0e3e94c0bd5018,d438ca466bbc76255f15adb4b3eb3f6a000af175,high,0,0
14909,e1d9551e0a1413ece3751966a0504a6f81e2f44d,7b0374a740ae99003ee9f03cb3ed8b31e48ec36d,high,1,1
14910,4bdc2f6997e22e7d0caea65445d6efac6b3e710c,95b7f73ec1006e988274e445857a3d74af44310f,medium,0,0
14918,0a4930ed8ea4cdc256f60591c6f566b9e4b17d05,481a926074e05e54be600bde8a4ee5343e16395b,high,0,0
14919,0a4d300c78c0586d3bf38361a9ef082291d5f86c,e2e364ef8c4b9b000628a85dcac2d9010cd1c38f,medium,1,1
14925,91bcc93cc3d5a6bcc7c3cf3129f9bab6e7d29569,9d45f865ea8b7e5f9d16d346802f63c60cd5b324,medium,1,1
14926,2d03fae1b2d90d1faa373272b4cc3103a8197b93,86f9149ff57aea0dcb980fcc0f2954c76366b98f,high,1,1
14929,85a32ecb064c0fb36e792bb660c0e7612b97e36c,80e9338324c5628cefa89eaf0c4c433371285fd5,medium,1,1
14930,85ec6695c346818eada719e715d45c55a27606c2,e55b72755edf74223543fe73ff5122da013ff9c4,medium,0,0
14932,623dc0f299286c58b363e8f6dc48620b5198348b,e3dd4f98820d55baca34de7bbb2150383b6a7226,high,1,1
14933,4761a22fc9e595c5c932a543d3bbbb12914ab1f5,9a648f43b80a097d9a9359439ce19c0815c360a1,medium,0,0
14937,562de2396f7984efb779ddcf7d1f3004442ce469,a0db7282aa1baa97cf8b39d4647cc4f49c7d6902,medium,0,0
14941,49dced67936118d2aa15f75da5f65e77908e9a32,5844d2cd162b9ad18aa80d643398fca70ff75334,medium,0,0
14945,0a66ff2b3fa9f6cd531fcc6d17915b112ab8fd57,4723baa8720df2d59a5a0135f9978e7506d1b770,high,1,1
14946,01cdbbf068d4f248aa859dc8eb0801ce080ba1e7,5d510995bcb18db16c535e7fb9a60a4d53dfe05c,low,0,0
14954,13861e7c2da0d62c063e85f6a49a33993bb21676,12acc17e3fdcd365eca9920b4d1557c30a2b1217,high,0,0
14957,2651c769a20136880bc1519352189000ab791196,e98df169098d33c3c437e5700c4979949f1374ec,high,1,1
14959,97d7f4b17cee4491f2df7626a22a6ed808ef7da1,17eab30ccbd13b41d11935777dc6382d2fecdadb,medium,1,1
14969,74e2f11d230348efaf00b8f3eaae949c9152ab83,72f6180e1aced90a3661f0c834599cb0690515b1,medium,1,1
14973,7e47bc91e874a7ee63849e47adbe5008dcccb19c,e6dc8e03f0ab3d57fd7494f8150d4eee31595da1,medium,1,1
14975,ca7ebd4d4854f08298199ed4d8118c4a1ee47b65,3cd5e56f0cc3b1bbaf72e5c8707a86700c5a3ae6,high,0,0
14976,d57fd8a0585f736f30fce275e58e8b3951e23c60,ceee329828dee1214c908ef8b58df15ec0bb8a82,high,0,0
14982,bbe2ae650bff00efb8f3798f06598b4fee2444a1,e97950d75637e38461c2e4b3696d91c2bfe05319,medium,1,1
14988,a58144781c4636fc8464f003188867c806e4dddf,0e3f7766b26e36715314ebe8496d8d9c5693864a,high,0,0
14989,1d8cc796a4ad2fa3531650ff423eded69a005252,7c35db3609d7b656bd8e925fd45e0676fa02628e,medium,1,1
14992,57a67e28716d401498f02095e8e8564516ffd8c6,3b14d4fc36be800865941452a54391a11e64a660,low,1,1
14998,7a418853bd7f16f4377afd9bb9245ac9412e54e2,4c5a556b4b2967252cc582eb187323e631487a88,high,1,1
15000,934a5352ca4d605fc73fc55c18f79dda2fbd8313,47a0fbbb197026598734668fd84596811a1c94bc,high,0,0
15004,8a36b65c3234fa294714f16ff8cee57b61aeb920,5295e29873391f18f7b4d99ba1e3c3ad0525012a,medium,1,1
15006,e32119ca02f06394db5ad360b45fee56ad932520,aa9663ca5c8304fd422adb042bd4c7d3e8be73c1,medium,1,1
15013,2d30bc9e01ffc6e0ae99f979452bae1b1c901d8d,9373c8ee08d9921bcb8dec311d0615e6eccd1deb,high,1,1
15017,f997e195e9fba01000bc9f15b5865b6bc0dee538,bb011dc6323c344d9bb7c62eb470301cd98305a3,low,0,0
15028,a911b3ed544da2361f5f8c72f31a5b757740308c,5b3386b4086165fbfbf2eda0c83df53d0d478053,low,1,1
15033,0a1713df52a7169b8726e61ffaea58bd26160189,ad75db1d7179fe75f0e63903b3bda7b43eff5e89,high,0,0
15035,0382ca98b24b0d28471cd1a6c8e8db035e78854c,bc392b5b49a4d73441b00df897b7df87753020d8,low,0,0
15037,aa5726d96d391afa5878e2f4beacd512dd0bf67d,d93a294696e144b20e000403f4cd681bdbc2b6a5,low,1,1
15038,1c8bc463e60739e7cf5f66c1a2801f90154a680c,c7c474d7643a990cc048d111f2f701df51e8a6f9,medium,0,0
15039,ce4a29133e52da2ba1546d116f50154471a5c8bc,cf0dc3a0e2b87cd8b7a2adf2bb9d255f1dcc73bf,high,0,0
15042,e6f49c5a7c0b991e9dc4a884fe50faee3dce70f9,863397020cda29761c243a8c22abf0eeeace4b8f,medium,1,1
15044,7c8752d2877f2f3f3074a7b98b7d111f6eb91c0b,ea60dfa6236f6a7c0289f889d8e1aa8cd1d219aa,high,0,0
15045,5c9a2461d88834bd95f007b19c67e92d3e96a8f1,a7f33cdb835ba29a0b773d24f73ce8c5c3766776,low,1,1
15062,5bbc3c7791b6ec5672056e972ac1ad825480e680,88530681948bd7814cb6552892173c16af1eadae,high,0,0
15067,0717c174259c7da7860c0e18dd84969dc8fed669,5b4d3e22af90ea42232e0cb229b64fc8bdbd4bfe,high,1,1
15072,d2cf2921aad396bcb53d09be196a1a1314ea9d55,021d5e22074c58bad816dfe9dcf158ccda82ac83,high,1,1
15076,f3eabf7754721fc98be5bb748491e5fd02ff6646,3f6b5ecf1dcff02f97da9e679e87ae6d77274bd3,high,1,1
15079,65d636d8a3e46d66faeeb1851ccac81c529bd36e,065ca568c2603f9c5a34d03f5f1125e3f0b00cab,low,0,0
15080,e94c090f88bde63f620653bfe7dc2222805eb5b7,816c51368cd63daff8fa659d9816bc96c63b05e7,high,1,1
15086,c925db84ccbb9e6b59164631257ba58eb00199bb,2391a2ab547588334a9e6bbab927e45fa8e89477,medium,0,0
15087,8d0073d008857a2752a0367a4f3a1fe6817906e4,51abbdfa1f5871052562738d4bcfc416e3bb648f,high,0,0
15090,c882413b6ecc78f52077d4a2fa030f48f4df327f,ae6bdc3025b9fffeefd8c8991f832f8abb59665f,high,1,1
15091,cade851ff5deaceb82102d8c379f5e5cea76f75f,79afbdd8543a9bd65cb081f1fc9c66091fc3d259,high,1,1
15095,9e1d1ec3f89627e111fc568655e5e918202cab1a,c4253fcb2467d83b9e0cfc1f3b7f21f61b654b09,medium,1,1
15097,127c2911ba9d99572167f0c2c8bb29c9d6edf006,579add7ee1bc5478f4466a5b178c472d4ba8f16b,high,1,1
15098,0dffb123b3d3b12b0298182d812b30923b7a2ca9,078550eb79ac0d9c4347e5c47932b718ed4790aa,high,0,0
15099,e2b1c9830c868532a607c32a4d87a0492ff8b9c2,3412b3ef24eaec6204f3a4bd3a066c17b32d8387,medium,1,1
15102,5358fd91c60422d67327d6ccb59ad6c18d6f25eb,376838ec03530b7998e318573b1ae67198a984b3,low,0,0
15103,a1269e6a1598923c810933287c9ad1b5dfc149e3,fc6b0b79b29f0d9a73d4de4e1750b433a86765b6,low,1,1
15104,6c233477c23282044125a3edefab8decb6cbd1ca,cf4569630ac074b057cd46fd84b158604f37c9e8,low,1,1
15107,14b36290b0d71ea9088b38cacc37da46825ed5cd,83db0ef255ca40e83b5d6fe3ffd495fde38249c5,low,0,0
15112,23b3d377cebfc7316c421e6b4f330a48721886ac,b41ccbe4d4f3846d6386af770da5662992a406a7,high,0,0
15113,a7bced692a7b6182977819f649983194c830b24c,ded6d24d27b794df2b9c32edbca15fe53fde570d,medium,1,1
15115,c2b8e1f18368ae4f6be732415705f1b2cd24b0bd,28525d09022cbdd821f98827f64495bf8f9b6770,high,0,0
15125,b72863601d71ce50e8f06528fd0699ff05268d51,312fa81d6cebecc55c63a03fd79f2883fb3ed8d2,medium,0,0
15133,608ea27934424cd9839021b61c882c915a3c37d6,83d66ccf05d11ad669a0fc048d63faeae9b13b77,medium,1,1
15134,54b332bdebf769afa84729b785243f7631c6cf47,b5003b7625109cb341045cd48f6c8c6d1e944f5a,medium,0,0
15135,9671d5ece674b66142e041e97f3939ee0d602b49,d56ae2e4bc21c360f6fd721daedfd0de8f1381f6,medium,0,0
15136,18ee78d22114ab921e03f763fef83fe3b866b39a,f03ddbc59372c918241b2e64467cc3e8d1e56d62,high,0,0
15138,df45016c3b429cdad646c9fa36dfbe9065020187,fcbedc0d668be5841d991c1dc330de2f995bc887,medium,0,0
15140,8221304541eb988ddaec94bc1e70bb977bc53723,85dcdf73aebc3016067d13ec4ee58cd1fd9ea838,high,1,1
15141,83db37ff2710529c09468ee572c5efe4b259c1b0,603bd9767d59c8ffe9f65181b0920406a90e9942,medium,0,0
15143,4697a3a10959ca62a6839ba2eda432e7517e4684,ea5a27b4392d929c1fd6707c7ec6c3cd6c1fc184,medium,0,0
15144,46d25c3db86dac2bd363a1c1100da4cfbc35dbea,6508e7c5054b68ad20bf69b5b9626f8072d4de74,low,0,0
15150,cea7d9836bf9aed5ff10b4087cc2c9b07766b6d3,e48287d9ebb69820089afd13ecb7da2ca1f119db,low,0,0
15154,37ed944a9af0ec97bea7b05d90de1a2854934dfc,da094aa2b8fcc23c64dd93513535d401243d34b1,medium,1,1
15159,2204bba4a8f72d088096be3fba66346a5c56ed92,0267e0106d3e2396b24f34784d716eaf63d021b5,low,1,1
15168,3ca66aa201f7e8d0a05d316fab2e2c66ccd24f31,12a7be496e17ce7d415bdae619cbed94b068f167,medium,1,1
15169,7c0e4b4dddda2e386ac01f43be65a518036283b6,a63f867123c4d408b28cfa8b2c74254947717427,medium,0,0
15179,8208b321f7d5625efadd51cea11ca9911d60de3e,e097d115d9d40d1e1a7094e636a395b6e2dae549,medium,0,0
15189,3cb728b9b1d8b5bc38107cf310db21c487755244,e8c46ae668d3c64bfa24b27b17d39cbe4be149de,low,1,1
15190,fc8ebf99072f66f87aeb70e316d6888835521f81,3082f0277b3d1108edd3ebfce2bb08facbdd862a,high,0,0
15192,1c66ae8324bf24b4ae4fcde0826741aebe5aa646,17f090348398ccdc66871965c02c3b01c7a76bc1,medium,0,0
15197,aaf15bc515de0a182b8d4bd0792ac3111c81327a,e5d98ffab38bdb7112a94ddd807ec3d8ad5cd96a,high,1,1
15198,b55df5247ddef85ed10895d70ad4bb9ea0fbd2d7,3aed9c732e4e7cff7ed014431c427e161a1ab2c4,high,0,0
15199,da0a497fab6c565e8fba25c43fb36642c4fbcfe6,3c94fabff3ebd1dbbc4f7019c54bf7f66418df2e,medium,1,1
15202,531b932c748c80e11d01b37ed7fa322e417dd6f3,5a5f3e8f65b36834403556ac9b0bad751802c5d7,high,1,1
15204,2aff459e00e5e85c2d3a5e1d41d3f70c1d34caa6,f54d13652c555c6b0437831c4b150e565f945a34,medium,0,0
15207,2e5832fa6dd0628eb87119e5ea73d45bbb1c2d81,b973b9541be5f427b4dfd3a1cf3343e1c25b78e1,high,1,1
15209,8efc6527a006c60b48e4316a927f971592074a02,142e1d6df19b296cbb1d358e1fd53ae56807ed6c,high,0,0
15211,751a28fe9f077503fc1f9929cb30b199522089b2,97b99f2d5d00442a14de01811970f059594a43cd,low,1,1
15214,b4fa70f3142b1dd04b4f8042bbd9341b467ca8b2,e439543b6c73548be316231188cc82419f18aac6,high,1,1
15225,7bdbd094f8fe22f358209e079a7aa605d872cd3b,5536c95fa39db0a1f0bccb36405d1fb970559f61,high,0,0
15226,119a46e56796526f21e4215910ab5f3e19cd332a,c82ec6033452ef900e6c2cc147299082e7483b2c,medium,1,1
15228,502e115efe7b0a3badb35dc1f97df1eff09115b7,ae0cc7fda326bf4d0f51db5fe2645c5a55ab4f69,high,1,1
15229,7515766a8a269ade08ae3e1ac40056531bb5af2a,773b1adc8102feef807fb4f813a2724da8a7eb51,medium,1,1
15235,e4a91e5fb3e43e62267b43998cb7c903f42978fd,ad235035ec36aab897b88b6e8dbdf153ca0cc967,medium,0,0
15236,105bea3b42411d0edd346a1ec5e19c28457dfb53,74352c83d97f4e62aef45c2c79c87e7aff8b8bb1,medium,1,1
15237,b57d38d33f30ae090d57fd1a5022f1b4fe3d2cd8,a74b00a8ae23a439b39a383151676ac34c267800,low,1,1
15244,6487d7bde29e071c1a622bc982c92007028fad3a,3789096e1852675db84d929cb22984a4860f1c45,medium,1,1
15245,4614818be27b1e747c5ec598249174aa3cd7d87b,1f879539f60a5b4ad6baf4dda1e35f7732a683bb,low,1,1
15248,f9ec7242cf6203d47a03d4e5f95276cd240d680b,b60e956d422fc2fee98f86c47df30695d4178198,high,1,1
15251,8f2f363ee5cbff22cc1f448996255adbcef7d6b3,f17af91365dc50ca7161618e46e129b688ebe59d,high,0,0
15255,921c767b688608daadd58d6006d35bc5a7fb8589,127a26a051869db09fdb534154702097430f2f09,high,1,1
15257,54dea7a705ab91210788e25b56db895354119901,041866021d176483212a0107a886ad2d9097cc81,high,1,1
15259,7266c39ec441752bda579a9fcbde7eefc248b41d,4753bcfd4ab4fcd7930dc71ebfda938b0f4f1fd5,medium,0,0
15260,d8a392c6891569c7e6f3b2713a84106ee55a9283,8012829b1aa3a8e20a10008077cd8311bb6b7618,high,1,1
15263,950c82e66978b1db988aacb81db07f2384389443,5cf4d5858279563e4af4d025efa499ffacffa62f,high,0,0
15270,0d30df598acdd2a5bb9d57ca26223e844b8a7d39,2f317294156e40b43e2064bc4b275b8edd953ad2,high,1,1
15272,cd2f6d91953a04712e91a920d3a6c4cdfcf8f85d,ae85881f1805046fcccf95d93f202bc66ad4d51d,high,0,0
15273,69832ae26336677da7575b19533b6043f10439b6,237b05a29753ba5d85954dc4140a87da837a2eb3,low,0,0
15278,9f3db2b61b590d0a6c1a66f3e46623badc49d3f9,57309c926ec75d9fc19996e7f62f32038c3c13c2,medium,1,1
15279,9103e247c0320c6ad5080fc52e85cb84382b49ba,eb6e200f387939940e2562f945bdf3aff1709220,medium,0,0
15290,da3df2c0ae85ee83dde80c84f4850ed8f20a9cc7,c4b9db27119a1521f2be8e3a428f9d6c1331e92e,low,1,1
15291,820ef2e6a1e0c5c3fbec85f2bdc7e670b1bc5e18,e22bbfe8b060aa6cec5893e375d0c07d66f26614,low,1,1
15292,522c12207f657e9f3acbe0836147e13f49cced1b,a239685e8fe1c32a2a263ef8fa7a47f1dd4e9d22,low,0,0
15297,ed8744fbb54cadbc364aabecfd341ea950937d20,23ba62dd4b663d37bfa339ad05a26089399fda09,high,0,0
15298,2c065eeb4d069bc099c8cf74cf30a59cce83725d,d3fcb73637fcceb707d670b148f8fa4006cb6945,low,1,1
15301,57e3ad0ec99be5a706d2683e8d29f133f265cec4,c41a51353800c68e5928fdc76625fe74104e26f1,low,0,0
15302,1e9db5262455081500fdad481ba4c203aa09c79d,a90f8eb05b0620fa4d4ac15c0bba0158e1f223e1,medium,1,1
15304,017f87f16b763d78095fd64a0cf647885f894ba5,01c18fc46a9a80279bbfeb1dda9abe8eaeb1c2a3,high,0,0
15315,997215dc58dea8f6ae42480f501ace1f66bbdfa1,5519761ced381266ceafec51025108177dd59628,high,0,0
15316,b7245aa986b4fd2b8412cc852593b3d685c659c4,72bf60742282bda0d5022d0fa9760083f78001f7,low,1,1
15323,d6f61072b476d50349d666dfb5ecb39dcaaf1b06,11cfb0518c9243a820228b8f9ffc3ee00a35c88f,low,1,1
15327,9f0495d9c8b644545edf7c371777ae1b5c5cffb0,1a92500508eca2fde39a214fa1cc7c70fbbf761d,high,0,0
15328,46b23fb76c3431b380ca09c36b929bf952b97608,a258f49b8532dfec1a0cf275f6a4799bab822ed7,low,1,1
15329,68addbd7e9b3f7f40deb3b6ebf7e6269af7913ac,619b049c010f3ab80554f260d646c544a5bc31b2,high,1,1
15330,c821a26f11a1a82fa28c1ec5e686b362141fc9f6,723a7adf2ce097a18a33b96e241336e28d46d502,high,0,0
15333,dac3c03a67edb09b8ad388ba90b75ca41e527929,0a14b8d65d7631af1ad32d08f48ba2028f7926ff,high,0,0
15334,fcb0a8d2b43d3979989c02e154745a1b1d6fd995,2a03bd324fee94a49c31d0a936ea7922cc8bd60f,medium,0,0
15337,ed66e01f3044281880132d478612e4a47015fed5,f03c217e2ec477334af496e88dfca0cd84709525,medium,0,0
15339,8d0a5fc4ea2e64c015b5496ab366c0101d3fe589,4cd2d807544a9f9f891aa28ffddfcf6414a47471,medium,0,0
15343,c88bfeed6ed16e9f60ad341fa9c56d9e479e69b9,202ff68cfed8999a8250746795dfdc7fe54c8ed2,low,1,1
15344,ecc9a42856ce188be2f6dd2cbe8745fdd79b0f15,9782e5f07da4d2694db4d332d861943ac073575b,high,0,0
15346,3f317701da29b02a4ff65ef25f04d6676288fea2,878ed1b1875ae2b738054f9e4fce06ef0fd73217,medium,0,0
15348,404cf81adc0fd1fd349bdd7f9b4bd980cbe18c1c,0cf758703415c9bff262908c513d0aaac3762a86,high,1,1
15352,0ee88865237a6c161de071ad933ed44bc57eebda,9f358906b9d3e0afa4770de4a0d60c89d5ad79a0,high,1,1
15356,352cdcfe1cf788d8b341653b155982197481afb1,825e32a6e1556b22aeab1bdbbb866a0d59edbeb3,low,1,1
15357,265e821b5994e31e935924127801afd8b22e524b,d5c1818e3ad3ee4bf9458d8e75df257e3957ad04,low,0,0
15360,d18261a21901dcf15458b92fe525e96a5d02c515,746ed32c60910979bb4145706703e623c6c02dcc,high,0,0
15364,963c001af622c214c2cfd8bec1c83b257dbdff1f,b292013adf385c87530e5235f980e607112198e1,high,0,0
15366,499d4c569b19bff06081251444df9e766b88ed6b,e4f64feceee63a5f32e01838e79d65c52b950dc3,medium,0,0
15368,4d2ff2cb6f8b61c026f170c844a83feeefdac7e7,2c74e4872267fb6221fa46c7985941b9e58370be,high,1,1
15369,996b99f027e1753351b9ec8cce3a4e2ef827e710,f1913450499868f1206f4f65acac592a92b7f024,high,0,0
15381,5e42c48b9aca716c30f14460b3b2d2741674fb6d,78937112f42db0e10d9a1743d9538f0866d8f8ad,high,1,1
15383,757312efccf75df09c21fbd4cdb14f2e96746955,09b9705fcfb94e42bd3235b17264bb16034273c6,medium,0,0
15384,4b6f430cc88eb53b24cb79448d506ec666891b4e,5b0eb06b1e1f9c963773da6016a8cbd7290e2b6d,medium,1,1
15389,4889eca869552ed8cea3769f980728c3af3d286a,e56b54f5d7e2db1b5fc5e8e04d25b0a421d9dda4,medium,1,1
15392,7266c39ec441752bda579a9fcbde7eefc248b41d,272c015ec76374b6f128fa1ceb5775775bf9a5a3,medium,0,0
15393,d3946db85a605e857f68aaaf32cf07e4329b9173,d0012e9eafb793f7d00092a56145e022f49d7420,high,1,1
15394,522ac58f310de4bcb9d2185d3ef640d8adbe0a9a,5c5f224c26940d04737061526547670433e2e4b5,low,0,0
15397,e0159a79248e660f36078ef5ca544763114564f9,377ad41d34aca69d44b97871458ddcbd935fbdcf,low,1,1
15398,7a03005015ade1f55d2d983aa267461767ed7e8b,011d1d9be18985a06695a1c6775244944961ee53,medium,1,1
15406,83390d2215086b6e0a24ccc5d95fd4cbeb1f7eea,df0202f7938d25528e0b6c32eb9eb621f37e5784,medium,0,0
15408,1fe0d809fa08e3d6ee8dc916633c33a1eafd032d,b9754a772b137120986534c02ce977d473114e4c,medium,0,0
15410,af5431320aa718f72559bbcfa4b8735524646564,5012337cba1ba3ef65fe71083945f5b6460723f3,high,1,1
15412,d79173111a7cb190b2f1c93d73c2328662745de9,77f076b65b82ffaadeb4a081e09a76df7cbbacdf,high,0,0
15413,3c2ffcbf672c9e851f2e5e1b88aad474dd686bae,bed51db430a1525a7f7f45394b6f92a0f8e8c352,medium,0,0
15417,4b3b72e4492c7417ed6e9bca5f780b895a902595,087a8f1fbd670f1f60731037eee52473dca729df,high,0,0
15419,08d2d2bae153b214d433ffb67566a26ec249ad02,ecea252df4bbbd5955f5f8fa7c0b1a5e0be941a1,medium,0,0
15425,adc592602aa76bfc201110b02458d275266a5721,bf211870a54623b1f0f83e93982ff59117a3ae26,high,1,1
15428,f9e50e96dfb05ecde921763f4fa526b4f9f23e68,8f1cbf203e59f9a39bdc86824b8357a14b775517,high,1,1
15434,b1a945dba6088e4d98b28fdeaf1ddb643161225c,0a71fc553bcb3c8e9fadba4d469ce3e3bbb95d64,medium,0,0
15435,127c2911ba9d99572167f0c2c8bb29c9d6edf006,16edcfd9bc3bf83668af1274820866ab2c339d94,high,1,1
15436,61fcf763c38094731ee762772e807b7bd09ea9a3,e255bb297153432a78d63734aaab5a6fceb639ca,high,0,0
15440,d2d5a20ac54534e245e2e867bb4a13c71b6926b2,6ba006bfeda133085fed2f682296213266e14b8a,medium,1,1
15441,cedc443beb14be901a5f80889a9f3bfb032ed01c,0688228841946fdd631ec713a7831c89aeaec851,low,1,1
15442,bd4ae6d11db62de9e28cc50bea6f796f2f0d65e5,e0821c2829601b17c050def853f2a4585f938786,high,1,1
15448,c69e3437f8d80276dedf7956a945442efe2a742c,b5c2425cee5bb9bf75dc8a486b5058afdaa2758c,low,1,1
15453,45f3bbe425ec91f04c5fbcfce2263c3b7144c13d,5a2e1b2a9edfe229721c612b503a84fb062bdbf5,medium,0,0
15458,c39f84eb6fca19347351362e8790b24af72d5358,1341c124100abe4527c2f970d3db1cc979a740b5,low,0,0
15464,17236d81985b53ae169551fe4cd3eed5f593dc13,781256a775e1ccff246217580d3889527c832c55,high,1,1
15466,4d9cad2cab30e4a6b141105d786cb440a9bef6d2,79f78a7007faf6c48e1f782d94bfd92ac62a5dee,low,1,1
15467,8d2f827bf282c6ecc6642544bd807bf58b32ac4a,7970f981ff026a6e3da0aa0abeeac5fecbb3c223,medium,1,1
15473,0843a367bdcc45e9655cc32800b6b2ce25e5ba74,34419464cc23fdb4951e2c239cea7ae6063a84a8,medium,1,1
15482,5e4ee7da25e5a312dfc36c36350a51d607cd8fc0,b98c569e1ce07ae659209f3b217876ed6a9bb2b3,medium,0,0
15486,d5b0a4ea18b131fc59991df056170edf3701e55d,cfe8e07f4b3a4975b32c35df6b760a9a6243e755,high,1,1
15487,fa31b3e435c8e109e198b76ddb12de9ef47f93f5,6d0cbd45f216ad05071681c2c1667b2d245a697a,high,0,0
15492,86f3ac1b26eca05dde0a5759b701d0b9e1998894,f3bcdc45f641bb66c330133608bc121657a864a7,high,0,0
15498,53391b71523b5791b614d26dad28c85e7f329614,80fc7ebc0a8e2219723f25a6137e96f5776d5427,medium,1,1
15500,94e7ed6194ff2f2252f898461a48ea91bff28e7c,71d265b51facd26f9d91a43b8f882bfdc0733695,high,1,1
15504,f491693b1257be538a588ff5a288bf3199f9642f,62c30045b8ea57a9a007f0d659c1867a12583f32,medium,1,1
15512,e8b99af3a3a75fe774c440d3b37192a55c825752,4ef7f36d435794782be52f7f5904212bbb57dec2,medium,1,1
15518,34f5bb8f07646cfd57ba888eccf2ef76ff72931d,a3fc77d24c2473fb5cd0c0a53239403fdde946fb,low,1,1
15519,1a4e8703f798c813342ef523008b4609b4fcd747,d02b31fd2f9e4cfc8b944c2131aa799a5601d167,low,1,1
15520,f997e195e9fba01000bc9f15b5865b6bc0dee538,dbee3bf93014dab8e31a0af1aa7e63261f685f8c,low,0,0
15525,cb4a4eb2280080a1eddc8b2a3d29406402703ffc,8879794d53da7dae79c7cf8fcc9d718f6d7c1288,high,0,0
15526,54fc76675dcd4c62778f7f5d8aff46d52f15fc39,79de61214ff11bd47f1df650b7f4e1b2209f3b10,high,0,0
15527,22b2dba263a3aa8235f973e4fffe92c9585d393b,02567ae932f3ac15fb39724a571adf7f29f7cc02,low,0,0
15530,242e373d075bf5a1ad340d79e7635be408d18e65,f552bce54c7dca78a2bae216684b5490db5179e7,medium,0,0
15531,d9f4a5615971b8d44ee265a005da6c5559b49bd9,b894658065a60f79239b323a4f74a0d5cfda8ff6,low,0,0
15532,457dbb7d06907fd1eeeb2d5b4b6c4242cb8d3b11,ac6947de299d3c67df11782474faa96fff9e13db,medium,1,1
15533,afc2a63647da1c024b8711743e40d61fe5df78cd,a0dc0a5c8c71ee4c83272e5ab7c17f502b1ac85f,medium,0,0
15537,e55bf771052b03acbe98fe199fbf4663e72e6342,b1dd214f625860f0da2b3ade78e8771c85914d53,high,0,0
15546,73006ff2bf50a540498d59d8d01ef5a71a33a14c,420e18d8d121056acdbd8e3f420b4a6ed07d8666,medium,1,1
15549,d6fdfb2cd170296b1f7636197733eb22a270ab6c,017558d4461c0eb7aea07e0a8319716ceaf2e41e,medium,0,0
15550,32cffbebd7c4f06a49a0faa5a49970b7cde40aad,c2d001b2a9de1c94b61c21260623a5b596c3da1c,high,1,1
15555,58be2c96616fadae3a5a8f167a72bad4263d74c0,cfe058d725a6b07ed3dc89b22b66cd80db120209,high,1,1
15563,b7b13f85c254b578893e608a562e7b9ec101b707,c1aae79857ea366c711845f89dd328e3aa2b4533,low,0,0
15565,d05314c41f32a21cecbfefb8123731070c51b27c,5153b2ef3829e03a1835b42c4f1792ca31b204bb,medium,1,1
15566,7f98e7fedec1b553848e1f171aadd6bbf75094bb,fa61209c41a5650719a24eeb79186bfa937127fd,medium,0,0
15567,bf726dee68a77b6225213b8086ee898be3af54ef,3c569621fe6aa39e7179228603cd260059f15ff4,low,1,1
15568,7611be16415f71b4258978fc35aa36bacebba380,76eecc00c7a3040ec70e7a5e2e40472f0f82ba30,medium,0,0
15570,c9e0de4afc284514264ed1845084a3db9b4245ca,b5eee08d422af0bc84ba2c67136d4f3c7284acb0,medium,1,1
15574,0589776743bfb31f617f0f941d1071aef14226dd,8d0f32a173b6cb027c5d8da2a4488f8db9da0de1,medium,1,1
15576,b8c74acf10d51488465ec5f9acfd6062acc315f4,f0d8978bd19a29424f8ce9e0f88b202775fed3b7,high,1,1
15577,1f4373fa2f7b8dd7b48fcd153c76d4eb970be3ef,70b4af6b8de4a2f3d998b53db2145d4401950fcf,medium,0,0
15578,11788982192f494b4dcd155768477565f2bcba4a,222194fcb003e7cdece5e7c92bb17d6a73731738,high,1,1
15582,4ecd83542b764dc9622ce4e66c5b837c45da498f,e07f26de5f0f500aa79989ced5999beeeab6b7dc,high,1,1
15584,bc3c8614408e1c72ebc8fbbec3dd0fd2300c19db,49a925fc2c0516d7cff6fd709695c509f0964662,high,1,1
15585,37b14703e43b92bafcfdba272702963e2e0379b6,54c4f756a7e28f557108086f568b8bff011dce0f,medium,1,1
15596,7bfe2bbc86654be73e8b6d402c838529ab619d8b,6abb64e195735bc7bd216394aaf9dc7146123d95,medium,1,1
15597,edc9e1ea5cf5ca900b96426b5ea57a61ce00b7fb,aef21c52edbb8b3bf05eef930e24a6a9907c5db9,high,1,1
15602,12849f114c51f93b474603a9dc7dadbff8e7264a,76c3decfdec0835dc6583b6d907c395af36bf668,high,1,1
15607,2ddb77d0bb96deb3c8ad019057c93eeaf1639cb2,27201ab59322b9d512d22877947ff141b2fe3c6b,high,0,0
15609,8767844e7bff48e443eeb942be782a696a2dc534,f7ab6695c64dca6acf426ae37f86180dbe96af08,medium,1,1
15612,de2016b69b4d55128e30bc318ec87a7a9bf41c0d,9c57c125a4b2ea93c2679caea9ec2233cfb197b0,medium,0,0
15616,2258f262fce10b387cdc1783d8765602f81ad423,423300afec0deb45f8d06f05e5322bbfb7effb67,medium,0,0
15627,1f3c5435633f29de782d1001d6ad3e68bdfd5848,f7c5a2e9ee571f4354628ccdb05a4bd8bbc56ffd,high,1,1
15637,9b8a23339dc9a9b93f4764ab0a4327c7aa039567,64a9a87a5ac665e2b250a02383343382bac2e2fc,low,0,0
15639,96782a4e8e232e9c5c217ebe7e2d3ae02765bce9,d827f15a338f92440c01d05b20d1977194fff26a,medium,0,0
15640,310b985d84b11e88f2315bec7894b1689a11c964,0ddc7a53c4075c1437767ad23221b3ac03a5dd81,medium,1,1
15641,a6d8753b0864552d6e8a2626322d7b1e3a5495c7,3efa7ef29e5c2db3cf0a12462ca8b08c42f5b5ba,medium,0,0
15642,5ff889fa17683f0cb248096efb503e35c13a9b66,71266c3feb8c607e68af82f1580543798fd3f1f8,high,1,1
15645,cfbbe28ed88403d05c499af0855382720256563a,7e51efeac322eba028087f28ec5a8f9c304cb9db,low,0,0
15646,9425c87721ba56b66d6f244f22d02173a66abedd,b7d1dbc41fcbcd42f280320075b9a70fff77e77b,high,1,1
15650,fb0b7a69e928b344121cd7f8f4f334c7d919142c,5f1663506b8e49f219de740d6c527513b01c574d,high,0,0
15651,a80b3f3d06458837669a8e6f80d487a8ba5d8cea,3ecd4ac5c7a447dac9a9b7776ff32d46a5d0f0d1,low,1,1
15654,3855d82f9e555c2fe0932e3718dac0071bf6d99c,2f43ecfb3f6e9d316f980d9041a46799a0a38e03,high,0,0
15655,4ad502b3f0b3a66c204478e8d9d428c13bc7cdd9,6105d954f614dfbe94b4070fd54ed77f3d1b3f87,low,0,0
15657,6789162127c259131309935185346f333c20be40,40401c47ec12c00d8d94c9b15e4e2b4b0529b4ba,high,1,1
15659,a51aee9cd47c9246c9562ae81f1c635a01075ae6,d6a9b50ef57d89f19cafe1a9d5afcbe51f40394a,high,1,1
15663,0f3c3c4ae26e1393bf80ce323c3d5a6f812f416a,20ba70d55d85ef71c2447d3226091aeb4fed60b7,high,0,0
15665,53f43a7589b8a891f27ca88a905ffd6dccb55acd,5f1d958e22cd0ba6c7586e2c3c5a7d42b7c2ce03,low,1,1
15669,0a2c0d1a3cf3ba512dd7cd3bbf4818f16c64d0e0,8802abe9f4fe83f3fe6018c4a1c586b0957a7636,high,0,0
15671,faf7f2d3057f75f453b5018e705a8c78abd42559,554f6b0e6d4bff4f05f8e1d20bc6587e9c231eba,medium,0,0
15677,d6ed462080228d80325ae2e9705acca8e9da8324,70862baa71c84d5adcc11550e75ca55f35a7cc7a,high,0,0
15680,9d379d8544fcfc2deacb6a18b5111be532d99a55,983f40894bdbfca0b52e463dd14008a066d205e4,medium,0,0
15683,f9931d77a1dbbbb788f6ffe387315a797c35d685,cbd1a865d2e73d4c1535a4547bd867cde8c6341a,high,1,1
15691,ac7308358c7dfcef2a785dc6feb87c36b347ed36,c0e35484bbd970f58690f74a8f4579780501f9fe,medium,0,0
15694,f8ee80b8e53304376f257fcbe0de94355f24efd1,8e34291da0e7a31083e508bea04db8de5e1aa02e,high,1,1
15698,9c9b3770c082a138958b5a646d81c0306cefdf34,604623439626e39a4507ecc90fee1d07395dba17,medium,0,0
15702,a1aa7e829635f116ed2ee4749dc618d781f099e9,3fcdfbaf245255d89aed0ab9075698d788669405,low,1,1
15706,1eea4598e50c8c9cfbb38f67246e76a81ff47451,824f275fd0332c16b3e53a5719f291d9805b953b,high,0,0
15707,2952df6c6736063d7a5f18984253a8ab68a31217,a320a413a539bccb3c063b4db69cbc05bfc01a72,medium,0,0
15709,c56de10baa014efe984c6c2e9bbee3328c5d5e1c,943fc61e93a37149f015787851e8ce9b985b0b55,high,0,0
15712,87f66f64dc2b4613e68a349d39e7279cc7aad1b8,d18eaa83405422e371a7373154f903e8b4002392,medium,0,0
15715,fb4b91d1d9c959f766a19bc63eeee747749c2bdb,706be34f729d4a4090be494ae264f1547474fa40,low,1,1
15718,1537534517904eb6e8549091b990c05f1fc07ede,81cc355881547750dfdf9fd5a14afdc7bb233701,medium,1,1
15720,57ccdcf77a3bc9240bfe6581135cd91bdeafe92d,85c710a50056a3074f8fa2419da09fd60866ea44,high,1,1
15721,cd638db38a228a3258be9b15632207aa31d7077e,c879bc5e0d89b8881f85e75afcc3ed50d1a1c19b,medium,1,1
15724,c55842c7ebd4110f7a28ccca693c95905aa61317,5bc2df31b68d2655753d44ceccc6ed498d668e75,high,1,1
15729,a8c8ed9de8ebdd81e364c4a197ff4180df8e251b,b44a010959c26cf4021284f44c96bdb914a518e0,high,1,1
15732,ce0e82b1122439e13da5a9464f2092b0ba7b600b,e8a4daa9c5b1968c427aa640fc3d124765bee764,high,1,1
15736,6577fc18bb144cbc3491447aab7a5220a1cfc9c1,2a62ee6ed518d60e78760f52f139f10f2e4cd952,high,0,0
15738,f4dd8d88cce33286914dd062d603d1124408b52b,18502ebe2751f3b1069837376c01118564c70642,high,0,0
15740,3baebfa8bbd80ec02d44405fc9935a5a1c6e2402,3a14dcafbe2f7cad4f71ba700d8d3a2482c23d99,high,0,0
15745,7fe9d4a308f2c8f0055d792262c65a8303c680ad,3608e51563e68d20d03adb11779b71f6bc3d24f7,medium,0,0
15746,90abaab36ed6b1705b1aef44696292b6c31be75d,c3fa463ef7b46dda8147c0090a38b88a65bf71dc,high,1,1
15748,c35c18c4b4f8a2af3471299c1d78b05d85ae3427,6de58169a9172ff138c9ee0158afa1cd22450770,high,0,0
15751,d1a893b8f6bcde10340adf6a7b475172b2daff4f,f5f8ccae9eebd1ed8df9c6a7cc27d432924ab31a,low,1,1
15754,1cdd03d631e7ace93436fa960e5251acbc201d0d,34339c312d335fc8108a4aaed83bc55b72cf5ea5,medium,1,1
15757,77d7b100f47ed041b005a57d4a6185e1adc6f9a6,40db8a5e333d8cfaeddedd5f8b0cd2477f4d262f,medium,0,0
15760,546d3e9d2c4e883e36845574073827aac62f5993,34350bc16a609a723fd1a4506c4a4772fd4a1e98,low,0,0
15762,2f667c639efcb82ec0273ce51f6062b4eff52f75,c5fd504917269bfcb60860328587d4ddc842ea9f,low,1,1
15763,a6148c924e3f94ddb95539f7cdd2f867f9a2fcb3,a53339b6bffc7e38823fa2d53ae376d20eba573c,medium,1,1
15772,2aa2281dd9804b88f3fd9ff63f81f989d0725cdd,ecd6b522a339bde51191987eb6abe6e7c16f95cf,low,0,0
15775,6f338ce53192aa56d7587476961ea341e877fcc8,0b9e1a0b9bbf995779cfe4eaa66ae56bff8ac041,high,0,0
15776,5685fff5e4de19a2f4e8cfb2d352f7f1fc90036a,a61efeba3c5430471cef734e765664564e6839c8,medium,0,0
15777,5f9f158727eb9356d228ba1670d76c35d2ec1631,986e7906bc9edab7db5d42acd8651878845f365f,medium,0,0
15778,7502f4dbab06fee5abda8a9cebf88689278fd247,94e85f07afe871ee3257b085cb42192e8eb29eb5,medium,1,1
15779,e799475b1530801e32c3ce0d3b6d2887bf7fbce2,9332d4390e6b92a93a36191898a19eb7a6793b29,medium,0,0
15782,c6436dd176ddecca90de83e02f3690e2eb3e3e30,876397dcd83fe8e84154bb50d193724bf7ba9074,low,1,1
15783,2228026028450643465ead63961b524e7653adc6,30f85389bc3c6f109bcc9bed081c74efce134b3a,medium,0,0
15784,2290752dcdb4067fd84f865021a6025a2b24dae1,d275ed7aaac1afeeb2e422bd3e1a05731e19b102,medium,0,0
15785,00d599949548a39a55d41834f87a4c709eff910c,59e95dc25251ce9629b6090de157139109c82112,low,1,1
15788,e5498c4779c8728179b400901c9fce323dd60335,bf5697d3b3701646253458f86a98a52d2162abbe,low,0,0
15791,faa5d4468e6684ccdb65712253c84b6059d5cf3c,4b1ead73072450787486b4d3de2f8f02bea0ce1b,high,0,0
15796,4fec80118d90ace56b5e85c6f9b264d76fcd7350,183c4e7bf4358cfda6d44b13ece811362c9b1d29,low,0,0
15799,4fec3dc7fd21b361e28a4c58bc4be0405b4014a2,b4d386116a36a470f6767251e762a3eda19e712d,medium,1,1
15803,ea0cd80a7b756342268d237beb5c8655552cb568,dc8485c7d36e7a6c756bc8d42fd2bd4ba432cbca,low,1,1
15808,cf61c91a1f788815b6d9802302af1d859f73dd8c,2c1fdee96e85c89fc09b3153bebb7c82f6ac264b,high,1,1
15809,c62a2e8192ca8a004debe1df1e31c068976e3baa,17e1aee741f7575ff4891c130f9f2cd3ee4ca280,medium,1,1
15810,348a4c25f57788daca0447a8f42fecb873a703e5,6d41187daf1b8f037a2744e11f554b8f85a6cc67,low,0,0
15814,b37add8fb186dc007ec2a4e647df5b52e53ab3ae,f9d299f7c40e08af6f72c436d01d19d9fbd2054c,high,0,0
15819,0ff55ca1df3d765bed1c556cc996e0ad604c0536,99c76dc0610903a8aff604159e1edb9fb510c8de,low,1,1
15821,c6aa80a0b117f90f5167ac0aad6790e64536fb42,1cbf88be079c1d8421548327c23a1a8ccaabca01,high,0,0
15824,f561f5e2e0004c7f13bcfe2ce78424240692ca07,79ae5d37441bab6d70fafc9ffb70701dfcbe0513,medium,1,1
15826,25e1ebe8601de3fa1522fac99f1f20da55d65f33,7f56cfd9fddb4697e7c74231b3f60ffae61615d9,low,0,0
15830,f334e4f521dac4034682507fcea3b2f65e188c3f,7ab647eb69cce86af82000e6d4e2f225bea7842b,medium,0,0
15836,9b93d0140c915d79edc162f0bfbbd7dddf21bb1c,65ef482bfc1aaaeeddc2017b8484d29e0933a972,medium,1,1
15838,55e326c3699d21631e6fc3fb3b047fb968d8afec,370b5da2de9e1e9d98d90d759a42e2d3b9062bb4,medium,0,0
15840,c036bc187eb599a962019d172147c3e948899d27,c51c3b8d126f21847810153a003477b94eed02cf,high,1,1
15843,5d88fdb5f971a64bc4cb30eb5e5b93c4a312bdff,0f2e542a6a643c4fb29cd78302384453508bfdb6,high,0,0
15844,d3279314ccffd152e7bac5ef2f7498ece97e067e,cfdd6dae57b88aff606fe36aeb9aa51f00b4636c,high,0,0
15846,e99459b9de2618f51ab1482ea29e457508042cf8,22b5288d3f2cb44dd59bc2fe3179c834d7cc9350,medium,1,1
15848,d1a893b8f6bcde10340adf6a7b475172b2daff4f,cef44e0276c5a38de5f34569eea7a5205657d2f6,low,1,1
15850,1b2677eb234530e0d838d80e3134a2f7314a0837,ae526f1f1b5bfcbfba88833e129b9a6d24aaa912,high,0,0
15854,717275e992a82d8a00359980a754a5e88b3d87cb,6398674798788537b0f033c6742a1a05e6ce2ac4,high,1,1
15857,71a90e88bd9a09c4722965d96018f0bf0d4c9ee1,b2ed59ca7c1c693cdb989ca6d1413fdb90d5c7e3,medium,1,1
15860,0570c6d5ac26bb8988a4007a4430e181b83f5c51,3775888e44a5fe23e69fce3cb5d4f7ce2ae7459e,high,1,1
15864,1572868ddf1bc57b558fb71f8f22b7f437740c61,59723fc3bfa0b501cbcb919810e91efe38f110fe,high,1,1
15866,ac5e0d63fb19bf24aa649041c322ef467c1f2a4a,52ef6ab02e67de3f9228dbdb5b340445b40e2410,medium,0,0
15869,0f2210978a4bdfa2ff83d7d83873555c3578e9e1,286217ad720bfdf5e52a95ead14d176f3f34df7c,high,1,1
15877,afbfbc7c7d37896bda1379702768a41412abe244,4180c597f27f144534a7080616e043283f17fd91,high,0,0
15879,5d71c6f3bf580dec674a49fdceeab83ba836ecc2,1d5ab25b495b5f8d152b7dc2b4eb31f8bd987873,medium,0,0
15888,08ea339b165dc9c84e41c491283238aed5f0c56f,f1b59fa149f77a8957c3d6a95e6faf830c278003,high,1,1
15890,abfdda4602d00495e7ec66f34d9893ac5485fe59,787e73b0ef5ed79fcd56b0a3d379fbe08d814fb0,low,1,1
15897,67601c04ab0c8d7e98dcc939bce12754b528b7e4,d14ef37626b53c4a85683ed89a4c6fe60a0baa53,low,1,1
15899,32bbfbe60f23b1bbf2ff5b8679d03223eda8ba90,74fc8153c2ca96003d7d6570e8df48edb2f0c03e,low,1,1
15904,b8ea25f1c1a8289b7f8ea6a3c71b1d574fed44ec,914fedfe3941aa04b9d9f9aed6ece24a5d62b573,medium,0,0
15905,52a7d4e8b8e6393fb8c7f43b74a176ef612b2e94,b7f3fc9039e86d4d98030a560f07f7a1e23e250d,high,0,0
15906,f2f9ec06e4d0ede5276696e1760d9238e05d0618,0ab60c6f139d0306f407e5b3e39b6ffb7670eb7a,high,0,0
15907,ca715b749f5b4729d24b74b5d404ba9a9fefc72f,ba5275abb41c4d19359c4666b8b9fe7ddf83d3a0,medium,0,0
15908,9cafbb75414651d263fa1cfc888975727586d728,a255d69cc63b16e5bd39533230342b3fa276740c,low,1,1
15909,3bd330c0e28a7a2e586f22db050009f3fb759660,f0bbf911ee4a679842a7bc5239a2284e74a8600b,medium,1,1
15910,57c7c6b177741b1cfc5ada006f93ecb4a29d8101,97d3de86971114c692c933b7eb8f6651f63ba0e2,low,1,1
15915,be8de43c1c05d514d0bbff4f79e2e88b3f1b8677,62aca73b9304b4f2d970e12eac44fae2952fbd1b,high,1,1
15916,17ed8d31624778ae8008d9a8069264c9060dcc2a,f64f8a91491bf621b8cd502dd76a603af8703c7d,medium,1,1
15921,584e8e3b7af9d0fe98c1537c5812e370de2e2e8d,edb8023a3ec61e29b2ed2e5771adcdf25c54a626,high,1,1
15922,8b2fc51647ad33776d97ad181e483b4fb77fda75,d34c8c42e7eb6fb86e4fc669ddc977f2a75d5927,high,1,1
15924,bdc3ca8c3f00dbbe9188906cdc7feb1fa8ca729e,44800b4b4f9f7ba0017bbd0be005240f21b960da,high,1,1
15926,01e67d9072862687262bb0cdbe0ac497295fbedf,58cfb6e062efdefa72a2a4f5f26d33051561977e,low,1,1
15929,183890e205ba940c4d736d2602a89240d081b3c9,c29ee6372f65e171a608e4cc215dd5e7b0dfb1b4,low,1,1
15930,03b334086566900b39c451aafccf46c1e4b9a60e,4a284b33a61b3d1546098ef071579bba208008a8,low,1,1
15935,a67b99c5e0875d4863c61c6f72ec761e32a49c68,7c001d3776793dfb73a9d44aed66f05bb8648ffb,high,1,1
15940,21e6ae6f176e82d2748b517fb13e1a2a39fe85ce,173603e6e60013fdad49449fb76f01e98e8012bc,medium,1,1
15944,437657907789d837fc457045554a151f985d95a0,29c5fa8361ab03896b59dd8a6f1cf4dbdd49775a,high,0,0
15945,8da217b82eb5d0b05530aebb02654943d861ca9c,ec56a4286920be7d6d00cdf516a7d254eb5f7740,medium,1,1
15949,c17f02cfa0dcf0f24b7cf4407609338571bf3a01,3a7535758a8276e34bae9dd06dcb810e877f9451,medium,0,0
15950,18b4d6010b8d223bf0d33b72a668cb71b8a272ed,cb0a97f797a00c4ffb8dac3472eed6840729ae3b,high,0,0
15952,b029bf3c74880a1724aebbdd217ca9223be34d9a,73e8362b15b9bb796961310caf41043de7991df4,high,1,1
15953,14f8b4ab2a2a1b058ddebba234e5be3a3e7c0317,d915f3a36de4b6c8a6b0337fde9bc5f168f1c28b,high,1,1
15955,95978214b0e72f5deec334bc4c70de5556297b6a,0d18c42351ea0fa4dff6d5c4eb03c879b5ffc7c6,low,1,1
15956,834cb58921d8742f5798d958820de4ab2f30755b,45752dd7dd3e4abbfb33247ddbf907394a1e49c7,high,0,0
15958,d06aa9ef6b81eb43524cb5701511507e5d5efd1b,cc4131d101b689a4a14960ab548cae7624b3bd6c,low,1,1
15959,35a6d1a16d7356801d5ef975e5eb5a262ac91042,ef6ab381fd94dd286b96e0bbce128ddbc6dd01c6,medium,0,0
15969,c66eb05efc349e847981101cb7030a7d7f58445c,f10e2e6215280dbcd92ce87db38129ab2a074423,high,1,1
15975,36c5c27377f51692f8758db6cd4e1bd7d1fd83f6,2729b270303191257dee0f4c9a80461f47c05f0c,medium,1,1
15978,6bb1c002be27cda142c9acf3e931b266b630a663,be146729fe93cb24ab93aed0991da1d23600a026,medium,0,0
15980,c72acb83e5cf916b79813457af140c2aaa499650,3d8fc43cf9018d62ae813c042a0aca2177873605,medium,0,0
15981,cbaa9d1135c75bcd3c90b5a455960c65dc3cd786,ea6a48f99007d1570087451a0e4aaecb5ece6b17,low,1,1
15986,b69d67ce3f7a49a726374a737346b73f748513a7,438098dbf3f2bc50a069764b9e2dd4ea78aeadab,high,0,0
15995,072403e1dbf058f522ea7114cf241bc051805ef7,d9fb75324e12a3f9ba5f4f3190f38aa47abf89e7,low,0,0
16000,d488c99e08022e0261d374308db5cd79ca13dfb0,c8230e8a7a2a02799c394ef8103194fd1e1b9c97,high,0,0
16006,c26b0c122f1d2d537a2f14d1149857352bcaff61,c84ec49f3cadb38c09bd385fc96956f796e82ff2,low,1,1
16009,92d406a58f789119e66c390e884e38567c7da892,ec80e73505ed9f353d6f9142cd0b51ad879c502e,low,0,0
16011,610bae67d9919877b3b2ed0119174548222eaafe,832861e6dc8394f81e598fb33d80a524a7cf74c0,medium,1,1
16015,02a947db9e92c904af254a36f3f55b7bba3d1053,c379916450faf7bfc39be43450c6bd996e98cc44,high,0,0
16022,12c0f91596503348e05d5b2cfb4b4987c627497b,5ed3fbf96dccdb851bfbcf5b1fe12eddbcaf3cb5,medium,0,0
16023,5b3c0ba100199a9c867db74bb2f83aea181d3f7f,c07682c24bad0b74c5f484940c3d5e3db753694f,high,0,0
16026,9c50395e982c7c95a6beb1b3aea5d5bf1a6580ec,1962f7890252103fa812a332b6c5cbf93bb44a8e,low,1,1
16029,ffb70bf5374eb45c7aafa09fc0f476124bc29683,f8cc6dad2707e9dabe4e5a773ea3748e11f10547,high,1,1
16033,1983e8e62a2f7659ff9da0efa4ce43f048c946a8,d05e0f43a2bc27860f773f29eea384706477ee18,high,0,0
16035,137ece0b086c08e1b68333a0500e5bf1c22b61b4,dbf6e7913abf75b6218233bc2a5e191f0a8320c1,low,0,0
16039,e0899a9df7cc7bfbe08b4fba59d2c8b1cf4fba01,a36a4430aba2f1f1c9336c11d06b9225a73838a5,medium,1,1
16040,dbb5d60219cd0aa0c19d9c19c257ebe233be59fd,9478ed3b9f641f9b6ac9ef11e63f147f11b6beb1,low,0,0
16045,f879a977651b8aada7374abeacde5aa389db748a,266ea3a71bb76a225df8b5a4533a8320f25a808d,medium,1,1
16048,d7febfc8a90e71f2b2163e9ac0d214566af361ef,4f6f14f4559b373264fdd625c748360e4172ef14,high,1,1
16049,8cd7ada92f86f1a6471e3d459e3254e0a2414ebf,8b90fa34841948ac83a75f16f500474b4fa47e07,medium,1,1
16051,de56d3403996d6ba049940f8f7575b924ccbbccd,9ed35b06e4feeba439f42c65ffc617a5b73a6353,high,0,0
16052,ad716e8806e518322c325f7a44e056cfda4f4219,d8729168e077ea8c37c04775a8ef1f55a4563b8f,medium,1,1
16054,42f8806bd438f355445f1b3ed85cbdb6c97a1b05,d6a88bb0b094d555563df9371c93adac1825c56e,medium,1,1
16060,7103cf3ea25be5c6aa5683e5038747f6d5c21a8f,8b95d6010e3a4c906dec95fe0294fbab475c9dae,high,1,1
16061,c06da5922ecda5e9fdecde24a92ebad6febd94a6,6de31d7c13cd66c0bc83f82eebeacfc954c47c6c,high,1,1
16065,6e00b0e7ba38103f7b9b2d5ff7266dcf57d6ed01,532743243deb1e671559f97293c6d62855694b43,medium,0,0
16066,2c5f2572512c7410f97f204bd9767b9d2dcc107e,9d9a5f3681f1385c5af903d470be2c91d0be8b39,high,0,0
16068,996ea21e9559be6dbdb43f44c137edfbbd46cf85,d0682fe951c0ae7c5613d5cfcde8af5edbe0a101,medium,0,0
16069,9d159b15c13e032fdfc06e71dd6f5f7a71013150,82292975cc6cee421accc8ca82616eb8d04c7446,high,0,0
16073,eff7e5b459ed0011bfb02049a3a3e4aed312f2b1,429f325b9c0df0101f4c9a4b848602934455a526,medium,1,1
16075,a5e09f323ab097d81123fd9f4a0d2b4fb4b18f7b,5a38e5b6752ed123246d7abd0dcdd07ad28b9f58,high,0,0
16084,fe86c2419b1593ac8cda55c6405ca9dbfcb6de9a,efd6cebe0d237deaf9f97a4687f2e44e0db7ec75,low,1,1
16085,c312fef1acab66474411d7e60870936278b1fb92,b808b8b43f266c9c672e18c031f85ad44f5eb5f6,low,1,1
16089,3937ff2782a91e5200290ecfcfec10549af46686,4de06e8750e9e8eb043fe9f5a15b8b95abae3464,low,0,0
16091,94e7ed6194ff2f2252f898461a48ea91bff28e7c,67dd98fcf61b5333808c805fd3ea16ed03c0058c,high,1,1
16092,281d7a0c8b576848616425bb10afe920c21dc198,dd6c816eaa3e1838b0cd078abe3d0a723808c16f,low,0,0
16094,14fc4d08ccdf76acd9c982d4ff598b022b0b6d92,e67b52cfe2fbcead601df207dc2375192ce517b8,medium,0,0
16101,8e4b3a4e83de3add53e07f3bf6c26452e0ba551b,1344fa84c2d5b723b170a8bffdafd01804196401,high,0,0
16105,678fb9adb4260e7c5d025de78c8f4bbc316636d5,1fed81a517edce75ef5ca3563b9424afb8728036,low,1,1
16109,8717f1c46fcf9441ceefe555af53ab0b19b92072,3a639d96826ebfeab904d3c07cff69f5b94288c8,medium,1,1
16113,05568cd8d0fdad09bffad3870e92548e3dbf6502,51a8743368bb60bccc6a4c81b7e84a7a5288c731,high,1,1
16114,a174c007badbedae7006715e08d4f19fab6ca262,5195c4b69c94aa5a35161c82de8ef79c89de742e,low,1,1
16119,150145123e04e5aab2af7eeec0137a7eb1e32c23,a60ecbda77c08f1263c6e9b7dbac5113071f4ba1,high,1,1
16120,6ab0672f7175f6fa6ed20f45f536c41e577c5efe,c561cd6894f919d81bfc575a4577892f9b420938,low,0,0
16134,c843f7c7132dcdc7ac5d44897717e5c01b76d0e3,a0b075a7dfe797ebd175a2510365088e536d56fa,high,0,0
16135,54dea7a705ab91210788e25b56db895354119901,73b7018e3cd5a340159a6e0d6beb4591a0975b35,high,1,1
16141,b4b9cf86359748f3839dba8a520b20d020ae3cc4,bb4e4cf9c8bb3bd5baa0b6210a55bbb2811f2770,high,1,1
16143,ce9e2ea63b96d3d3221467b615f51d0a82c548b2,103ecadb1d3a72a7793f8ea376d06532fe3082ee,medium,0,0
16145,e0ff3de8831c0e263e3041834b11f59384c2a750,6868907466f63cdb6509dad1b5bb69870d43076a,high,0,0
16146,3bb5834bab9731d5aa317fff2e1fa3d4e563cf41,6c51fda82386db530e6e35014b042b9aa6f28a58,high,0,0
16149,a14367ed31a978b6a208915c217fb08887199d2b,29ba85c6fdb0e6a4ba16884cb3c146c62621bea9,high,0,0
16151,67e57982c91ca1bac1d9c1c9b6c2119ec9c51392,f04f3a1e4dc8ecf3890a78a51fbc7dafec262721,high,1,1
16153,77959614a579740d225e7807468801e0f493e547,698c0f8ab6af6a6ef662825dc8fa9ffd50203811,medium,0,0
16154,0aafbca018ed86f4aec77073c7e07e9d6609f775,454688c04e78cfffdcf32b30e809861f9187dd04,medium,0,0
16163,a8afc550e490f6917e09efc555e7cba129b4cb9d,d9361000bf1edbbe439386ff4a8a2882e57bd953,medium,0,0
16164,c2db8fdb3fa8b780346bce975f4950340b84c830,fdeae53e2e38761e7e231b4db411c2aaffeaf423,low,1,1
16166,fe29566cb0b0ea6028e119732aa03f87cb0bcaf3,cf3cf40d6a6cb7a13db42600cfa99b0288f74e6a,low,1,1
16168,1978a2977503c6779e426e1112a18f5a9ccc1b6d,08d9fa6fe4e479f8ea8955e2a5376bfaeecdacc6,high,1,1
16172,d5542338934035a5d48c0be89758783f489c7b74,85c9369771a618cc9b84fb024a8e3748d5b6c204,low,1,1
16178,150c7ecff70278e9f70d90f1d2199897d52472a7,149cf4fd7d3bb53591bed34dcbff4ac746b57616,low,0,0
16182,00296153b99fdb52830ccb27aad717dd42ab2676,9a3f642419ea2b6df56a00d100bc9a9f19bc778a,high,1,1
16183,d57602d646f1fb5db642e51ff5473da863e96c88,e89f438d893df5de21447f5a394aeed677d5803d,medium,0,0
16187,5d6538389eb884911501b4b4c0ec38261144aadc,16a31a4f29c70da903d1bc1812553b4b60f7f5fe,high,0,0
16196,7260097119897eee156537799e1e5fd48aa7fd6b,018b22bf23d53c3fa8c643340a9808745889d993,high,1,1
16205,a3ba5c328d9a38e600e92319f2e2007f15b9f844,0a148b83bb64cbe2d2644ffe1e9fc5be4aa0a8e4,high,0,0
16207,06b700fc957d2d5d72cfbe73ce22dd8e3f8ca74b,ad32594d7f492967ca48133a2d4719f32f906151,medium,0,0
16213,c2cc89cdc8ee5eebc8dd48250357d7f6c15d9408,1476a92f2e514353f00b7e237c1d228844fd5033,medium,0,0
16214,d348edfa6ca6063156707ef1f039612a0af4db0d,800e95c75f5283cf5d545a7ec64b041b4ec6513c,medium,1,1
16223,068fcfe677784a56565d1261ff3ccdbc75b5cad6,d1059d1eb6d75881b3c090c7db1918c784ba8b36,medium,0,0
16234,987fe957aea2447caee1e350d52ed5aa4a5ed355,a6e45019cbd1ba4625ca7217e24be8111f744cb0,medium,0,0
16242,79d6b2260dc1e11a0c4b027437ce69590926fd7a,9d1482d12cd1f0f5190fb47599efa81179e5ba26,high,1,1
16256,6a233b43153a6e7743e744cc14ba09d054c7e4f7,9c8cddd7fceaf4796f5d784617abff0d3306b968,high,0,0
16257,6b0142eafddae2d8bc79c2ba2dc214f76b06e424,2d6a1ec6de7937655a729f4b66e371b18745b157,medium,0,0
16260,9e9374360499e8859919682b8a16043122338f85,7f37418ed88f4cfb1e971b33f83c68cb7e5cbf55,high,1,1
16263,b20016debf567120e8bd964dc04ccd5000e5ec49,ae904be8629170bd7b8988c46df3ae55cdb5cd6a,low,1,1
16264,1488f9e03fbafc84a58ad71b0149e844b76540c4,27e359e960c0a067619442239e11d682c53c9f97,low,1,1
16266,83567b08c9935efea8d0eee688128e2a1b1c1f24,7bc3b46d23101f0079519502c9ff973130deafb8,medium,0,0
16271,f7b8b90bf911ec186592b29be54f47b03696ff81,0eae984b01dec4e0d5b4dad2c344a2f5289756dd,medium,1,1
16272,c47c7484639ad6e28d2bceb337a0ad94e705e6da,43c361ea4f5e7a44d7e50c75abcd895105bae2f4,low,0,0
16274,eb8a86cd2d3e495ab89e3ab3713ea40bf24f3372,34937664c0a051511cc4ef7953f801f34136f108,medium,1,1
16275,a173c017ebcfd8cafc860c689d5ef26d5957507e,80da688aea5aa4b6cb368a9d811a0f65354f8889,medium,1,1
16276,3f292adcb81773bd17506241e9882db340152572,74ab1b43f2579e6d1229ef0ebb64ea6550d73f3e,medium,0,0
16292,a2471c59c4a1be6efcb989b985856a957521f375,0bbe65f614b50f1713b30250bb1636da482202b7,high,0,0
16294,ae451bcfafc980a88f4b91cc8cdfd3e559282660,23339b54124927d33b5b692561cda5733cd0e2c2,high,0,0
16303,2bb3051561df7f3fa60b67dbad1c717cd20d31e9,b925461d8b6fa28039262e6871ea94438cba68c6,medium,0,0
16313,04aa862c631dd408af59c0866f7fb98d382b3f66,98e2791df66d4ca309159157eb0844a3e18a56ac,high,0,0
16317,7d25b065da4e3c76c3e8c8d65b42a8864e9be583,1b28215679d646896cfe55d0b5d86370953ad8c7,medium,0,0
16321,471b957bdce5851e5c2928534803dcba01d2bcae,c615a24ab47900e34062495ba3dba3a92354be06,medium,0,0
16323,40df0179b9842d9ad9b02a8107482216cebfb64c,527790fef190a037b147208ce2ad0b981dc212e1,medium,0,0
16324,273ea765d99b0629b3bd9536b27bf9cdbf5898f2,b4f70946ccf60a4b576537af0cea6a36743f2ba2,high,0,0
16325,b5782d463a51d71e68501535d4a3cdb4481fb52c,2bf1e4be1e153cf42fc55a1b7f03e828e615a453,low,0,0
16329,92162069acb34d32f01875a86a038f562c340110,927641b92363f585dbd762dc3a065d887e6e227d,medium,0,0
16331,ea6b1e0a3b31f3919c78c3aa16327e5deab02e65,133ae8324d4b1086696516a290963d503e61eeb0,high,0,0
16335,735c9b4822ded38bdfcc5813f60ed57b97ac3f6a,cf8e4e919427e03628f4ff62993fa3456b1062e5,medium,1,1
16343,faa2fcb5ada91ec3fa07ec849398288f3f2ba131,d9d295d14064363bc5230022553fd0231f445ab9,medium,1,1
16348,3da712a9e59500b175dd46ecf2ab928110e63e6b,8b903236bedeac5dbd430b40b589e0df11b25a3a,medium,1,1
16350,f1ef5f5a49f79c692c5b27cf11c9cfdc1f47a3bd,b64cc2837f90abab2d72a751ef887d4ebf5e9f01,medium,1,1
16356,45653a560b2ec9f10a5771c96a28eb46cf010fed,d2c26d8f12acb7dee64186660428409cfd7a4439,medium,0,0
16359,67cb828c16f2996faf80ab466147fabefc9a92a8,1c85ab301976ed113a34000ff81eb14087589884,high,0,0
16361,03fe2f347bc0c7ab46463b5b1085b2a530c980e7,3bd73d7429bc97462bc7a44285c7d5e190bff327,high,0,0
16364,0bd84ee2f1ab3f069fb92c5f9a71b030c8f83711,285dca8e6e8364b83e41c06dd6c8509a614755f8,high,1,1
16365,c9992e41b14f6e1d19f2489c081c1f6d8018b329,d9065f95f86f2e75972302b13e31aeff975088e8,medium,1,1
16368,9f88a8e39f6cfbed53756bd13d8cf504ca1d37bc,3018596ae02eea4703117bd360213f61c2818777,medium,0,0
16369,8e0aadb06b2cdbd4043292d1e602d8f8b764c43b,b0706f6eaa2ce2117dd242899dc37cb928942e85,high,1,1
16371,c6b0fb857150b615ebe3a72705f34c5dc7aae9a2,ee7eb67fcf7edbed79a2e14cb4ab40c91dea9029,high,0,0
16372,475050d33041a70779841ec4c961d4244bfe8b24,23143ced24f1054bf8d359d8d41e7a3d7b02604c,low,0,0
16373,05e1423005b88b6429512f105e8987bd10cee6ba,d12ecca70fe457b8873ff10710ca4fcba1f535bc,low,1,1
16375,a7999e82d28878aa9774d79b505b30a740fa9e4f,56deb8d282f257952a1d9777b085b87e91a78eb6,high,1,1
16376,71e21cf7419b00c86faf10d00fb1b026820520a9,0249bdf57200d8b8689273b834700b6fc6485f33,high,1,1
16382,a7eac29c3abd9788b661aa034f4babff35a16da6,0c20aee30ce310eb7194e6c3ceacf61e185520bc,high,1,1
16383,05130cc5312fdea64f615e3fc5de9afd77d45897,f6cc95e0a68039ddda2fe434b98cdf5368d4a011,medium,0,0
16384,ecb7d39ddc4b7864db776268e8a377554b327f47,d020cf90a20edc524c977a0b3261813fd06c74da,low,0,0
16389,16bdccf2ae8d22da620204a8c7bba53e47d5927a,eb621a2ad77c70e9bd1bad12aa5ce9c3d085e225,high,0,0
16393,042aeef4d0cbe7a90b8120b6df32a51dea715a02,f49bffa3fa27f4f765dccc8bac812d9e1c93f3fb,medium,1,1
16396,2d89cb3c3c6730827a1b244661a6b57f612ab62d,458d0a7a759fd8170bc6b14d6fb6342a7042523f,medium,0,0
16406,8c46dadb080b5160d77f4f81fa686dc264d80a63,2a1a11d1ff27a39831fcd084a29045b3c7c15a9f,high,1,1
16409,12206fbdc9e3f038b5a8881a776082355245d1dd,613368bbaa1f72f2354815428e158c4cce8272f9,high,1,1
16412,c594a857ced80367b686e123fbd2eea251038ba4,90c82af6d4abc8cf6e650b1383df7b942d6eed02,medium,1,1
16414,5f03e5d1806a751bee06cf0753c6003be9ac4135,1fe9aca27329607873a9c42d1c0f58473130b8d5,medium,1,1
16415,9e04541365c1e625bfef9ffc7262b3eba48d752b,80f09ff2a789a657b4ed5ac8192f937878eb3119,high,0,0
16417,1106e687087a4604467753aa03c70619dfc90d72,dfdca58ccae22d43d77cac6b2a7b3351452ebbe8,high,0,0
16421,aa8aed7fed60f7d99117395ca0d1e35ca7b8e925,f9ef60bb8431942abc8f8cb5e8c577b8a61e5bc0,medium,0,0
16424,c4e753c5b9edba2fe4ed78e07662b62b64957da4,2c98a6e93b49a7abb6c6766a69b13c149d1c7558,high,0,0
16433,29d1883175a8f6be7f6d84d46158d70b941e5a31,b9de24c2143cdfe107eecbb1eba3988a75daf276,high,0,0
16436,a84dd5af7b01fdd9fa154ac066aabd993301c430,8a54f1e8222e77555276108011fd1c9a7ac583e0,high,0,0
16437,07d09d5d08e97658d377eb7d433a887df1552aa3,c3c168981f108559e013b956783915e41ae84fa0,high,1,1
16438,db88bd7aeafae31fa102140ae40064dce253e1dd,a50bcba20f78f9b124caf47720e061aa47241f71,high,1,1
16442,0ca33b37c03c3c49d48422402119de086b291de6,0d8768c1c9f17cebace659a1bc8ea78ca9c6ddaf,low,0,0
16443,699a23ac0c45076b3e7222313124d42f7cb0dfaa,b5e6b93c1c3a60d5d3b3c50a8939a0b458a62b39,medium,0,0
16444,3504afa2a218e3b20e974cb8a5f562af80e19463,09d0db30ccb88173178f44d9d2152026873a9264,high,0,0
16445,310c4b6c4d32e2a63c5f2fa96fa70d5f31e8de17,e8ab22019fe1aa16008b5044b7381663af39fc3f,high,0,0
16448,6d06544844da1be4f990336c855e95a38075a19c,8230e6f594dd5ecd4026de902e3bfd05cb6533f9,medium,0,0
16449,96ad727b94c8e53143946194bd60e97b3bc171cf,a10ffbff594c8c67f68a135966f679298a4be747,high,0,0
16451,0246ded83c59d5580c75ea412f9247f3dbf77e11,473fe0fab6921f5e075b83fe94cc5fec3cff34a7,high,0,0
16452,1b16edd8a2e2bfea88acbf0f06742e8948ea5b89,a7a07deba5b574440b9a8d7d30828f040504edb0,high,0,0
16454,c37eb8ee9f58177143179138eaecd54bd91f41f3,9b476a7f2178f63324c25045ad795e6de2922ea0,medium,0,0
16455,8d2f043fcb4848bfc4f9f96a223c997545622bd2,53692b948f1f7ec888b7dfd65931d8b38f076901,medium,1,1
16464,280cce57c43a99b1b035ef7abfe5511414ebfe9e,b1bc02358d3b6c9a7dd00d168b0c9dfd9e4795da,medium,1,1
16469,b7c4a4e873b5131a3bdeafa0db3846ad100ceb65,fc06c4a7f18896c82e21c380d9cf1a70081d045d,high,1,1
16470,a3890e7b1155be2bd293a7fc385a7a39f288e30e,054495de1828a7a01543abead3760af30a9ff1c6,high,0,0
16471,e1ed3813ff9ea8830d9188a13d6c8911e9a74203,1c1ccd2098ec298f424e27f96dff030e3e1ce952,low,0,0
16474,3ac40e73dca9af5829a6687edddac5c254df3f8d,f2c5d284e02a8c89a03b5f5c6b151a562471b710,low,1,1
16475,8d97604b14da44fb35619bdf21a30af2dbcc9742,9c5a1c6578a4ca07cdbffa4397d3980dff0ca06d,high,1,1
16477,d5f1858826438df5fb1d3cd65c324ada79cb6c91,d89eb0e2487cbdbed945f4a3a791681edc9ccc17,high,0,0
16478,fe5a99f506ddbf2250ede9da2af9c46ba6a7984b,cdd9692011ff9d54df3794c4dcf63feb4a558111,medium,0,0
16479,825028278e0bf96a0a4fb00deee6885c327b9b2f,2d05d462ee8fea31d0540bf436156c23766360e5,medium,0,0
16485,406e245ff6d676000fbd5f2243139e8628085285,7d61a268acc7254a49c564ea70fa6e2d92e8c09d,medium,1,1
16495,3ef0477f8a3802f4184eae7eedaf1fdc794e838d,bf7ddfd1a3c61b6f37f0ee6507043520ee361d5b,high,0,0
16498,74f189be569710a9723aca9a25a5573d4d3babae,7722929973459f8019ef7fe199bcf4a7a74bc664,medium,0,0
16499,c70e05eeca86bb2a7f8b663a7dc8682943d4b44d,14a766f9e183dade21449ef06ad330026e20059e,high,0,0
16501,20ac6288e7716a3adcd67a0751dd6b16db1246cc,45c1deebcf13671e1c595642d2ddafeb71617ae1,low,0,0
16513,db2b9503bbca3998c15df75ba397d5b3359292be,439d100792d79e2e5c139515b81584b389634b28,high,0,0
16514,95ea61cd224a6a031d366b3d0843ddb9f0e37112,0c0c38552572cf8b27944315d4c23878a172f039,low,1,1
16516,ad2f1b94c04bfd888fa991f39cc2aaa998d6ee83,c8caf47100547f92b2fae44f585a45e634cdf1ce,medium,0,0
16517,7dc7c0864c9e8fef0e7bd68bd5eac0d7de7e40dc,fa94a6738cfc2635756f165aad3639968c2b991c,low,0,0
16518,7e95d752f0fd7f13bad97905541161a73f0b6db5,5d53c96fd95a996f2b64ddd584e948193eec8a47,high,0,0
16521,70095fd0fa9e78ce87344086ae432714c32758b7,8b3f9ac83ea6456edcf5dbbf61a14c9b39adb9dd,medium,0,0
16525,53b1bdd0f848bd3ea2bd21b20c634703fe3d05ae,c66c57e90342bf467518912bbdd5dd0f9d6f6444,medium,0,0
16532,f6ae8315c8cade71224dcd74a5cf135ad3344db5,885e12a8b0c8f2c43c92b78a1f4506ea0c723ffc,high,1,1
16535,f04e96d897bd38079583b034699690969b4c7f0c,7557b0788a9e75cdd1f2e76dc0d7ea6d7ad65e28,high,1,1
16540,343a95f9906ea1e9211274a360bfd2f09214baff,974541e57658cbd7f9675839a187c9babaa0444b,low,0,0
16542,a77b6f2bc2f576482fae4c8dc2fc0ad4a1da1040,3e365473bceea12c08cadaf49b9ec305f5ef28be,medium,0,0
16546,7c31cbcd315b7f1f9a53e14665d0a0ab2cd859e0,f41780a08288d59fe479822b6c6b7264779e491f,high,1,1
16551,a49e428630e4b7d6fd9e990aa00c046a33d146c9,01ee674603f1938c81bb0757d21b77a877527519,medium,0,0
16553,fca25de7c1a307e589aaa02e424d99dbc86daf02,9c3b6a5f197811a6a3c49fd37aec85a6b16129f9,high,0,0
16564,96c3b8c95a55dd7882dba0300614808ef05789df,3a51a7d6d03525efab5b49c90f353472691e9e3e,low,0,0
16568,a6758bc69a7de4ce86a5da44bb85b27f3fbc45e3,d10649ecf548cb082e2bc50ca90ce41968acef4f,medium,1,1
16571,e6b83123d057679f0a589c38a1836bc447d55bee,e19cdaf37c969d884049a1fbaa396a856ab6263e,high,1,1
16573,f6296b9502de6ce185b0fbbcdec1ad5e10e45072,2c05986d74eda61ac437028f79f1ddacde6fe711,high,1,1
16574,22ffa5a057fecab6f6bfbb0155ffc70a9f99e031,32aa9e9f1441b6a130ac1f97298dba2add5f6494,high,0,0
16576,50118597b486f8541483e90ae333e4dd6e3d35e7,ccd729edd2874d6662d48cfdd6f6f9087208832c,low,0,0
16580,f99b85e7a77b01a15980d0dddc7e15e54e2c4201,b1628160a4b2440bdfce888edf56215ef5587045,high,1,1
16582,711e9b0ee9d38d9af3de44a051f30ba40e8f81c9,8bf4c421b15e2876f5d6eedeee8a8a3400e44c5a,low,1,1
16584,9d40a31a32b9ecefacd47104b528afa445e7b5b7,4b8624e04838299a181d6d0acb0be04e3b0ed9e9,high,0,0
16586,d3d5e41dd511b1593607b14c46c847050c8efadd,a9c9b6e0a020db6b7d8da18a576e6357a18d49da,medium,0,0
16589,35914387d5514fc2d6418b81add3923d5660f1c2,91337e6cf60fd01d5c6712c967912e937bac060c,medium,0,0
16590,f7acd65f4196a5af639be63016bea79c87cf9149,a492d1c0ee723535f455827e2d966cf3e7a78f5e,high,1,1
16591,1d6559109ffe0f841623e3a60af2960f5f988355,8e56a01eb781370dac3b9c104e0e0175511f174a,high,0,0
16593,01eb64f2849eccfae6a635f8c436f78fc3942908,589468a0a9d403bf071d3869c71cd9661ad6dd94,high,0,0
16595,63114196ae0f5545a4c0ac34cc77340eb286bb4a,833804fa94393392697612c567e0a17a6a52eec2,medium,1,1
16603,a86c42a73be054c88c0be222be7663598d688cd3,0132b02aefaa16269301c55227cfd8161e84f07f,high,0,0
16604,1ca0f5b5a1a68c4f536a1487c39f8f27ad92e851,67b2d08e10484cc457a9605997f75c1cd0bd4dfd,low,0,0
16606,b87e186e67dea74625c787476a31d3258b46bdfc,ee61eedae6ba4682ed0070ac0660cf5e898b0f94,medium,1,1
16607,eb9ee97d6c369b669d6bb17c934cd95e3398751b,c0e83b2e949928623e72f2819e38a60d206fa675,high,0,0
16610,0290f54be4989a72997d748a86e29c69d8d24724,c8cc63c47387253048efdb1d2cba4b1f3ac91f43,high,1,1
16611,ea263b7e28bd52fecf8c20dad46cab7aabce6c40,2a03f0d0a787b614410b6800532da6f463223903,medium,0,0
16620,9d7c44fc1e24758e04486352234e55026f9fb9ad,67054b2a4e86dc3a70a31aed845d7958fec2c581,low,0,0
16622,efe5910619e626b0d343403053276117dc94d2d6,8b6d9e2b61d737b9b032a3c15f7eed73690c4a0e,high,1,1
16623,9683e201be8b76428823771b1cedb324e06af6bc,e814c2bd448bb2774d71bb2fae7e17005909b5ec,medium,0,0
16625,982fdcf040d5ea5b650de56f7f0701d94b9c67c1,eee06521316a3b6b93540936c42f8d132f31c6ae,high,0,0
16633,cdcff5b72dfacbf88e7364882e226d29c5926c0c,c6f0ecebd6ee1ca7904727b5d1960af49c09b41b,medium,1,1
16636,9ab6bdaf4e82543709e1b7225a874cb98e441ea0,8da5e12626f1d929db987bd31afbe9a10db21a5d,high,0,0
16638,5f605690a98c1adb14534468f049b17ad84ce02b,aba69c496ee1adc65463d4fac7cbb392165684c7,low,1,1
16640,9d76c956e146f695aecb3e2b520b417870922e09,e207fb07441805b281be9aa217df6d4f1e037552,high,0,0
16643,662d1f7229e0828886cfd23c925b9e43f78ddf20,9a3cdfe7289ed5b98d072d90a2789d94e283ec6b,low,1,1
16645,bb0f099db615033e1171ea57374bdfade719dc2a,6061efd25a38e241068a823d26a50e85a21167c7,high,0,0
16646,4fa528ded72b5c934815721d97d08b446bc66f74,f7b5c944b751691530318ee4d9d7efc6e11753bb,medium,0,0
16647,cbbf31725400b69fcac02881d8e2f44cbd816dd0,db4dbbae77a50b72f1d02ac8555c66eb2b5df2ae,low,1,1
16648,a322b5d2b88c3f95e0737117c5379b1823d08052,63238abf155312fc4068e99dffc976d75958d85a,medium,1,1
16651,fa03928169f50c5172938592dc4e9be35c7765c9,55ffb438cb9b5cffacad916b90a85c4b968c010b,high,1,1
16656,12c16c43c21f02b672a4a5a5d6f51c4517a24f45,ae3f902dd6bb4b9794375991202fe9f32a7e532c,medium,1,1
16660,afa3b3ae82c53d69c857c8276b74cebc057dc293,ae0b5383c816f33fcd02048885918414fd5bc7a6,high,1,1
16665,1a247aff0831c772507efd650f874c5978c729a0,e8ea500acb70581bbf9f3caecc7c5f92bca352f4,medium,0,0
16666,b0d05e0e91f1ecc296d0c926c0279b0a67feb853,12581766674a35029ddaf8d2576becb1517c524e,medium,1,1
16667,05a605c04a027caf76517da8fa16ad34fb334131,7034e64319fd1ff04ffd59a82ff5a4a9dcef30f1,high,1,1
16671,6bcfcea60393653a6ac1b9693a64d1904072bed7,289daa83318ff39717c03ac7be3e98ddfe14964a,medium,1,1
16674,f253f16b65b74d0e1c5a0c8e913a21019f1dcf3b,fd60bc8ae62b11fdbcf1c8772148546164553aff,high,1,1
16677,c42eb13f5fb0324f11d93676503e43c23bf3c8f6,1731f077305e2f94e7057a4148d26f02256add3c,low,0,0
16679,0b6ec10d8a12dacc5cc4f885cee04184db65fc77,2d11793e29f18f89d0e0d05b68e9a9d961bcf2db,high,0,0
16680,02d686d99e4dfb23fde1830afda3cd966848732f,d294da09509e4b216b4f416656c2737d62c5ef69,high,0,0
16682,8e6a6f7ec75f9875ab2963f644064cc72dca4eeb,8da705168555874bd41425dbede548b4482b7507,low,0,0
16693,5a1355dff1a9ad68259083910a13fdc79f909271,388abaae227604a101de11ae6106067370c0f910,low,0,0
16702,db2c77af2503915b1a6ea805667ac064642dad64,dc03b3df86aba8f419715a306be07d51647a9dec,high,0,0
16703,a90111a4b46293f57f87e5e786d833ea00c7ab96,28ad0f461bcbb4319e84287ed19981641272b03f,low,0,0
16704,768e83c93dcb67c366c4fc9c3e00d6e1792339d7,4f61530ec06c854a1e61017ce2f64f90e051b127,medium,1,1
16708,0ff210a9132e595be5b8ad8540726d17b5d432ea,46a3f7a130c2357c0807c6081068960b69e46def,high,1,1
16711,31df3e874fb7d5cac1b615a5a96c373526ae1b13,62f8b54de7e010acc93ed957866ffa09b156c838,high,0,0
16713,75e88abd27267ffb70769ed8feac64d519f23ab0,182e7f7dc15d5b58f4e1107c765b248da8e8380a,high,1,1
16718,cb4fdc9b5af5eade40305771696ac864ecd43d19,483d6b0c2cbffe3e572047d9dc61e90f10ac5337,high,0,0
16720,2c5bd2bf0f5d2201f480f45b0a203d6dfcfd84bd,4fe482cbe130daf1dcbd8e1a2dbf9784908ccfdc,medium,1,1
16721,408c6c3782c9fc9465b2aa1828be96c0fd0c2c0c,46c133dfdfae6b9a78c6c4addb758514575627f3,medium,1,1
16723,7114be129cec80620b92f7dd2ff958a88ed4833b,24e7631bd6cd3292e9e92dbdc19e46d6dd7c8882,high,0,0
16726,a83718f2c8db100c37532e5e4ca8019a97fece96,e8553c34bade9c3d3257a6973e74dac14e8eee1d,high,1,1
16728,6d06544844da1be4f990336c855e95a38075a19c,6d2b6304bce315c4c42594078d605cae758ea72c,low,0,0
16730,f6c25801d7c839458c329f77033624774eb5bc11,9e1cdb64dac70108164c63bebeb6d82bff8dd438,medium,0,0
16732,fa4d8631ceb9405f39e79756a0f9044c0448091d,7bafb131ec625f570975030a0df2c16b83595a64,high,0,0
16733,e8fdb09848bc602dc6d1dba7a6e7ef00b2d9391f,92852487ed64bd6945aef851c80c197c7c882648,high,1,1
16735,edb001d497a6fe658477e56999a9105098106276,96f7155fab66aa41bc7d85b6becf372c2f3015ba,high,0,0
16736,6028cf0958eb238573c846fbd24ce520e7174c16,527a9775308f3925e94252b73e53260aeaeaeffe,low,0,0
16740,3170ee05e44c95266c46141f67e3c2f1b13fc46f,41629ff08cab704b5282848d7ae20ac7244a80cf,low,0,0
16747,d4e46bae5161094e06dd4a3726233eda09253a7c,1bad67b7d99e01990c031aa8b79a7b61cef56420,high,0,0
16750,a5d917f3d4748698ac5afe5675b055cd1f910b53,7cee7adbc84df06b6d5e7672799f1b00ede1462c,low,1,1
16754,85e4f5c08575e5c1c58eaa7e922a0d5831034161,bb77560bcb1b9af80c2de92dc573c99ffbbf2ea4,medium,1,1
16755,82ade92391b68a8eeb2bc4d0cf828dba6ebd2b80,2b0b7987ea06dc3727cbab9da60935a9f32d23f7,medium,1,1
16759,2fbe60ffd1339051be4fc53e2665e834d9f06ac6,ac1613bc76aab252c1f559aa6b064b4a27fa5675,medium,1,1
16762,1a9f7d2d3ef380d5676fd5afee1f392d4ccd9b7d,3cb8ec25e7c4f6249b0e5df31cda891d9ef3fff6,medium,1,1
16765,f12066c952685b9e3140eb882f78f34361d4343a,e5eb0917b446da4318ff52207a6affea8aed2a34,medium,1,1
16769,f36456988b0b5cead2c5307943b7901772bc7c62,3a2ea23c1a7599c52ca7ca8faba83dfaf489c865,high,0,0
16773,7d0e3b0a8cb439ed451e36e150095556cc708926,2f79120b81b2904e865c19df2f8aaed289541a51,high,0,0
16776,b96859b8892f33126ff32fb9868065e745279b25,6472e6ce4693454d3ddf5de7b9dff0ce0f6abcd1,high,0,0
16777,8c8902ceb38aa13cee376eb6ed1c03fab7920743,9d375a45e02ee1c86b014f84021d0de340436a2e,high,0,0
16779,807942d1db6f12726cf4085e33c67358a79d5b70,a02cde5d113fb50497cca48bb3d4d6a083869041,medium,0,0
16780,add0a311796d67eb9f051e637b668470c11fb82d,f7ba760cb74b1d3f03d1eb3115f1fbb6626f4cdb,low,0,0
16784,857c21ed038d7de50a93bd101dd44e9a92027547,871d9c2459d29ba860e53289526973828513ad8a,high,0,0
16787,3769fcb902ea7ac607843bbf25cc94f80eea0c0b,8ba9eda428fb45e55546e73bf4632362edc5323d,high,1,1
16788,d10f0741c84bd7b34086c8b3b26df583eea60600,6344ed3bab9061b1e5c1dd911b12314cd670a0a2,medium,0,0
16791,1db0e1e57464e482f5ed68f7497e148c68b5a90f,d8dc575387c1fef1182d866760678aa9b464a376,medium,0,0
16797,763bfbe11a2d0b853eeaf7a0a5ecd61d9310292b,f3148a2890751ec4373f0c70051a14c197806e42,low,0,0
16798,bde8bcbd1aca72e78530070a53af45decaa25534,a5372aba3cad806a148cbd7a72260d1a412a50be,high,1,1
16801,197bc825421c558f8742029d9dc232dda99d0e27,fbce510c629e47a798b4ad3883c8a7370701c711,medium,0,0
16808,051d6a8e63cd68b765fedb95ece2d9e246f0f36e,645a1dc7c2eec34665c9ac3fe1098df26f5008b6,medium,0,0
16810,8c5ba3e89495f9d3531c2a96dbbdeb810dac773d,3eeeef3ad5058a3d82bddc8ef5790d2603125557,low,1,1
16811,31c7b8e24336b1a4a256d8916e9c2f1ae691d46c,b9f687f60e92f57bf7620fecace577c695cb9c28,medium,1,1
16812,d53d9da319cadbdc6d80ef02122d60a6fa4dc035,716bc3e3bd999ad0eb476025c80583709a70298a,medium,1,1
16815,aca1f2d7cd44aa0433f35f4a6a4cb0dffc225b80,5e58e67dc60e8edd66bc58cdebf7df386d40c026,low,1,1
16817,68401b1bdcd59b5e1731c5fa238801dbc494689f,5bf2b781223e54387e842d04ec92808b4a8d6c37,medium,0,0
16822,7a79c1eebc6585a664ecd3e2560bd5ee205991d3,8bea9fc68eab5d10b67df199630a4034cd14189d,high,1,1
16823,501c02d4f02e9735eb611f70b4c53895a75d8ce9,4f12efb14d26775b03f53539eb23ecb76132750c,high,0,0
16827,8a111e41cdaab41b045ec48c59c973cce7e92389,95a2510b366c4d3f5fb238fabe7fc1b1f2f7de1a,low,0,0
16830,02d1a1f2cf0481eb0cec20522cc4b9f0ffb19d38,497e56f4f33069b3cd828a7d7c0bdda241ec2cad,high,0,0
16831,bdc5e0783e34dd647187591c97ca5456365a8e2a,4e1c6fade21c4878a06cbaacb49e419827eb0f27,medium,1,1
16833,d6e6a7ab601d71eed29f90743307ca31fad5edfd,c1f45a4cdae21689d33abf1d84aef54b94d4fa38,medium,1,1
16836,b58ddf5f2cae77586ad48ffb64f654f89a199a5b,d14d6f55db6a81266e4ddf647f7b21d02baae5d3,high,1,1
16837,2f19f5a2638aa30c8420ac2d5934a396763a176b,e45810e0aa909942f8e822cc7b6e9f62315b6154,low,0,0
16842,0766dc4876c5616207d1b95ab077453cfe0b53d4,fbadb9d1eb54d462cce1223617d6b1708b74e073,high,1,1
16844,ba68b9121422957190f5c0cd5782279b647bc203,fe5746884e208d3156bbff95d902275c8eca7b44,medium,0,0
16849,fccef22568c69de5c7433d2560df5a18728ef401,739aaa570f75be8b9e67e844ef1492fec34f8325,high,0,0
16858,9e96b3acf81be169c0912f0724d3fdcada4374b9,b79287a21aa9029ab950874a119873956236345f,high,0,0
16859,7d7360e80bbb1a4014c6d2aaf35303857a1e8bba,98cc6cadc964cbfc421159d3564865f216edf5df,medium,1,1
16863,9b194ede624d73633cb328ba9d91334ecf2128c7,6f7f6e00806b89a59cf388b9f39904329d65e2d5,high,0,0
16864,04cd404d455fef65fb5c13a1cca335ad09a80f21,9aa05f66120181f48a9cf4f4b711ee3e882e56a9,high,0,0
16867,5168a1fdc0465e43809dc8bd198a1d9033e9024b,6855064cbfe76f8cac8563f563c2e2a684b78ac4,high,0,0
16873,d6ace61745ee07f364d91cd364bea9fe7a58e5dc,f1c83533a62386c6115b300689156d462b244d77,medium,1,1
16875,d7ecaf4228f7fa9db6f6ea38b32360ab343374fa,4a0f76ae1c7fcfb375a17f0ba8aca0ee458d83cb,medium,1,1
16876,437a31445f8e0fc84cb5836d5fcdb5cd1c38cc5e,36c21a745fd50c886c7f976d1dd002acb9bcb451,high,1,1
16877,743baf06acdfda6ca397fabf51cfffc7d7c5c7fd,b47699941250c364cd37904c207cd1609d8a9752,low,0,0
16878,9d03e4daa323061193eeb0c7f2ed9af489cafcd1,e5597736695905985a15dccf8ef92b1183d0006f,high,1,1
16881,2aab65392e31b1c8accf7fdaac896afc93f32896,8df3252ce9206aa2d4afe713728117c897a22f7e,high,1,1
16882,1b2677eb234530e0d838d80e3134a2f7314a0837,38fb29e73f6fbe5feebba2e6c401faf6c05e9759,high,0,0
16883,f685d7597ac9626e0d8289583d3179ae89865670,8d3b2103afd6c6a87c82be64fb88ff8b5980781e,high,0,0
16885,d6a0090f6134fcbf2140cd105eec11e8e0b0cbcf,c76f01397f1908dbd5f739d83595027907bd588c,medium,1,1
16889,08dd4a306a47229998f87bbf7a9eb1576efee067,48efcc35363591aec79b15919c92fa868c8226ac,high,1,1
16893,33c911cd40f76d1cb87f94c12dbe1a562dbca0f7,2b26f4197dc6cefcb04ac9ea2d5fda4d7733abfb,high,1,1
16895,27e4d56fb88ff5f5dc36223c0747054e1854fdc3,d7b063887bc849e9aa334d99828131b08e70c999,high,1,1
16897,73544b1c586c21bc0052b5fabaf1b8b874681da7,f2817ae9f106a36ed8658bc4cfac37c9182078a0,high,0,0
16899,8b03d843cd2aa91dbd1167e1d9dc38e21840e336,77345a1dd5fe033f1d519baa5b7f3defbfe5e686,high,0,0
16902,b8041fbc719ab266b93ef782276beb27eb2eaf14,ad17721e52a823b905ef69e585deb2360a966cf7,medium,0,0
16903,777f50919d4da9e7d62eafdc2904ad0d365b919f,0794cad63914b99b233af0d885d47807dd72b97c,low,0,0
16908,53899c42e85d3b4fcdf168cdf4b85722dc3af18b,6f16570edcbdb4313375ce3cafb1d849d71b0410,medium,0,0
16914,3d04bb18f20212055686101f2ad08801e5050cc6,98c5f9019bef8d7e7e2d61133365edbab6fd4ad9,high,0,0
16933,502474f167f6a4792b7af88c423251164ebe7fa5,99a7d8893f3a8c37f905b8e1dc30bda505c79bad,high,1,1
16936,6a32ef2e685911e93d4605ce8a392ecb6e16e14e,dd26ef2f3db552aa272afe91d8c6a1a3b2850044,high,0,0
16937,9ce6fb3259836bea83c72f8e11f0a74334e2d42e,92f4d7b2f739dd86cb85edcca50eded9d1258c39,high,1,1
16940,fcb5ce909b8fe41c709ab164a32607938ad53509,57c815b36fc3e91ae87b54563855532afc39e671,high,1,1
16941,fbdab01a588d70218905024dae6d0cfeaa222cd3,aacaf85cef98c518ebca177aa2e5ff89dc7be91f,medium,0,0
16944,1b710e74ea70224c9517593fe69c37ffd32d6c1d,32a4d2c8c0a0d9e212019f7c7aad1a8094515598,low,1,1
16949,7c6b7b102b7912590b75a7acc8f4f80887535a92,59edb60fb957e90b739109977d50e4328d42fe51,low,1,1
16953,14eac605b173fdc86c4f96ab78d544aa0a6afaa4,5a30745feb5ba50339e8e3527a99fef4f30c8c62,medium,0,0
16954,bd57733b9c5367e59605f72d2224d8ce04c8b9be,103ab64beafdb1b3a95fca1ebb59ecde72fc3215,low,1,1
16957,818ba64caf2ad755c30a34b8c4773fa7ac5a727b,d96aa8934a197259836948bd78090d478292061c,low,0,0
16958,c831ca5f3330cf37cfc0de15fde4880d1e010540,18cdffedf5b48e6eaaa0fa4029357658805b6823,medium,1,1
16961,acd94d67d9e7510cf40d90dec32e4fb989ccf7f4,e3fe5a9f62f7179811519552ce6503cb5c0d93ad,high,1,1
16962,f7f41041676cedeff2b7ffdd32472b61df831201,7896356b77c40237e782abdd246e53e1b1d0a645,high,1,1
16963,e7174090f294f3c9d8d6f3c140b1b8b6d1c175bc,99c7a039b7782ac1cf3608503786e4c850b286e4,medium,0,0
16966,475050d33041a70779841ec4c961d4244bfe8b24,32dd3a5e766fac6c349f1aaac5e90372bf887eb4,low,0,0
16969,c66666bd669a6e1f2cc0b330ef0ab814c336d515,77f978553a282cafa191fd1f3f5a8b99b992b26b,medium,1,1
16971,06e4201a52b0a680c0b987a7ce1501d28c641152,7b31d3e1d28c305163bd0decb01754c9718ab27d,high,0,0
16974,dd28a1efb1bcd9aa7f437b97d8d669dd15668031,b5c3556f9544e21b97336bb1166d34f875d843b1,low,0,0
16979,d57fd8a0585f736f30fce275e58e8b3951e23c60,02a17d18d928347702bec4f5c8ca26042c6944d9,high,0,0
16980,fc902d1288d41cdef0979e836dd12e15e03941bc,422e08bc4f7446d3991f1a763eccba1e77b98be0,high,1,1
16981,20c295f2ee9187e570d7de717687c2376fca5267,8b4db2c631acbdc2c6dc84b359352ff19f1a1488,high,0,0
16982,a454d182bcb4af080487c73e28c6737b20fdc658,286cc15a6aa105bef26c5bbf096200c304f43f1a,low,1,1
16987,d1f47e65ba9a6ecf71cf9cfead169af113b5fb3a,70fd2f8357f21db4e39d6e4d11bac435cdf32862,high,1,1
16989,df41b54df233be5e0831195f14524c9d77fa8157,acf3a831f59ae4f17bc115bc1e645c44bc576d68,high,1,1
16990,305abf3f14f4c3b16b7bcf34717f1f4cd9574ea6,34bdc41be20ddb4fd4160ebabf9da9cacdd9b3e2,low,1,1
16992,0bca09f18da8f3b1b9f35ba77cabdf5f0e4ea404,b7c8da5851b7f2642ab7955d686c477fdb9b1177,medium,0,0
17001,110233166bc1d892d75d2a3c45e40173976e4ee5,997116a8b539b0cdc4feff82fab00ed8818a08cc,low,0,0
17002,f36ccea0828d0b1fdc6b1afdb723800d59bf2815,2513194d81bd8b62b368cb314a126c05a3dd5aca,high,0,0
17009,9d4aef3aec68c84e1312f60d2c655e20bb4da773,a6e1e548e41765f6ecc7f54b882c5e8174c00a70,low,0,0
17012,175f9828381526d83ac4a4bd472803a377e459cc,27c15b3b2e39aaac8f546ff759e3c71efcac013c,high,1,1
17013,fedf90d2ce065115e909e34fdc9458c7a189bb55,d65dc54cab1f68a4736410854fbbc5142164a40f,high,0,0
17018,9e832183f3a76a544e4fc3f7fe587b2ee77ed5e3,d8f3535b937327831898dc3913a71bfade1ef9fa,high,1,1
17022,a6260cbf82baa968d7a5fe3d5de3d1eee23be956,66f12681e80e2d5cca0ad478050d00a5ceee58a9,high,1,1
17026,17236d81985b53ae169551fe4cd3eed5f593dc13,395e66f37858154baa27bece23ae17abb4f0b54c,high,1,1
17029,48d8a63fee694dd3bca87c5b23e6d398445eb60b,eadf465438f9436913126e1f2c939e9e9e8a45fc,medium,0,0
17030,ca0a6a38e061471cceedda00510b980924b49248,41da6818779a5855dc9b1be216696ad88bf10abf,medium,1,1
17034,254eb78c342416d8b2510ac39ef487fdd1bf3cb9,c310c1175673728cdda64b853344a1e72581dcb2,medium,1,1
17035,09eba4d47561fd36628e31d5d3a4b598792b8639,a6bac2034c765731c88fae55983c1c2bb159f759,low,0,0
17039,151fbb9097ea0bb05281747824fa66ea7e44682b,14247d57cbebce909e531a641ce4861f65d7113d,low,0,0
17041,48f4d86c851b31ee40829a7a4652be7a90519b53,11aff0442494dde02b49765455dc7186731e5eae,high,1,1
17045,4963ea63dd9dc2f2e5e2684aa11bfbd6e831c63f,6a7c395b761c93aacf9c07139969eefbdcae6606,high,0,0
17047,42e3c16cdf196ecef5c547f4da346a0cef7569cb,3795905d09fe0c367a30938187f93ef3b0395fc3,high,0,0
17049,dd52f8754793008ee3274ca9ecab7faa3370f9d3,65b0a175ce2300058a4019442a0f4b09e97a6867,high,1,1
17053,1cd3f9ed86698d75a8e2b7363de27222f7707b31,7da2e06a2488d76de0b0e91635198b836a80c77e,medium,0,0
17054,7ad7cd299e31281cdfcd845b9ed8a75c38be9405,9fb809f31d19892188caaac5103d5b759c944ccf,medium,0,0
17056,f8e4d75a8615304d0d7096c092e71e79d626b787,5aed939c92952606c12d826e0691a1b4437a6476,low,1,1
17062,e8b7f460c910b7f83de6227cadc22ee54018526b,4cfc1549d780819318b36913710f147b00653161,high,1,1
17066,db8f04557ed55576340b9b913a112f40237c7ccc,0a7f5efbf372e36cd4ca2abf5495a83c97ae4c30,high,0,0
17067,ff7c0356ef1e2831394d35eea7464ef4f352bcff,9a7ed4e17dcee193ec6a6c2ed43dd380ad34dbe9,low,0,0
17068,ccd58eab76eaf65c2e65517d08d1d0275101f03c,41a1109d74c5d17b370e218e6d0b999382889e43,high,1,1
17072,b342099937727019b9715a0c5a6007e3707ad934,c26b46b7133a5d6795ffc53128ed5284da1957c1,medium,1,1
17080,684f6616f091834286685c3d79eff51db743f356,4779f0bd8f57efbfe53b965f6bd3ef94b17a2e7f,low,1,1
17082,6df713ada6bd63fc33b692048cd1c24883ed8ae7,a90b21382ca36c9c08ebda49256d05bd424d0c14,low,1,1
17089,56fdcb9f39ab2122ecc77d3ccb814874c2da3ffe,997fd51c75e82d0909c3cc876a6fa3b7ff526b38,low,1,1
17092,58946a53c8633eb785fde303be45637683b6f750,d486c3f5b8cec4217909f02f22db0e9e4fb61204,medium,1,1
17093,cb0456473488530704a485b4a602efd90474530b,1ef1d1e074e5bb1792fe109e3617f39add13966f,high,0,0
17097,ce3fa12ee699bb97190adb15a78a0d41ee969cf6,4e358665129faf9af89e09334222e6830c5271b6,high,0,0
17098,1b2677eb234530e0d838d80e3134a2f7314a0837,657b2eb8e23cdcc3daab8732acba9537f93eee60,high,0,0
17102,3c059b313fa8579a2e97246f4b5269f70c724ca1,8d67232fc06b422632410b7c82fc371a2ed566c8,high,0,0
17103,339bb90314889eef388eb35d05332d52c1bd26c3,95fd411cfe1391231804ec64efff9c6068755961,high,0,0
17104,ce4ae5e315c17d1313ca5b028b92855cae2efcaa,348c34fe50e3134feb4ac12b46a3ab7ddd55ba36,high,1,1
17107,ce4a29133e52da2ba1546d116f50154471a5c8bc,e63fcd0784505c7608a223f458caa57ced3cc621,high,0,0
17108,fdf9c73987523341751798491466b35ff5e94169,a60402e07386dbf559160ce6bde988c85e324db2,medium,0,0
17110,d7d7fe86d03ed84bf50fc13e4fcef9a6d1a8f001,041a6a8d688b01e21a4662c2a92c2ed564e6af13,medium,1,1
17118,7f815553bb4c4a8944c70f6f8f601c796c271ba3,b436767d7f19617b0932bab9d0a457f0aa69bd0c,high,1,1
17120,d28807cf9f4ae1a3f4311f132aaa28ddc9ed0e35,e545b5647e34f56b6e9cb926f31bff8affa6b86b,high,1,1
17121,b72eab89458427fe82b4ece6da24ecee73b8c9aa,b5fd0043b0dede0fe237223193b795383a030819,medium,1,1
17122,f4573165efd6b36bb4ebf067a3c57d4b90fef03a,0f109a15e8a0d77676cdc704495f0c01fbc7b1eb,low,0,0
17129,fa04db1301de0b5dddc30d65dd609e448bc891e7,0b62008e0de1bed2e61da90b3cbf9a5ef78140e5,low,1,1
17142,8da841ba3632a7970b25ab65342ae81f1064a74c,3a52a07e41f6b5466311c88f2db4761050128d42,medium,1,1
17143,ff6fd3505aefd649aace5cc25f36effbe343ffa0,ca5f12cc9cc643a62228e17a81419bb33918df90,high,1,1
17146,00d599949548a39a55d41834f87a4c709eff910c,8397cdfab0b08182cbb3619dd7e07789419f4216,low,1,1
17150,38900ac2a44e8db9ec3f91967ee25f62204ab1d2,b5ff89ad41af0d2cee14e699ebe3fc05aead4362,high,1,1
17152,5c75e8d524b50f12b1353d538c812b25134ad4dd,4bb33639556a02bfcbca1c5547c46fa62554abc7,high,1,1
17153,0f37dcd0721be87b81bbe5c30d8452b634d399ab,20001e907d31cd40cc43b89988844bccb367ee4c,high,0,0
17157,417d5d70c894ad9a17df53a13f3ee7edfed51db7,0c7bccc3502275a25b5f2ee751f6cbb423cbffcc,high,0,0
17158,996fe3daddcdb60c8ae3f587eabee7f0ee5d2909,fd162924b4299834235abffee4cfdbae709ca310,medium,1,1
17159,99435e064955e6f58c3daae0e912ae403abf0b5f,5383dc8944214a9fd3f216985b82ca36d15a1ad5,high,1,1
17161,44b521adcedca5f31a446f96fbb4eb273c43a552,2fa2f629b76c7bf7d6f502643b46133773465638,medium,0,0
17165,26caef7c70ab6cc17e6b2b5264ca2358e89f91cc,c2c2786f6666c06e0a5dbdc85e566525ff3287d3,low,0,0
17169,6ab0672f7175f6fa6ed20f45f536c41e577c5efe,af5f09958dc9f65d2f00c101a10f8137c3903347,low,0,0
17175,b6c74d07c53d775948f192de13014d0d3896cd03,ba364190105b5b9c407cea0e1b2b3883a1502cdc,high,1,1
17179,653adadd22d90c9d753c2cf2a62c92b13a4c8c8e,a877c4f75ea1529ef5193626edf00fa8cebe8d9e,low,1,1
17186,b11338d4f82c2f2a3cc381766cd5898003b3c2e3,736a5f2de845a93571dc56d8948810459f93aa73,medium,1,1
17191,a28f74220ae2960420a577664d1b64387b23300c,f46b940a5dd8725eacb5da5949b9a13863405792,high,1,1
17196,a7b042861bf39d0c17afbb26e48b1d4e37def76c,a795b8a63ea0cdbaf73f88464a616a06adb16c7a,medium,1,1
17202,88cdb674ac9dd9896a19f58b45b45b0e955f876a,d8a108d2a1e1603b7a563b2206246bf1b557903f,low,0,0
17203,d61e86e507039a6f6169e601e32d8896075e921d,ba3cda1b856573e35c4d6a54c5be7c428df60b4d,low,0,0
17205,693b7d6aad70dbe2836c530b21f40da3c42a23f7,b147d049dc21d1581fb86bf813748d0afb064ec0,high,1,1
17207,fd6783af8820e26fab11ab3ec360852919cdd71c,f145d0c0a4f85c29ea95f406c6237f908123ad15,medium,0,0
17214,443513d991eaf713682de304da3da6f76114680c,2a5c36c5d691f9740a74963e0331df017b93a6b8,medium,0,0
17215,b223b85a8f51bd58e6302d07eb231353cb5c1048,4a6650f4ceeecd661eaef6b667fbcd7e674da3a6,medium,1,1
17220,c2cd47b63828d5ce96eea198f4d21ecbf7c3aefc,039e69198ad6f4322df6352749a4ad8d2a608171,medium,1,1
17222,3a91b47cadc95113efb69dc6cb4b2574b5e94598,c88bb88a72275d1385cc0502434aa722566364cf,medium,1,1
17226,f4f57f85e4b6453165dbd363d2a57155d520c73b,ec5b370befaa2a5a52ccc3aa45c437ebc1cd0d57,low,1,1
17230,b14b9171f86901d079d44ace204d92ea91a38230,a10e3a8bc9650e9a80b1ccb63f39dd7bcdf11c23,high,0,0
17234,04d2db9ee8a2b5b19b2fa182db072ed3a0ab00be,a4d24380db180fde24c999fa625613db379e6303,medium,1,1
17235,7f3dfd8466df3335709a5f14054a82c4e9e4eb2f,40e145d121f009813617c7406d7dcd4f5e801360,low,1,1
17237,90e8d760aba37b3ac1447aa783a5a42621e87139,748bcdf099438651b324c0b35796c5d26eff2018,high,1,1
17238,49bdcb2825007cc5e2687800747d6445b2893e0b,f025c980865483698c99b72a54c875f8a6768d7c,medium,0,0
17239,b60ddafdd1d1f5d12ed025da4e744bfd7edc9f6e,5661e9830bca4bdee3cc7b2148ace8eaca5b3c1e,high,1,1
17242,8673713cb4eb437fe910c8fea923bb6d679dc06e,0021a46cdcceb2dc1882a2fafced3c323e7a3bf1,high,1,1
17244,3d4fd510ed44a1bf34b833372d0bdd6876f4557e,d4208c5897efe73c18f3370982caf68ae703f45d,low,1,1
17245,2af8f7031812f5de5193890cf417c2b00bed1132,5562ba33cedebf438d55532fbd50365fcab1b79a,high,0,0
17246,a7a4602b3bb470e9368fa5a644ecc4016c3e3418,5a13f0cc0d1097c2f493cb5d4f18c47ea292db3d,medium,1,1
17248,a45ff2c0a499cf15b8143013da9fff7b32719eae,dca2d5558f5beb110e2c0f72c1174ff698fc4c81,medium,0,0
17252,5835c87f61253d3459c931e416db3ce161e0cc47,32dcd0b85a6c8ece9ece4d2e7fa1a1442f1e4f35,low,1,1
17258,fdfecf115033f17fc7d17a3a420195edf881ec0e,8f02560bc83f5cf0a6c527bd3da6b448d74d024f,high,1,1
17261,d2005c961a976a4a3838a1292e000669a9a39a57,c7133560967e115264f01e88fc2e838590c63893,high,1,1
17270,3a6781b81f4c8d2dc37b02f5c08095c2c727acf3,5c19415d7bd99c33fa3ef3d2c3c060411436cf03,high,0,0
17275,80916f04794745468b5a51567e2adc61e5a043e2,e43fa639b5934bba14ced5e9cd0fa8a02047624a,high,0,0
17277,5fa603de1bae20765d59ca97ba4e29b4f06aebae,f2408ac660c790f918865480f29d97a0e73f5147,medium,1,1
17281,7ca7e6408472592750ffa825e8435c41eb294faf,1aba203fb9a0cc7826209cc19fc6d9098450413d,high,1,1
17286,7103cf3ea25be5c6aa5683e5038747f6d5c21a8f,e10867f77240d53184f4ff244011954a695669e2,high,1,1
17289,6bcdfec1e27851be6a64f5cd96801b3197ebf026,4081d840e545ddc618c6986ab89834cf97e4e9f9,high,0,0
17293,910fa846a12bb32894e6175146233832790329d4,a203800baf6f159421590525abb1e9047f0a3cac,high,0,0
17294,93bb416eec7ddf78cd594db0686ef1b80bd69b2b,99af5c33e15a82dfdfee99462c4a3983f0966ff4,medium,0,0
17299,f3c8bf5bb765fcaccd8a1fc5636e19bcd76b4df4,3cfdf7486ac8cf8422a771c3cb164f94effdf6d5,medium,1,1
17300,b2d25376ea04a7ab5e72cc5e03ecabc27391b703,d6d3f4c3b067dc4caa711c17dcb72a194703d823,high,1,1
17301,02d686d99e4dfb23fde1830afda3cd966848732f,ceb651672ed7e30edb6b5bcfb1bb8d6c2607a701,high,0,0
17308,8c87c8935089ace9e68d514315cffa4862ad3649,61752b0721d96a0a90d034c1e2331d1b1428fc60,medium,0,0
17311,53e11b1c975bc048e8bb821e21108d736783b819,b3474f0ae7fe305ca777d6df1570fe38bb0a45df,low,0,0
17317,5a0f715c88e7413aa60b3dfac48d82769629ee4f,845bcab03a2204eb55fe906c9c54d144f4091fec,low,1,1
17324,b72eab89458427fe82b4ece6da24ecee73b8c9aa,b7045aaa00201ea11e58fc6634081e7753bb6a15,medium,1,1
17327,1cc21c7bbdee16bc199c97267aff53006911e2a8,8cae34c53d85e1068e86e5de9d95aaad8a6ec9a8,high,1,1
17328,2a5ca87040506c4fc0dd23238e5c1d67f6a40b0e,0284676ed4d8de5a52db67c57c6a19f27e077aad,high,0,0
17329,3b15e6d4a35e376d7a8dcac8583798974af5916e,c01c5b41cc37034b5f47dde998d4b86aa231065b,high,0,0
17331,db645827e9a00c54eb63433e0ed5543b36ad9c8d,a4984e7e4df7f5bfb3a0a4d82e404192355b16d6,medium,0,0
17332,7b67db58faf7bf71e5664684843380105ac5e67f,16c2e826f6071357846322a65234fc6715561e1b,high,0,0
17333,a029b407a193a43371b16771b330afcd0ff7bd08,f580fa512893a952898cb5da2617f507c12ea6e3,low,0,0
17339,e8a385c6ea73251a77a7a82092de499e49ce5c44,a44bdd92b42e7bb1e7c16beefa9e88e1a52e68dc,high,0,0
17341,6789162127c259131309935185346f333c20be40,fbd69b9934d83d69e508d8ce9736dbdc8e4aaeab,high,1,1
17342,687215a1318923a124b1362a341d201b144d98dc,5ec2c02ce5c8108c9deb4873e3ce8bfd55c479e8,high,1,1
17344,250772b09f96973f185b168db48127b64223051b,d706a10e5485e37ce66f4f6dd92763891713aad8,medium,0,0
17346,414e87c5b42536e3019d6319a4d5fadcb07fb1be,38a2b6d82607af6d9bd1945b5cf8e6b72c6bcb46,high,1,1
17350,63f5a2ef2fee96cee879e85560d9e74c7907824b,c9388d20a22847ce3da930b51af0c7eabd1c4f88,high,1,1
17356,b65fa05fedcf382c020f88bd618578c6489c086e,66797773b742824a7d9ddcc2836df4702da872db,low,0,0
17357,5758eb9b81302fd095eedb4b7816bf023dfb4f97,c503c7fe17cdc501a13a1a3d97bf80ac40cee10b,low,0,0
17366,fa50ae033d4d7dccc87df793abfb168e4d1563d3,ff6e35ce5ff086d45a9acc9766a087beea90ad84,high,1,1
17371,4dabfa7eeac4315197c063e94974a52276202482,f88366d60b279f1a9e92b9fbf50db56582a0db31,high,1,1
17373,9d03e4daa323061193eeb0c7f2ed9af489cafcd1,29e3f7bb74600ba4cd315ad5558c11574822a9de,high,1,1
17380,93a028d5cff954771375fc92820665af11521f9d,94a0d366487a7c1a2353784c6d4ad3e98bdaaf27,high,1,1
17381,2ebf2870217dd29d425142cffdd0796fb5a472ca,7f3e92fd8b9bbd7386f35f9d642d740665d61753,high,1,1
17388,37465e2156ec21237f784eb5eb9e8aec3110d7e9,ce104b8577ed4d2d8e6818f11bc54737aff6f269,low,0,0
17389,93d3a721df092426732308e7c503773342058e82,c259299ecda113dc8a814209d590e8507ece58cd,medium,0,0
17392,033a2779f81ad9c5c0b91dca9ecd58b8c9f0bded,7d97223a934a60889a20d0b1cacf5dd01ff22709,low,0,0
17396,9585d16de554465eb4f8e1068780e17e0a6f3358,8892a6da17592a2a6f3355bbe2ef7bf49688599d,low,1,1
17403,9cafbb75414651d263fa1cfc888975727586d728,b1e1eece0769713d720fec2c3a5dcaa88454f5fe,low,1,1
17404,76bd8e8bbb74fbf15e5738d1f3e0f406284233a4,3eae3c735b1e5a1908b31fc4c229a882c5db8836,high,1,1
17408,94c1b6539c9f70269e4d6d705c774daa2b3320cc,26821511fe1cf05b92f001626150e0a0a2a85052,low,1,1
17410,04c6c1d301c4a1756960b3b3bb63aef1bf51de35,b95ccec2c0819d3fe57a6b90e3a48d77da54ca55,medium,1,1
17415,337736b4c5c180b7efcbfea4a50b610e63f9dd2e,757302ac8aac44524730e2829f744a53bd27c8fa,high,0,0
17416,ce67f99305ce8d535ce9eb58416d08e7fbc79c0c,bbd466ea7244ef1a85fdec799294d62ee306d3f5,high,1,1
17418,b939c3d050adfe81bb329c54dccd924b4cc9ea12,78cb2784efd976ff884b1fcd8d4f84ee7da3ba59,high,0,0
17421,4ac96f1ffaa915e5b4c13070caf3b8a4b8d7ea47,94511984e6a649bff5d7fd182245225aa65f9a03,high,1,1
17422,816f6a4aa4fef64418c215f0eec954cc7271c0e4,9cd8f0e853cf69622b898dd4a6cd150e9223893b,medium,0,0
17427,5850a0ecf78ccd12993f0f570d27a2f8e73e40e4,080374b435335c518eb42f856964e8667ecbc616,medium,0,0
17429,e1cac594459c50a2214b894dfb177f88c8a10eb1,9ad6e16c4bfb1fc3f642004921f951307c6030e4,high,1,1
17438,89a9ef76192435e7188c6622cdf83b5b675e9aa5,2f6280b6959c836e81654f8aa1213865e7f861c9,medium,0,0
17440,2ba1cc233c36360cee869fa044c76fddda89a37e,574a4347d2d9d46c45eaa3dfbf2ed24f1b0452ce,high,1,1
17441,ad5b1bbef2fcc45d2978bb0ebe18d2f215a1dff4,01ebe0ab24102bb93eae3ff7e43df7d550b0925a,medium,1,1
17444,ae07f23b02e6c1f7502241f1f61831a511f3ef6d,54ce057db74620b2a0ab14e1669f1861ff72cce3,medium,1,1
17445,8c2d5dce92d428c894a366fba352ab1586053782,7cbdded55e584c11a227d1ad25d298e48c0760e5,high,1,1
17448,539b6f833f75d83b81a9c368ff7db2350089e794,f2436f9ecb34a8af6eb2f9970f981200a7b5e0d4,medium,0,0
17449,5ae5d661d777801838c0b06ce565e7dae57ab594,c76bdcd7fc7a0b0b0a9a84736be43b9a71fef8d0,high,1,1
17450,4b079cc41d6146637068b255d5d569eba1df12a3,cc653d5f931c8d612e0e01db8ff5669cb75bcf22,low,1,1
17451,ffd5d9e17c7b3e852322cc80027cd7a1ad7ac323,34fde3671900ce9daec0674c7242a51f536a3d97,high,0,0
17452,08826716a519e18e3fcff041de59ad31ac1ff65c,bf13460fdc8bb87550f5c7b26fe3a7ce7e6d473a,low,0,0
17453,4b0e34086565db19b6437989f9f2389beb26c26e,6c81f0023a62effd7ebaec5e6f87339464131048,medium,0,0
17454,86d4ed46071f5093f1d389c7b3f75b9053f8e2a6,1c6bcc7a20950f60c986efc00c58597873cf1093,low,0,0
17457,cb50e5e5526a7423a7ed92fb5c35f5ed8bffcc83,71f7cd27db6c5dc31edb929d046fe3711791fa57,low,1,1
17461,eb794fe96544e6b0d7b5792c63430a57cc0cd6fa,659392f52b3f95ae0ad3a3208c6b0530fa1585fd,low,0,0
17462,80003aaf9c532cfadc3f883fe1918cf2870dd650,93cd14395a80ee44745343d1da0c42a5ea9f5b01,medium,0,0
17464,c538c2817fd57f1a5c734275292f471989bca487,36f9280dd6f0b40c4bbd07542e9b3e041e24a583,high,1,1
17468,ee28930c42fb089e95b7ee459e40e82dcb3bc425,44f7473a2c935d6f91b15f3047531b1c874a6224,low,0,0
17474,dcdc88a37bed6e2d06cf555ce01dc5af8519762b,d02f8b4883dc0433a339cc5fb5adcd052e2cba7f,medium,1,1
17475,ebfabd60412846b4e960fd9571f730739507fa36,fad2d48afb57cb45d0690586a91ba5e66d3e8af6,medium,1,1
17477,b32c5d2ea75e1d467e686149ecad93a9618343ff,358ff87bc6098e9c5708947337fc8212f84198a0,high,1,1
17478,00b0cfcba1bda0906a8a6688e43404f2ec92ffd3,fb7463eac986318c90d0f446579cc678e560c35f,low,0,0
17480,ec98938465533a384196d679e248d90021fe1432,7bc37671f2bbef756839fc30b5a9bb08ae366d25,medium,1,1
17481,200b7f2fa21d2b78b428fdb1994997d3e96f3271,05dee25cedd3a6eeb77929876238208a22b7cab5,medium,1,1
17482,3194e5013ce0866e0314aca2cee583c4f25f0305,cf564398f0f360d79f3f5e306f1b2a2faf261e91,high,1,1
17484,b1cfadeb924293488bdd8c64614cd02d7b87573b,3c29f08595f6f64ee9e4cf25b95c37d3c710c9bf,medium,1,1
17485,d6c320482a755278830f906bc7d699ee5072b084,b7a44ffdb5a20c6e600bd72e1aedd6d88d3932c0,medium,0,0
17488,b1cfadeb924293488bdd8c64614cd02d7b87573b,19ebc8a8cd6f21eba9dae10d524fe21251f66217,medium,1,1
17491,e7d1b35ae5875ac2e748fab99f1e04a5a2c690aa,dd7a8bc6f6d0e74879d5f92a376ebf7bd0b3cfe5,medium,0,0
17492,c4b74e3193402726212a9c3e54a942668b00780e,18dec58214bb7f99a841540002bc70b5f2e7442c,low,1,1
17493,be6221c543cc9ee27a28a809e5d9b3b268dbba6d,58c1a87363eac83ebefbf51dae4cdd4c8a2503b4,medium,0,0
17495,24bf2e8d0f2a64aa51871b4b3302ea3111b5a971,60a9b0eb0b7faac2454bb5acf81bd9e3cc25e563,medium,1,1
17501,e3489edd5a8473c17b532171f1f1f8b9f4f84aee,3cdbafae92a0d3e9b4987335918b06dd8ea883fd,medium,1,1
17505,196e6540859712cd7ee9c9d24c876d79ce750ece,3a5110e2af9e31caf01027787f5ef5cdc7355c2a,high,1,1
17508,5ee09a7cd4c375a1b09c48ace6437d655de39f54,bfcc1f2de24c17db6ff3a12db9d903a2ab567bca,high,1,1
17510,1530f8c3a6439880d46194ec54dbc759da113ae4,8fcf9c358e4504cb1204d5b2669f4b7b07c5e760,medium,1,1
17516,88ebf93ebd9e999e2b846b53b02c8761e1daf282,e0282e05e12ee5e7619e72c7bf526a09b9b483ba,medium,0,0
17517,8c1cbc3fbedf52de6e555cd7a0f02ceb321f292b,cfd2b145d2d6bc8caa3e2036ea06a2468a7b7522,medium,1,1
17520,09a3d9f737ff1a9534790c97b44312dd3daca5da,235fcca420ef8c92554ba3985d577e5278ab3f67,low,1,1
17522,3f917296f296d01cb79f4104b89e5ba9b993131e,8f90159342a4df1527708c19a59278126ed4a39f,medium,0,0
17525,c7e36fd5bb6458f4ab69eefc7dbcf4122c7cc70b,58c6aa09f4b865d7731bb77e7c15d0f76f7ab3bb,low,0,0
17526,091cfd05f6490470508c242230999c0ce8f7a708,cc3d282f2ebeb5d0fdbdebfcb23453eaa3223967,low,0,0
17529,ab9ff03ef18c0cc7bcfc8bd75dc611058afec6d4,a6cc92d321a272fb9eb09a253d02244f2dc5671e,medium,1,1
17535,228e87ce66cabff2d325ac464446abc9c7544d06,5d49ddfc721fa16e21e025c55ec388a641da49ea,high,0,0
17539,b23b95948d4fcaa1fa4b26d029c34b3af8cfde91,59ada75d32210847ac477af7f5147c9bc3e8cb6b,high,1,1
17541,5925a10de623bd95179e19b73f22730a0941d22d,30678362219aaca156eba0be608ee4ce625cd59b,high,1,1
17543,2aa2281dd9804b88f3fd9ff63f81f989d0725cdd,1a85c6ed6e78dcdd57fafac7cde348c53770c040,low,0,0
17544,f799764dc935ba4135bc1145d9afcac029dd7c29,b4cac095284e6b2f2f7b80229d134ef50f155550,low,1,1
17548,a6260cbf82baa968d7a5fe3d5de3d1eee23be956,a9687d147dfe1b76d1fe916e414e22729547b311,high,1,1
17550,8cd36431bbb43f8a3f76a521044568ca9654c015,b730782ee3476b7df137690ee554cad75810c012,medium,0,0
17551,42e717ae76b0cc7f5f1399f7975f436d66d16b0a,dde3292679dd3180accb31814ec5f71ee38a5b36,medium,1,1
17552,1066a589fe43cbe2f572ea49ed692f12db653c92,f213613596247b30dee5fa4ec84b2a11f625d30a,medium,1,1
17553,cb22183a0cd6690e3b9d12c6de67bcd46d44cc9a,52db282599abad309a071331729cea10a507df39,high,1,1
17555,30d92d198f2c13fbc360425e53b784efa7409bbd,79f0198d2ca03a87573034dda6dccfea712cdf49,high,0,0
17559,25bbafd8d753a2683a8e2f736564805c5abf0499,3f0c19cab0fff82309fc9e6b23b76796d6a0ec58,low,0,0
17562,f8fc270a50eb6cf46a599f661bbcf48afde68df2,c78096944b1eca5bdca057e55265acc9c7158058,high,0,0
17563,382288dd584c1bb95f2de12723850be2a3c5edb4,6f8801f538c30c4fc18cdd717fef057eab5e5a56,medium,1,1
17565,8b3ab36211ba5d8e9637ba75086b0d37a2c0301c,b6bd94d06ebfa61486dd1923c7cf6871e8057cfc,high,1,1
17567,00d599949548a39a55d41834f87a4c709eff910c,3e4649d2f9d416da283ce5ee421ebd488ac4854e,low,1,1
17568,8b59b0c48ee6b9e5aca23ba895c96fa657559d25,5bbec7b886b0e3c917bf8d31d653cf6b7d7815ff,high,1,1
17570,e4ab26769523f99508428ee369b1c5b24725c287,4f418f9d9f4a97d61230f6b38b20443871bf5d27,low,1,1
17571,a9dd58fd1131b2113efcc531924390405871a875,e5d2a6866244f121bcfe99c00dd0076513ed7ba3,medium,1,1
17572,7263a038d95e35c62a879f8706b74ae7b33ece73,32d3950573ce6c534e9163e08cae041e2c75365a,high,1,1
17574,09c9f243de59ee859c2aa18585f9a7aa9d8bfe6a,d0177360046fa2618f7099c5b4acd67546e526e4,high,1,1
17578,515cac045dfecccea8b0deb985ea81c9fd4efd13,292087360593de3e1c0848020ce655f277952f45,high,0,0
17586,069f99f35b38701a1c812a3af813728200347c13,30efdf0eb36c39f4b3a66ae61db86824dc5a75ca,medium,0,0
17587,1cd3f9ed86698d75a8e2b7363de27222f7707b31,431e80ebad32184491348887f54a9faaa4cfd613,medium,0,0
17589,63a55fe9fb0e97b85b0f3dd6ead9058715b13887,19d375451f5fdea28082263c7a265bf6151f7a42,high,0,0
17596,82d2cb10e1a874a9beab2933737ddabb4dbde35d,e6c33351c6b70fe393610fc6e5d0038b1cbf4f91,medium,0,0
17597,bca7c788c7d9513c7c58acc0780bd89f00c0e25c,e6c9d80a0d5a5601605963035ebc82342e520768,medium,0,0
17599,c17f02cfa0dcf0f24b7cf4407609338571bf3a01,622af98d1d586cf1ddf723dc833180b6237e4e94,medium,0,0
17603,eaeafb5810a564fa611576429a85c229e686ab8a,3429d9d0480ca64c40cec75b8063c194b89dd793,low,0,0
17607,8f1df96b6e64d7f92d31ccd833b268d31687ca2b,0b1fbfc52106a820ff601f939013eb181cc4c7d7,high,1,1
17610,4fa528ded72b5c934815721d97d08b446bc66f74,b3445d66427ea3ba3a999afd629523261cd526f7,medium,0,0
17615,94bdaad16a983c7b60dad6babe2d16de2074e834,1f0d102fa5f1c5a1f06045f0e833d492a82d744f,medium,1,1
17616,fcfffb4cfe364eeb8b542a66ac0ceeb474b0851f,64950a19898eb357a9c9501eb62f9e07f321b93f,medium,0,0
17619,2c0d28312bd5cbf4971ca2248896e3c0a6d89dcc,44740879506248e3c84894943c5aaa8593ce8e03,medium,0,0
17622,44b521adcedca5f31a446f96fbb4eb273c43a552,a0d43d73a2ad02f706a6c17ec41971b3d03d0995,medium,0,0
17624,68678e127ea14e4c5974e1103c1e22b8822e204b,10d61c1d8a44eba469574f5c531f475861fb047a,low,0,0
17626,d166b4135f05766e7f33646088e264e3b9b524a0,c0ec44f6181579e2f8371659b50f1ec4f6bd8b96,high,1,1
17629,2040accf9fd9aa9f07c2888f549c8d9b14ee358f,048236eeab114985cd8eb386ab654179f5a9e41a,medium,0,0
17631,66bf952a821f6a217aeea6fc9dc06ca23423a494,d1577ac2e26579ab6a3ae0d6c6a9e10bd48e7bbd,medium,0,0
17632,bead86ceaf1a15b0c5683c201631c1d1bb4b581d,cc9cf01ccad7585122d7d181a0d8f0ff8594c5d5,medium,0,0
17634,4749cb3d0fd0424402299cfb3ee0c28849d4a1e3,5ec6b19d7825d5785452da4d14c16e76377e6a7b,high,0,0
17635,aae4d4f67fceacd4c47b2ecfe722c9120982a83e,0624d9c3c95a648fb5cb1854f032207bf0d40141,high,0,0
17637,aacdd37b695791df48fc685432e6553e976a1a7e,9e1ce088929e203dce4337503298485414dbcb32,high,0,0
17639,e2a32190f3884ec4a7a3e83e167184ce59634899,5b591a47f587b29d7699c04382b152327d054aef,medium,1,1
17640,d37f0097f76819487497e633999f517cb2b2b42e,72cb11db68ac0111f18e6428324119ae1f0e0521,high,1,1
17643,650c5acf35dfcc58dc37a88375478f4a676fc83e,850b191c644fe5a48fda87ed2bc9bdb46f1af88a,medium,1,1
17657,8bba5de05f17448b7b20fccca71c69fe86597ae7,472365d98dc5e856408cafc31c577ad0d74599fa,medium,1,1
17659,05e1423005b88b6429512f105e8987bd10cee6ba,c3a171c3da5a77229963719aa3319b4d4fedd4a2,low,1,1
17660,f9e50e96dfb05ecde921763f4fa526b4f9f23e68,8d524569a13650111c4438bed499011678dd433f,high,1,1
17663,7f15b94cb6a8b8f571cb939fb00ed6a20548612b,fdced4961b94b2d0774aabe7c99a3a7030805f0d,high,1,1
17664,e8c043259a70d66f4ebbc746a37f6e228e2d708a,4c37bbf791d1f91a88b1f867067411a6d7a5fbbd,high,0,0
17666,1cdd3cff8a118f4e64cb3f21e4a3abc9121348a4,9208dafa46969747ddab89a24f930a15140229a6,high,0,0
17670,4de5efcf3832c5dd5a4a670e82a373b3b47bbd6f,3a462cee46ebe660e6dfb60a39b3ef2b13821ec0,medium,1,1
17673,6fa520e5ccfa9a2754cf6029902e5d390a048209,fb2c82b21cc8f292c7177261ef07487ec53d2c0c,medium,0,0
17674,6a233e89b9cf463500f5cd4d23e1d1023bf037fd,a25e1718a1c566d2f7ce3c98d22a43a6cec9cc24,high,1,1
17677,e5ea65064c45118a0d54a752d74034b64dc605e1,44d551312673271cb33c54c49aaf12e32989c2e2,high,0,0
17679,0ff30e70a408c107ca50524f9a6e149fde049d05,7793ecad4d2652b92feaed466625b382c6b81c0e,high,1,1
17682,96cd744ba545aa4e60cd58102b4a453f459da0bb,d7ee76e1c595b0133d4acae10d7d5bbdaae8df95,high,1,1
17685,fc4a69b330d0aa029b96eace97cd111ae630a83d,22e892913cbe740280d37ab35931c23315675ee3,medium,1,1
17686,4c7ca0acc69095b6c5255278311d31c1d60a3eb6,452de077d8dcaa076dee361079cc5706f50198d8,low,0,0
17690,947a8c2374673c0ada7a1129499031beb30d3395,a5a7399f5ee54ae70a997ae8cde2a61d77ad442f,low,0,0
17693,298354f775864d1858a4f01c02eb7ad7fd9df457,65c8889b5e6b01e9db4acbf21828521faa1dd514,high,1,1
17694,5a660210ee90012da09e20d1fff2bad4dab41485,ee62ad8a8181902f42d233cb9e8386eb0ef8904b,high,1,1
17695,33cf919d8f1e99bfdcabd7b1d8c4f9ca486be430,7af815fab7d7da98137c8f78520fd7e1dbbe4e88,high,0,0
17698,7f3caf271d101a4b311681d1617496cc64d9d001,47241a9de8ece585c45e60c3647fe4fa985a8f76,medium,1,1
17699,6e9e3c1fd2b3dc97c79b251563aae7694dfa626b,857f32cc4a897264807600db91da7638cd9171b2,medium,0,0
17703,adaa16e850cdf749c4efacff5d3774d81a187da5,61b44793674ffd1ed045d4eeea638d3b18fd9f81,high,0,0
17710,c900f930690efa42a65ffb0501ea0b3c6af06085,83f8df23ecaa4603a081ec2cb124b13330e6e9ee,low,1,1
17713,6d62ddf6bf7196acd5c29da4c55a6e73dc83ab29,4dd1dae9493c607d594ba323aec9e46c55aad274,medium,0,0
17714,b750719b5a4f766445a3aad024abf0ca8b444212,63f555bad524530313c43772a1dc76a0348ea8bc,high,1,1
17717,5756764dcd507d59e5d72c537e17b3ebf637af44,bea0fec6fe993d7baf04cfc937a60407fad88297,low,1,1
17720,7da4a6840455323f8171d6f142449cc324af3d93,30251f26ab2210a8e402bfd056047c2a3fb231d2,high,0,0
17722,23b3d377cebfc7316c421e6b4f330a48721886ac,0fb8334d908c07cfd4b52c9cfd3c7bd3da3da751,high,0,0
17727,08a4808a153bc796df276b50818e6da9abd728a0,c1daecf2ca57fb55db0e645b7709059e0cf43009,medium,0,0
17730,a9d8af7e622fa16171fec229cf399d19c47ccde5,98f9cf7b562a6c1d24fcebdd760ce37d39067a35,medium,0,0
17733,41305eca87434e46a7560bdcea1841b2b4cf356e,1941618b2181530fd03b6890c7239d4bfaa5f6f7,medium,0,0
17738,2c065eeb4d069bc099c8cf74cf30a59cce83725d,bd0caf88d5698265067788d0a4c6b6a51148e4c4,low,1,1
17742,5dcaae636813a71a2c09da89355fdb8a78fcd1ca,d1c40823157cb2c76c4029c555f7e6bf3d30ca9e,medium,1,1
17746,996bb9d69bd9580058f50c299c1428a7b9ced514,b70e0aa42a0aeed0723558a4c673e1e5be119c93,high,0,0
17750,c0d383282a8909cbb0341a3b9706abfa436ccf4d,d85964e3f022c5a03266191cb24ff29652316259,high,1,1
17751,06b6a5a98e73c5611630ab29f258c0a7e1686ab8,123852d494ee78e140f7590baa19ec8851d80a63,high,1,1
17752,5697c31540e70698e7e7d7f23f93492dc53e9a01,d52d8f6f9b7d12346a62a18e85adacf753e535bc,high,0,0
17753,e8c043259a70d66f4ebbc746a37f6e228e2d708a,8c8bb058abf29dc52615caaac073bd9145602a72,high,0,0
17756,5affc2da4faec26c3c44335121be8666717f9437,f1e63f2cfed099194fa89b54648c21eeef233310,low,0,0
17761,2f723d17c30674321b71fb77005ab76ec9e7a3ef,ecdfad0cb0c2ec4c7cff1c3a4adac16e281f9a3b,low,1,1
17764,c7c07d0738c5d70175d550a76d15e1976a6aa9f5,bf670d74c2feb3b57468165adc18bff1b9ba9734,medium,1,1
17767,9100a8db6278cb255ebfe2a4785af08850cc087c,3db9e99964ee25aa4a5065df9345d96269a3a7c3,medium,1,1
17771,cbbf31725400b69fcac02881d8e2f44cbd816dd0,a356d0f51bd7fab88aca7d70a5fa384aaa68e8bd,low,1,1
17775,71b9790e4849593b8f057d850a7083ffb322c026,ea503adceb482cbc293e70367556f808c4ef1303,low,0,0
17779,ad37a6f5e22ae0a785c8f06253e52826493f372c,85af5dccbb38eab6f2a9f55b7f1640f275f9b006,medium,0,0
17787,82ade92391b68a8eeb2bc4d0cf828dba6ebd2b80,a1924c392b96c7d0fc460d740e6e28bdb56cd9d8,medium,1,1
17789,a92274db02d473121db264e7c69c2d964528be42,f300a6ff1b502df62b3e3edd1a13f556ac411879,medium,1,1
17790,6fa4aeb0640a80c952ed2c612f9e466f540d3cf8,e18b46af98caf8bad8abaa3dbc6c65019e319d4f,medium,0,0
17792,a7455aa615edfef7c1d1cca3dd01119d3f2b67b7,2a63ad233543e08406a4fac9eb5e83bc724b8d3a,low,0,0
17793,66e1c2a6b4b9dcec1091e1e18da96280ce98c047,280906025885c92395db706e4e76d5d017736021,low,0,0
17795,c7698cc86f07183a19647702e2a223dff48f2f07,20e4994b67856aab7be120ce1543f2a0d625284c,medium,1,1
17796,82edbe40e53b50a204e6374be6e7c955414ff61d,b824b412e46ef64a9c09c507aac9fe14f13f953d,high,0,0
17798,bfbb24d80a66b228693734449363d7e638cc3d3c,71ce04aa5069e47a49f445dbcc04aecd0a9c5392,medium,0,0
17800,cd43499753cc35539e9c6a4ee516e7eb64835a9b,d91c51f12105ae7b8f5178788c4f54218521da8d,medium,1,1
17801,5f13d1a6992b9ad21aa613d5f608c4f848982b68,4b8a58229e10b1354ef0cc6c2656735eab7abad8,high,0,0
17802,d9c068c681a2278b978e223ab980d7c07580ace5,71651a09defef28e34e566798344f6e8f520df8a,low,0,0
17805,b9729e66bfeb49a8953c38cc5a86351922c772ec,ae64e82b31a66b570dc218f762f27c53efca0003,medium,0,0
17812,1cac9eea2a4df598695067455bd449c1a701c2a6,9f46f82a1ee86f291ccc68926fe24be034bb9d1e,medium,0,0
17815,72082653d29e00962bed3518d7dde0ebd4caf160,3c190ba248cfdbed6ca7e44d7edbf3e4486d85a8,medium,0,0
17816,5e6976503d8917f20757cdd65c190e00fcc7cdbe,5a8a2ad0f35780085308fbcd9256fe2b894bd39f,high,1,1
17821,fe80db441521cdcff2c41f9eb94d5d3a9fb0e152,c0eca311b501281e08320456e12bb8962553fa39,medium,0,0
17823,3fb022a124bcd3c1fae322749a2758f784c52402,b3dde1d2a65668c382d746c64b00c9ae92807129,medium,1,1
17824,058546c0bb594a5e94f031c6b2b1f2edc872a215,4c2d2a55c4ca70d93b7b0f7184e0e7b9081370b2,high,1,1
17826,cb0ebf6054c440908324a513bf09b0badbe23c75,de86f1494b582b0e4ea0c6ecd7ac1e96e5de1116,medium,1,1
17829,2696ea6405e050083dfedd01d27c2232529623e0,39b5393459347f8f63028ad94a7614d3b35ff93e,low,0,0
17831,fa0ae596f78dc4b3ef3a6e2faa829a834b596fba,1a7d17e9fd901586e38e336ba3eaa4d52a0eb300,medium,0,0
17835,564417a18aff7899cb80fa36d2689bf5e579f43a,434cdf8dfad87273bc5c1a3da7b78e8f51f6525e,medium,0,0
17836,27f829ba00ed2bb732546c2bc0e86e2122f6d1c0,48d45b265558dd76ddadeb48f5daac609eaf8d98,low,1,1
17837,95c7326f1473c9dd668b323f096c411124ca5fe5,85e897652bd85640af39a21ee439794cb59ac617,high,1,1
17841,a42e2a691fb4911eb3ead8cfd1b2d9046b684405,c8a82d2d82d50d0fc6d27ee48b9be4e560aec590,medium,0,0
17842,9ed8e64707161b00a5851fadae2c08701a579f94,9c3875bde77257f0fd42789b3e03a96baf01c50b,low,0,0
17844,252799066a7f0fbcac6481a1a39f913d858d6b91,fbe9c4ff29b926fc098f79bfa404b2ea421e0981,medium,1,1
17851,8c7d10f49e7d1e3fbcdf81d80933b6bdd53e18ab,9b28a58f27052a1275ba304cad0485b385482c69,high,0,0
17856,1913df6f0b428bc38d533ef523a3681d9e166ead,bd8245429f8588ae62fcbb9ba58febc5923032f3,high,1,1
17860,9db5495e72c319aee1ffb4a4c559e708c33ec45e,33c9680709d709ee69e06994b68c6ba5367b7ec4,medium,1,1
17864,9dc42f94f8e103af7f9b5724387229a51b40106f,6fbd23966118bf661a9b2af3d701d90c7d166b8f,medium,0,0
17865,6314e4b93e93e617f7ced041cdf31315171d50cb,db8645ce31fcdac27d89f3182f340509ce74b8c4,low,1,1
17867,5bb7d730b134fd52437162f276d09246f8c1abd5,1c9ecaead7a2a24b1a3227f6fa549dcc61dc1911,medium,0,0
17871,6b2e87761e53abcee84ff4c931ad36b4d8e9974f,1ba38cd03d17be56795d49cd3cef5f2e0abdf463,high,1,1
17872,e6c760d228f2b47a5a99503abf8c043589496d4d,8a17afc18da82b51658be8dfc6eb62fa6452049b,low,1,1
17874,181965f5e498a52261420ed80a22bd3edf6e7650,17fd00b47a97a29fc70af903bc8544bab1cc2868,high,1,1
17876,88fc580b48a68f65c022a292245629c4eacb123d,b1ac309857fea08ff590e44595302e9ceb01e704,high,0,0
17884,ba5b866e68242033aa2a3a6e96b53efb3560c736,8694945d03fa3ab674fc5beb9f283167230e7f36,medium,0,0
17885,e1e18243fffb2d842ff83a08ca1eb5e674695d76,c27ca1bcb4559250aeb482bd8836ff1f02cf2ced,high,0,0
17886,bd24adcaf09aa83efc3c817af278d1bfc771e70a,4a8dbed8bf2595adffb76b43dbf76d81f8537f95,medium,1,1
17889,051f888ff393d7fc7a92ce6587ff87362bcdaac5,8530db24ac6f7b44710949eb870f2035610feda2,high,0,0
17890,9d9a439aa81cbb36b254f276e15e16126d10272b,bacbb989acdd56ab29ea829208f984e55ef133af,low,1,1
17895,8fa40f110fb61f412e9aa3badd08d84fece9860a,540eb2ca0e698f4cb1a9cc0716aeaab504076fec,medium,0,0
17896,0cef418b14b88a7fbaeb5103737c00cd74069b7f,1787d5be0991b72a29d75a0686064ca568fcf106,medium,0,0
17897,18daa332c7462428b67c9eb73aaf26219a8b27e7,1c350e97b0ef16a7025eddc770ac856559489183,medium,0,0
17898,072f68ea7a36e3e682ec524544769420744fa317,f0edddde9126bc87312ddea589788f3667ae3502,medium,1,1
17899,918f1bae2b703910893ef7cd6a8394d15c958a9d,450a3bfe77c66c651adba5d4ed007230ee739eef,low,0,0
17905,e47d277b200d6397e2dcedd31ea246087fd239ab,45e617c74b5d7e700814e2a0ec063d87ae2d67c5,high,0,0
17908,8b22bb6df6978f70809b0eda8a15febdce705da9,798df534cc768e9aac4a36315f1f154054125203,low,1,1
17909,f02634a9d66a358251e00fe7b5c81d3fe21b2740,d0a08c46e7534b3b71b5668304153c588a9ec75f,low,1,1
17913,57e8b3896bfa20d6ce790e4b687e5b10291a48e0,4db4cc1bdbbd5003c0b4fc6b3cd9d4664fc3dc66,medium,1,1
17914,f5d9cad227505909e359029beb4362235974de06,697c9efc90d15f8ebafc1fe1d10c7e380aa908b6,high,0,0
17917,55d4b2fe3e9d8fb062a05f7dabbdcf6dfabbebd6,9fdc9a02e5d6297b12d553f06ea098dc4359d494,medium,1,1
17918,dc12178f08d0547be676a47cd92e14430b639de5,b76ced33c9085eb7ff3d99722097682952f5a828,high,0,0
17921,2cf69b61b4843844ac1fe72c375dee32d5f2a769,772be2756a981bf03f10475495f898881109968c,high,1,1
17923,801fd3d6d881a36e860e2140cde70e98a7e5caa4,32f1833a11bd570f67af41ba5b797fed90761385,medium,1,1
17924,337453e177c36ea903aab6571514065df4e52dd9,bb68461c858c8d25c0f785aea4eb2c00daadb61b,high,1,1
17926,ca28a9e974cd58853c745ee9818dd66f30760c22,f8016d01d764ed95760cd1e1260106b0a518d5ad,medium,1,1
17928,3c008273d9e2d0a11c90477e60b5cf73d05b2141,f63cfe431349a0e0d2634bcab97b6fa61a626ea6,medium,0,0
17929,d3d825b489cf2c7136f7137b97f840ee6318016c,ffbbef66974b4cd6d997ab682c2aa724397fad94,medium,0,0
17933,d478947e06a445fb821c08aacc5c15013a1ef4d0,821635a9682e026b08c5ae86812acd25f661772e,high,1,1
17938,352a452596a4ef85b0145da06470fd4d36244d8b,20577706e595dd0430c34a69d6ca95a70a708abe,medium,1,1
17939,242e373d075bf5a1ad340d79e7635be408d18e65,1aa866c0ea1ad5a2d7175fd5856c25cbe04cf1e4,medium,0,0
17941,a6c0bd2a0489dcfc1a22bc73912f63a1d58c87d2,86b5103e314ba6a0b52a766230912c07f91b026a,medium,1,1
17948,2f7e9de1bea0bd36dc7460aa9c517d2a0e1bc86c,331048262b9609daceba7874597c6eb9fe9db0db,medium,0,0
17951,17ec0f311ec1f5a81a8c6e5096957c873d6b8d07,2c04cc5215d16b5ccda698434742ae34e35fbcf3,medium,0,0
17956,970f060937d49aa2960f8d7d281a866eec626f2b,cf3d7f81d69a83d2bb16bb46bf60c33fa298ab58,high,1,1
17957,072acd6b550810c28494ad510d97e51099012163,acfb85097ca92d11c8f13d7dd500800ab0fa2b17,medium,1,1
17960,5cd15a55df7134cc40884458189ae53d8c1b5156,3550b508dbe8ff4790cf0aa7a86fd7cbf5ad09d8,medium,1,1
17961,ad6a3e3b35a999033607a69cb24bf464e16d08c9,b18d27dee8ae8ce0ee95c00d6c14a21edbaba7ea,medium,1,1
17965,835cb072a2eb36c8629587fe9f286a8babefe36e,16f5997783362a6f9bc233d94e87a86081acdb62,medium,1,1
17966,697f7498829aad0be8914d9a4a0093cdcc3b4c48,c2dc11944cf061033b8f6f9335e9b9e079a5ee84,low,0,0
17979,2558f52630e68374c0b8bbf6589fefc43b6837ab,582a99d90b311e30816e7a95393dfd05e0a5b1c1,high,1,1
17982,62230e53139d2e6e7d70d4aafd91a463047dadd2,0a1c96b7750a987963a0e2b20698db37aab356df,medium,1,1
17984,02ce8f8eaadb966f1e6c3043b87eed9e1d8f479a,4803cc51f7c7f999ffb1213ac612bb600428591e,medium,1,1
17986,835967bb197367aecaf71999dbd06ee2500dfcfa,fe0bdf0c5acef46b3fe8b10b16654f22a6ef9789,low,0,0
17988,ca424ae6c2bbce37c11b60094bb3a44b35cb7ccd,85ccd18a6335c861b8b074ae1f3cd66faad8b51f,medium,1,1
18000,16cbd6220d7c866748e8636d67678e39e2d3eb59,af8686b4b8628faafc8b1b7a2edea0d5834925f2,medium,0,0
18002,8c1cbc3fbedf52de6e555cd7a0f02ceb321f292b,2e08a4d9f8525d137ce044527a8e240785dd4ea7,medium,1,1
18011,42248144ffe5cf952bb59861ea6d2328efa2fa7a,e6df119165d3de805096042fe9e8b54bbc7dec73,low,0,0
18021,792b6fda9396c5e0f3d441660feac6385536fd5e,e4422e65e5f17247cb61fb53b1fbc38c2f0b91bb,medium,1,1
18029,da4545efe2cbf076cee1c214cd7a3ac7c274842a,ced1b77e80192f3a90055f94f7c2421182d0bf48,medium,0,0
18037,857429e455eaec29005a2b6b46b696e92e52411a,ffa04091ddb96633d80ac7577869766c56525b66,high,1,1
18042,588305e91ca8079b24f068a4ee11bb98059dce20,b7fd9a536018cc92718c9ca6c9ef418ad687c946,medium,0,0
18047,6d070641adf9e5865aafb5811616e98ff60264f1,45eed86a70c5cabf749748c1342565c190152f33,low,1,1
18049,2a4ba96d21e28aacf8fbfa710f4225d12130d30d,debcc83b54c4c246f845e44458846dadd6bd0094,medium,1,1
18055,b057e5c47027399c02fa4888fb7ae45f9ce531d6,a49ac965e73695d60df35f593b19f3e26f6295b7,high,0,0
18062,589d0fd24841192967347a8e3ed47a356aecd774,f3ca7348995742932b4b894c23e68fe158012bdb,high,1,1
18064,835fdf369beeae5e75f5ac7b2bdfc893eb18442b,23bedd49dbb50ff1e5b7f9c3ab49c899a5ab8cfc,high,1,1
18065,8079726b32474b3597abcf698099bd558ff31fb0,0202addf77881f03ab6c657775a28d6202501574,high,1,1
18066,f6a4005a480a352e85609f41943fbd6d60e3c6ae,eddaa7528df60d86c0aafc770093d770f20efb3b,high,1,1
18069,7efe8a463358b2e9660ba242c14ae96e1f4e384c,bf6db8d607c3ae599622dd0411248da1d76ec169,medium,0,0
18070,5ee6b230b7b4ee4cf109a7ab399e76906b2cd80a,6154c6b9fa08be696e9f5153c8020557afa9cc79,medium,0,0
18071,552aafe9e4b572d7459dd792beba35739e724fa6,1316a8e85837fe23f45e74264b504f72caf988d0,medium,0,0
18074,d0dbc0643e89582e4507f6d03f776259a1242c9f,21c2f19a8e3107050c8b0862199b2260bae10553,low,1,1
18081,f5339b9ccf36a4295143742003ea3c3983a8e42c,649829a2aa46fac8050ef64591d778cfa699c924,high,1,1
18085,43bf2d53ab3429bee5b809d4f8b9611d51c28173,9d0827716b2bfda3909c5ddfaa3749114779860c,medium,0,0
18086,013f8e9a0823eb4f98e915a0b9c40cd56dad0952,7149dfc90bcf2f1b876d8ca3c1e5c44456d802a3,medium,1,1
18091,4a4b6850dcd66df76300aff5a49eea471adf8c40,cc6a70831aecd0c8de68791bd7f7c0f0a2872b08,high,0,0
18094,192887ce6fc62d4bebcd5a596c2712853304db51,410174b9d089fdd8c61967dadb08c493837b507f,medium,0,0
18097,75c08a72e5152196f561e4734a37129fd6f568d2,891cac4a9b6df5e8b969d1d932bdf1d0611f5b72,medium,0,0
18102,502474f167f6a4792b7af88c423251164ebe7fa5,3e18dcc988a3885542cb708214456c5e50fee7a8,high,1,1
18106,596f9ccfdb5ef595921615d3cd782d276edf1300,750f7fae53b321bf9feefbebfd9129d0caba681f,low,0,0
18108,be460df4b6273721675fd228e4da347b6e6d589b,e8fbcfd9d17a711be68f26048679f83a7f522554,medium,1,1
18111,69c8e418c22a04055b28015379049408a5e603ad,3132447658335354608e66fb7476586290276a8b,low,1,1
18113,2ff4a81f7e6c9a93815fbb808471ec9a60813b46,80fd406894b7147cc8e4c9a7c30298d8725168a5,high,0,0
18119,cf3c6360df002660087c2e2cafc029deeb246f44,26df05d172dbde8d782539c77ae25fbecf8b9eb5,medium,1,1
18122,c60823c5d278cd93b27f369837b8cc3a4bee175f,eb7bc5f935f1d991efc2166278ad720d45bd1ff6,low,1,1
18128,1dd0a1ba1bf151795ee8ed3437e34f6e0a239461,1248bc31aa645ae2b0b9cebf8f3822fa54cceb0b,medium,1,1
18130,4ce87704c4a75a2bdc04bbb8f19f90c86df6ca5a,73ecd05058dba322e9796b66d411e03b200946c0,medium,0,0
18133,7b6d9c67ae4a506274b6db5f34cdfd382a3c600f,d16ac60ecf759bdf4efa1e6555a850bea78b5ca6,high,1,1
18135,1f2ce4398a634fb54d50c29aaa64f5b04f8c7065,1e70cb56789db072f7499b6ad96a43ca37c2029c,high,0,0
18139,555afefbf3ae791fc6eedc5a37b6a4aacd322e22,a0fe54bc0820477dd2335192a2208cc074dca60a,high,1,1
18140,63675b2a8096d65efde62b15e47265b5fc6dfed3,bd51859e75378db631283f9490b43b723c6fbdd8,medium,0,0
18141,ebfd0566d8553a24170a9ffc7de4a3d571baa118,ccc139ca97fc64750567bae5dcbbe97a75577e62,high,0,0
18144,11788982192f494b4dcd155768477565f2bcba4a,89aafc70313f4c522b0a55adbeb21d01cfa8e7ad,high,1,1
18154,0a2c0d1a3cf3ba512dd7cd3bbf4818f16c64d0e0,ee061225483cc36545eeb8bb7653810e84920e51,high,0,0
18156,0c78af1d523323d2e747978dc8d9dfbe0c289b51,a15627c76ed632aeebdb3200e5a1050c395366cd,low,1,1
18161,b2095cd50cfd8614486507a23fce52e3edee228c,8c7ac97f826ce7a69de034b15467405b561c2377,high,1,1
18165,af17ec1df0875d7fa5d899bf30b1e79d35af02ee,6b3ed3fcc4514e4b31ac01de8dac3d99a4d15adc,medium,1,1
18167,7f75158ebdad44722daa3be2f3844cf22a1c8499,d6174b4b2fe45e6af70ad402b53a196331c62719,medium,0,0
18170,6e71f519ac75cd9a968504bb1f332231a7d767e2,6428117cda7bc2f19ee0e776b6f0e031a1b75bd2,high,1,1
18171,d456e587283721139f8e69cc3d13edbde1b985f6,c127c7c8adbb02ad04e36cc2bd5a2efd98a45a3b,high,0,0
18173,d626eab5807f450490cdc5540a2ed652df0cfe6e,edfe329c1556c3b77a1542d26335f4b3593c912c,high,0,0
18174,ea40e7cb531ced7475197477bd617a42c5a13083,87bc6bff046b2676bee701067e7b62799c84cea6,low,1,1
18180,28619b4e38cff5464985d7d7ef648814bc5cabf9,c0710d2406f066078e9c1ea6a06b37306d1ec56f,low,1,1
18181,81976fd6c29ca6c7de669e6f769cc9284cc6a102,416250fff32e427cd138f71f7d6740eba8cf516c,medium,1,1
18184,83ba94ab4c784b4abc51f03b0c12ef4f44401354,0767ba831a8383ac49d7028ea54e7d2ddd2d7884,medium,1,1
18186,a5a7bad8a842c3e5739a20203b19b7ac5b01b572,492b862528db26afee8a866b076742a3a9c77d48,high,0,0
18193,a3f2a3aaba0a8fc034e873d61e9530ada0905531,d7cd53cc33f6877106f456612425f974ad1d7bb7,high,1,1
18202,ed443c0e263fa61daaef246361717a7bcbfe6c22,86ae89c536140cc6d936e0f49d121500a1d6b355,low,0,0
18210,183deb9b7f6dff6b126f521fd99a348708cacdcf,bd9400cc2504db807ca60f941372e416f3f35707,low,1,1
18219,c2e7b8a5c2989be1dcf71d9d8a8ea7ea9fb29bc6,4ff095ab8d194815e1b69f132f51f8aed6e58ee8,medium,1,1
18220,9aa29ac007f6763514f7f74599fcdd119c18f879,f40d81ceb8e159d6f5bae1159f54069382441cac,low,1,1
18222,d3d203a905dd0fccf3b298bc2651e0f9623b9812,2d85ecbfdec29298b0f5795153d66635138bbebe,medium,0,0
18224,31f75780830732fdc00cebc948fdb7520faa162c,8855f29157df75120ad1fa66aadd0b6894ca4bf6,medium,1,1
18226,a86c42a73be054c88c0be222be7663598d688cd3,1ebaa52b10d3cb15e9a3e1505b10fd8a08379a16,high,0,0
18227,bb8f6c95756e83b2382640c7f469e9f3235156b2,1f740998e47922566e7f0b4f0d7ae101700f11cf,medium,1,1
18229,f4c63e3fb406f1001db65d8b7ec356ab2d5dc144,250115b8d738a7472d6132aa97a286dfcc8bc2dd,medium,0,0
18231,2cc5c1c91e5bfc19bfe9cadfc0a55a056460365c,319170de843d3e56df214a962ccbe0f01203a8f5,medium,0,0
18232,cc62c5524fb37482cf6052a216848fe8c4392b0e,315ff38e61e2205737be9eaab5445abbb448a7c7,medium,1,1
18233,da575aa76e5a5befe1b56dee54f174e7a5c1dd98,e5a1c1cbf8b96c806171c106567df9fd2e06ef9d,high,0,0
18240,cb579268b36394b238472745064948e980a28487,75bf35ac46fc9239c67384855a7fd878754524c0,high,1,1
18243,2f90de6d844a689437efe655e7af48426bd33f71,e4dabd0ac0502a12b651802d61b18f58c9aee5d2,medium,0,0
18244,16caced55da73d4e39cdbcb62096b20f40d281a3,4fb4d32537b533c8675087888eb87d5538094c5f,medium,1,1
18246,5f2583ef3d5302af1162f0fd6bf9b059695a032d,1cb6bca1ffdcd01271da55ef8ab1c372f085facf,medium,1,1
18250,cb1a9963ac2fdeee8da03f5198d88aeb0e49e26f,633b7a219a78fe4e012507d45d358ed47febbd03,low,1,1
18252,28bdda00b630bd8de93669899dddf849e03e7a15,30c3922ccd5c8d46452cc049e00a8413b721a52a,medium,0,0
18253,66571a2a45f639228fe4a42d156ac28e97d60359,1e0e9fcc28bded7c4669889a010ec95c124d762e,high,0,0
18259,0070c03b4f81ebe0d7d7b15abdb7f95541851509,db571d7d93a60eb52c352abed3f9cd84bfa7b031,low,0,0
18260,4e0b0652791186e18a6775b8467a2157cf7be580,951582e8f2ecfc1aec58b4bc3a934ff306d25c41,medium,0,0
18262,06b700fc957d2d5d72cfbe73ce22dd8e3f8ca74b,8e6fe7cb04743f7e03c0d41dfc6a3a07e6117c44,medium,0,0
18263,7f571132f44c1e24f23c82ad7c2e11b71319b2ca,703391973a2bbe2942d63ccbcf6eca65d56d6a68,medium,0,0
18265,9d76c956e146f695aecb3e2b520b417870922e09,258cf02f23de09899f0fac56129f00085ee88be5,high,0,0
18273,cfbbe28ed88403d05c499af0855382720256563a,b0cbfd83082066831c35794fbde8d1ed7e85ef1b,low,0,0
18274,f9836c24652ea9ba8f651b5334c04cdce01b326d,c01d60cb153c084d1138437a543400c82666473d,high,0,0
18275,e988e8e6e99f33b26cfdd9716bfb64650b24a347,0b22548e356a25353eea5b5f6f37b7281d3bb794,medium,1,1
18276,16b9e191d16963bb18e75b2f3db8dad1a7e7afbe,b0a4eb08819075c2f05975db603a97735b5b075b,medium,0,0
18277,70a06218ba0b2150ef772d846863e420049de696,d79e9efaeddfb7f05b52c7ff6f11a29bb60570e8,low,0,0
18279,40fa460fe194e8d7aaff724656688a6aa071ff21,c5f7e5a7bac97bd55028a68f7febbdf57d09f767,low,0,0
18280,ce275bd461b613e71abbde8b367ef6ca6367b6df,c9f3a8fb0d04257784e1a2f8a6e9a0b7b43609be,high,0,0
18283,0d67a522b3b1401e78c3410ea5d40147b2f506ba,67afc806bcbed4350a5df2a066b45383b88de9f8,medium,0,0
18284,69561d5bcb34497734bfe1ab2c74465eaa1b419b,f19f5f80f2aaf0c9162f10013edfc5f7d250f037,medium,0,0
18286,3407a7a3f34807c30a5cd19b5ee8b9d7b8a516a7,6d4ea7afa3929bbfaaea3f64173c20d5537aad5a,high,0,0
18295,f883cd401996ad29c6d27dac6810692788b06c6d,14aeff9187cd196a19c67eebe8b44f2cdbc1a148,high,1,1
18299,352cdcfe1cf788d8b341653b155982197481afb1,02e8b0b77b6429b99396858cd91361a736d631ed,low,1,1
18304,8b92b8ec4fbebec17849ed657048cee8e485656e,061a79bed9059879c3b15c2f5230a886231f604e,low,0,0
18306,8575314f39109e3bb65ec334dbba0f2dea817bed,e041bd1d8b7ca9950d6a9832f02fb1e88bd426f4,medium,0,0
18307,62e9ad21ae0271be81958111dbc820c23ab6da2c,445ea46fa4965e7c116fc42da6d922a39e876636,high,0,0
18308,73137975dbe960579a525ee09646c77eb15a91b2,42b94571e8f830501b44b3f672b5fb90653c7f62,medium,0,0
18310,8fd2d60c0fb2ea333355f38d990d73fcbcb81eb1,84ffbbefc4ea726761f0168e5a750153b15286ad,medium,0,0
18316,a2637d423afe50106015aeae6aa686c4f608038c,f46fea15bec21b78956dfa50e5b09dbf6c9841a9,high,1,1
18317,1e0223d776ff4c1f1c17bc37b678ca9567719362,2df62a89f2d43cb4892ba153785f0c972e44fe07,high,0,0
18318,2503a92f7265b6ce213e77c80316f60fdce71d04,cb54c1b33486d55a409582baf61a08cb890c7612,medium,1,1
18320,ad818a47fae3f0e66feaac5ead221a8e9510f9d5,66cf5567d0fd7b725ee900d11ff2b2c383cc44db,medium,1,1
18323,57a7d8a7de549cdef7326a9a6f58dcc7cfb02332,d137c83c7b8c7a772009495346a4a5e112c00856,medium,1,1
18324,474fe4fc7509325cd172b6d3daf34893ba700de0,5a8bc616cdeaee2360eeab40ae97efb74f1d35a5,low,0,0
18326,c43a760de7edaf27b2880a9bb34f313a9904bc33,ec721c86958b9f70e6e7a40228105f7a4558d306,medium,0,0
18329,29e311ddd236e3a8d65dd39950dfff41cd8ce67f,b5104b8f10098d2d36c9342eef2595276c8c8e2e,medium,1,1
18331,b5782d463a51d71e68501535d4a3cdb4481fb52c,43f3067b8426f3550221c93578ba027ca85697b3,low,0,0
18335,a189b4cf15e1b69ee81f269d53519f5421ac0ac2,f7ce08d8df4e329984506a80fbbe4f32a573ebfd,low,1,1
18336,c1754855666f1b208c7219aa8887c67effe58efa,fe59e2a024ad02c9fe8907f3b81fc07e0efcd80d,low,0,0
18338,6314e4b93e93e617f7ced041cdf31315171d50cb,5e21d85784f1b9fcca6d5621c21b182d9d1c0862,low,1,1
18341,37c3d0c01040691ae53b161a92a400513d3d1ab6,f6f3b7cbe9e91a3727d9de7c47e93efbe5efd7d4,medium,1,1
18342,f253f16b65b74d0e1c5a0c8e913a21019f1dcf3b,da00946874783b0728d85a92cb0302944fbe448b,high,1,1
18343,3c8ebb74038daae22631302bd4bc3121891bc628,d192203c2b00141f64af4fb2e9f9e57c6d93a4ae,high,0,0
18347,f2b9e63dff40775f8114502d4bc2949b42087cfd,b25509192dd64383aa6637239fa974a47bbbe925,high,0,0
18348,87ac156655d504e23e4b8bf97248d09986424c2b,f571bc41367789cfaf8058d334a927f04d428baf,high,1,1
18349,d67a3abc4d14bac504880b76ec12342c737ce917,bf6056abdccc4e4417a4c04cd795707f3e3d1650,medium,1,1
18354,9262d739c2126399bfd610f6c7a4117e36d40492,2faba23c9793332390d7f6c5efcc5912cfd41e31,medium,1,1
18357,df43ea1e278663fc27895e8a6b964adb02e171df,bbeaf68d3f9f3eaf73e804b7436d1638a4b0a818,high,0,0
18359,66f860173bb55c752cce98dd31e61a295266f7a4,c2f5f821d2bc7d8546daf97ab835d87034548d42,medium,1,1
18360,1fb04e62731acc053bcdcf5c48f2c9947f331251,b184f794ed9785bb91a3ec66ccd82e8ead6df9d5,low,0,0
18364,c55842c7ebd4110f7a28ccca693c95905aa61317,e29084ae5216dd7230d063654c3f3f6f713df170,high,1,1
18366,111bb5d831bb5fafc13ec696d9b793c98691b4ee,a6f528dd63b2807ad984928575740529665a652c,high,1,1
18367,efb0d7d95628d7a50e92f6caf6ff10ac657e35f4,2ddce0a3a7ab2d4abe500124ae07b97873b6eb2a,low,0,0
18370,d7be82c5fd3a98feefaa04fb4f4e22e7a43c79a1,bb70df299cd08449044f4b446d98c069b354dba7,medium,0,0
18373,6e59a7d381578161ed0ef79ea2067613cb4e8b50,242aefacf3ef2203be4ae443f14be820b348ded4,medium,1,1
18374,75d97d52024ecca197bbdc84afddd9d39ab9670a,fccfe18fa883814a221d267cce5aae3391795b08,high,1,1
18376,76114431b80b6bccd607338c4d71b21f2205ddf4,ff99f00e57ed30449066d2e73160072c5890ca58,medium,0,0
18377,763de06fefd846392f84153e49ffc1b1fc205661,b2a6963e2767878c47de2424dac68338ee1bea79,low,0,0
18380,d2d5a20ac54534e245e2e867bb4a13c71b6926b2,fbf98407779e68f3eec4ee2aa6b3ae9f7a4899f7,medium,1,1
18381,066f8981072561ed3ae319aaf767f03e81bfa142,217aa77bfed4c0e0bef6f1742375aa1a02523f22,high,0,0
18382,4938317af8c11bd28ad045cf156193df89329fa0,950811893aa2ac78205e4a3816f6c3ec93c95f82,medium,1,1
18387,01cab085d8fcac27c297ef941914bbfac8b00738,1255e30bc28307f12ac779b4fde33da911520020,high,1,1
18388,a0f24f3fc29e427ee58bb71b3f68056a190ea724,9b9a8d93cfaa9ba872b97e3ca8b06045e9f77ea6,high,0,0
18393,229b7f4c7325642ea47640fecf387b79f2a6514e,486fca45e920cc5b615f0b829b88f401ea00cccf,high,0,0
18396,d52b2fb9c24bcab750841a643ca08e0cd4897294,c35c9dd38f3269efa07b22e9eb09bbbc02ec7497,medium,0,0
18399,4b6f430cc88eb53b24cb79448d506ec666891b4e,25eee1332cb07627fccec7019b99ce3a82df3f19,medium,1,1
18401,0caba7d1ccbff6fde90fc2bde8a778479ac39755,02c4710dfdc75b2eaf8856601fdae72b7182bf56,medium,1,1
18402,fe23966a4408aa2fb0a119498d4e1866f8d71770,96e5fd11a897715f4a9e57c03ebd7141b70eaf1d,high,1,1
18405,68e25a169624dfc9b99d2725e9c832884797eaaa,aa059ffafa68a37b50a542e1df7309ba9fdf37c8,medium,1,1
18407,b2095cd50cfd8614486507a23fce52e3edee228c,5e309025f2d32847176944f97200decc11224999,high,1,1
18409,16dd481c4fa0af7602e5413aea2881e47ca3e4f8,52423f4074c496589abfb63e5ac6c2b60df58299,medium,0,0
18412,8ee6c52518bc1c5b01cf01d5250fb7fa5bfd1a7b,a62661558161cf1e8ddcb320ee49943c7ce52fee,medium,0,0
18414,98ac8074843947083571a0f94f3f3420958ee92d,a98a5fa3fe4613fe0fed08db256fb274c6b4e4ee,medium,0,0
18416,0969c9671fdea6e2b915b50937efa41bbfa758c1,7f6a9acf794936ba315da8c168afac1ee3f9dd71,low,0,0
18418,352cdcfe1cf788d8b341653b155982197481afb1,69ddaa10251e6557eec53d64e5117bed81c7b3e2,low,1,1
18419,31dfc0de7290b869f4a643f22e6f2c4d8600d542,603321c3012fc36c5ce6f677ac7614219eb3378e,medium,0,0
18421,0e17137f5d79aee6646fce6d735192382fe0cb51,792c0a8f7fedafc06662406811a39f6bf099f456,low,1,1
18422,850747586e73606eed0d44408b48dab21815af3b,fb6249e5643a0ce0bb50c90becffbdec6c300d04,low,0,0
18425,224f2cd71e149918c88dd9d1aecfa51ce9ea1cc2,979555d07ad2f9833c187bd1836338e692fe8a84,medium,0,0
18429,ad29649418c3b392d938144831b02c8d6778d4a4,cfc7c2d9b16269a6fafb94c90e687126dcc167e4,medium,1,1
18432,876d7031525f9ea3432ddf72e7471f37cc81422e,49dbe9f77ee5cee34743dcd7009cad41731294dd,medium,1,1
18435,b189157709fc1e14876e686c43f75c7a4d7ffb11,11c2eb721b80540c9c55e6400b8e7c42bb4e41f5,medium,1,1
18437,83567b08c9935efea8d0eee688128e2a1b1c1f24,ecd5d908bf7aeb67f30b0059887662f71c59a943,medium,0,0
18439,9ee996193ccd61ef9351e07fb422e2e76954d632,f9ed76d9f3bd9bba9be669e2efc4ab9ae72731bd,medium,0,0
18441,f5ac62c0187ffcd0d0c140d5f432736c2554c354,e9a35b9bc96f23e778978fa3f0082db27c65bf37,low,0,0
18444,02beb37b145b5fe49d1c328c4586b2c628027265,6a74e6a3cad520d1692a8d5f37b6d8e803b60181,high,0,0
18446,608d07de786cb0025563fccb7f521efbe260322a,bd6a323b0307a50ec1fd66f816557ee86185e10c,medium,1,1
18454,a048fdcdaa676dcdaac455e162da4ab8eda81c31,dbd128ddd0002ef8a00020b640c2e41ff6cdb317,high,1,1
18457,bd4ae6d11db62de9e28cc50bea6f796f2f0d65e5,37b5529f2047dc97b1bb4a11eedff99f9b1715d2,high,1,1
18459,b6ad0a7fb7628cef6a717a4c3624ff9d9b735af2,ee381bb9a3fd29660b5ffb39cb678b20550ab630,medium,0,0
18461,64397e64f1b435d839a42a935527e42fe2b4392e,ef43c347fb0fc5b41bb3749b1aaa27527f3c7277,high,1,1
18464,0a4d300c78c0586d3bf38361a9ef082291d5f86c,a384c74b9b69392d83aa4e90b650ad1243e361dd,medium,1,1
18465,d00a36e8bffaece6115b7a4dbf4e1bd630a07c95,643308f8acce01f55a2c372dc54fa976f13900f6,low,1,1
18466,9bc5a45d47127398e2835ff8ced146686422060a,d9d74de27c1fa94960c07fdc7dd0af0a4917afec,medium,1,1
18468,7b7d1c7a369b5bc867d84326c54d6b5c287691a1,06ab96d0a545f329acd10d2cae4647638883c60c,low,1,1
18470,71d7fb83d4edc23e306ff23a5662ece9ca701319,68b6cc528e3448c3320fb9474513929d613ad1f2,high,0,0
18472,b6a156205479f185e63ee7290543f23a8978db19,f3ae4c3cacbaf3a99c31b3e0368ed914acb37505,low,0,0
18474,b1f27ab098acfe741a8707e1879f1daed78e2fa9,439103e5286053be80532b53d88102215d93ef5a,low,1,1
18479,2a5847d0b58e841488b382d34d72e057a31e9223,38b67d2968a66178f8cad61ee903a40d3ec01c7e,medium,0,0
18483,5d8db8ca893c129fc97f662cc7c605fe511f82d7,12650344353d1bc8d7bd8c5df2a4ac591d28e316,medium,1,1
18486,88fc580b48a68f65c022a292245629c4eacb123d,919572daa0c4b0125bc17c5fab31385ab06ba987,high,0,0
18488,172b99857c82cd8f65f7dd7850f13ab744eaeccf,153f233af459297ab660f7ca88c5bdce2d442d4e,medium,1,1
18491,12c0f91596503348e05d5b2cfb4b4987c627497b,733177013fce10f1b6d9b8f8bec1fbc6857f0fdd,medium,0,0
18493,40177ddf0037e999dc2fe5af9327e3cf56e3129a,ed9199ada0b6a92465b1586cff77ce9fe2047e47,medium,1,1
18497,4be49f1bae0574739c7d8f998885a846c6c737ac,95914c9da214078fffe86c4ec8add9d81f623967,high,1,1
18500,f1528ced984e5bec3e95e5219019d71ad2173c9e,62c6f592b9775e56973672b5f0abcc67e6bbc71c,high,0,0
18504,53a3626fea909e9bb231b5be4db229a2478d36b8,cc4c6204ab180e4329d6f317f81ef2cced88160d,high,1,1
18505,5fb8678f121199f746c30c22b752b6fe7496da6d,82e3035d4ffb6282d6f8725e155fcb6e3cf05c6f,medium,0,0
18508,00bca0956aff9ec4606f455c370bfe7affe82ccf,11f89e215cf358e511df3450d0e5f60621c84a2b,high,1,1
18513,73c2d10ca906a66424a445f3f8091cc216dcc2a7,a169f7523352ba1e1bac14a12bbb3bad08892f3c,low,0,0
18519,005adda900cdbd36d9fafa009cb91282624daab8,92cee40acecde0b4cc86fb5c47a6eb16567b0940,medium,1,1
18524,d46a6655590281892e55a7161f86d0b657b7c30a,a1ef5d6991ce5a526967927aaa375b585d4a4542,high,1,1
18525,3d68b7405b92a2b72b04cc28fd018789d18141e9,35114913883da7b09c2903b3392a560f0abf00a7,high,1,1
18526,bc0c6ae5e0d6b3cbd0383b89dde6c6be40a678ad,9daeb4e358ebd33a689f45648c395323ab38cb5e,medium,0,0
18534,19c3a1909a5f6766db375c553ccfee44f3aa424e,abc9f68dba4db2bf06a071da409b1a94151def30,high,0,0
18536,4852cf02a8100c47d7856941129a58c4be9495ae,0ceba547b4ea11381134d67e941f6144a68fa21b,medium,0,0
18542,cf592c9f07179c2277ceb7091f084f3f323198ac,4531afdbe558719c910b0c2dffec8f8b87eb9b2e,medium,1,1
18545,531526c8bf54b18568afb340e177b6a0bee51f8a,1b3eb4e9ac16b397105ce91da977768f1cd54725,low,1,1
18547,be27529f9637e8decdd1dc9c66cf49b3dfb0ab5c,a1a6395b088e1d76e8f5bb9ea38d29994dc98f97,high,0,0
18548,912bd681ae5273e2945bf20fd033fe2490ca4752,145aa0b8c4acf01e13b913c389f4143a81235d76,medium,1,1
18550,7e805262d6ae50a534ef35438e859155cab98ba9,675a3c96f7cade1b549bc9d692d41c484346d8d9,high,0,0
18552,6caea0015fcdca268602f514b8cf82f96dca6f83,a21a2cf171bfcce1bfa70f75a1eaa901e4489fe4,medium,1,1
18555,58e3edb16c5f73984b295aaa41c96112f284aae1,85d8885c705948e528d9b939f93f6c62138bb781,high,0,0
18557,32d142351f6644633c5dbdfc84e76098eafc1137,cef851e1f710cea21ce0aa0385799e4943422bbb,medium,0,0
18560,8b292cb99b6985efc1de30b9a3ce3d9b01e91570,d73db4392d5dbdd96b1f6719a1adbd05211de8b0,low,1,1
18564,b5663260c27601d64a485e2a2ad7c9d915df5f82,17d1572b9b400d73a026ba03a0f4fadece8d4ffa,high,0,0
18567,e4a91e5fb3e43e62267b43998cb7c903f42978fd,db43a7fd994668e0d20a975fee9ea3e7bf426282,medium,0,0
18568,96e60b06d4106fa3189676ce8c8b4e3d08aa9474,7df571115fdacfaee1b82a2ba3152cafd72d1752,high,1,1
18569,794e857a47a84f0737c8c61fa3427f56852ad621,05f7d965fb22208334dbed8f83d732071d8105e8,high,1,1
18570,45a6691a3104bf0b2a0726d4a229fdffe44c95c2,ac894b11fe53f3253139c39925689ef14423b2e0,high,0,0
18578,5f906c230bae22a3d2ed5e438893425bb4f65d85,61fcc49a86050d889b91099a07e944515ded86e0,medium,1,1
18579,a5754b63a76640fd0e5590079c1c39cf3b14927f,898ed8092c2b8f404675d6d5e60b07c4f03bbda9,high,1,1
18580,9ee544d57ea37813381314bf6f9ccd1e1bab9a62,98e7951a673cf7314d38ed6a7c23cbae3f261de7,medium,0,0
18581,ff264bc9c4d00844994c76af9e79049a6baba369,1413e839e237bea55a7b9430615b618af85578a6,low,0,0
18584,53e11b1c975bc048e8bb821e21108d736783b819,5657e711eb70ae293f969e6e140170a6f038b89d,low,0,0
18588,0d7eb094b2eff0571c850a3abebc5f5d3ccbb361,a82e90b2d4e5a9dc66e13879b182975c53df33cd,high,0,0
18592,986cdacb5daf5d3c60339b0cacae1d42a895f000,b1335bf4c0f518635255303e067a6246dbe046e7,high,0,0
18594,dbb5d60219cd0aa0c19d9c19c257ebe233be59fd,db36ff913134313c4018c05256c6a4c8adaf59f3,low,0,0
18597,c431dfb636bebd157c6d4f1dc39a898d14f413fe,38fa3722a38ab0588f0d5d5205abcff2748c2150,high,0,0
18603,d488c99e08022e0261d374308db5cd79ca13dfb0,4e14b61a1333cdd239a441de93f30ba540a2ed02,high,0,0
18604,d28d97ae141afed18bd80dc8d8f9e9a6c6024d4a,b06c0c4df2e1f07a1213a3c0429afc969a04e843,high,1,1
18605,407dde12d036c2be2844a9ac8554eaf46599c0e0,27d156316a7f77a226b2a3a58b41dfe178a42787,low,1,1
18609,0942064b484ea321347829c9cdf57fd7f335d549,876c4d1ee1e4626f672246a48254271748d1bd61,low,1,1
18611,943643ebd0a6571e349a4d5abae993217fd9fb3c,3bbc6b99d2500e116a55f34cc5fae79203ebb15f,medium,1,1
18616,8363e6d726bea1010b9540f19e607119919dfc53,332ecc290bacfbd9289daf84bc89537c3352c5c5,low,0,0
18617,048c4862f5b26d0a637685bf4c3277c34fecbce5,c108aee2caef4a402c72ca72e236c5338be72eca,high,1,1
18624,668261154c770f4f38e9a157653ca0bfa6778982,813045a612652d1e58fe17cd3c7f78c779ec7eaf,medium,1,1
18629,858d9002d3fe7a8bf58052f6373eccc8f44828cb,520dbbd9ae27f21f73dbd1e662f4e8b99f026d76,high,1,1
18631,529f494a15660c6eb8ddd583d1a12f849cdff3db,0d31a672b02c91c214ee65bbcd31c478752e168f,high,1,1
18641,05f5752aac30081aab726e7b2c869172c4e68cb9,2f2e1efea7cf6d4602dc92c24a06e20b8a3fd6ab,low,1,1
18642,ebfee07a38b48e5346af065facf496b34cf191d4,d2d339ee2a1a6c81ace2f27400fae7ced9669e0b,high,1,1
18643,a8779c44993c51dd3bae92df6fee3d7e3dc3549e,a10144e357d986d16f55010a7ee6ba14d1f7f294,high,0,0
18645,bc028e12bea1913d37230dadaab776ab4604ed38,ed83c5d429640cb23f3dd96feb5b874269f60114,low,0,0
18646,ba97db95c4c10b9ff8afdcf93f04403472cdf2ff,86ec358a87c461346c8c0f98977aa5fdee758e79,medium,1,1
18648,8d85e7ab2931a55503b131fa0ca84678a58fe5cc,0ccec9b6be0f6d8f8e62230e498c1646835a50a8,medium,0,0
18649,ae07f23b02e6c1f7502241f1f61831a511f3ef6d,374fa76a71608bc2cafdf4e22650cc01a64b4f57,medium,1,1
18650,5187c8d972336ea514178dba3e295e2559698c8e,466d401a27e87614c1dbd86ea96706b3bfcf3d14,low,0,0
18652,e144b99bd843927a48f21e60698f41a8b8e6265e,1b9f7c48cb8520eb000b5ea3468250e24a5d169d,high,1,1
18655,1fe0d809fa08e3d6ee8dc916633c33a1eafd032d,c8b6bec17c971a8ed762462da6653f1fe97b4e54,medium,0,0
18657,abd14e47421c3de9b77dbe0816a350f9617ce14e,96e80109a47cf7026d8f486993dc72edbbf6fad4,high,0,0
18658,a64214c5be6110807ad0e436ab81dff4275c0e00,f00d1fe1d9a9cb6d8835169eccd5c35cf7007c6f,high,1,1
18660,b28255d4b491252400d61f8b4e5ba86bae14f85f,33fb691f6c881ff597ba40eb9c56cf76aeae2ca8,medium,0,0
18661,ba107130bfe14c272eca2d8078afe1ef6b862c37,d51f4ae5e9ce1cf4e733d5723a747f6fe775dfaa,low,0,0
18665,c279f347125991139e1c5a5c8904474fb74a00d0,218e77836389906304699e6d37ef92182ad09fc8,high,1,1
18671,05e5afc709a88e4f08046aabe2a28acbf51702bb,c36c659a8d584381a85d82239538de570ce94ec7,medium,1,1
18679,d1a893b8f6bcde10340adf6a7b475172b2daff4f,2b604ba4a71e337d99db2d2fa5513a9064be2baa,low,1,1
18690,74d9624856d468a2b389fe1dcc9cc21b361edf5a,197fcee7efe3e58c9060840c57a24c6c9acee9b4,high,1,1
18692,e289b8d7dbcadd45588ba6ee7a199052fd4e4b2e,af78edf407108fb01de0eac1c844f0ab75fb4644,medium,0,0
18702,917a651c5d0f4b8feee8aa850ffe4ee3acc7a6d0,345c0afcafecd4afbbf7cf7bd31814bca8a1e7f7,medium,0,0
18713,9bd33aee52e1327f405185f6a2ac66c210af6cda,780afb5805a2af77f062d00fe3fb94fca5025703,medium,1,1
18717,80e07f4c4b0d18e7919405e41dbc2c9ef8fbf7a7,2681e6aa21b234bb77babbdcb68ef5105f2a4f8f,low,1,1
18718,6a7e3a7a36296ae7e93530a515c665ca24a4624a,0c7817e3fb9cbecadc05be42d36f998093afad59,high,0,0
18719,451ea5e83b4ed03011b2f4609014e07a860bb5ad,05b5e3f15ea64e04861170ffabf466c7ecd6f648,low,1,1
18721,359f6def48ac431c143ab3367fe29913a0c4d578,b6d2e7ebe197f1748c424a3528a4ac496fd2b215,medium,1,1
18730,1b5e2679acfd097c543566cd0ff38d1697a28f13,b36db2e12cea2790a8181dbb7e2b3e18a95ced30,low,0,0
18731,340f51fd2262e216e767d683db48f60d1fcd195a,fffd6c57e0b1108c98d8a0c0675949b24c1e9bd2,low,1,1
18732,f7aca82888d43dce6028a9acc53a84048d0fe395,b415f5dc3717fdd130c2456f7ad3b179545e8215,medium,0,0
18736,58ebff1df8977f119bd047ee654022baf73a11a5,01cdde898a9683e8806026a51d4666c5af92b09c,medium,0,0
18738,5049f738886980eddcc4c30bbdf054b633979a9d,d9c88a97ed363381be7080c2d511d4a1e884d178,low,1,1
18739,594b7c1cd182936a25b6becceb4d60cbe436daa8,96a38ec6b8b475b1d577d67210e382fc94e252e2,high,1,1
18743,8bd7c0afa361a66e7bba98686632ac3675f56f3d,e81d73683570d301320f1bb5cd7539aefcb95874,medium,1,1
18744,05b36606ff0585d27a91a46db7a678b6996b3dd9,5e31a1f9059cf3dfb7266eebf022bef5857b20ed,high,0,0
18749,d691d04b657ba419fd6c20998abdce1ff6ffd17a,0be9a57505bf9e89c3fc0eccd6e51adb5c452c17,high,1,1
18750,36e12da4bb31c6a27c7686dc927aec33eaae64df,0faadc91144d28e516c0c88289b985599aaf79a2,low,1,1
18751,ded69106f7d3d262c9d5943ae0c14dfb1b556c5d,5c0dac175a938311b2952b7c905ca0a59534544b,high,1,1
18753,db5314d1a41b953c218b536fa017ec0c772e9359,16804e898343fb86f9d249b37baea93d9e12eb1b,medium,1,1
18754,83afad72c41f4216ef801dbedb1601ee92101e04,604ee0abacd16b1b9f20a550e28b3ecffbf269f6,medium,1,1
18760,e269c08148fd2769a8b74e739e7c1947746af2e3,71f1d93d8fc09b5d941c0b8a62a194d7c570f314,high,1,1
18763,48acbb716649970c9ced3fe4fa47cbc28883ec0a,69187c384615fae343d0e57a1b228361d5eab567,medium,1,1
18766,61f382c9b52a238ead93c826a4903544991d2819,bcdf3feefa298c38c0f9c89355913426d47e9c9a,medium,0,0
18770,07d09d5d08e97658d377eb7d433a887df1552aa3,93e3622d63c8e9993ad1fd6d3aab6e25847a80df,high,1,1
18772,ed5918d63d0082d5fc9f7e0e62db456c08cb5913,43f23eeedaed7bab9edd7ddec2431487b3f29ac6,medium,0,0
18773,bbb2d3a7793318c297eb726f66439f7e66ee2727,46826dc28447a8146031601cd7641a8ac4e0780e,medium,0,0
18774,e8d3db33e0be8abc3e051c4837083a273a6df1b1,54f9f4ecafc2eb313b483ea3621193921c36a5d8,high,1,1
18775,2f958b41e50b19c5eea42572ad693d7d4966a931,ec7ef3211128a81cf671ba1996723ff34f0b6254,medium,0,0
18777,9d3810aac2737531cc6a0d39ee7cb698fbdf9bd7,164180b4dbd6f3df980235714f823e55e9dd327f,medium,0,0
18785,b771710bd911c8f96e9549de39e79280a680a302,6ae6b5646e102ba3be12e836fe6a49d9516ce5ba,high,1,1
18788,b2d25376ea04a7ab5e72cc5e03ecabc27391b703,76ea3ee9152a5d7ef60b6e7755f7c7699824c639,high,1,1
18789,3429bfd5d78eb0f22b4fa1f1ff3bc261d8339b13,63e9f3b980f4a4483ac3e9a4dd5ca8eff188ea6a,medium,0,0
18793,74138e9b84cdafb371b3b4e794839160bb2b01ae,07317f513e75d8654240315921525161328ed85d,low,0,0
18794,5f7a144bd8f6086e2153a7b32bf357d37fa9f618,b215a0722e4ad2c34926cf9378fd573c9527a78f,medium,1,1
18796,d89cf269de504a7d75d429223c50ccb38fb291f1,e39b8477b09a7ce929fadf2c16b2d01a309561be,high,1,1
18798,dae237aa387ac8f7899821dbed57ea0b77e307b8,2f41f6ebcecd053a5efbc56e6b843e8d0c5a6d17,medium,0,0
18804,dacde776186de5e046c0f0fc175a6cff11ba4bc8,4fac70a3561d41363f13494a7ce9833627842fc0,medium,1,1
18807,31e853e26267aef663074929c71af030913c9641,3f93148bfdd5182512967a255087936e36e8cda8,high,0,0
18824,186c86a5b73c45329415fdfafcfacf4b86d7fb1e,8af3febee9a52b0d7198813d0517c3a75fb04d63,medium,0,0
18825,357b684a47f636ef718e82c61bf7610953e8f2b7,3ee1b3d6d257eaa48852446e6e0c0783481ab83d,high,0,0
18829,a860fe0b486c2faa5f3fcd7c1ea3bd13c2c866f3,8528a9f822d198f95c0aa2013e4900d8417a8548,high,1,1
18843,ca83e24b68da3467d5069fd80f2e2bad9374c5a4,4dec4207b8a2ae35c90e749b659c0b32c0dbe8b3,high,1,1
18844,3bb5834bab9731d5aa317fff2e1fa3d4e563cf41,f33292c3b58366c84c65a0800e4de07375a5ce8c,high,0,0
18845,7c59599f6f0b3fb725e7efbcf793ad76a05364ef,2c9635ffe573adcf3c00b8c2a610bb1608072579,medium,1,1
18856,a3242b13e05b07003049b4e172797318921b5bb0,9b9abd1887bffa2184ccc15d9d93078ba304c35c,high,0,0
18857,b373816aca2239adab07e8467f30e8b4d872f8d5,d30c8edccdb99906a95f869dc329bd5c6133a97a,medium,0,0
18862,cfea2d7550051a57592cabe16a317cfbb78ef620,24d9a156532f2db8c783f4c10da473bfca5c47a4,high,0,0
18863,ce4a29133e52da2ba1546d116f50154471a5c8bc,02f1d2bc344c31498f2d609aabbfb3a3bd690209,high,0,0
18864,7e8b539e2d9a10e963cdd5ea2f316c3066bfb9c6,9ca3113f4d5f74c7e399f09d3000ba4bcefe27cf,low,1,1
18867,c4209f9379636166355f69600e9e9c7f791b3681,7f3acb3a2c8f1dcd5e5703ab252375a54fa97bc9,high,1,1
18873,40ccfc8806402f7e84ce882d1851c11e15e92942,0dc883c56e1e4a40da2220370b96e37b46222570,medium,1,1
18879,c0cbb82ac6c9e5a8822cbadf08ae198dc63f1da8,1c8a3d6c49980d84d6f9959394c9bcadcff92d39,medium,1,1
18888,1e2e5da849d8494f6f01ff373572c875181a1d0f,8bd230ed56c7aae2b4b72d1a3b224bb9e6c031d5,high,0,0
18890,1b10b3cf148d0f73e73e17fa63c79ea52b8c3aab,92c5fec64d5ea3d9c32a89752a3e0903d1266b30,high,0,0
18897,85af8cb73486bd3b1991766884f1f5a692b76b14,ff1c6a144d1f8d35e4774a3c2e218ddae5f1c4fb,medium,0,0
18900,8aa105651ebd9123bf8a2383c8af177efd0d0f03,0c61cdcf0865e96ea54f840d171100a3f340bf30,medium,1,1
18902,65dcf25702b23108881d2782489f89bd263d0397,2008e49bd93b8f57ad184e27836724b3e7db4509,medium,1,1
18904,40a2495b54d5d7738ce8232008ab28a99113c5fe,9b077b5186d2bf41a039072731d766acf44cd18c,high,0,0
18908,e3e2342a177e795ad15c19757d3d10f5ab763b9d,d9b768f6ea8af3303d50d8f373875aaee15fcfed,medium,0,0
18917,bf0447c319a2e1fb4177df7d854040190a6c922c,c9d8986cd43d3b82c5ae18bf2ef59ccac43af05b,high,1,1
18919,7e0277b38e5d2adf838bceca0d5dda6909568d1d,a3111e81f0531a00ce04e45a9d892561288a84f6,low,0,0
18921,477df1f3a4820d865a4bf41f0e0734eb6ac51977,f5cfc7364e40d49cc8575e5019a1e4062a2f655e,medium,1,1
18922,4a0985aa72a085d72b85a2995008850b672944f4,5519f2c32107e5ab1aa63500d4ea75f3cf279d2c,medium,0,0
18923,0e3c6418189a8f29651b22805799fbcbd8e05fd7,72d708833baed839604545430a769d20be6c6f13,medium,0,0
18928,f9bdcbd0185f93b814add4c7f58b36953feab6de,b1b36d49b172502d67d7a9d4d9843b2dabbbc539,high,1,1
18929,07d52b0eb176b7633388d2cf49c10dd20af370a3,aa2e13fd092204110b88633a69429fd710159bab,medium,1,1
18934,c17f02cfa0dcf0f24b7cf4407609338571bf3a01,35306b863452cac30f384b1584bc0624f1a5dc35,medium,0,0
18936,92d94590953edc5140328f68601fe5435c345fa9,37a8df017738e826986d3286f45cdf2a01863ac6,medium,1,1
18938,26095d5e5c4bbeac23e5efd93aaf317fd55db909,865be86bab8c5ef98fbe834974772346a3499056,medium,0,0
18940,28e84921a12082a2207ae89f75c63f9f4e673cd9,0485a5f73aa431e8cba71d6df9be04612c11ff8a,medium,0,0
18941,7c0e4b4dddda2e386ac01f43be65a518036283b6,c44dda53e1c86305803716970586f781ffda95f7,medium,0,0
18942,343a95f9906ea1e9211274a360bfd2f09214baff,38722a30084b26183dfc6154b3234598e22c54dd,low,0,0
18944,99fd9d8fd500b994ad2bb9657dba8cfa8faa4ae8,fa15f2eee12fa17b03d1d7ddea18f20013b1a665,high,0,0
18946,35306fbf26bb1ae9c8daa2bf59457bfe0fae2065,eb05ae83e8b7cad962564e23d3826f14620e5357,medium,0,0
18950,47a912d0f5831551cf2d732cd94230425eb6f2a2,f604b91575a2029db64e07d957fd5025f7a7d2f7,high,0,0
18963,a4ba04c78bd92b952991ba31b6f4317f3fa759c6,02b3819655c25a8af24df5fe000dcb09f7ff4d69,high,1,1
18965,e9558dd665a75a7a186e49711755835ba2091185,02f24e6fbdaaf917c5cad69c87edfb0b774cb103,medium,0,0
18969,dfe29d280b374afd6b1432d5e75174086bad712d,0b1d39945ec93029cab74f1a809191f82675e80e,high,0,0
18972,14e289d6236817538edec9850cc2ea55b5538a8c,6510b64e4b1e326d3bf9443a21d188c6f2f422bd,low,0,0
18980,8d2f043fcb4848bfc4f9f96a223c997545622bd2,292faa2b891368158a8d397f815e01a9777801d2,medium,1,1
18985,56f4bdb8d17c5e5458ee65aa6fca4365ec840d22,d4a33c8c6f22d2cf2d95326ccdfcf4c41eb60b4b,medium,0,0
18989,cccc9a8dfb51aab30f938ca0965cafbe7dacbc2e,17bab110ccfebd3784ef86967f944bfa7eedbba5,high,0,0
18990,9a7586e98fd46d8da0eaaa7c8b94f20dc14cd134,5fa734d38a8b09c1ccc274779ee21763ba6a3789,high,1,1
18991,a96fb404f95ff676bc4979b6925a7a962cc8535c,c6e9e43b8cbb80d8226b3828561dd5c5b475b11b,low,0,0
18992,4963ea63dd9dc2f2e5e2684aa11bfbd6e831c63f,4aa12c3fe111b98b7f4acf1b2579e215151696d7,medium,0,0
18994,354d93fdd70b4d0a4f9d1a943ef594aa9c258ae4,082cab48e23dea180b78c2e75da9e14ddee87607,high,0,0
18995,96f92c3901b3faf597749c934613e7f0aed8c7de,8d16d4e9e73d25ee50360cbbb9e689c9f1efb5eb,medium,1,1
18999,da524b713968dff4a95d9ecb15a4d417a10216e9,699148e6f4fa693738393a91a8dd3ff102ff184b,high,0,0
19002,111c66507164f5c80292c48ac50fe7619676c51c,8e97d071aa29408f01988c11364ba85bd3ae2ca2,medium,0,0
19007,18a1d4fa689e49ae941833d21e2673824c97dd32,810d1c414dca28fb35d16f1e2f2678036e1ff266,medium,0,0
19013,efd04ee91a57d0bceacded2dae61f6a0027b9729,881ee89b305ad8351ec2c60a2fcdc63bcd986f9f,medium,0,0
19015,842ee7377e496f17110ab48dacd5c2d64304400d,0c248d6b37c1b4882ea592aee807d207ff4e0d16,high,1,1
19032,b5bda6920c3cf3043334bffc57e069097a250601,3b30802907761cd6f231c7bc5d5453559356d5bc,medium,1,1
19035,cf53648e180cf977cc95ef23b0262e4cf085b22b,b6a66401a0be4d8692a6fdd0433f004f21dc0dc2,high,1,1
19037,13c0f74848534bb41b5c782f9af8130b8fbabf27,7b30fea0ad56bca39878a4f6abdbb0528269493c,low,1,1
19038,00b0cfcba1bda0906a8a6688e43404f2ec92ffd3,46928bc54219764400e5c0ef001b8eb3752fabf9,low,0,0
19042,49e25c6493c2b562b2014ba470a0058503be39cc,361da6548980901aa16af8ea57637b1123877274,low,0,0
19045,a1f1cd6826d97a2316d16a92b3f30269eb24aa06,fa2d117cf4325ba74e1a388246a62ddc3426869a,medium,1,1
19050,3a8d7ba02cc4401b30411c98c4217b489b5191fc,dc353344a3fa8bb135b317c548b71358ba7591fe,low,1,1
19052,434ea04f3d30d9b797c4fe89be91e09c01bc486c,d471c9ad36ef972074876c0e6cd51367336c38d3,high,0,0
19060,37dc9beac16025aa7f0f5561c4b6a5b1195cb323,ecd208aa78ea5c8058c421f7d337093241bfeef9,medium,0,0
19061,86a8039707e08d7036f18491ad91dd30926016eb,9ccd5fb57d41f039288b64a306d6c8eddac087dc,medium,1,1
19064,509af4bea95a0d27b5a7224a5bbbcb51e9886582,1eb9b5f623d306e6c699074bb3751defd173a9c0,high,0,0
19066,cccc9a8dfb51aab30f938ca0965cafbe7dacbc2e,cd1b3e4b31bcf215eaa1d32ac04fcf07819941a0,high,0,0
19070,511bc904bafd556335e386381eebe0f64af335b9,e2a9bc2c3dc5990f0ae5620b60de4cd61cce0a35,medium,1,1
19074,05cc2f4ff2f7a67a356c954c8c7304fcc1bb44be,ee4abcd0c6ad795c52283dbb48e45b584efb3299,high,0,0
19075,f44900edde4f511dd0f0497b84b82d55556d8505,5340e3be2138fd4379d4f852b39cfcffe35518c8,medium,1,1
19077,db9a4530a0ef08f5b087b18c99c5929ee87092e3,bae040cf3369695a74baf079b29ba6b5200c4ff0,low,1,1
19078,acd804aea5e43398e7ecad43980aed6934f62818,14f4d23d9f8e24ca9ca0cd5dade0e78b73cb779a,high,0,0
19079,7848f75c2e9e299dc8a238e3bad9dbae8077e319,ad7796d55e94b946e69db709a030a4976bfb7d3c,medium,0,0
19084,48ea6151015689330c4a419fc5ee40d020a1575b,283b40a578e1649d9f1164e00c0f6a04391d7867,high,0,0
19090,5c8c8a8dc326f977d27a3c45599d6f86d9172911,c32d4f614297c1b1baf55c65b5b124a3d98ab27d,medium,1,1
19097,37e9fe48d283c633b6d61bf01a7b0cda90e7f04c,81080ee8acf9312c0e174f0268db0d8d6bdcca69,high,1,1
19098,76b6f4d80d2d53fd680a06b6c2db755abbae989f,d1c3155fec1ce25b73d74f5acdc9cd09a8785e98,medium,1,1
19101,64bc051a947aa60625d8dadd41d92da86e09fb32,00b02016aa4b60ab7737f4938f7aaf6afdf7acb3,high,1,1
19105,0cfe22e3a0fb8831adee40f6d04d8f2fe53fa78f,76456118125f3fa538a8a142631df1d64e6a8269,high,1,1
19109,1c7b604ced954a6d226c7aea9be8fd7aaa8d8af6,2b9ef968fa12f2d154d218707941ee5371ff2d30,medium,0,0
19115,36eda1f59811c4f78f5f9bb471537fc8469d9016,06bb68f921f5801ff4a33e7bcb13890b3c30e6a3,high,0,0
19119,2621183578bdffbd684d6263f896547f2573c899,43e5f6bc551436f3db96e6941f5502ba2df735ac,medium,0,0
19121,f685d7597ac9626e0d8289583d3179ae89865670,159967e656f8e9799271db4d17a74fe082704ba0,high,0,0
19126,eb9da3391494a0e8c739032f324726a748815608,3f65a815c04021d67f84ff34356dc5c4fb711e8b,high,0,0
19129,0315cf250e4a9ec4b356fc3fe1852f15c5d3b535,49aac1d14f82c590faf6b3b08b206a2ad1fd7c24,high,1,1
19134,d9b9adb85b34358297c864b83a189d53cc6d15ee,7391468ed3d4e2b248b47cb7471222eabf3b0b99,medium,0,0
19136,67c13d2527a5d5bb52a68d2c6ca98311ae47a9f1,4c81613d8e4b8167a61eef3615a8ca7b3b0c7a45,medium,1,1
19138,df67c08f8d4dd76dc1622e7f46050c4fb503564e,626cca0a48cc6c5857118c3f95b044c24207bc04,high,0,0
19140,01ed659479048baa69b5e849dbe51cd169725d51,8961b71c45bdc2d6c67802f812e376d3cb25c03b,medium,1,1
19141,375add501049121b35d252f2445644630df01922,22b9557a48fe81af12db88c37fcc6df41900c44c,high,0,0
19143,f79498fd7b50095eebf41e80c88beb43ac160a0d,653328834266608a8205813a42269e2c334111f3,medium,1,1
19145,91e259d96ad5c86531e5a1453e8883151741bb65,d96794f6138a392f3a81f5c7612cbe3a1fdedf8c,medium,0,0
19146,3636e1a429ffb7d79ad6714eca9019215e86a942,e1c786eef89e307fca27dd85805414d7ad8da89d,high,0,0
19150,95da4a1fda4bfd4cdb28b79161cc30b3347d079c,1a4d912334efd95047b881efe6e649562aa5d442,low,0,0
19152,1983e8e62a2f7659ff9da0efa4ce43f048c946a8,53f61fd9921517f9ff0ee14133a32d2425d69460,high,0,0
19155,f4bdfd27ec8f216a8b7c61c1dba57bd86a8fdb34,e53ea70bf0c9a06d9348047ca95251daef74c5ab,medium,1,1
19156,6783312bc06c09b7d6a824b5e3375b55412ffa70,23957a786d35370d51263f74b0bc6b2d338baa66,high,0,0
19161,b4bc871f1292b46d26334e9d4f4e8fe06c2a4ad7,4e7b01134112818ff871ec3ccd4cac7d38e39eaa,medium,0,0
19162,67332ba496b5aa9b97587051176e099c0a681170,8e28f397677ad63f8879c9775193a2d980b559a0,medium,1,1
19163,de9db5bc7eb71860dfd2cda9c50d3e34625fc7da,5f437e4423ec32fda3ce4df852f22093ac311a88,medium,1,1
19166,2a989228fa1b13c1651b853a58feecd94baff58e,43a89bed79ee15fadb7c65183db723bc6c7cb535,low,0,0
19167,67e694ef141e241a00b0666946eadeaae98bc800,2a3e568f6057b6b0204985e5bf92dd80020dd65f,medium,0,0
19168,3d4fd510ed44a1bf34b833372d0bdd6876f4557e,8d276d2cb9be2394af171ed41f8133446682f9ad,low,1,1
19171,0f69f22648c0e58789ad5833b3421e2014331dca,8b2d48ad021640f09db8eaebab49556004e1bdb6,high,0,0
19173,47ae9dd2b0295ca5ab0ba5ae620c5c020c56b6c1,1a31046dd2c6e50528e00448d4e0be7eb5fabaa8,medium,1,1
19174,8093e385d7b995d193bd58902b15bb822f85e61d,27b34304363becbbd0371720ac2e925eb9881d68,medium,0,0
19183,70095fd0fa9e78ce87344086ae432714c32758b7,d02c4349abbf123b40aeb0b892ff0bc790f8d803,medium,0,0
19184,253374e3ed45c66e83cbdf93be229bf402d74900,47c4cf4f8653a73851a769fa461f49bd4c790aaa,medium,0,0
19188,ad2f1b94c04bfd888fa991f39cc2aaa998d6ee83,2759c3629ffb0b4c65a257d759d515c748efefc3,medium,0,0
19191,9a311b13e07fa3473cc8b73e4204bce65126c0c3,4d5f7d0cdcdcc5642c65cf6e12181a5310525155,medium,1,1
19194,ee328850ff3a9c1c33d41f12eb4bef20472726aa,39ad70bfeeba407766bdd79457c04a3cf492223c,medium,1,1
19195,7cea49b7fbe8466eef4db4b749e8b054f9f099b6,7dd7451cd8bc1dfaaeaff689fa42fa2c8b7d2234,high,1,1
19196,89c27707704d8bb4e795541512dfcc6d6d02dd42,4e0a201beb1dd589b7d3926d71ba13255850efd7,low,0,0
19197,2a898ea497458ef6634e9fce825f34d9a2366af8,0c55c4ddb44a19d58ef818e9fab3ba7fc13cce5b,low,0,0
19198,a1d63a31db45d5bfafaafa32c43f5c41fb9ceb33,079e55ebd0e739a9d58c703dd2d38c5254629cf2,medium,1,1
19199,061890f37f7543cc763af014b9368c8fea5c2c59,4b20a6f5d2cefff711e2be8ced441c575cf0412a,low,0,0
19200,d4a898ea4e3f4c96b39c3ea7fc6910d873be681a,6cfaa47b19a3fce329d4e616392853f657ccbd96,low,1,1
19203,159b3b7ffd585d02297e2e21f9cbf7f4ad747085,b2f4094551fd35f39fe60d6acee115395f68518c,high,0,0
19209,1cac9eea2a4df598695067455bd449c1a701c2a6,9a231e9db3aea269594268ce7424340544390822,medium,0,0
19211,e12c57562beb56467e05d57fa44920732fcb2c1d,e8907e670a5ca48556f058cb361d1f628d2dd899,medium,0,0
19213,21c4127c5b1b3e4b12e9b45a13f2ed2048ac1702,4a05e175ac80fe0c344b9dde097a02233db78205,medium,0,0
19214,669274af09728ca8d25ed41bcf6edf114a388bfa,f5bbdfd743558361c780edec23951dff02320352,high,1,1
19217,00db441fb2d4901349bfbe0e0c130a4f6d81f888,7169f27012b3ead92ab94e31b687f48643af4a75,medium,1,1
19218,01cdbbf068d4f248aa859dc8eb0801ce080ba1e7,290b9dec1cd7bda9bfa3e6341a8673db93f6e620,low,0,0
19220,d6685804dc0ce71cb2e7f79f27d6e3b1f2ab926d,cc34a0daf6b2ae11a1521ba9758e4c5c921e568a,high,1,1
19224,63a55fe9fb0e97b85b0f3dd6ead9058715b13887,49f93c4a4854976fc33a1c865c73ab7077f3a0d4,high,0,0
19225,0bb488db3f291e67153bc63eb34bfdca453744ed,e453cd05aeb99d5798073da150f76e8861c8ed4c,low,0,0
19226,742c701ab1e838a6de20daa1f5104e6fd520d8de,371b5faf251ba5753e060d1169dd17de2772214e,low,0,0
19229,acd2b9ce910354ca009a76be7db77d341ef14d60,ac1b33fc66689fdce1a730dd1b59de898ea3f39f,high,0,0
19232,525a75870c607499f7dc91ad2f4f3dd58fa15a83,f972f9a06394b098879ab0f1cc002ac0a8bfe3d5,low,1,1
19234,25261c7493153ab41a95687b764872297f83c6b9,d57c3d3c7ac50ed7140ae4eef66dc99681ba83f2,medium,1,1
19237,0b8fbabef6f6a5f31c4e6b14ccb702cc10646a6d,d9ddeedee793f9216392e0f444db6346134dc88f,high,0,0
19240,645fab3e725cd75f93ca7056b44c91069ddf0f42,7556aac98ce23b0a60d6cf1464a886f284974ee2,medium,1,1
19241,09d8db6083d08bb3641fd5dbee2ebe6c74e1c229,d6e39fd52632f98fcf22f7563e710613c144fe4d,medium,0,0
19247,477eb4a0753374198703cc63750f0c480e51bf05,0d6b6eeb4c01ceff44d60078f0775ad33a132397,medium,1,1
19251,ed8744fbb54cadbc364aabecfd341ea950937d20,88c3cb376aa70a4bab60f326077f5ac606fbc635,high,0,0
19252,066d0b5ce014dc13627fceb868ddaef6214f8796,9291f9de8b899f897619e221ece13884ad20feb6,high,0,0
19261,99c0974f11544dc5fec2699a7f4747806fbdf5f8,e14a176463933d95c91f5a2f162a54fd0bc3ea5c,low,1,1
19271,72a2c06b672fe7bb0e96108c78b61dd3fc9e29b2,12fcbbc7bf88ccc3bc16a77889e682b6dc877961,high,0,0
19273,34ff21148f11751644afea281bde8c4cc75063a6,c9f3d1cdc6c591b66455288426206944d4801a64,high,1,1
19274,03dcb51f291bf427cb7b9b4996330c526472971f,16c046a871c3dcfd1069e27bdcdf3ae5df0d2ec8,high,1,1
19275,7bfe2bbc86654be73e8b6d402c838529ab619d8b,70ac8462dda0e49ed582ab50eaa970c18d54d2dc,medium,1,1
19282,4da58ff250c3e302febc03d356e18745cf5a563d,880b0ed7365a61878e015a7ce0a4b58bff230e2c,high,0,0
19295,7fde62bb852bbcc986a20512c55a7c290972af0a,5676471b6548f1f514279504f9f4cf12b19028ec,low,1,1
19299,9c919bacbecb4f8a0addb92d37d190e845912493,c0f48fb018e83e8c491a4c3ff0c60031c5d894ed,high,0,0
19300,bde54af368af3f6360bbe0a517702274467a7730,7400b48f45a6113d2d17a2ac69c239b607f05543,medium,1,1
19303,21c0210b402256a9a037622d40baae504f0d0884,f45b65b77a384ca65b87dd383e55132dc3d55f0d,high,0,0
19305,0c78af1d523323d2e747978dc8d9dfbe0c289b51,2ae1b3fe1d46736abbe4c0c6603342f798fc3cd8,low,1,1
19306,62fef4486b803312657fb869233b1f1e85c33a83,03304ac6dea9808542d081035a57fb8cb1d82655,medium,1,1
19308,4723be399fca1864465a8369227524b6028f1816,07951c15afd643acc87fea876fecdb70b194e9dc,medium,0,0
19309,9449596caaadb15b2c6195aebd10bb545a9b2a8e,68092a2e5e062dd749abdcb19f96d563e0a465d8,low,1,1
19311,775bb1f1aad288758455a19b459a2e6b0a875baa,c083ebf442bed4d18c285c4ea0c9e024835caecc,high,0,0
19313,839fe1b0f34db46e5fc4114b9d9b25378e0ded76,786b93d4db6a1e016d17812aa3b95919d2bda5c7,medium,0,0
19321,7ff403a67a48313d637478740072f5b3a3589b8b,ed01c5d331b026c6ea99c094bc9af67c7038b18a,medium,1,1
19324,3376dd6dcd449c4314f0e550feaee3e8e8de8a16,aa6d01483bc9101e579a30dee339ef9ca20d81b8,high,1,1
19329,df9068f94ff7865862aefc53de28278d0ecccf13,e11b9460a11f95fc479f452eaaae814b25259901,medium,1,1
19332,b6c00565d1a1de1fac8398f8adc91ffacb93809a,8818617fb8befd9983626796c9e027a706e76386,medium,0,0
19335,bdd50ffd0421ff979914859161001000e4b403d3,6ce70808f3036c183c2e2222c8dc6aa8f44d4bdd,medium,1,1
19340,796aabcba4b2b56dd12948c8044936d19d1d9f0b,2caf4bc6463cd99a6e66ee017b1cc12638e085c7,high,1,1
19343,7503a90306858551b0c6d50da4467532bb4e6a60,0d911c6dc72c2e2101c4df3b8c30b6f358cb6e3c,medium,0,0
19345,091cfd05f6490470508c242230999c0ce8f7a708,85cbb06d3245f54b4697403cf8956ea17eb8a9b2,low,0,0
19346,c5f5ac53d047ac96db732ec8a791f7a84044cd57,d316c9a26640533405c365dea6a7968845d0d9e0,high,1,1
19347,13d54bbca42aa7abbaeae53a52aec963267c3bdd,8b6172a944b4151d033c6a1594467cf918b21e9d,medium,1,1
19348,be460df4b6273721675fd228e4da347b6e6d589b,66bb30976062edf189c7b44610af5f69b1a10fe6,medium,1,1
19350,d5f1a83060489082372520c96c40d46f26d9000f,eee4d0a1b7312c4bbffa6db8fdee78d96851c63f,medium,1,1
19355,95d51a2e5fabc341ba68256c52ea083afa8f812b,dfc93b267687ed68bc2d7ddf9379ca60cb5da530,low,0,0
19357,75b61241784c46c448e530787a7393887cc396b9,ab2818568f514f2d30fdefac1f7abb29496cd925,high,1,1
19361,e69ec6a0578b2ad2dc6a1025ca8aad695eafc42c,83321d1ec5738fe3544b447b685bd730eb29a27f,medium,0,0
19369,dd79ad083999ac32b91ff787b63ebedf18078ee3,68a43aff28e9f21f35690397ac22377b7aea3e61,low,0,0
19374,0dfa7d98663d3994b809368f4cbbbed1ba895548,c25f6b06c0466fee3fc1bf8e3bf514065e2b4341,high,0,0
19376,0a52207e74f62f70fe9724a9a3dc5b7335327eaf,4e113984f5cc5c66f8e6008a61b805bde6ea3ee2,high,1,1
19380,ddd5a65f45d3524aa0a9c2dd2b0c7db76bc1b4f2,879c7954ae5a61cdd2c58563da1931e62be8b09c,high,0,0
19383,a56c58a48563b26a82243d8181b4b2b1e140f7e5,72dc0149cf35d11797d6fca92efa013fea27a59e,low,1,1
19387,174c62d87d8da32a981adafc44e0543a7685d3b1,957bbc5052e05032f3563aa8e58d00126fe556ec,low,0,0
19389,5235eb0fdb6bd4690ddc4b03658acbd34cfdd90a,0ab414aef4045590f16fbd5787b6dd2709fb31dc,medium,0,0
19390,9b1ecf018bb1f8230e860cc98d30f71b314402db,be0aba2ee2e104e9fffbbd18e453bc3c559fb1d4,medium,0,0
19395,359f6def48ac431c143ab3367fe29913a0c4d578,417a75704f1d76f4d3acc614d799ebdcbdaafb1b,medium,1,1
19396,40dc2064a34ac54682ccde5d93770d99422e16c3,44e5b52e6a0313a1e073e2931c6707c3e36c55b4,low,0,0
19398,69e7ce3b4b58f70c52aa56b4fa6786f958cb68ad,c7daaf1fa9e093107e6a95547892255a6035fcbb,high,0,0
19400,533ecdb695b9b39213c385f7e73c9ef70ac8e42c,48411c56e222d4bdca691201fa23ee98d23fb9be,high,0,0
19401,05f5752aac30081aab726e7b2c869172c4e68cb9,9ec66989344b35f16d33d44ba07996ea1cd1224c,low,1,1
19404,2032d75be50ccfeb3e619901ad532e342fca0fd6,0ca6c0d1846574bc269ba1bfcccae58d8d5991e2,high,0,0
19406,8f6c5b435df8903051fed0c1248732e4a9b24fbe,33483b2dcf5396bd78f20acee617e5133bb4e6ae,low,0,0
19407,4350fb83c55e1a51c69d55101f51e8a0b64ccc57,13fbee9acd98733b0f69acdaa56622d97455b1f0,low,0,0
19409,045ad24ecae5ad0d1e3e730bb1750be7ef691f4f,20a08aa4f7c9627cb682921911c1b024a87a750b,medium,1,1
19422,bccdb68dbb923c93008ecf20906b70f7bedf8b10,04a0fa11ae05787cead7cf6d33e655757be4e023,medium,0,0
19424,2cc56b244897bfdb8803576974d279f55e969025,8e0d2c1ae68fcb0137d5af8d4f5837e8a814798d,high,0,0
19427,6178b91e044bfa3760e9c39470ce4bc61ff12381,3bc16aac86435f9ff5ce39c81141b421219c03b0,medium,0,0
19429,42600c11887a3197521db4cee4ac14fe3bd0a9a2,9af8978a43b8263a93eb4625a10ea6b181667433,high,0,0
19432,cb576c1921fc48ab499be711938fec1fc95793dc,8777308c8bea3485b005e5ab0a9388e27b02f1c6,high,0,0
19434,be7a5d296d68cf7f8d6fb1c4f1f1dcc717545835,a5f9bf5b0e0a696f5342ca221c9f1796767fe8d9,high,1,1
19437,79db6ffa4901dd3de0ded2bf42a1044a821d536a,a9024eca624e9c0228c65ed864f43ea0a1546440,low,0,0
19438,23664278099d2d7101e2d096f914082b2c79f335,0a60ef7aef26942c141384f877853fdc83e8bb51,high,0,0
19439,839878ae149365faa57297eda769e36033a55b73,8eb708a4d2485ee9e18170bb2d3bf7a1ed177034,medium,1,1
19445,bfd59016585d0af27c425ea32c18c38077778f25,e7dd63c59ae065c4aa3dffc9d8a87c89ac81c445,medium,0,0
19447,7fcb8679fac9551c52dc9f6d22a83753705d81d4,09ed9118310d749da606ca0062f960a46af277c9,high,1,1
19451,63114196ae0f5545a4c0ac34cc77340eb286bb4a,55be943a103b54f1b42a81be5b5f3465bc7879ee,medium,1,1
19453,da3e8f36066e24efb2cd894f76f9041637f3f015,e6809a9d1a2b8ff3886456c9bc79bafe61a6f436,medium,0,0
19455,dfceb1d5693a85ce1b9153984d46d16ea39131a0,13b611f73e91702d3559aa00d1b9ced82ab029b4,low,1,1
19456,21e6ae6f176e82d2748b517fb13e1a2a39fe85ce,28323d76bbb7095d5c84054048c503f4fc6ce407,medium,1,1
19457,90eb68c6cb265863d92eb0d4ab17ff3041bfb033,1a3b16fb1b077dc4e04fffc7bb1b15da696a4bfe,high,1,1
19459,0f265d068505604ba7b939999380bbfc35bbed1e,93917ba276aa73813bcb3dcc5d593158cc90b1c8,medium,0,0
19460,65d3d39da3dbf798e3888e64153e81b63b95c5be,ae9eaa3009ff687c86ea24d2cc735fb1e7843834,low,1,1
19462,4f9e104d8e878f237bfc417efbc4184fdcfa2896,30a4110019bdd2b5562619517f7b36558245993b,medium,0,0
19468,4ba7f897bc4d308ddbd2c99a62f1dafa70fd0959,9fd1833cac5c12fd3fa2e3ede002ec6bfe5e1714,medium,1,1
19475,fc189ddb524e02808657438ea0cf654f2d3c16a6,f664076c95a2bb789961448ea78c538f0d9e7bb8,medium,1,1
19477,a6a34091826791287f3159341f860f6deeede673,32d681b377ca34d73f4d59d6f0f10d58084e3802,high,1,1
19485,5c1f1e09472779680e31a733d5cb4376590c7242,94290d834144e89e317fe90d63bc57a9e914a3ff,high,0,0
19487,62a81370375877c941ff28431ccb7605a383f5fb,995daf3c0601dbc443b2b22c5986188dc1a735f9,medium,1,1
19489,22899698b5131d2068985b6bd7e431d17d0fd220,e3d0f31995da9b1f09481b582191e7e984bd9f2a,low,1,1
19490,38daa265a6c39df5c3bca913d508152af105aa8c,f6f9b26c43e6f11c63adb75c28e967ccbfb829e1,high,1,1
19491,ff4db19fa58c2dbabc3f7640ad45d02c51519ff3,d30fe37aa9ca155c1c59bf3208c83f1a5ad6d342,low,0,0
19493,7a110bc9bc5ca3ffe94c3037977461c403799600,b00db3ff9fcd7c0d0ecc33f8e3a2b7ff4346050b,low,0,0
19497,6783312bc06c09b7d6a824b5e3375b55412ffa70,488fce9a169b0dfbf98890c116e29c9db585be8f,high,0,0
19503,516f23835b7973972ac47da44581e4a02fd91976,53d53537ce391957c74f9266ef7597955bdfac19,low,0,0
19506,da524b713968dff4a95d9ecb15a4d417a10216e9,d3681d55794f233edd085306ff6c3dd78b6d902b,high,0,0
19507,40665c778f17d520a61fed75aab57716199d37c7,336ce0b7cdcbb49bd26e54bf9e3e3db4bdd0a0ec,high,0,0
19510,792b6fda9396c5e0f3d441660feac6385536fd5e,13bc796f085162984028dc9ba9f3c960a9ce0807,medium,1,1
19511,5394f3beef0e937dde57af7f8f47a4d51a6251ba,7406f77135932010b7f2e9d065b5b51406921789,low,1,1
19512,a76147af62895e96d7fa662182a0aad036530461,eca4140356ed7bdaa467514299a522da9f0b0bd9,high,0,0
19519,7fb0157e403978349d4c2d4809707e1566e3067b,a20afbc3cc1d8e6de8903bd50300d33bf6821bc7,low,1,1
19520,897069be3041861f11ef27a4648ab1247fa1356d,2e711a0cf6c19e7c88d53bbfc7aa3edeb7f5ab51,medium,1,1
19521,0068c84424b0c3675306042451bb6c05cf01d5de,9a821ae0644344da7b65b3f853739a1b1248dadc,medium,0,0
19526,fa027e86d7a2e59706ca34a1dd188a806cd86bc9,2ea5b843f83ccd8d7296105d102e7efc8140e405,high,0,0
19529,dfbc0e5a9ba214d79a49068d266905ec7db1be0f,8c3ea09c24c6bf94b8bd696fb1205ae0f0c97c0a,high,1,1
19532,978240a78f885fa57430352f854edcada5c9a7cb,4d358d0da29e773b4b3b79e2fd2b4aaa8ff669f7,medium,0,0
19536,d4450cc90e4ec378701c873e338cee9021cb88e3,06ddca680ef5f4ae338dfc4a64c0e749a97b2465,medium,0,0
19537,a682c95844db8494552821a6c489817bd61f4be2,02d80f8ddec76aeb1611b7a5761e09cee217a403,high,0,0
19539,2f851782baedae98ea3caf6dadd9f19ddbdc34e4,5992b02b7c001b302343cc831019ba2dba0ed9d7,high,0,0
19540,0bed1d2b69dc4807b744653fbe24ea3ff4b69d91,79906c1fa73c0b7ca7fc1f237054dc909c6f1423,medium,1,1
19546,d46ef5eb531bdb8f26a94c3ddbf4e38783bba965,a2c85a1bafce75aea9fa1de992abc065f063c099,high,0,0
19551,f11b6e66d0ad10b55380992b2804ad2e666cce37,4712dc4c1f3c5a3dea3490c43e06f3598e24a9f6,high,1,1
19553,fe73f38354591a2aca58cef567152b72af8d232b,381bce4c268888e4a75b9bedb500f27e876790b7,low,1,1
19555,29d1883175a8f6be7f6d84d46158d70b941e5a31,da8f16837e30c6f7f7831fad751214f9fc701a0c,high,0,0
19556,64db70cb07684e52ed5618460bb590b290044f9f,0d1de75ffe20a2a78b50e9ade187ac625ddc27d6,low,1,1
19559,ea40e7cb531ced7475197477bd617a42c5a13083,70fa4162b974f58f849ce014f1d6b57dbc5b338c,low,1,1
19560,4b5ed59d9d06a734c4cdfaef0d3c56cfbb83933a,6a1102c8ab4b6a85300ac40a78e4ff1006b10969,medium,1,1
19561,8cea8a17af54017b0c51b01b010c73e6fcb966a8,0d420f5b89f30a4eb61cb92a001d09568c6bfc8f,medium,0,0
19562,7f957c7d9c6db2c3d10bcad887c127f7340686d4,2b11188305ca3dcfacf75221892a802f6621afc2,medium,1,1
19565,1e5142ead074a9f1c5826a6eb4d442460fae276c,857c2932e4c07b94f0338092d95ef8d394e9deec,low,1,1
19567,60f7df236908dadbe05e6a482fd0c1e124b629b7,1ca2d849f2343251a4a99e9c86c879ffac359eac,medium,1,1
19568,11038165c9227c1e7a614d843f2fad5d9cb39051,cf20f909a03697bcc1cda65d328f7c70a881fc1f,medium,1,1
19573,b32b966536f5567b6c100155ee84e74076386de5,9a1047bd6f455a05b02b8fa77391ee6f603eaa04,high,1,1
19579,111d4d793ac8f36b650da5bef53c3da7ee15c3ae,b56a87574a677d6e943bee1b851d23095f29b7f6,low,0,0
19580,9bd3cb7f5fa55ca14759f934c3eccce5aeaa50b8,478909849c98ca03b6f9de61fc606da488b1c4fb,low,0,0
19591,7a7999f1b633cee3060e4878edf32eb35079517b,5dfc13dec2df20b78d71f6a17a03e383ef82dc9f,high,0,0
19592,a25ddc4e205f7fd496647f59ede88e956bdd2819,256e27336b14105f4ced5ae8d8be7c25f88da19f,high,0,0
19596,b9f8a1edd90c611ba172b8190455dfdbf1da3f08,a715ba090c37b0fe1eef9ede5a48ef3b40e6e5cf,medium,0,0
19608,b68ede57725f332f2a37cd09abe9b3b5569228dd,73b8408040856994e838bf7161fc7bcec6ee24f1,high,0,0
19609,a054d5484e4d687485505d7763c5ae3f29856dcb,447335faa1d351f6a7d7df7a84b5daa9fd567047,medium,1,1
19610,52558b99b813455c91c2c3fc746286ea981bff9e,cf010e6eb55e934bf31df7a6a6b514e47a2f3380,high,1,1
19615,34f5bb8f07646cfd57ba888eccf2ef76ff72931d,cd3c0a8e37db2a2955011b4567523bb547dcf433,low,1,1
19616,cccd77e66e96d976103a312244ea298d04889cf2,0b7f43b0d778ded6302900be6cbd3fdc7e0eee31,medium,0,0
19617,4ec0052c320aab6f8bb2600fbffd4cb40850126e,d7c5be49c9de6a28a8d3452c1d4d27c6484ad21b,high,0,0
19620,8faa7a2ae5cb07c6382a762eae9b5883050ccb22,8c85bc2fed7731fc68f8e7cbf45befc3bbed239f,high,0,0
19621,ba09b5ba8762e88623518f3b2821548302c8bbb4,de9355baca9ef1bf7f44ea9533ce4843d8e17045,low,0,0
19624,7b7c1ecc6ea9d46c2dc7f69c2f033869d83bb85b,ae1b6d823b0243d65c70c21a86edf8bd3e63c394,high,1,1
19626,8e49adaf700f60f7601d92d7b17f4a8eaf26a187,0f4bfb3dd4cde672e7c0de8b20a6a3bacc97249d,high,1,1
19631,ba107130bfe14c272eca2d8078afe1ef6b862c37,1e8235886a4f92a616d3ce6a252272ae3c46459f,low,0,0
19632,2bc90d56e093fbf43578666e2776c6cbea4ab62b,9307ca7306b1be8019dff20593f34c03204a3bb8,high,0,0
19634,e944fa013112cbc61bcf7e4a58f0c25a525001de,79870dc3bcbcfb18b0b26ebb56680c1f43194361,medium,0,0
19636,2e5832fa6dd0628eb87119e5ea73d45bbb1c2d81,3798b93e9a72712afa72253afd24ae9a030191dc,high,1,1
19637,2dc40ae5633c61d2f7c4cda1b040c2a4508e3ef3,e36ea72ce2764437d51ffb3472c3ba6c561b7302,medium,1,1
19640,ba12bb085f5f426515aefadb5bfdaa92df726782,4ddb9d1d701b4b758dcf1410c1946d5a46c581fa,medium,0,0
19642,6af67c6a063625ce4e76bcc1839ca2891830b2be,1571e4792cb5d8e7b4eeddf57f8a01c09085a313,medium,1,1
19649,c313aa448ef8bc257eecc45b2358125e90f5ea81,0247fa256653d04871e63ad06833fedba735ef74,medium,1,1
19650,b2f79aded238f335ad8cac2f7fbb1b2670a30aa0,330cd837c59a879344b6d31fb7103da11972f05d,high,1,1
19651,4248c70e589763e0fa6a5e4bef969b38c07b4876,faa41b8d408bf753479d32688083ce7e4fcd96a3,high,0,0
19654,00bddba5c6eafc7118109319ecdf730a3883df96,5b94d3b959da592ca1b0e0acd9be9aa111bf219d,medium,0,0
19655,f290b886aa0f60b816e916a39445b143a499b9e6,b8fd17a6064d2280fd6abd3c7da5cd72b3d8769b,low,1,1
19656,3ca843c649f68327435fbd6d45a86e215e805608,b1db6bdb47968dd96ae940c881037a84b0ef52ea,low,1,1
19659,2ba06014ca7198d83d7c71774fa567abc3406e53,88bd630d488850a5d53548b770f1cc7940e3ca40,medium,0,0
19660,062981308da70326642e2d1a7c29a40379934e3d,1f3d4d566db650a2725d3ac47513f31585608a42,high,0,0
19663,e6cf4ca07f75dd1e9ac28756ff89e0ae3ac9038f,55a2223ff0f8eb4c8447bf9659d3de0f63fdb0fb,medium,1,1
19667,4e0b0652791186e18a6775b8467a2157cf7be580,19c6d95e94895bf8b09c8c0f15a0d2205ba1cc4a,medium,0,0
19668,c2f00b77191c6ed72bcd76e7d64383bddad134a4,d9b9cfdd676ea3625b4d3c706e62b03b7d3aa37d,medium,1,1
19669,5afa97c54ebd794f4fe496da2c9f8289df74008b,864a62ed27d5a5b1fe1fb13d09d9f13c35eb5360,medium,1,1
19670,2100b6c9b9b7a73690629c64be65d61b14653d10,8c078b9da1e6df76bdf728c3987e87a3223f3201,medium,1,1
19675,02ff9ac270f903ab99ba7a40e4997618c3c85994,1f76c64f9359f47dfa482926c720e92f4189ecf9,medium,1,1
19682,a93a667cf0e96d93919a37ed7337bb26eab0e0fe,57dd3f4b9590d195414f6d26bc94e49f8eea1f4e,medium,1,1
19683,56973f37380e0be6f052df915c65c68054601c62,f83ed4ba1a9c457f3113007a617a1166dee60c12,low,0,0
19684,82cfa0abc05e39ec6152064abfdf676e963a600e,bdecd60a8b6d7df111dbc8cda4b4a1477d385213,medium,0,0
19685,18dcee793bb3a78ce412c6f45c8901dad1df54ec,9f345849262689137626140eacacd50f70dd3584,medium,1,1
19686,431eb1c745e556e99ff17fb5b51a025b4f2b3395,94396a9f0f2aec47d070726d1d7b27510f9d7bf3,high,0,0
19693,f260602f8f4c565f0753d1b09eb6d79341f1f2f7,a8b71c4cd0cc15f2521760e26c0ac0a0b4ae9441,medium,1,1
19696,7f79a24e358262839b0d4025b16e35371cb394d9,9f0aab29d21bf957f5375728676cf949672de255,medium,1,1
19698,fb0b7a69e928b344121cd7f8f4f334c7d919142c,87ef78f275d24e77f8c162a5e2415622184beb92,high,0,0
19702,9bc911bf7ba809367a81ca5f8eef4fc87a9a73dc,282a7eff962e2495003cff745a0aeb0dde680f70,high,0,0
19712,4d09b34e384de36f76080217d24507cd5c9369f3,df4b967ff5b8c9e0a7db9bbd78a9445b62a524d1,medium,0,0
19713,619f0866e3692f516a255675658c90a19805c59f,2acd824bfe0e90f6bedd4021970c14e69b2c0b40,medium,0,0
19719,fb2d7c5c0e63ff152a3a26db27c1cff8eda5043b,14890becee039421d8698129e19691eb3db4ec56,medium,0,0
19723,bbd5b0580fee70c25d7e0df919d70b917f45df13,61ce3be082a369f06890e2e637307a726bc92a32,medium,0,0
19724,5bc9ee21fcb0802affb55827be077a38685a9751,42a65e0f11adbb3df3ad987f73aac10ed3045bd9,medium,0,0
19728,4248c70e589763e0fa6a5e4bef969b38c07b4876,31660a5cd37781ab7aa1d555803b7851af6f685a,high,0,0
19730,3787a68d089079b73fc5dd03b3e8bd7c9f632724,2a42bf715004712198d6083bd0a1b592ba6e2a0e,medium,1,1
19732,8f09ea0c245897b0c389eae708f22d6623b88201,ead5e94dacdfcd3f8ab43d5c2a9c56916bfbe2a7,medium,1,1
19733,f6c25801d7c839458c329f77033624774eb5bc11,6f3f0dbcb390b8c0483c99041edf21abb97a7247,medium,0,0
19736,c381ec3607ff88d2b1807e728c19d41e618922d0,0328e15978934f4181d797670431ac89976bff02,high,0,0
19740,5b51096e5f1a3ec33d6c5256ff8aa9bac36efcbc,ed0709179e84c4f4733c897855fbbb86068c5248,high,1,1
19741,0628b068ef6326abd1f848daed97d66b4c117fdf,31d756a9e81f3af3e70423ce9efb522b828bf26a,medium,1,1
19744,584bc27235c24aed3395098bd370cb54ad5a7ece,2af0b7fbda8f1a6f6931a2cd6d83d78bc753f487,high,0,0
19748,91e962aa894aecf8fde5042d714af09cb24481c2,9ed11ca4034a155de6d07ff230379aa4cb586b21,medium,0,0
19749,9d5ff8ab137310e7695a7319d99c38d9e572a35e,a45f093e12bb433f5bc4f7d81819429479afb99b,high,1,1
19752,fbe426b6ca68d7a3fee435a64f27903709f40a60,f65fb3eaf26a61644a91e5c4dafbf2c7db299341,medium,0,0
19753,63a01547c95d7265cb68361b7a7f47c87218cb21,9781bde583e788022c740929eb73c3402733e1c6,high,0,0
19758,a6c9ce4e32f82054f2aa052415121903ae0c8d4d,cb29c21c68cb1a5fdb7e7ad2982a6b015634e6a6,medium,1,1
19759,e66eb358a09c899e8926597851ee226ed404548e,2b221dfdead058a995afb54a78e245a58198cf89,high,0,0
19762,1f6268f022f6f79ef5074b0374cfc929ec44f602,de003f47dd0038aabd4ac70a2e3366bb3b4c8200,high,1,1
19769,9ec8e403585cd60169252b155581deb3c6838ab7,b565a1c8168063e439753e2a1fe021d592188f81,low,1,1
19773,24c654a91006fbe3fdff8047017a759b22a8eb8b,790938e70d3f7cfb2c6c3131ff7ff03bb03e6e91,high,1,1
19775,d990d0b47848f3b3742ec306b7a2be5c3b24ac92,432cc577643cf0f81dfac25a85089270fa9d4985,low,0,0
19780,8a3918247cec363d9234981836441787a26318f4,b1543717cdc052cfe87c5597dc980ef72f599af0,high,0,0
19789,da60378bafb0cdc1e97163a0c8e3b1b6b7e1354f,6d2892f6f8406cd85f51ae4c1ac86ff9731ee6f0,high,0,0
19790,8a20f26a2fdc89d0e1c66d940364e6f2ff8e8727,2334dda09a7b5e66b36ed45259f80694bed8eb05,high,1,1
19791,0dd126e8b71fbd20dfddc2c2ff4c117da472f391,77ab62fd2d63bf6c67aa330af6b814daeaf53d52,medium,0,0
19792,6207318aede31962790d3c2347a016320aa43ad6,90c9017d03ea995daf4d65fc64b6b35d1811f8fa,medium,0,0
19796,b64fbc226b2af974e1b809fa64836749a4f63366,de9c6bd38310809b93217102f289beb767eef539,high,1,1
19802,ed8744fbb54cadbc364aabecfd341ea950937d20,2fd5072f495047e4210dd77339fc49f4e63ab046,high,0,0
19806,27d62630031f596dcf18beca036203eb53fae364,c1297696c05279ec1cea59263914728f023e7c98,medium,1,1
19807,0cf83d430d1a432fbde009df43322d9b6d88beef,fa593ed6a925e3e633ec78a34bd243d2102ea065,high,0,0
19813,49dacda98bd3ba58333bda2eb4158881cca74b13,725974fb6807f62eefa6e3cce974eebfbe94cf51,medium,1,1
19815,f879a977651b8aada7374abeacde5aa389db748a,58738a170a050e53df3db5e57f6ce5697d9302d6,medium,1,1
19816,03b334086566900b39c451aafccf46c1e4b9a60e,fac5a64f0164c6c23db89435eaba4a7ac7acf90a,low,1,1
19820,233129395eee8335adc9955c5bf0cd8c0d09c236,8811e427b23a845fcda641adf11de1a07432a56b,medium,0,0
19821,d47199d9d31cf0a76c752ad5e3aa8cfe08a662ab,a31292c8c6bd686d6eaac23b8ee80b44ad9ded6b,high,1,1
19827,210d2fddc67f38d342fd4a5387142bb85bca33d2,2df5431e7f6af87ab59090e6634dd4fdcb390002,high,0,0
19828,0b8fbabef6f6a5f31c4e6b14ccb702cc10646a6d,98635221044ce9837fb255ac0bcbd9c33e6cbbdc,high,0,0
19834,73eac92c7400f4dfec054650fc7c05c9f90bd227,5fb9e718d640ba05e045c824111115b4682fb453,low,1,1
19837,5fdfe86ad16647a7f64168de0ee5c293a8c001de,eaefaeabaf5482edc56452c8274e1c45c935f0dd,medium,0,0
19838,f512628b73b7b1108df6299a946404e2cdf3872d,a4195f14cfd58a7cb2a8a816729b20648eb19e57,low,1,1
19846,ecbfcd5c9942251e10cde9fb682d952e43868437,435984dbac0e7e30008e178eafba90749e43fff4,medium,1,1
19852,f1f790392be6c0a217ff30b003dca1fce8c4b1f5,1289c363f94410b41062f76ae4d3caa4959dd6ab,medium,0,0
19853,1eda8375a9cb2e837e1805921b76230ccf1ee018,4cdb5a77d2b9049bf4fec648fe409936dae5c862,low,0,0
19857,84daf1a770133cedca81d7ddca7600d50c0154e1,bed5d2475007adbe881aa044aa6f4814f47adcf3,high,1,1
19858,cb4fdc9b5af5eade40305771696ac864ecd43d19,88a16b7ff22ff9b9c74ce81839776ef1c5909531,high,0,0
19861,934eb645ed02cd585ca2f3a624103f4f522fa772,3b65c13b62b528924f682e3a3b2c2180863f6810,medium,1,1
19869,93329654c4638a2bf3dec85a8c2c0c0015936797,e93b84bac30f377545e0531ea439ed5a85cd0f1a,high,0,0
19870,f634f7bb71b8f70ff5dbd6eeafeecc3765f3d6a2,fa1b6c2ee84d73b6f8a00ed18d29b9549bc7e97b,high,1,1
19871,2a19d8d4064b31b848947643fbcfe721f3a2562c,ab776e9ade619fc23f8b0b9afb1bb43a104cbe40,medium,0,0
19872,01586d81fdf8b6a781bc14868c60abe2576f8f70,431cf1049f573aca7ca5f5174ca3662457131d3d,low,1,1
19874,2dd2618f42dbe88d6d074f70160136fdbb7ca102,8e3973723607f00c34050d9447685da0c90c4dcf,high,0,0
19877,ae48f7bc3e15401fa3652b021f12227516b33cd6,2087bfe3a8c06c1dfc46870f82dcde04ed539f3a,medium,1,1
19878,8f2f363ee5cbff22cc1f448996255adbcef7d6b3,66ad43b7dd1672e3220da8e4f7c7a756762a3be1,high,0,0
19879,6c01c78dda40b1b1b47f07a710754a58db68e651,df005b9be93c15b0d7f5923aea0712f3ee1153d6,high,1,1
19887,90fda51b18e42eb852383477b1f5b153880c85ff,b314288480b05c241fd0528106d89370ef61074a,medium,0,0
19889,165e2f79c5e3c39a4f7d0659c3cce01a5a828221,7424974d3043f6d029f4e6d8f37b0a61d2a98632,high,1,1
19895,0cd2e41fdadf0a541bfefd9b47c87192143a7e45,bf5ddd922390f18dd6c1eb73cb53a93b471b1cb9,low,1,1
19897,31df3e874fb7d5cac1b615a5a96c373526ae1b13,2f18c0be321c9eb00f3fd335c32cf82b59a71e99,high,0,0
19898,be0a58d39732dbe6fd5feb652c50b936ced45060,0bbbc93655b6ad12398c5cb3eb68028155032326,high,0,0
19900,11e66066fe84921316b6ca0efa3dc2570f33a43b,0f7416746e10ac3d8824220fb4034066c329e7ee,medium,1,1
19903,07886a362470bec44ab2cbc329d2e7719da694e0,e38864397023d04b282da8f176d464e089fb0f30,medium,0,0
19904,0f69f22648c0e58789ad5833b3421e2014331dca,102a09c8af62ca880bec0cc3f54ce39e6b1503b9,high,0,0
19905,1b72fe5ddd876cac4c88a184c059b5d748e34dd8,41d9584265885c4bbe42e44d60628820b1a990e2,medium,1,1
19911,56d1b7e8b697456fd643a4dfccd83d78d2945b81,54d1efceb20c244a7b1cb3b04c38f7a1778ede7a,medium,0,0
19912,5744bd533bf8537b7565d1686fe23eddc359cc96,ea52af63cc290bf73b5c10049c51c6b8f7770448,low,1,1
19914,735c9b4822ded38bdfcc5813f60ed57b97ac3f6a,730435e421bbd6625a7efa1b1a70e6b26083873d,medium,1,1
19918,9f6d159bdbbee35d527305b46bf89ac8d2737649,59261af8a2acc5cec1254424183d0d7941bc1072,high,0,0
19919,44163350906345852ab4046dfd6f6374c7a8d274,014c39d8732673f7acc33a1ff662ae7fd6b8a246,high,0,0
19926,a6be6046ded3cb481041f65e211cdde14d89085e,42d8b206db1f46b32ab449f5418ccd8cfafc1b2e,high,0,0
19927,f9bfc7067bfe7872abb31abf00bf5a9f6267e1e6,eee7967d21ec31560a2344cc75891a6001959ce0,high,0,0
19928,adbcc6f310456997f24b06eb7160388426452473,9c5c3fe2cc64b40f396c210893145044223c2f56,high,1,1
19929,f2413ba6f003924743aab2fd3b5d6b6b6b6ae11a,32c55ee6b2242b81ae68732a6969fb4ae98ee336,high,1,1
19936,88236849aa2c1647fa753e3c30bc6c4a93f1e898,007637dab75e77f540d29f82332f7cf7227b83e6,low,0,0
19938,1f1d6762e80effde6f597343c74c702aa0a2bcc0,ea10dc709cbe23f6918406cfd26d76e895dcfe98,high,0,0
19941,218f53616a3776894133b064d28472d203d048b4,4f9d904cdbf9f48618395f735da4c1d41c914962,high,1,1
19944,79052b83bf44edf31f8e86d6836b737c2a6d345a,329ad1e9ba7083c35a268feba049c959c79907b5,medium,1,1
19950,7a72f3ae5f84aab4e057ee7e582f1c0edb6665df,863e1bd8161ac8597cf7612dcd010ce764388057,medium,1,1
19953,215c106c3736a76b5b239cafc3060901e5d0d2ca,6f144153033b4109af412843adb604cea6398621,medium,1,1
19959,14f4bc9190754fa7473c116a32dee9970c8c11f4,aa85ebeea01ecd46df20dab783f24d70b4672118,low,0,0
19961,3c8ebb74038daae22631302bd4bc3121891bc628,45b57701492549011b12d6d65e377c8fb37e5ef1,high,0,0
19962,40172f8d82756c94631408a6589eb26a1503117c,4cce263deaa672faf892649b5f9f6770b41129e8,medium,1,1
19966,b68ede57725f332f2a37cd09abe9b3b5569228dd,024c13b2c18fa432b43923445e018663864a7534,high,0,0
19973,b372251c2080173a7e35d72759ea96cb65e419f3,222ab89ae328e0788a7d3c37b609306361e6505e,low,1,1
19980,0ee88865237a6c161de071ad933ed44bc57eebda,9de1a8ca20ab4c3642e49c209d0cb53b9a67c1d3,high,1,1
19981,714fb0b31999c25a86f8902cd3086d2ee2c09057,1d789b08992a9f27f19e7804f0f72af9047add45,low,0,0
19982,fd0d31af910db8be62d9b6ace2887fa40cfbebbc,1139a3c0316fc484ed7e6fde1f0fa0ebea31db46,low,0,0
19990,5f9cb1b3f919b1f02cb78231a65a9d9a2571a32c,df39b5c5962d17affd1c64074b36b1a566a65085,high,0,0
19993,91eb068908ad46815ee48cc7284b4328f03ed721,cfbb2c7bb6a024298999b53082a77ca1866408e4,low,1,1
19994,31e1bffb9ede9f5329a5e9ab1e05a48b01ff83eb,3fd7010ee8de7d3199703e0a99f9ca9c5933eb3c,medium,1,1
19997,0e1841d9fd417ccf0a582696c6feb354559d4db3,62e33a4252936758c463712ca109c36a6544b3ab,medium,0,0
19998,ba97db95c4c10b9ff8afdcf93f04403472cdf2ff,534823515844d47f09a4bddf337990965cca0c9f,medium,1,1
19999,cea0e274c0150fbda0531ad8dbe3a0c00be97a45,ffb340159191117c568affe5544b6e5f7eb460d9,high,0,0
20001,5cc2fa6351be95b38d1721f91e58d57697f2c742,bde576f99e5bab62b491822048bb380fbdda3772,high,1,1
20003,d08e78bda3fb0fc8df45b7fa9e787e6bf28c0eef,ce456998536edf896fd5c2e6de08812a96d98e56,high,1,1
20006,335290e6ec050cb6cd2442cdfb3fc640abb98d34,de216849ab80eaacdb1846b763888f1123ad497d,medium,0,0
20008,5d01fe24a005163754132eef5136722d3e67872f,ac9e47243ac5fb1ae365157190e195323a42404c,low,0,0
20009,7861cb7d6154a9ba897a12ab0b15ff6c32ffad6b,07bb716434fae4daa452f470b8846892a5975605,high,1,1
20014,d8bfae6798c23e3473a7a2d86b4a7ef7054dfb33,25542e3ab596add0d28b6baa67f6baf78e2cf35f,high,1,1
20018,2db27c87ed733c3991efc3b08ad5d4280de649c7,c7e2a96c26ccdb105f0cce7718fdb58a2c0b8123,medium,0,0
20026,0f0bb09380010a50511d6eb5111a6981becef952,a66a747dceadbb76c1eaa23bf0bfa900baf7d3bb,medium,1,1
20028,bd731ec7bfd36e2e46ff4386b2137031ac8b8918,bf05d3ad1483cfb35e7bfc95102e67e819f4414b,high,1,1
20029,68d7e2bc141a24003499b733439a594c4ab4c6c4,4c705382be6c3c745bcdac5e666a478bb1bf8d65,low,1,1
20030,81a85f033ac82a3cf4586506c151897cae221704,cfb9a9e928e60ff53ebf40e049bbc9928d040c61,low,1,1
20031,5c016ea02a582288d54de9e9c91312edf0eb37fa,c7d99e44f63a6f10030a2c627f0f8aa9ad0841f7,medium,1,1
20033,df551e81308bccfad43b670d220f68fd4941f3f8,d8360667cf9320295f055197a2022f3f8c50fa52,low,0,0
20034,97afc9e1aea1ead42422faab1b39f45d28281d8b,29ca9ef311f2a2db4ef9b55a8131f941d98bc0cf,low,0,0
20035,2e26ffd7454a12fc4482a45ba1971c63848d11af,b001e2f20c3655135735b4108840fdd8fc0add81,medium,1,1
20037,fbd95e5090fc7c5a3bb41db635961a04f5702e79,756cec821b653e1d5fb1d33045ac06646537eaff,medium,1,1
20040,6a15ad11a0f9ad1b0e6c14928ccdf0b0ba054369,f1f954a8b237d547812150e3862563004372ce5b,high,1,1
20043,88236849aa2c1647fa753e3c30bc6c4a93f1e898,688766702c4cb57cb753b184347ac2953628ecdc,low,0,0
20044,b0f4df3f8c16f82d57f52038c34574980737e67e,b531a4a86deda77be56c61381c30f922d14d086d,high,0,0
20045,96e386eefeaecdce5e39b46bbe2efda8648cd83e,85b7b600ce50ff9020793ecc3e9e594c6a0fc26f,medium,0,0
20055,d56d356c7d8f2ddc8a9ca491879414505cacfa0e,4ab0e0106b32179a28a7bbb503e364787cfc1340,high,1,1
20056,bf761946f6d3705d80642041eb84013faa21fb89,c4028d437e5c29ec509f5302433fb5770b02a907,medium,1,1
20065,d554ba458c1303557ed0bf11c496db1d03bbea00,5ca590ac4d16fb49ed0ecf6b6f8354607778af52,low,0,0
20071,1488f9e03fbafc84a58ad71b0149e844b76540c4,a423075d80de86e0d4b5850a320bfbdc136be3ef,low,1,1
20073,d7ff52365727b8bcdc3e5eb01c2daec8cd6466f9,08ed1f02b6c2ddc12da47844e8ed13e781a1fdf7,high,1,1
20074,df43ea1e278663fc27895e8a6b964adb02e171df,3cf810dc8a2b36f2936a2cae4c467d23975d3820,high,0,0
20077,68acaef45c781ecd5472e7cbf17d42708238898a,ff2147ba6d6ca7f43c2b3fc6d0954d9c02b76d40,medium,0,0
20078,f225e1543c5e0599d822d3ce1dc890413f2e7388,7c941f9978fda900196ef4a07af6035f50fe8d97,high,0,0
20084,6a983764eb4f8fb0ecff89739d03af4d8ab9af85,3072cd505c6a7aed55101e02ed3b89a53039255a,medium,0,0
20088,293652510892b26ca11ec726db48826f0378f12f,f2f91fa7bc92f2ba9a4cdeabd3bd701ec5b82de5,high,1,1
20090,aa775ad8551ec0ae5c7da1f14dbe65c922bda6dc,709f61e20337b6b789ed43fc900bc9a99f4372df,medium,1,1
20098,64c01ceb228563dd279dc063002c2dc361cb8238,8f86d292831606683394da6a8891ca6a9a844f26,low,0,0
20099,c138529f1ed29d9255b9610f38c0fbb4aaf2db23,a82430e9a8a6da94426dfccf5254d1ef6105c639,low,0,0
20107,913a19c654b9b9f1f856850ee0aa9868d2681103,92fe143af30285f3f9bbca3230afad24c94d306b,low,0,0
20109,22466f169144125f31c2a6f04affa26a1689b33c,32733bfe74239c4d3f02b827e1cff2d2b6d0daea,medium,0,0
20111,9aac6359737ef015be61e5d8c46ec7bcf3cf9207,6f226d05ee2b2c27f4dc0be9b408512c952bfbcd,high,1,1
20114,1d517ce55c951083ed8f7808e9a7a7d0948264c0,d366622ccb0f697d078106168b4e27ad3a434a99,low,0,0
20132,1fb04e62731acc053bcdcf5c48f2c9947f331251,670d1e861d49521b81074c40fdffee58d3b34ce0,low,0,0
20134,962eed946af74a3c139897a8b18c0db0e8b32af6,0f01f2a55d5cee733db5a8748e23f63353ef48ae,medium,1,1
20138,17721d45005f1d1b4c3b619cda986f22710d42f7,5202bbcaf1735d41f654d3656e764a77dc967e06,medium,1,1
20139,a0acbb62320d3965a3c3e0a8ed16514e343b96a8,1a2573f32b544f381a795522bd028a77e9792a97,low,1,1
20146,1e78957720543e114952048426a531b35f85000a,c8f3f26c9f94d5b015bb12f2f98f27ddd98cd6e7,medium,0,0
20147,c72e86e8286809d49252a79bc2d3601b1b2888a2,c0cd2fe3edfe7a9dab7d0dbfb5ba66dc09e8b10a,medium,0,0
20149,562de2396f7984efb779ddcf7d1f3004442ce469,3ca760e4073c9c021a7f3bb6f97d3a271b910af8,medium,0,0
20152,c541c562f5a5815d64cba8de550ad36995386912,d7234108bafdd13a3116cb38c809ee88780aeeab,medium,0,0
20156,4f509af6da16d20789076d4d3d5cdb2fdcbb56dc,caaba5b65e9f1b2416de4f581a7b0c9744daabdc,medium,0,0
20158,ad98a0140d09a5fbc8ac11bdce4400f97a91b029,2775d540e5fbd0bb76b2766d57f76cee2508844f,medium,0,0
20160,9134b4b47e41fd51c05b68d7e5725fa7cee6e0db,410662eb267f0da51e557e0eb4619c0b7a627a73,medium,1,1
20163,f84fe07ffbe0a8b547aebd871fb2f6c3a25e2f1b,e1e25f25fcba4e79ec7a760b945a3ac738f3baa0,medium,1,1
20164,558c6448df94cddcfcf0def6f9adb01a82791686,975f41a0d8e6e31cd8c8900de453ebf78182f9f4,low,0,0
20168,73e779e9f90aa1b4413e5b4c3472da7902224a0e,27131f96c0a3ab44c524c99b7f9131701d7c9dc3,high,1,1
20175,1ce4e98ce9a053d3692f102c0af8854d8e2baf30,dcc8e733bb6df86c8d53b57e8cfa93b0eec26ee9,high,1,1
20183,8e4932a4a7592ed78fcc919b9214ab7d01a51246,8eab73b556fa320ff59b3d728088008ddb3f3b09,high,0,0
20185,7758b904967dc685292d418199a87d7e4afb6381,97007e8b38a1f91623dd92e4e4010851b03bfce1,medium,1,1
20186,ac772a0fd52db9ea8c80c407a852829d1618f7cb,34eb57e96214fed7605e3a5bdeb36cfd45a32ebf,medium,0,0
20191,adb42ca201480b322e60b17f4675713188edddf0,3d8187af0e0f1231eac085f142b30d36e82c2e67,high,0,0
20194,dd28a1efb1bcd9aa7f437b97d8d669dd15668031,722a26223df3433981795cb514249938e71d87e6,low,0,0
20196,8f6c5b435df8903051fed0c1248732e4a9b24fbe,78cf513860ca999dbf3bdac809cbe5dc49570ede,low,0,0
20211,33e6f6e0cd2855157dcb95d907769b79ef9e8b7e,243c959de86df2e8ecbc6e30124e770ddd50d05a,low,1,1
20213,1a8ad8f8b9cd20004cbdc9f5b3a0c51ea85f2843,9c57494686bb33ed4dc7d40aa07e6919f948a3c4,low,0,0
20217,4406dfd78a5207753d77a6438e59b12339295092,e793456fce3c36fe4f0e99f81e5d83262485eff2,medium,1,1
20218,4f47ae74812cb311c8aafcca3d5aa9bbffd95091,97513c85502dd912f32be66a4ae358a64b7666db,low,0,0
20220,e66eb358a09c899e8926597851ee226ed404548e,2e0e924d4b70a27ce00a736a5e5a72b38256beb3,high,0,0
20227,3294468d224cd92f1fa9ea06bd6e66edd65bf8e1,ce7ff04a9776496b9529d3a432600ef8db4fe25c,low,1,1
20229,71f3018ce826322faab9348cfbd04615881614c6,63228e370752e248bab3c50df2602190122434dd,low,0,0
20230,72b11480a7df62b089fd61c4c99d614bed74368c,22ff8b41f98a511ad8a4c8c7d3504d47cec4e2a7,medium,1,1
20232,bb4b35ab8ed6162ec4938157871c1ec2a9c07557,e1641775bdf2cfd6aaab4e0c8e094cf05779a934,high,0,0
20233,8cd0a19e339f8e3cd298205792c11dc2e315e5ab,4546dec2da2cf6af4dbd6eff1f5c10f8b932bc69,high,0,0
20235,e1a5e307f6cc29f3b200991ca3fcde24436c996e,fc5126959bfee58044685906b63aed1283cbeba8,medium,0,0
20243,f7f59a0ac1bc173fb23ddeab1f5fcf9757c239d0,c45f79b7cca90f386d1f285293e7348035c286b6,low,0,0
20246,3d848f8ed8e77f058be4c240e01cf0fcaedde8ab,4477402a4d5f40a6855460f13185385428a91617,medium,0,0
20247,6fca7d8326d010942f8bf87fc6d3a42d87b5a69c,eaa111a8a7d971560a0a9df67b4c6386c0c8898b,medium,0,0
20257,fc643a49e25109c83ba5c75d22826af1620a9f1a,1dfd474a7ef3bd048d8f098dff5b9df9f843924a,low,0,0
20260,564124aac98d347a27226801387294fe6f605ae0,ede763c7325fcaf246377114c8acd7d68b5797ca,high,0,0
20262,8bec00edc26dfa9009be73fbb61bedd85cdf2b0f,e2ea3788b425d36f53d13c916303d797dcfd2f0f,high,0,0
20271,91eb068908ad46815ee48cc7284b4328f03ed721,b38433125d504375524239253c5d261574dafd26,low,1,1
20276,5ee09a7cd4c375a1b09c48ace6437d655de39f54,940ecefcd75326713c36e8c7283c90b271d0f5fb,high,1,1
20278,506a82c15a81bb5b4c4add9b500b27449c10ee4b,dda2814aaceef6899ca2d96f7700c67d9ae277e7,medium,1,1
20285,5f10ff298c29e48e825cf30bee6afda68bc86ce5,74ecc442734800545c25389063fe377f4283d35a,medium,1,1
20288,e9e5d772627993228bb18b761be872637169aa7f,dbc8557d813b75b23d0defcadb699e13d2a97338,low,0,0
20290,1cfd1e1dea766ddeb1161aea251aea9a4a5ad7e2,abdb5ce60dbbe84dc08878fd7094097a5ae519e6,medium,0,0
20297,c5570119c188260d7c53ef039dd2049d7763dd9b,b23daf68184708663f562ebf0c603491cc162b97,high,1,1
20301,11ec9800046c83fa0d73b36630e2ba3754439434,3b0c2e2d6b7bf93158b4e7794fb3259e2a6d0dfb,medium,1,1
20312,f0a7ce46634fff9fdc230ee17d411ca3c9607e4f,44c7f72098b976489f17673b59587a1472a98e70,medium,0,0
20313,c17549788bc12d469afd687d6654f03e8a970cdc,37d49949fccb96223c26764854d361a08b576a8f,low,1,1
20315,641c54448ef43669363993571b68b537a7ba7593,a99ef19d2012de960b66504563eb1c18b9baee6e,medium,1,1
20320,7dac7e4c26e4cc00abb8482ca0114df631b0ca4e,09de030eccb2ab49d0d9428ca9aeb06432309ef9,medium,1,1
20322,ecb53460c1c1c3a64f56ea6a7bd685acedd380c5,04e5b95ba5da0ba6e96ce0ea46d2cc29c5a01768,medium,1,1
20323,8be8228365351c537bdcf6412cf41071326a756c,e685a3da268eacb637c063e729d1aed992aaefe2,medium,0,0
20326,f656e5a586455d755b45eb5cc230d8e3a9207202,99cf7d978932436955f978864e46d546e1b797e0,medium,0,0
20327,0b2a9cfe7309ed9f490c62c15e1e2a9b614e7d94,2eaf30e05f6c90826b34cdd896ad0df6aa06aa06,low,0,0
20333,5a1d5a44814535f0a1045727f5e01f1c831052ca,1fcf45204bb6b47c21c4a778c31a17d4271afe37,medium,0,0
20339,71fb67859c731b7a3a3b7860b72cf37a4b5c910f,54d8c350cb547f04249afcd4cee4aca58f3178a1,high,1,1
20353,041a7d2b6578fca88a0797816c4742175a5d7ec2,999b58dd83b5e977fdbb791432457df5ee505898,high,1,1
20360,0f6a8a6e7bcbe89282301d8358abc19aeaad6d9c,2341f83670ca334296115317bc1e33ab4abb6239,medium,1,1
20362,0d5022bf88f2939ee2456b75d8cb881e5db3afa9,7d461db83e74ed1770300594587266c5f19d7829,medium,0,0
20366,fa2fcbf3a85e9e03c8773ddb9b60cdcb98ccd753,c2476a7b388073b0031d422b0ab7180f78a0b2b0,medium,0,0
20367,62e9ad21ae0271be81958111dbc820c23ab6da2c,6cfd1c1ee240e84d2107a244b9de1a1cb27739d8,high,0,0
20369,176738da0d88aeead8b478691ea44984a42a05da,7a0e8410f0a560317fe18e33b688daee484c314b,high,1,1
20370,d9c685cf667bb29aa0c7d7d60aa4830541cbb385,36564f007ff1c7fbe5bd2e91eb43242d3162dafd,medium,1,1
20375,ade6b1f3a6588fab3770879b9aee094e2c03d15c,e077228ab627b199faad3d2900d5881e3695dfa1,medium,0,0
20376,1b2677eb234530e0d838d80e3134a2f7314a0837,091f31d7a63608fde541ffa34771417fb403fdd2,high,0,0
20380,cb0ebf6054c440908324a513bf09b0badbe23c75,c56dfd41a45e0864f98bde8b186fb48aa730023d,medium,1,1
20384,7a123cb89f1479e16f50d9105a0628dbae35cbbd,d8a774b6ec760f8363552f56eb94783b9a76b902,high,0,0
20387,e096dcaff28406c1de71bb4576f66c55a3454d74,823f8746cde94d236597a9c4af14471e6b7ae75a,low,0,0
20389,110c9df2c0f00ec512dc8f43eb885d56946192ce,503b60eff22473da28ef29485005bbd034ce11fc,high,1,1
20394,486c8613d609599325d097af05354deec8864593,547656afbe5dc4cebcab7d5657f5a2dd8697deed,high,1,1
20397,151fbb9097ea0bb05281747824fa66ea7e44682b,70f0f523d1835286faa78c01e2247054dd4bbd02,low,0,0
20404,3937ff2782a91e5200290ecfcfec10549af46686,cf5491f380c083219e1fb2d1f8d49b6412582ecf,low,0,0
20406,8bd7c0afa361a66e7bba98686632ac3675f56f3d,eaebdb64568010e4e5e4185ab496889bf5cc7433,medium,1,1
20407,777f50919d4da9e7d62eafdc2904ad0d365b919f,e7f8cf4f95554f89bddbeafc8817a3029de16c8e,low,0,0
20411,3e86b41d2148930c6aa38457a46e257cbbf05f43,cfc379e7fefd3bf46a945f37770ee87a146d8554,medium,0,0
20415,ede16c11e3ce61323c121deca1e39f7a748f3c98,69cf3579401f5d629d4480fba9502097a01090cc,high,0,0
20419,4aca6bc2b53b55aed2629639a2f64d94ea14eaa5,141ed68cac580bcdc051dd8f7bf5c41a08f45977,medium,0,0
20423,cc3215487f4b8c24d14305d63548189e2e1f4fa9,b44790ead7d27602e8b85cb85af0862dc66a03f7,high,0,0
20428,91e259d96ad5c86531e5a1453e8883151741bb65,1a9b17c8b6d612dffa7ce6472a652ea6aba9e625,medium,0,0
20429,232f99cdf6603f0e69560dd94be1b439281ee21c,9bc57224da755b851c05b341176846ce1da2007a,high,1,1
20430,df551e81308bccfad43b670d220f68fd4941f3f8,0ec23ba5c453393b640ceff4e2612a7d08d8b96f,low,0,0
20432,09990582bcda32f6f40db81d22a37201ee1273d4,2bdb411f93901a3467a8b134d4c11f37c0b3ab22,medium,0,0
20433,1355408ffab402a77acd1a1bc3c315691363e17c,23559a3999f8b398629fce25afaa4613db4dc57f,high,0,0
20435,7fb0157e403978349d4c2d4809707e1566e3067b,89b9d9ec81ff5d6f6fbfefa225d5cbbf3076951a,low,1,1
20436,eb7e51bb0c0005470715ff356d204e996a9003fd,78eeb19d133de0e12f6e62a8143880bf5071fe96,high,1,1
20440,da60378bafb0cdc1e97163a0c8e3b1b6b7e1354f,b6aa51d3a37576a9b5ff0dd22468a6a9545d20fb,high,0,0
20443,51251de090dc8d22be4796445c16e3c61050338a,b482fbf40209f2a54a62f0cdddc6b75b79b77265,high,1,1
20444,9298c92f75196e06d7aaf1753202211c9b96b004,ab653c74bac1e8b9736d0cfbcd4d56a26fbd7f18,high,1,1
20447,45c69051b82c89c672522c89b118e8c06b7bc2c1,29b88c88f5638a0e03bc9a55fda1dc4ab06346a1,high,1,1
20449,2e6265dc92bf9c5f00cddedc9330c681552d7c86,efc64663497d320439f24596379da26f680959fb,medium,0,0
20458,62730ae8d3c4ab6d59e82a2728b53eaf75d22370,641eef60ec603114d3663700e786123b127d0710,medium,1,1
20461,5358fd91c60422d67327d6ccb59ad6c18d6f25eb,4f1d2a03abe3bd54eff441e8502a5971ba732231,low,0,0
20465,7abfa009f02fb8eb938a7f15711d5a3624a1db64,eb56b1ac1fd2778a1b2744eb6f1d9301aa3bf451,low,1,1
20471,352cdcfe1cf788d8b341653b155982197481afb1,2dc32136347aff6b59b9502f8313e88596f50d36,low,1,1
20472,5547ce72dcf05c6eb191eff1d640a3245362e531,a8df10d7633d8b3648a3786a860be8f3b2ad324e,medium,1,1
20476,b96859b8892f33126ff32fb9868065e745279b25,19ceb7c4bd4a81e8075d50505333e22b595f0b4c,high,0,0
20481,a0fcd4f5be5df1afb84f27ef5d7a8f96e5a4f870,1e6d0efa462fa1896590afc32542776aa36da80d,high,1,1
20484,17c844ff529f60355246eab8ace14b6531656d6c,07d37a2c1595d11d29e5f848417ed55836d8b0d1,medium,0,0
20488,d06aa9ef6b81eb43524cb5701511507e5d5efd1b,f59fcca0baf90d02b7ed10ee26e9d434467c3389,low,1,1
20490,c5e871c6ff74d9dd38d05e0d4487b18a8d0f4ced,241af921210ecbd1c83ea3eab84dc237461d942c,high,1,1
20499,62fef4486b803312657fb869233b1f1e85c33a83,47cd6a63847ed64f7689db7da2cd784b9e39e48f,medium,1,1
20501,cf38e2084e35c80b3e72a7d30558eec69ba56c0b,63841d2ec6272f48eec842e6555c4194675e27de,medium,0,0
20509,d00f149f0f0b08eefb97d6056044f908fb24aac5,5a9b843244eec8dd4bec9547d2d13606f7b94751,high,1,1
20515,abe536125e9902032a301e9ff1927f8c17403070,356b94b2e828a11052113347416c5fcf88e7b181,high,1,1
20517,ddc62b1c6d78973a416a68c45ed18a5a23ca9f7b,919103c7d092cb71dafc883c6c0da7df6ac5e2d9,low,1,1
20518,0555362613428b067f631ed02f89f1f7c5c28ec1,f6c4e82ee959ddcfa9562102441ecae30596ecf7,low,1,1
20519,04c0d290f9e5f11ece91ee48ae33c60d18465d16,f27395c622a5fc899e3631948a0c071854a98540,medium,1,1
20523,df001427cf68719e7521ea48a62a3b8da56ed6d5,8eb845276bee2d101514a1cc07e90543ed8137c2,medium,1,1
20524,323c11368ade7fc47b889dc7de603415ac23817b,ae5b8f035885a56e61ad3c4e3fff33ddc30a967a,medium,0,0
20528,b5cc4bc146d6fa14d0e79fe92918a9ea493dc8e2,9b35e04bcf66a84470a3b1eb8649bd8244534b14,high,1,1
20530,650c5acf35dfcc58dc37a88375478f4a676fc83e,e6bb5ca8828f55301135dc328347c2563d734475,medium,1,1
20532,bda15c7ae5d8fca84ced2430d953eab4b8b29776,a45e8f94d38e0d790cdb7e090fdaf1913efe3138,medium,0,0
20538,a841ff73635516c234b43781131b980ac63d7a91,343730f20c5eed9dbce2b4887ae479161a41ddf1,medium,1,1
20539,df9a16dc20247861cabf9c3bd79bceb2deff5138,471c6433e2a9411b2c6e568cc750e0b6f201c834,medium,0,0
20542,bdfce62e9126aa1b0485109c6f85db30e09a3832,8a8f6f49c8d0e9ca5b97e80f730769c5090f427c,medium,1,1
20546,1d72048a2c7077c4094a90b0f1f587553d9857a3,8023acb2a48a36a34619ec4ae21cf09199c74eb1,low,0,0
20547,e6c760d228f2b47a5a99503abf8c043589496d4d,3e1c66482d41d1e633de89f19606ec51844064d2,low,1,1
20550,11fb7403f0f076820dcdce8592180fd651beec2d,58f793701ee602964361909a470386f1a8a30639,high,0,0
20551,61c8c1ee29e42445772e07890469c1d45f4b3ab9,28b374d7bf834022a5adce4796b21fcc453eb43b,medium,1,1
20552,4be3b4ccb06c7eded338b8f55d10f61c681bcd28,3e014df8da8ddefd1e47e8c836dc0b56cbb2819e,low,1,1
20555,0dcf6a02fb70663e1c32096a3abbbe4a8f74e680,7b6b7472ef394fcac299129fba5a9c83c2536de7,low,1,1
20559,b7574a37b64ce62895776d041d21f00eb6c2f341,46fa5c1afc4d7a5a9cc32b573471948c1a788e6a,low,0,0
20560,078c75b4b2e0b4ba09c7a6309794d891b048682e,bcb584d384ff57258c7b1c82a6182d53693146a5,medium,1,1
20564,0ca33b37c03c3c49d48422402119de086b291de6,b936959e3565b284513aa6a2595863b83af28b30,low,0,0
20568,35012e7cc6b33b4da16d22fce825b99d5afc1018,7ed1d54417331fcbb896b54e5a2979399da8d7e9,medium,0,0
20569,e78173409e992e7aefaf5c8347167a5b283c6498,f25d912352ea17289536ae8856b17b8b2229f9a3,medium,1,1
20570,ad558634bee09650f17bd307bc70f4e38281b7cd,eb3815809f3ed15f5cd27c7ddfa496b309a51c55,high,1,1
20571,daf80efaa30d581ac3876aeadabd75f794a860d5,ef5b18aa7dd9542b140767cebd5e02af76bc20e9,high,0,0
20575,7a37837744820d1bae57cf014bd9fa9e48a850d5,aa7a2c2db611a2ce891c5584ed2d38e032a67a59,high,1,1
20577,be460df4b6273721675fd228e4da347b6e6d589b,b277de88bc761f1e1d786324ba5eb5f10e5cc7c4,medium,1,1
20581,40fa460fe194e8d7aaff724656688a6aa071ff21,a40d19c302f677c87fae1c8206606665c4d72f1e,low,0,0
20583,2df2125edcd2ee71cf1dd978ea5d2825aef5e916,34facfc3a5d5ac4e14387f11aa47f9176b156363,medium,0,0
20585,e0b6d3c4f8ca9f9cf306cf09a5e9fddb26fbc4b3,5a6dbed361f60bc236ff259e68d2e06b360145c0,low,0,0
20588,9ab6bdaf4e82543709e1b7225a874cb98e441ea0,ed11ed7b2b4834e817e23257634e68b906adcc01,high,0,0
20590,848b9d7308281603727234696218a16f291d01dd,9199fc11d9d6b6febdd85e23d29e6cc5109ad637,medium,1,1
20598,6efb88b039602a2b8c6ddbc10f6530fb345415f8,5fef278c33df4a3b772a6e9b45d85ec30a5f4918,high,0,0
20599,a0fcd4f5be5df1afb84f27ef5d7a8f96e5a4f870,8197cb452a73ec5a0ae9c1ad13ffd3d76b689234,high,1,1
20604,39ba3920e758107253a12b281677c11656790986,0ba0a8d46b7581bf353d633d6cbe20d47079d52e,low,0,0
20608,7c3c1f1dd2f92f6b12183270e7e0bf09ae1b8886,6e7dc91791adc1e9fc8d1d128ecb6a5c117f2aac,medium,1,1
20610,270eb4cc7aa11140914c97d53e661edf401de449,12f7d391e40735d08fd2e10ff6ce65a2199345b7,low,0,0
20612,a360849aa3c0dbe3fcdbba5f23acb8d343246353,a8b5e128f3849f52e8cb839cf26a30df5bacfb4d,medium,0,0
20619,ea7eb9c097c1e52cbfbd9b2f57aae0342410afba,bc12a9046c1c57477887ba68692daae5de72b6c7,medium,1,1
20623,7ee35cebc831d4a0c0ea83778ae3e71b235907cb,45d394701b8c28657118dd3f669e4a17bfcb578b,high,0,0
20625,2d03fae1b2d90d1faa373272b4cc3103a8197b93,1342ce53a57664f0d675c5c28ea3e6255823ded4,high,1,1
20626,714c338c059948bb1e9c3b01bf4bf42399f42ba8,4ed92bb8a01d9a54e7ed4423dcb1dd3cb23203b2,medium,0,0
20632,a4798f6f14f9c26842d088e3ceccbb1a221a1897,f8a43111b97832350d24b22fdb444a67bfce8049,high,1,1
20634,c610f87fe84a5fc8525ed379560201dc6aa8f947,225905e7e2821b2aab2057562fcab0f73301878c,medium,1,1
20640,5331541b041868c4a3db0143d25c73964b463bf1,e082ecc31b30859e1b9ca73cda725bb4a215f798,high,1,1
20642,a970b37ae70e0e541e278a1c5f21eaf7bfc7deac,811a92da1e3d8bf4742faa7ff45ba68c3f5e94f6,medium,1,1
20643,e17e6cee0a5196c203a3da37c26a827e77b1b7a9,e82110db570cfea6f76312c5bb042f37e9dfe3a2,high,1,1
20646,33035b2eda10bce548fed2c77628a08763f98433,814c3d0377f8701b34c8e46be6aaf26e54f92e5a,high,0,0
20648,519c12670d8c6a94a59c02148f1e7c355e245f47,98675d75a6e1d3d289542060c476fee9e5dac567,high,1,1
20650,b9b523ff2d4f9acce59b9a669d311b87ccc0c8fd,29dff4338e8feb16e221a6995b0988ae1742c689,medium,0,0
20652,e2e1754995ad925c06c1cc96e9856c87fbb8892d,e087a5561b6c55f448e99adcca5bd8f68f8560a2,medium,1,1
20658,1cfc3a49a9450f09cee68e1c9b8a783fe7d160fa,28823775c5dbad626c0a131ceb1c0c653ee27cc6,medium,0,0
20661,74c37dc4a503711bb949c40f4b061222f088cb24,cce5a4300fac4dcec7315dc793df5546cd1ffe75,high,0,0
20662,56c4f87cfca549b1ad5f23583d244a49f5ac151a,9b5c55cbb9c189ad3f7d03ef2130dba404abf88f,medium,0,0
20666,3f1313e06cbc65c125346e656121b117a2f6aec4,ab2375240a510640268229915a17568a1f11ec8d,high,1,1
20669,21c9e5179aed95284a49e6773e2b189afa036ea0,9a6e4dbc4b37b3a36062f7d25e78fbb5d50d69be,medium,0,0
20670,37d96875eff526ad442249a226232589202b24a8,2af166ecda7d58ccc0c9885136896fbdcf98b1fb,high,1,1
20678,0a837eed7eaa90c50936c954c20bc2152ce28bbd,2facb550c67e7a629458262f125672587825e877,medium,1,1
20679,5d4dec2cfca36eca6807ba72a0f8972da7f14832,756e23c082ea673adf2e7b2186fca1608e1e24e4,high,1,1
20680,9915224d32375601aa4af21df81123cf35df0da5,80ee1a30bb6a46f0b46df56613959751a900e61a,high,1,1
20681,80bb4a74d0118ea8425c2b324226675decd1f910,3daea67757ee3136f4afaed08f7fe535e2d72f5d,medium,1,1
20682,42f8806bd438f355445f1b3ed85cbdb6c97a1b05,a64d1a7ce7ee7d60338eb891ff1b5e8d9ba2e6d4,medium,1,1
20684,318f55549e97e3b09f4008cc1097a2d4ddbe8450,338f27bb97427275d7c8422c7121e1ce91f7ae27,medium,0,0
20685,471b957bdce5851e5c2928534803dcba01d2bcae,125f947f3e2ff252cfba0a666a4b2d266aca1652,low,0,0
20689,c0d67ed69632398ac7987e59ec4cf2421949a51e,4b6e9ff31714681d235e58d216f09b0f90f09d6c,high,0,0
20691,3bdc77d8510545ae919c2ce5ffb3490aaa633902,c919d6419493625cd77e899e1cf8865ea13b7a71,high,0,0
20692,7a44f0870ffe6d97fdef6be06c73edf53faed6ac,f97b4f5f8907938118cc16118afd74a0aa7642ca,high,1,1
20698,3a71bba462b8af216e49ca75bf6c44d0f5016110,eb1e3ea9c83d588f3d5344f4725cba6f23c02c93,high,1,1
20699,50bb319e9823191b1bfa8e0276e5004bc3b7b475,bce39663e5e3c9308b3557f5a0b29a20b422c279,medium,1,1
20707,2de96bfc4929fa921e7f4e4ec046540de139b802,456870cb2302e42a44e90247425e999408002291,medium,0,0
20715,bf03ace6de1e539d178b90c37b50b85cf35e626f,49c306dd64f1e3e2009c4bdcebd06971892c7220,medium,1,1
20721,010671cc75f549951fd1d6af9ef142cf56aa8d48,aa33124edd196ed5c54d962508af3593757ad4e0,medium,0,0
20723,607de77d4b2da367cb7b165c387799211f261074,d9182dbf0a9bf0c4b9a9cf60b8601c048d1cf453,low,0,0
20728,29bddab80503380ed2da9b250c36f9278c06846e,e5976179c7b1302f57efcb2560255a752b951262,high,1,1
20730,be735303f4b8ec48e5e21bbdd5b137bf6efdff74,3d67bd4c7d1e8e2555361b36d4b3166200abed20,medium,1,1
20731,b5a85c9ba6cbadf8836df1fd05168ecfe252c4f9,a46650d27fc2aec2fe782746816b162004731dc7,medium,0,0
20732,70815e8f0fbd35b9d1ea58eefb99a03e58e7df55,b4dd14585554f0093f6d6f4fa9a166853bc79445,low,0,0
20734,27d62630031f596dcf18beca036203eb53fae364,0fce29ec5209c1e20d7c9cf52d9d203a66e330cd,medium,1,1
20735,66387103f18f6b7409543ab5898600c4c21b7ed8,daf9ac791270c3e9b7f21400e398c4ab1bc0805d,high,0,0
20736,b9a6e647a3a2c19ef405fabdc44392d50e3682ec,75c728935f748579b18354f8efca03594d402e65,high,1,1
20742,922238a6f011ff420268ba4ef03bb469b193beea,36560f0cabf079e42255039fc053cbede377262d,medium,0,0
20744,1cfc3a49a9450f09cee68e1c9b8a783fe7d160fa,08125ae812ecb3e74ca1d5f52983c30b012eafb4,medium,0,0
20745,93e8d21fd5ac8afc578343b8b8311e78a959bbb3,2dad45dab232b0f1813f608a7275b0639cf6ab2f,high,0,0
20746,d2d5a20ac54534e245e2e867bb4a13c71b6926b2,675df1ec4968f1b93fab5650efcd47b3482627b7,medium,1,1
20747,e07c10747b5c002a88322ef3d50e743ea6dc67d3,b1206d6b8cca84c46c999b288989fd5b703d7fab,high,0,0
20748,f965dfa784bddabc37260259bbbefbe3c32b3be4,0a25851703fe25f81b96e591c549c97113cfecd7,high,1,1
20754,2e2cf7f517f4067df05a091809107d4727af5c82,8a730130b9d112fd00a8e566eb72db7507bf9da4,medium,0,0
20756,a952ab3d13d98df3a730ba589449401db7cbff3b,86d0c3843628d840359937b20cef71c04de81f21,high,1,1
20758,83ba94ab4c784b4abc51f03b0c12ef4f44401354,f26120bd310fb54d0eebe222be60805407695615,medium,1,1
20760,dd152d73152c8b468b3c5ca4cef2ab73015d4d8d,b571e069e4f75a1d6cc30dad5b009ff63ded9f0d,high,0,0
20764,200b9fc3cfd40596b5ed4c83ea96f00307e2919d,3443494ca0de9597d11af9d17b7a19759e20362d,medium,0,0
20771,7cca7e9a9dae39c1b5e3ca93ddf41079e86a3978,fce0a64be613e4ba901fef38721c6ea76964e8c6,high,1,1
20774,46ca0b4eda377c667e295ea4fe8cdd2970f9aba3,752882fe4b360d81f4d04f5b4645a9e3ab087431,high,1,1
20775,8329088a800bc3fd7759f142174203a791545ad3,afa39ed9624647d1bc25206414f11a1701245a4c,low,0,0
20776,4f2d5fa777e9b79e0389582340d71ca5e3ed9904,c2311b83dc15244711e0060f1ca608de42062b1a,medium,0,0
20780,73cf7ab63eaa4690c1d6bbc4a62c22571c245998,590ac1b2b707c4bfa57893d5c3b19d4ee2969b02,high,1,1
20782,380b26b49c5725a169fa07987f3cf1f24bf8ca6f,e1da12bf77a7bc7166b81f97db0105781b9fdf4d,medium,1,1
20783,f2f330c7401cb30e101af30df87a94de505ed3fb,a62d9bd8ed8dcf1127a9404eeb0056dbb82b6469,medium,0,0
20786,1d2e381c6af5b1028d0731c739bb0ee8c4929f98,91d8d0f768c54baecfb773f963c74e5594c44f6e,high,0,0
20789,5236d082bafae37413f8a812057638b91526bfd5,aba11745ab4655d4173780175dd27cadafed2b67,medium,1,1
20794,0c8665fefac6efc4630dd7a39ed31cfeb8224bba,892cdf6ff6cf3be9e8feffa01cc08c882f271d5f,high,0,0
20803,8a111e41cdaab41b045ec48c59c973cce7e92389,06af39f55c9d1bb2cb02e9bb65aa594d7f686b49,low,0,0
20808,a5e9c358a9e7f10775fe58fe6775d010c6b3363b,da9fe2dd6573c3ad03aefc8a391a92e7a953ef8b,medium,1,1
20809,36e03989af711127b8e312a6a7cb657270d356fd,b2bd102dc62a38c5339f199da0f1d443c57434ac,low,1,1
20811,bbd469815dd8b8e9f41fb2ea64aada547e4e9d82,1888c7f0071f22d85368b507dffa11c6d1abe9f2,low,0,0
20819,3bc9324f8ea43a05ce1759e6270dd34fb598e4c0,8a07618b20292378e976f5ee3fb288626b9c9033,low,1,1
20820,2810b65e39aa271fb973d331b46b1b235ff3e25b,6c25ba752c6b43947926593fa9569965a996fec6,low,1,1
20822,ca667b8e2613bc2469ebc66b8a1d4292d081fd50,fb3fbe5ee3c75a99b4af9436d6a33fb1d5ebdfc5,high,0,0
20823,6e41ae63e871aaa5a754b41a4e869ccab08f6148,e758fcd4c87b4e11a88446e36b2f8eb88a657c51,low,0,0
20824,f8d5c2658bb6e89f7a117b2209fc292e02408d12,ff4feae29e37c0cef72f7895a96b80a91214030d,medium,1,1
20825,6f180403e1e6bec62758738dcac12245a776ee4a,8bac750e4dbc4d51794ae12cd1a240fd72a67fe3,medium,1,1
20826,1176f0d39cb125145cfd919a524b343f5d0941fe,909776f34bb8883cd201277042a1fee1e8fc0782,medium,0,0
20831,c18888690dbe1ea49a021cf8bc1a773b1d222a10,dd6e686b025d06f08291d0a4d81aa248608e332f,medium,0,0
20834,1c294014aa089a92f8ba2105d77600f4c2529d51,b27bc455c8efbe7b9c6cb896d87015c488ad4c43,medium,1,1
20836,80aaed8403e3c040df8c249fa2b693b7022a681a,17216f0c9246c5e48a25e5e697a5c4cc31b6d029,high,0,0
20838,8c8c9d319dd0adef78d9dd3ba364359c8d6eef13,77ed3dc2c49912e8b5c047ba1fd1c719d5490cb5,high,1,1
20846,16ad2fdac5455ad15b3c6014147abdce2400b9af,542733268a5566955510f076fb9e574ee9a455d1,high,1,1
20848,39dd71717e67d383c882743823ad39a036735aca,986aa0d536470afc1edfb6bcdd9e7db9aba9aa43,medium,1,1
20852,1cd3f9ed86698d75a8e2b7363de27222f7707b31,eb6070bb0bdfa639c44f682eb26136e82d0d5c5d,medium,0,0
20855,121050a7073291f37c975087202aef55f8f59f42,37823ecc0034885cdccf9998de279e902eb73bbe,low,0,0
20858,6d2950eb76c4ef3c4e3b436ad0a5ca107ef83916,256d1b5f77b7cbf8f45ac667ffe09a251f51867d,medium,0,0
20863,278ada61b9d6c8020ec15186bfa780e68a74eb37,a47ac4bf180ea76b476ae029173c128d3e126c27,high,1,1
20864,e4c109644f390be626028895727781d3660c5e51,140c1e9eb9f4061ddc54752accb3165a6a5067dc,medium,0,0
20866,ca715b749f5b4729d24b74b5d404ba9a9fefc72f,31dac3bdd42f1e60d1bccdc7b4b7d499f88d27e3,medium,0,0
20873,f28b08b671a3fc1162ecb9044e6838ddf71d48c7,2fceace5470a4ad38c7fe785a4ec32fa8c02e0dc,low,1,1
20874,061748e31dea3034ab6e3da9ddd014f91767a665,fd45723de7c03a340ede5c095364798edcc4bff4,high,1,1
20876,2dc0363cb0bb5bc74bf413606dec99c6ea75b2e0,dd880b4beed5e522b15f14e3abfe6b55b40e95a7,high,0,0
20879,1537534517904eb6e8549091b990c05f1fc07ede,71ee626e0d2db78cadf24390213fbb6a1860b862,medium,1,1
20883,83390d2215086b6e0a24ccc5d95fd4cbeb1f7eea,e3b40e2280265fd3a3549bd813d6f475cfd20d87,medium,0,0
20886,0b53994bbd7c514ff32ee16eb592a4359fb3809d,8999d4e5e230e6c34cf6f15925caaaa257c48c1c,medium,1,1
20898,f3c4275e4dfd53e86f65672aa5548cf364ede9fa,12425a28432fc743267b5dade30171b9a48fbdbd,low,0,0
20901,91d2364ce95e700033b80923ff66cd09b7b7a084,11a59e3b5c2392cc986f1acd1b9ff07f47601a72,low,1,1
20903,d1949805eb254b2c16f0227585bb92199351906f,4b429520bb349fec223b530924c25f4a2d74efce,low,0,0
20905,ec741a47bc41915bce6e65074a6fc6dfb38dc4bc,146d3fcf64cb734fff4074aff7e4e0a93cb6897d,medium,0,0
20906,9826dbe7a5964ea4eeacbf6b79774e7545a343c6,06425daeffff839ba352da917cbed443fed3aa66,medium,0,0
20913,e6c9d36ae5226814916487d02628b5905507a481,d22fa6971b61258275cdb8f6d535bd066e427ca3,high,0,0
20923,62376962faaf7ee1eda84eca86fabdf52ca67c89,ad0dee27746e59daef07131f3c0b216615d64414,medium,1,1
20928,be27529f9637e8decdd1dc9c66cf49b3dfb0ab5c,5c1ce0d20115093f9d9cca3f11413d34b6916f2b,high,0,0
20933,270a989131c22a381f13b2aa82ce0cec8fb2c24e,b0ac53c03827f40a841ff22c1e24167cc914dc67,medium,0,0
20935,ebfabd60412846b4e960fd9571f730739507fa36,9cb849c8f6cc464af14beeee0b91cb527b80f653,medium,1,1
20936,43bf2d53ab3429bee5b809d4f8b9611d51c28173,a4056f1d9b3ab71fcca585192f1c545ba271b082,medium,0,0
20938,b6c74d07c53d775948f192de13014d0d3896cd03,80de9fb5b65c06d50d94296076428ab645197579,high,1,1
20939,acacc7df47accf1f74ef529af97f6d22d0556b97,26e2924705cd347b0a10af3facf40de97b8614c2,medium,0,0
20940,223470f93a59e1c95f37536bbc20e5ff0366024a,09924cfd25016ae7c136c141eefa658f37482449,high,1,1
20947,25261c7493153ab41a95687b764872297f83c6b9,02bbfd59ad59ad355850c2b5015d2d4ed9abacd0,medium,1,1
20950,1eb8edf86a674cec3d09636310836445ab25f559,fbcc015d49de87b3c5592f14714f31d94d97f4b3,medium,1,1
20952,16b9e191d16963bb18e75b2f3db8dad1a7e7afbe,519a4bda264c38bf9584a63cb183ec77b5b01266,medium,0,0
20955,2368956ea3958708b088cbaba61570e3d96c5ee1,7560b795c5a0285917cf12387f070895379fd57f,high,0,0
20960,f8c1742828b3dd5b8f370e4c43f8801b8da7f3fa,da53d63c0995570dd9e55c0aacb7d5eee3206219,low,1,1
20961,79a44d89210918a15d4fb9cb2a288f32641d049e,5ea256af2da973ea996053a26ec1be3099e61b01,high,0,0
20963,44c059037725cb306cd39ac50c1f56b6ae83270f,16c8d2085f6ee2e51b8318f963fd7a7ac4ddb5e9,high,0,0
20970,3231365a4338b028542b883de314f7acd11cc473,fb5619a70b49d2d052e1e644b0542f05bb19f0b8,high,1,1
20971,d4d9a0b57c02cf8511d600a850314d299772f763,c87bf291e0c841a93a5840fc6f03c1defc0cb0c8,high,1,1
20973,454e485b28256d84c1e7cd5d9adbafc068c622bc,5ae1d1714d28e187700bdc2c528521aa9d14a4b5,medium,1,1
20975,afc9c05ef042644450857d9e390e8c9faffd2eda,22c99e13ece4ab6dd7be52ed28924ac6a1a55b58,high,1,1
20977,c14f8c7e00c4756847d341ff7319de72881efb45,290b7495ffc2519119f0825fd3af294d6089ac72,high,0,0
20981,7bcb74f95cb60f5a662981bdd57ddd83f91856bb,1325b9e213f00ae89d013e983810b85063db4120,medium,1,1
20982,504df8e537415765f8cee9f57b815c051ddb6407,10550d3a0a3a3192a208e3d72a43eb1368cd51a8,medium,1,1
20983,cfd0f5bf953ecfdf8e45c527d8e7f54c5f127219,ceb8ee69a4b4eaabad2f7c471f6a80e37fc1a320,high,0,0
20985,d9c068c681a2278b978e223ab980d7c07580ace5,b62a0c141092cc7795bf809a9cd6cb1efcad1be6,low,0,0
20991,5d2d9cecae9c41179bcf5f853dd73069d2ca61f4,358f8fabc479411247dfd02993df1d2e98a16d02,high,0,0
20999,6d0880980927aecda5874e8402f798c4512475cc,65a8f8d4772a3f5662248c036f0769740c44acc8,medium,1,1
21008,d1e39e084ce22fc9418b56cab40293b447647e19,3f5fe49ca268420ccfeac1456fc64edd70d071a1,medium,1,1
21009,65fb8a73e8d5d6d9af501d4b6d89036554be5b1e,cf614f18226d275b355d28f3306e176eaa53c4f5,medium,0,0
21013,ff7431706e87221c2e059237b25ad3130180466d,41c5a14b9615c32a09b15084cebca06d2a443c04,low,1,1
21016,18215a02c06c63db34630080b256ef187ff90603,210fdecc775cf9054aa66dbbe8232d437753c6c7,medium,0,0
21022,998e4108ab670fc791054215a8ca28e41fba9922,b921c24200e3ce9930b029aff92ea585eb74c3d1,low,0,0
21023,650c5acf35dfcc58dc37a88375478f4a676fc83e,ec5dc6c4dc56f6bc0e8d87023c111ffe23d5508c,medium,1,1
21026,43165f9e10f5f8a3c9a63690ef91f126c4afb8b1,cce04af9e27224a6eb807c9d833bc1a97352e5bd,low,1,1
21028,3448a85a50faf3aedee67eb41b2b24370d4133ac,8e5074fe8e91cda28e7caec06168ca378c883517,high,0,0
21031,40dc2064a34ac54682ccde5d93770d99422e16c3,bed3be325006bf1dea94316dc0aa9fe669cb3c6a,low,0,0
21033,28991af435aba0678914fcbe4ce95257a1eb40c3,f76848dc33c1d6859ffc04254615a61dc00cba58,high,1,1
21035,a454d182bcb4af080487c73e28c6737b20fdc658,1855664e14558c9e9bc8436a91dc34eee3cbf9d0,low,1,1
21044,6413483f534a45014c2a44c052e643c1f0c0c73f,9197d495410596e01c2958018617ef3523dcb2fe,medium,1,1
21045,d66cde36f468df3f4e1dfedfb9725d0d5374cf05,91ec11dea2adf586c868414073eff681f13a1ea4,medium,0,0
21048,54aa1a5430ba95054c1df5fe6b4d0b001d8134ce,e15ef3e6943468e3f6e6f6ef644d6618c675b5b3,medium,0,0
21052,2f69e6c84464407746711f39ca2d08fee0ca97ee,a0b01a239a4e47586666e3cd60cc3a1ca1096896,medium,0,0
21053,43c53dfd2b14fa392b4294ae268c05dc5f773fc3,327a042d0fb51b4e74f69e4ab2ce4093c7a029e3,medium,0,0
21054,ab0c6ee6a969053072996ef5ef63d013ffb38024,aa25be9c00ae912488a5dc8a509fe4a3916d1c1d,low,0,0
21059,defcc304d38edde78d1172d0de06558f68118417,34097351b4f1ae87af4ec51f994bc8c85f361493,medium,1,1
21060,60d081c879680673e928f2e857c32e094b20bb26,dea8defa6813d9707e9bfa7a2c9c54c527824858,medium,0,0
21063,dc6e969ddb03c41ccee308a86e894d6d11aac397,64ab296f6a4bac5c0d32c49becd74d2ccf8b4e11,medium,1,1
21067,857c1700779a09af96c6461ea3f7fbc8facf8f60,1284828a53283e6aae5e81a44721e242e790b077,low,1,1
21068,76c1d3e10e013d212746e7a760df892cd26d8985,5794f454a4489d0eec9716212b24183c9c61e950,low,0,0
21081,359d59dc08ec8a4acd907233bee37faa22853199,23aa743f12aca9e06485125597bafa7e47c001ec,medium,1,1
21082,fc902d1288d41cdef0979e836dd12e15e03941bc,f78530d7a3b69ae024f39d98e71bcc727e10d0eb,high,1,1
21084,befa2716e3b309ea86ce8882c98a8b7a46f20b75,fc7e1498f1b9aa61c1f744dbfaf7743f69068526,low,0,0
21090,556e39d86a1164490d7328724007a5b5591f2a04,ec61a85215343016f51a6a3f81bec3f6bb4354cf,medium,1,1
21092,410273431c5eab82c98e1087f58aa1b59b319bac,155b7fe1edb64cd5802f1af234828ff99bfddb4c,high,0,0
21095,29c4fc013cf29088c724cc3ff63f03de8e55df8a,0cd559552668b7abc6827e558a09218091a73d3a,medium,1,1
21097,1c03373473c957736a93f54aec8ea83fe735b045,e6b7581a6a60f5a611f22627dba0c71ade18a80a,medium,0,0
21100,90165135bc08ee67a3e2dd01543fca2951f7cf3f,ebd16187b2b07a2782ddcb3eec00a9d83023d6c8,medium,1,1
21108,e0846567d732bd2eef66b52ce08753331211f7dc,083d76edb7d3f2ce6da8814116058802f8422c86,high,1,1
21112,7944fb37589d6fb5e2223ba50d2780e942643ab8,83ab8cf013443fdb93b0dc78a875bba091f5724f,low,0,0
21114,be81c8d8675467b16bcf4e99a614ff5592bb6850,ed4fb6722fcc4a6acbb5be5194f3be6dec6617e5,medium,0,0
21119,8a0bcec57ae1f4a23c6311b486418edd5cd64451,903a588e8f0252e7598272cdd11d4f7ef0a85798,low,0,0
21123,5b8062d25cce56e0b5581814fb4c22898a369a77,50ea4c1c4575ff5f923386c8fb0929466f666361,medium,1,1
21124,83eaf9ef0eb99ecb0ef3de88650be16e707ffaf6,707c4ef95311142ec9467b05d9f384bc6c107b31,low,0,0
21141,7e2356d5e6de569f1ff92e82f452a795d4fab413,a24b38a974ae0e3b676edc84059f83528b07947a,medium,1,1
21143,e14c1804284abdb2b4345f3e5af0c4e85e4acbf7,42cf0e48b6fd893e77216226e858a6bae7dd3386,high,0,0
21145,1978a2977503c6779e426e1112a18f5a9ccc1b6d,59a9eb95ef2bbc680a87b4c378d45692e44e2a39,high,1,1
21147,fa5d588310040875c3250e49b871b46f0ec666ce,6dc12bb2c136db9a95f31f901982d2c82a42856c,low,1,1
21149,b8b600f46f3f7d889c446827e02ca3887d92dc2f,e58731aa3954bf299e676f84aaa5a41d0ea216f3,low,1,1
21151,c5805fa2df19d8915e55ada57505f9733c0d41a7,4ab6f4beb758b13702fd14615be5cfcc4d767b9d,high,0,0
21152,447bf0852855e8cb5141203d6abfc6c7c0c4bd9d,d59bb72bf403a0025227150932ac1130646332c3,medium,0,0
21154,20ac6288e7716a3adcd67a0751dd6b16db1246cc,f7a859a8a8dbad952f3ddfd461c92714cf643409,low,0,0
21155,05cc2f4ff2f7a67a356c954c8c7304fcc1bb44be,2cc753c191e4220b1d6702c368c1153b9c9dfe0c,high,0,0
21157,e4623adc8dbc073145ddff9a525bf0f418a3cbd5,86931e19ae7ed258ae2de300901482a992f0c7c4,high,1,1
21163,7dc7b426e527851f9dd44a937a6c6d75b9c1e3f1,0f61b6dc31b4f5516180c5a3ecb84c664da359c7,high,0,0
21167,1ee5613225dfd650aa0aaa553e77d27f88db2440,32eb9c6aedc252e9af0e8b005242f3049588473b,high,0,0
21183,8d8dd84c548abbe0f4d18d25285e2c5fc2457745,61fc1794b64dd9f5b44c239f452caf2d00602fe7,medium,1,1
21200,7fa02848150c501b544eb73966c119a34839a0d9,aeff4368a9938970d4f621fefa62a193ad99543a,medium,1,1
21207,c5ec371567e11f478b57ed91d1ecd0940a314525,d9b87dca6ff36ad11d901c4d06b6f6bf37d63761,high,0,0
21214,a3b2c18c6fab32a301762dfe58ef82dbc6d54ecb,51496255b6b91fcc0c90f2dd6db1d35d12363200,high,1,1
21219,6a8330d6f33c8497449ef5d91067733b773639bf,283179ce5a88482f9234f218a23b924f94445154,high,0,0
21223,6204c7acb055bdfadc5489087c10354499d2db85,769d351bce3b29383820bfd3f8b2485ec57b69e9,high,0,0
21231,9752cb4dcb9c93c8a11f3b44f53cccc545acea02,a3c7307328a71e3793d229c9accaabe2113dbf0e,high,1,1
21233,8e0a19b0e3c528d352c4fb34887614d03e263a44,26725c0a1854273d6927574d5f2357103eb67f87,high,0,0
21240,81db2e1a529ba9a46bc9380e1ce4702935162caa,473174e7e556d72f6b12195fb021a0e324800889,medium,0,0
21241,b844e92e47fb4c319672bb05407eeecd7182546a,bd3255b3da03e7431e84994213513fd145010910,medium,0,0
21245,8507bce3e49cc05e47d1d3824215b0551987de0b,b6fe2220888e2cc5b18e30885ac19d8895aa74c5,medium,0,0
21248,8a8b4a61d0a2e9d24e625bf4e5759d98a12ad59c,b50970e808b0e7d57fe8abce02e16ab274342696,high,0,0
21249,65385740ed71ebad7f58adfb39f858e70edacb28,0912c505ac16889230654475aa90e467d64ca7d2,high,1,1
21250,4b079cc41d6146637068b255d5d569eba1df12a3,e2054f5774dbc86375abb445cdd8063e8dde8bfd,low,1,1
21257,e70a61a891ef430a8a9778b4ef5be607bb7e31f2,9583722bfa5e5ed7048e1c4367d3703f2370c621,medium,0,0
21258,f7f8c93c0b74a07678be1c6d19b00ad045cd8808,fadeb6c755c39bbd29a746defc1830c7a4e82082,low,1,1
21259,d4450cc90e4ec378701c873e338cee9021cb88e3,b22e86572cce2bb3b7692bf163dada511528d3cf,medium,0,0
21262,389621300a819d38318d0d85503e57f0aab49f70,b29932bd96140bbe3631ba4b94e99b1825658ef7,medium,1,1
21265,6d070641adf9e5865aafb5811616e98ff60264f1,0a58f3a001951e0e6d2ac7cdec9560afb6e5225c,low,1,1
21268,fa5d588310040875c3250e49b871b46f0ec666ce,5f2bbbe50c1db538f2b8d0b61d1a52bad0d01768,low,1,1
21269,d7a0e1c82256e113b941ee231356094cccf9b259,9331fb302289b9aa81dcdf78d8a5586b89a51054,high,1,1
21270,3b1b4deb9db41ea1308476498d1a8e3365f88757,80a91bd9adc4aaf5e01aa94a87a0c4aa2578a23c,high,1,1
21277,f9f9f7c17c2d349b9a5bd163e19515edefa3a33b,c21c61fcd52851b218b3f23f093bc7930f75cdc9,low,0,0
21281,b5782d463a51d71e68501535d4a3cdb4481fb52c,ea351fe3a2d79894a94ba2c358a725e265fb5fe3,low,0,0
21285,20c74d86717fae2fed7e3bff901c465dc69873dc,9eb3ff955f9569dc6e5000e254a28ee3e904aa06,high,0,0
21286,83ba94ab4c784b4abc51f03b0c12ef4f44401354,b6ef45bed6bdb7189af94045d6cf5d0b39a9a1fa,medium,1,1
21290,0f1aa6c0824ca341b5b358bcf7e3ac617fad8218,c9c2181bb6ba77525b7027655ebd5356c6658692,low,0,0
21293,b1e7dc8e60f4bd496767f3d5ebdba0db0b7aa969,0a4c1f241e3b675b8dd0c4259eef84bc5e31dd58,medium,0,0
21295,09eba4d47561fd36628e31d5d3a4b598792b8639,33974e5af1ab35bdc70b9fad2caafb602cc35d9a,low,0,0
21296,d5f1858826438df5fb1d3cd65c324ada79cb6c91,5ef28e7ff9ed7ffdbfc1e0f86bd79370999e432f,high,0,0
21297,8f80c0c665299a97111d45763c7bad17d7c18c88,09a345db5bec4bf7c50eed20b15202496e4f712b,high,0,0
21300,9c3dece1933f3fefab86085ee0df12db87d9466c,c9b796368321493135e6017498eaefb84e448fe8,medium,1,1
21308,c45dca14d268c1aa9e6c30b1e2a2ec7f68e537ea,30c920055276ad2eae4dc49d3f55b446ae34fc0c,medium,1,1
21309,85b4cb946e0246643bb279d0f7f0896906aa4edf,e7c3bd454ad61ee0bd5675ce50ff4a07b9e3bb3c,high,0,0
21310,01ca072be88637319e9784581cfff75b33e0313a,e42f29c04ed4c16cfd7d2896b4f4374b6fb4b275,high,1,1
21313,ae318cab3d8821a577b795c0e421d4142c3c65f5,78ce214c59ff831b9aa39c9e3ad0f26c7de57ccc,high,1,1
21318,526dc8b1de87e53e3e3dfd632c86ccff1dc127f7,aaf43468f123ba5b0bb38e8a3dbdce79246e9fd0,medium,0,0
21320,5f303f022852b3993021dac8a549a0fdd907c460,58c417707d030def80359a26d7dca7abdc20c780,medium,0,0
21335,08a4808a153bc796df276b50818e6da9abd728a0,4925142057354355bf324e232314b4ae1125a914,medium,0,0
21340,367457319b33b3bfcfec8e2c93d04676a86a408f,2bef4f9bda92f21b9025b6fdca8c4f7646b65106,high,1,1
21341,d52b2fb9c24bcab750841a643ca08e0cd4897294,ff0812054be044647967cbe927b72494e8a9011b,medium,0,0
21344,7ba18be7838cc71e09328ae9fd7689b81c3e9430,1e5ed910459eb7f01458b0a955575cc18dec38ad,low,1,1
21346,bcfc23f6439e21cc6afed47bbc750c437cb2519b,3f9ef07693db22396a357f1cfa099ea5cd0b866c,medium,1,1
21359,2358b709989908b9159691f5ec27323be644dc5e,ac357633e59bc19a0cd7ae3a270eddb29e843864,low,1,1
21366,3c8ebb74038daae22631302bd4bc3121891bc628,089bf45f8224f1e82f2e53b2ebf616171931ae54,high,0,0
21369,0d3c2d9d33e59c2257a1d3eac70748d1388401dc,1c3d8eadc6845b4e0458771896ff2219f8ffa27c,high,1,1
21371,8a41b763d8989bfbc0c4af4208771daa1cf540b2,978d3f833e05f4ffa39cc81b9461989a715a5bc9,medium,0,0
21376,33f5df377bed32ff9754bd7100dad34e3bc45ef9,2ed3d6b407f2283a12578eecf9470e5647cf31a9,low,1,1
21380,8faa7a2ae5cb07c6382a762eae9b5883050ccb22,2b58c1962b4bc5e77d0e370d07eee2585b2690b4,high,0,0
21382,253374e3ed45c66e83cbdf93be229bf402d74900,95851f445e99d616f2509ff79eb0e51761d8dde9,medium,0,0
21383,0a5d2cfe3805b212dd86eccbc37d54e22773c645,b4629f9b74752dd1c7d4f2b5efe05cd3d93e8204,low,0,0
21384,4f3b150b3c843190f0ade1a9c557d6c3050645a0,d0f0ef6f84e91e8ec927e5cfc50e6c43b63cd3eb,high,1,1
21385,74268f7f1989b618087c38dc6aadd51e1836f817,3ba1c53f7258f852afb4ac7c743650d16cf38799,high,0,0
21388,b4ea6864fc23bc1ed00631aab9012a84272d153a,7cf835670177d90c563fc41f643a94dff6cda449,high,1,1
21389,e2daaf85f981f9fa9dcfd59975dec345fd0f5392,dd6ccf3c43ff6bdd8ea321f991148854bdc211eb,high,0,0
21395,1323535e7596d57ef0b632f4478b7292af782a2a,cd2d68cf5288bd426aefb2e0339ce28c0268f459,high,0,0
21396,780a2aa14a01f2043dd9bd680a9acf81a24c692e,004b7eae047a80b4e7ddfd81e4056ed727d2d5d1,high,0,0
21401,064a5823bc24df788a2289cbd4a018ce2950ce57,2dbd3e9d1529bbd040954a095a4aed9cd79eb5c6,low,0,0
21403,7aeb41162d3cbb2cbc339bdaa5470f66cc33e677,d35164e1fefc3a608a1304095f22eb7bb2ba28b2,high,1,1
21406,71a90e88bd9a09c4722965d96018f0bf0d4c9ee1,091f52129af9f0ebda94063b6d1df85c51aa44c2,medium,1,1
21408,0e4de0ffc8f5b6245f29cdf814717e032a3dfb23,678fc3b9ec4247fc3165d953eecfc1aab4141ef1,low,0,0
21411,ee04015e4b8f1fd53597a475d4d3fd4c26c58a44,bd1e48902bae15855a5622fb31db112cb148b04d,high,0,0
21415,684f6616f091834286685c3d79eff51db743f356,15be22c76215bea12608d938ec12473feecdbfdd,low,1,1
21422,4c7e361402d4a0b99d612e79f882bd942df1ab40,d8cac99b2dceb2c1eb6002634a31b3424847aae7,high,1,1
21423,02ae2476519f5aafdbf0d27d9196bac355a9d3be,1ef65ced0c13cc341f61092e6b396e270db446a2,medium,1,1
21425,09eba4d47561fd36628e31d5d3a4b598792b8639,b1a7305a50f42c4a27cb7660750f631a27b376ad,low,0,0
21427,9f0229af362b78bfd4d24f6eaca30adca916b468,ab31040037f0a2558e75c705b8b80679f596cf85,low,1,1
21431,1f226fe685e9fb8f6a6e415c895bd78d908ea721,102c02819ed2b87defb075d05af79bb16c74703f,low,1,1
21435,0b106c10a1df585f5843f5231603dd15546c9438,53df821f0f76fa9b16ce5e6604a26f7e0f5543ad,high,0,0
21439,9e1ac1e1df83fddf405b9aaa6249215fa7f9e822,ee99a02c871ad62024d6d35b079353ddaf761fd6,medium,1,1
21446,344e5eb50ef9218177bbbfbe1ca81c8db039ad4d,dbaf5d8e269434161c5077b5a54aff236d90db55,high,1,1
21448,efe534a4662431494517f8cee1770d680b0ed901,aa1f99f12b71fdae65d6322981d53ef3a099ba3f,high,1,1
21451,f7b4bd25a5f3514e03278c2f6ac3434d65154a10,f0602d6c0b4f07f642a20e6cd28be3df4dbb56b9,low,1,1
21454,8722d6bd95ff89316daecaa3b250fd302861b93b,e9ae98e9c0d537d545e8b86c8d63e1a74507ce90,medium,1,1
21455,b9cc61ff5777dca3de9bd94ef72fdc1b93b8d57b,edee92973bbde256f2b3333e37540962dd0fb222,low,1,1
21456,88d9603ffb418f49ff9670a6bea0c2fa77484783,52f585ac8546895f215c2721b7d4b653032be0e4,medium,0,0
21459,b1b79a4873da42d331da70e5508952c3759c18d0,4af2777aff193cefca9f905cc8991b3bf8249bde,high,1,1
21463,ff700adccb98bb448404540e5d49e9ac927858c6,467fd02a44c2f3974cba9b7051fb855080400c32,medium,0,0
21470,2692dd8e830631c0ce1364ed393db0df1f43354c,907cf53e69a3dd2db9d72fd3f03c57b6912f9ce9,high,1,1
21479,f6397427c0f9f7870cfb8cb2c1356cd5753d1c22,2f703e6fd7a2541029eca966455c7836e8cdba52,low,1,1
21485,49dced67936118d2aa15f75da5f65e77908e9a32,5e3ec89cf9b2c3e5c2c86a2c39da1b1ac3a8bad9,medium,0,0
21486,e801b1b77b83851c383490bee2887ff039ce5530,3cc340be509a0388e2c2e3a830ea63fb8ecfa8de,medium,0,0
21489,2d4070bc7e850a014d6c018f454901a80e635f54,356ca32bdba33e41afea7673b69356be0d5ee080,high,1,1
21492,c7804acb29701bd821beace0e4f93cdc5c9e378c,165f0ca884d721405ff3e160d1bdd19dbf446945,high,1,1
21498,7277e915d13c0323518d1b565492d8e22eff0788,a422e0fe0b9473409bd8183b87cd5a06025a7123,high,0,0
21504,5aaad953d02ebcf5e5ea8aef2a81bb68a782fd59,f2b53b306d9e70c612bbab9f71057952a325aafb,high,1,1
21505,ce8ae8e2ad53480c397f0aee966a229f252fedef,94f742cae6a47af224855c5d05bff44414cf4272,high,1,1
21510,ba1558400865f559c5f0ebd50326a6f9b48eee02,98a32cd1d6d93d044e8f121665392301dab94235,medium,0,0
21511,ed8e6c5f89241fd9fdbe4fde1bcf1624b1c98a8a,a0467b386afb4d66a67ad85e020609a8eee2c35a,medium,0,0
21512,90abaab36ed6b1705b1aef44696292b6c31be75d,d70ee70263c74de09e052dd2838349c47e65ddda,high,1,1
21515,cfbbe28ed88403d05c499af0855382720256563a,1d226bc389d1c0c06d9cb5ccc6b06fcc9185827e,low,0,0
21516,cd9831e0c396362b66c668ebee5c2b53fbdfac66,f4d9a4d902af1052bfbb8bf574535e2a3693c7e7,medium,1,1
21519,68c053903227d4535bf0d4e552cdd8f1c4390ac8,f757ca0d4ae36c32c45ba5864d0059894ed89132,high,0,0
21522,e4f75e1e5b8e77e759ee2578d5ab75b1f11ff685,854ab86805847a5bc4c5cdc94561ed7dba03a204,medium,0,0
21528,a406edfa993f2124f8989cd999f1db31f01ff1d7,b01c781f0356b6c7ea47aa279c33e62e09233a92,high,1,1
21541,34f7b4ac17f6a465bf2e7b993ef7d0ba35d4a334,af5de4e2d792891c093bb3a4a8180a66eb2bc18a,medium,0,0
21549,2e6265dc92bf9c5f00cddedc9330c681552d7c86,b16bb56edcc6fe017ceac42bad5c659e9f85d1e0,medium,0,0
21553,2a989228fa1b13c1651b853a58feecd94baff58e,9e278843abdda5c99b6ac3d9148abf802eae3b49,low,0,0
21555,f9cefa3b94e8967beb3b5a172431cf7dd7aed6be,f8326aa4da5da51cad90abe44f9824d94f1711db,high,1,1
21556,4f6d452e034d811d374e56bab26bfa9057f8bc2a,9e09fc8ef72b30411346fcb23ae61a8f1d179892,low,0,0
21560,b0e7901fab68e82f8b26a7b885e4d6399348d31c,6a9ad499599fa0deba49b726574ef3fad21f24c3,high,1,1
21570,3f7055dbf103436c609912aa00055b196dfa2a04,52bbe85def8cc5a3afae987f78faedff8bf810fb,medium,0,0
21574,83e424673228c3b895bc0570d2107588dd351252,d7ac7d86d3a8c36439e85b42ba16526810721c88,medium,0,0
21576,44114228bd4f34aee5d02c565bce1c103728d142,012b0ad8528dbb18e5b5e4d1ca0d5a378022bd69,high,1,1
21578,d204eb52244edbbc466f9b986b140c071b4b8b34,505e1a411dc465eb144bcd11458c1d06549e5da1,high,1,1
21579,675b6512eb5821ee4ce2ded213fcd49049db5026,2bc0dae6240b89a2b3ab9d37d3bffb2cb5c0baf0,high,0,0
21580,24ce3e7ba24d82028f6ad89f593b31d2b4f582b1,e799ee600a0a0babe8b5582727dc976d5d9b2801,low,1,1
21581,97aaa8365398e2c5905034775a72e4743298d98d,2d02257306b632eec26d111607577ab04dbffa4a,medium,1,1
21584,450cae69668c8e9526fddcbece1e3b850a325a02,c366c13f5adfd56a723d916b88d5d56645f9b703,medium,0,0
21585,6a4e70bcd59ab78464b39b077612f31c08957ed8,312740650b49e05afe9de7a3ba8fcc0a670a221f,high,1,1
21589,aa3ce6ea612fd9b5c6f7106fcdd33c162dc9dcf9,770891ccfc62c023b315310c634ffe48304cb8eb,high,0,0
21591,3518c96375d0110adf12945cd9f3c9242a7b3b37,d7ef9957b9526daaa0a57fbdd0f33a083d3e2c03,medium,1,1
21592,1807aa9ff513ccc22a74ce64d672aaa62a8f13de,82c51efb3b33bab94d750ed0aaad32ca63b58732,medium,1,1
21594,f20f376cf6e13012b7372c7327bdba0d74754b4f,bc561877d881bad71857344bc339f8c73387ccb7,high,1,1
21597,1e5142ead074a9f1c5826a6eb4d442460fae276c,c3e278309e1c0615d434df34d16e0a8541e50301,low,1,1
21599,a3999f7c0c454bb4860cbf2946b6a0065ce8d2ec,fad70e6dedabcdb43eb61ae80d933cb902095326,high,0,0
21600,c9f60d05737cc11b82b732c87afba71f12f75a52,bc43de3f9dd2a890f1cfe29df143b963cc8595e8,low,1,1
21602,5685fff5e4de19a2f4e8cfb2d352f7f1fc90036a,3d58c0b9e1545f4005fa572b05cb6997fb7cc4f0,medium,0,0
21603,28e84921a12082a2207ae89f75c63f9f4e673cd9,f81d16ecb83abdfc5a01fe707bf5eda7c6303490,medium,0,0
21605,b05c60b8d11140e3fe4b9384992c62cd40f3a411,cffd5c2cdec98973177bf914121ebe5fb19bd497,medium,1,1
21606,4c2413b033cdef49fadb89af0bd20b85e10c16f9,4fb4b543b19a8239dbda5eed3bfb16d9c69a8461,low,1,1
21611,e8fdb09848bc602dc6d1dba7a6e7ef00b2d9391f,f540e3387466aed60c633308a5e0c0a59c7d5196,high,1,1
21612,38daa265a6c39df5c3bca913d508152af105aa8c,dd815a2c75327b73991bc5385c26865e3efccf93,high,1,1
21613,5d25e0e835cdb16726926d0800f0eb170ad2dd3b,6d4561fa86787cf1cdcfe271b9cef3770454c017,high,0,0
21624,be6221c543cc9ee27a28a809e5d9b3b268dbba6d,13bfcea640895ae0d27e6f89727e5cadf9688d43,medium,0,0
21626,e54884accaa51cebade237c96d884d5665f564d9,aff2b93cadd30a06f9455d2ec689d548a7a5ecf0,high,0,0
21628,14259fd86c3ee883641c69a40f33c16f52642866,e99a2bcf620523539685b97a140515297a44b478,low,1,1
21630,7da4a6840455323f8171d6f142449cc324af3d93,29970f064b8d8ea7cc5f1ad77aced10bacf8f010,high,0,0
21636,8e0aadb06b2cdbd4043292d1e602d8f8b764c43b,4574f181f7d8d61ba571013bf2a89bcb5b05915b,high,1,1
21643,72210ba05d9004bf76aaa8568dfadf0b140f4fe8,fcca71154cbfcc4ea7fdf42297f313f33d97bed8,high,1,1
21646,d143735438dfa816292a5175969f8c4235acac20,4e199d1846645d213b8e33443c7fc2cd4a6d382f,low,0,0
21648,ddf99b7f03576c4d3eff9243d314cb539948773f,5b15482cb5e7367d9fa6d61a5a5e0add183eb03b,medium,1,1
21649,9b2e0605cc5deb5772923432644784ca6f80aeb5,8035753e61996379a48801a12f44f4f390a203a9,low,0,0
21651,14fc0a57d0803fb44c05bbf4abd9219205605e99,b584c7343405c3ad6d35c3f653bf091040929b0b,medium,0,0
21655,6a983764eb4f8fb0ecff89739d03af4d8ab9af85,8ec5273997d03d8f9cdb835c08e97885049890d4,medium,0,0
21657,7da95ac5c07ddbe6251f23b93d107952192211c7,144e1cae672c8d405f9ab3eef8af1b6fbe6f97dc,high,0,0
21662,19a0ed312bc2f9e32bbca4d99868048969276a03,6fe83a9a12f2fb6d573e039fdc9a106f932d60c9,medium,0,0
21667,310b985d84b11e88f2315bec7894b1689a11c964,f57bf42cb8008e061248ae2409bc519c7a3c1cfe,medium,1,1
21671,9d61793cc8b25c4a41597e6c174e219cdfbfd36b,6e2cb7bd40094e129fc4c15db9018466740477cf,low,0,0
21672,fddd76d7956a6a88f09d602edebc73fd272753a9,5d28bf1626d24ae3edc1b8037cfcc474d85daa70,high,0,0
21673,1cac9eea2a4df598695067455bd449c1a701c2a6,786b8fe7c43a4b21772f473614db4050b422af2a,medium,0,0
21674,fc8d1850eb0b3063af257df627516e2c42134e08,e2df8a5afb5547a379bef2ab7c650ebc11f2e3e9,high,1,1
21675,ca025c0024211faea26522e519e715387f237e68,9de65fdccc11fee28fdeafabd6e7a4327d960254,medium,1,1
21678,e2acfd063831b7d6c983d7354510cd5631785491,9fb3743439bb777cad9efdf2bbc3a8c0ea31370a,high,1,1
21680,7d65f7f34b1bc513b31cfa05186dd2a07408daba,2fc4f16087f09ac3e3c325da1887769336cb797e,medium,0,0
21681,6246ecc115fd5507fabee7a23280830428d05f42,d43f7f57f0605312b6fd8b2bc579de1ef07b9393,high,0,0
21684,5d8457cc9512acb4e755a4c959bdbad32d23134b,951d976fd0ddb66797730e25490c71db5176fd63,low,1,1
21685,c25083d93c1d06486eae20e2ffded1ee503e01c0,ad46ec7d847c104f9c5d2edc19696993921a2d32,medium,0,0
21687,78a043323383ffa09007fa4ab4eb0c8ca684c2b0,9944b60b7bc7575cdc2fe2fc0777931defbb5e61,high,0,0
21690,ec25565f5528c7a06eaa7bd1f3cddcd8188c15f0,999d7eb2be153a3b4e63552efe2d840ec14191b9,high,1,1
21692,06d0ddffeba5501000a1de35607b41e68a7bfc1f,98fe234f987aa05f7aa8fcd6653c3255b3191c1e,high,0,0
21705,1ee9f4e0e42814e6231e9767cd4415eb1d6b62dc,ab1d75d5372e0ef3f24e47f9b31c56420ead7f8d,medium,0,0
21707,c8cf1441c7ed89e423d6f3bfc0f4ff984e3d892c,5ff3d011d8ddb6fd3f9b3d9b2f2724c91ed33421,high,0,0
21708,f86a83178841e824905f0539a2e13c573c458127,8e07637d32ae422f6c4bf0b8bd5428437a18968e,medium,0,0
21715,bc48a7913c5dcb64546badc32f8c0b4a728a2213,bbd5e8e22851d9c32a1c3b9b65a23f3830de3e0c,medium,1,1
21717,3f451c50e182107bc7da6f18ef91f01fa34087c7,584a752e8006aa787095c35bbce497e4d88f5ae2,low,0,0
21721,4f01dee45fdabd19745c5f387521f43c84da119c,ea02b9587fc094fefb4a828d3e79cff089808867,high,0,0
21722,463b0be0ccb58a2d593b0c5cd22dc7dc734d6299,f3eb682cd264a79406ba384cf0f6c2829fc32bb6,medium,1,1
21724,11fb7403f0f076820dcdce8592180fd651beec2d,1f5b599270b04fd8b31a292851d0b2056b07bf00,high,0,0
21727,830a6ee5b9d5c947390333b30ccaa903f4929238,8ea0887ef0702b15d1e0eb67a0fd8957e0f06aa0,low,0,0
21732,df9c7ea03ef060105390df9a81e8db2a94a47c3f,df6ba5d3f43c88ab50a809de4d619cf04da25046,high,0,0
21736,679a952b0f993e995df82d5cf2f56cbecc7af4f7,4d6d7a6a33c534980854cac46b3eb20f7172394d,high,0,0
21739,da781347114001083e1f8392bf793cfef9652908,7d1967cf974f3919db9d55a5df50f1277feb4cf6,low,1,1
21740,e50ee9de7de9b427ab3847edd40b7a19aa4ab60f,abc8f45b6e51ce90ccdc06febd88a80926453ad3,medium,0,0
21741,1b567c9d89b7c266c16d0de9531b385cd7691c98,f577cdb69e0285b8e08ac9b056523f3c116bc882,low,0,0
21743,b4ea6864fc23bc1ed00631aab9012a84272d153a,a9dc9200175d8be292901a9ea5b28ce8f2f3a680,high,1,1
21745,b30e850f9a17cd50722cd3e5507c0e79c15c6b9c,d65bf4d5bc2aa24f9c317fe41b9cc4b2819292c0,high,1,1
21746,fed6451a62bab750f7625c7f16a5c3e66b6efdea,874dc15b6f90c1469de3f2dfebef56949f473f0f,high,1,1
21749,6c7b6d0c388bad1dfcb2e512ec114b4dc1bfbf83,e84a1490a5c3aa719a5294aeb479ec76949b6858,medium,1,1
21751,2938ff35a708080b5b65b0bc47f9299d64c972c7,2d3bc8229d42cf459a0745b0c1257706c67a65c5,medium,1,1
21753,119866c7c9af669a526483793e689dc4cc203900,7a288c7b8441de879ffd92958a6839ac178da288,high,1,1
21754,da0a497fab6c565e8fba25c43fb36642c4fbcfe6,5ac72600f136c7ca8d986c0e5866fafebb962dba,medium,1,1
21758,322daefe9bb0e7b862d314fa25271dbbfb3e2b05,74a2cbe837910ad2b4ccf53aed3cb389f21b6e44,medium,1,1
21766,435f9878df79d66edb70ac605952641b3600fce5,048a011bae579e07c4962f2c48f2ba319554597c,high,1,1
21769,df7e2412c63732bd1104743455e297c14d8c76c1,42387c54e161445dfdcd7d9c107f3b1e2a876dfb,high,0,0
21772,17fa61b5a4f6a502c1c93f180adbff4561a0a3ce,b5398dfd61164fd94c9089bcb5d1d552e1083df7,medium,1,1
21775,8d1eb5c816b88eb9b543f3c286a7e0b3e01796b6,86cc9fe5966278530c41f34fa833abea024b5966,medium,1,1
21779,208c5510687a1bfed7b9558ba5a6251cf1071ce8,dee6d9e80641fd071ba1dd13d8c3cb0bfbc2dc58,low,0,0
21781,ef37a5e9a979fd9bc688e784ac0edb9d43b2d61d,62bf2cfbe7779e6e2241d7115a334cb6213ddb52,medium,1,1
21783,fd11bd000a943328b3694bf902ea1e6396a2a5a8,d35fe4918530fc2e9ce53c0cd1058c742bcf5aaf,high,0,0
21788,0ff30e70a408c107ca50524f9a6e149fde049d05,1e9e4220f029ac0c75d4307450f867d4e34533b4,high,1,1
21789,ac367c8ec4ef9f1522f7eab9173737c413fbd682,423a71851054e06f881d6428796a5167beabb0a9,high,1,1
21790,78b3d26fa9a49c1c8c84c33c5b1c03d7c298c03e,cf02a2adb39360300b8bb15fed8f71a6bb662174,high,1,1
21791,8208b321f7d5625efadd51cea11ca9911d60de3e,f682640ccbfd6b75757ac6f3b3002d0d76bb2e54,medium,0,0
21793,dc81c9598a04b3cafdd2ccb00e49bfac04021c98,7525f9e0035111515fe2fe7db972e6bacb690257,high,1,1
21794,b844e92e47fb4c319672bb05407eeecd7182546a,38b232eb50e6dec314da060f1625c494323f5760,medium,0,0
21795,2c4b39162e3717c257f4d3e1120c91cd27933d92,a55832e4e911b0ff02a6c4604afab4a2b38aabbe,high,1,1
21799,3e9e4b0ed01cc7ccb14f2a91bd118e7322430872,6b868883be65fc36817a0ca741e6c858438f5db7,medium,1,1
21801,ebd4bc445437beab82e05d08b55a8db5ec247173,f651841af74681289e7f0d30181d47483a7c4ea3,high,0,0
21802,9cae79fe2ee80eb979391a7fd0bbc12c74e464f0,633fe614e61378ff25bfcabc31872fb0be591cf7,low,1,1
21803,aaeb6b92da865a0538d87a5ce359f4dfc4034796,43e44f66cd9a0597b66d824fc5f8bf60b582265f,medium,0,0
21805,4103b1c27ae6f775eddfda974f58c8fa2a52a52f,556eb2559710c9063bec6567bc9e8ed0190f177d,medium,0,0
21817,162d3f8e2fea4a6196542c4b2e2fd88d2e758f2c,b853def89f677b0bf0a32177bd7c3d57c87de1e4,medium,0,0
21818,766136bd952a74de45b88129f1113644dc9d35bc,54d19cb04eb624ed21b870cad424c6b9224a9940,high,1,1
21819,64d3338494429eee3144e91b4000d854c075f448,5fed3f5bcfc6d68adb8c8c507b1fc229907ab6c2,high,1,1
21822,5341961be8dd359996a147e16894218352ba0713,1648213d19087ecb939dcc849d522b7d65c20480,low,1,1
21828,ffe52e6540b8dd0539dd65653312fe39b15d5601,42e727dbb95c6f4c058a51f09867cb1a9dc93790,low,0,0
21833,de965b5fd48bd04b9674dec153dd1bbdff26b65f,8b0a671012c1157be4590abf9b00d3330ba76dec,low,0,0
21849,2df2125edcd2ee71cf1dd978ea5d2825aef5e916,0af48439c97ac186da5332727e6fa35cbc630f2a,medium,0,0
21859,ecdc64c8ef69aa15dc9651235ae2ab638d31d22e,df05a85af0224667928df098e4f9c4e9bc530590,high,0,0
21861,ab531d6975e1c94593d3d83fd1507a4765d6fa34,adeb2a746e27f0c3d039f38aa7906e30b9d506ac,high,0,0
21863,e5f1b20a892189b13f53fc55568319e309e20b9a,425e893cf2bc390a95f16421af79f73b33f3dac3,high,0,0
21866,df663ff002f5c11c6ffdea358e0f8ec3b10c4643,4ceaa9373ce133a31a3d776db34562d9fb20e468,high,0,0
21876,ba231ea9ca03682cf5df867fac88cb86af2d5d93,19c896e48af374f2c303f0563e0a08ca100f874d,high,0,0
21884,33e7086b1a91635c2389afd9478616bae090ad96,17a74cdc54d311a1da88f6af3be99a235e5a409b,low,0,0
21885,79d6b2260dc1e11a0c4b027437ce69590926fd7a,8c10d418a0f09135b43f4951c6ba01511ea2d9c9,high,1,1
21886,00fad4cd6826c1bf437006ecb2518dfddc6a56ed,c36cc0bc6f9632c28ae61d94361f84d125e44c23,high,0,0
21890,9a7586e98fd46d8da0eaaa7c8b94f20dc14cd134,b1b05e985aae3d6d2e7c479c47e9c0763b6aad77,high,1,1
21892,249f4098536764e80128fd561c3b79b74efe21e9,5b6923209c1e5d552b8243fbccd22ccc90ca1cb2,medium,0,0
21893,c38cf3214ad9cd9358c5e9c0ebe9bec4277f0095,024dc1e88465616c6ea9425483303470e22e9a2d,low,1,1
21895,7906a19318772697239e630ba7ee63ac4d105883,46a59349d7efb3e8f8b085cc76cc2423282d954e,high,1,1
21896,7c4db593ffb394550e2497abe3c64a889e8e9727,80bbd8106de3c693e04afd57dcd53e695634feda,high,1,1
21901,82ac133be2c64ec95d0b157ddaf5a96c66f73e11,3e337bd516666fb5f7d65e02748394c0c2ef3b7b,high,0,0
21904,589d0fd24841192967347a8e3ed47a356aecd774,7d48bba5a05d1bf531f44954a5b0abb95890760a,high,1,1
21906,f84eaf26ad3367b2873b353a9f84f43bb3460fb3,1afce08fd2c424865f5ec36e356d4d26bb0085e5,low,0,0
21908,0cdd1d7959eed7e78ad30cf590c15189c74816d3,0e4579e180434bbf05a06ba54a94b356e67ba022,low,0,0
21910,2ba1cc233c36360cee869fa044c76fddda89a37e,8cbd6c829937939b8e15d107625948f6abea35e4,high,1,1
21914,f0e8491a985b23b485a4738550b6f0c64f26f1de,b874563ce8bce5a3f87ee3e62e1684db999d19f4,high,1,1
21919,2aa33702511c21b2e561a6298460449fe47da0e0,d9c1707593eae89d85ef0226aaaa705b97ff0db0,high,0,0
21922,b28255d4b491252400d61f8b4e5ba86bae14f85f,4fe25469c3526809dc92be5697719e2b348c72e6,medium,0,0
21923,888b68410429d7f0b3ad580bdc31548082b0d7a9,28e8f631a9a88dfcf9fd4c66338ed1c7f7d62cc4,high,1,1
21928,49f78c75128c22156032a8e71e3f0d812181cd2c,77c19a5ae0a94348a2d3f4fde6932ab5f2deaf30,low,1,1
21929,63f5a2ef2fee96cee879e85560d9e74c7907824b,613d8ac091de2dd5baac557ebe4382f122965f36,high,1,1
21932,0c8690e2a9a7d636b93f47401b27b6b82bfbdcd8,466edf434210b595933fb13ae0deb0f314d39e0d,medium,0,0
21933,8a9690733d73a7c3703335b3ae0c202ea3fa58a9,cb15b5965942df7874fd9d70aaaeccc5fcfcd29f,high,0,0
21934,393dd157535d36a7f2aa7a2503298e0b2486edf8,d07a2c2c08eb150fc9bcc452c50dad5f47386c64,low,1,1
21938,22b2dd6518a0c8987e5f9b20fdd7bb9e45923b8c,2e62178b81b79392a80124f042481e7ca7dee907,high,0,0
21940,2f29c1a17f5d3e6563a020d95a5128bb2458be60,491d7e3d7a5985c9614448664a78082d28a11b49,medium,1,1
21945,7bd7e9587ef22e64088bb2b59d978c42869f9e3b,22c5907c7ad4e357992d648f8312de0e3cf10b6a,medium,1,1
21946,594b7c1cd182936a25b6becceb4d60cbe436daa8,b3f20926cc5697ea706351462f3d98ad0b513186,high,1,1
21949,8a6b9455d62ec5522424f6705310d39a6b59298c,28700612fc2c5fb66fd084ce1f45d5b92f2d6dd5,medium,1,1
21950,57d808751a4f3ca4210cc0cdd804af1c4c89d650,0f1a6edc490cbd1e9d59abbd1c16a71506914813,medium,1,1
21954,891d04f7ec32440a66824d2f2564a4aed709867e,af6580e1d95d8071c2433c2ef752c67fa1337df0,low,1,1
21955,e3faec994e19a5231a1132a7bfc5d9304aca913b,f0af779e8125e41efc23dee9954566a402205175,medium,0,0
21956,8a8b4a61d0a2e9d24e625bf4e5759d98a12ad59c,e7aa4a04a6b162d1e0d9d89866f25172dcd7c2fb,high,0,0
21962,a8cb8e54c0b31f1b3de3b85fcebddd0f5448e884,05b548049b928e1549b3e110e4ec120107189d33,high,1,1
21968,8dbd5d1f5041e6c77959aabeca31f43041e443df,75a1582ecfe2e3ee8bc4261b885f100cff99ad96,high,0,0
21969,8672a5b6ec9e6af1615c50a3ad571e3b1fc4d033,30a876a3e501de7f6d7e389b430224ec06519ecc,low,1,1
21974,876f0aa661e666b0007a1ac7595d8060d8bbdf6e,e7e63d4fbd65c593778eeb0523f143996bdd5a16,low,1,1
21975,1b9b73fc34a9537d6161d4f61b4be8f99f4eabd9,add295b4ed37a5778475200da8daaf96d009d2ee,high,0,0
21980,08ec5ff6db93dd9308557ff7c4fb87f5f6691100,38a4a91a63d6b5240629757b43d324dc32004a69,medium,1,1
21986,95978214b0e72f5deec334bc4c70de5556297b6a,de663a97ea7fa5cb7d3a18fee142e744e4621997,low,1,1
21991,c6961eff2177822005a19c743702f7bdafc637f2,a6e7f31f9ee0866e71abbac1f7405417eac8ec54,low,1,1
21996,edc5ee9afc1ec5dc118dfe830f148065cd18908b,4f62d057a7272e012fb26b2874a709b1b1a524cf,medium,0,0
21997,960f831d6a163d0889e60dd16509bebcfd89aebf,085d0757d9370a450492ee8ce2c32fb1b7451d9e,medium,1,1
22001,41622e97e36cef52c2d6d17dcd59364d30061667,5d28aedae1ae1c418fe2eb04bfdd3d39ad0c0765,low,1,1
22003,eb7b13fa64daf6dfe56f52ecd6f878f0b26abf77,e7818dea9d3a2fb01ae12918fe74cae5f4cad29d,low,1,1
22005,f997e195e9fba01000bc9f15b5865b6bc0dee538,5b749a63fb30de31873e8accabe9cdfaf7c4dbeb,low,0,0
22006,1351100e33e96235b013529bc11fcae9b0e7d37f,771af9d9f53986c186014fb17c6caa19dd39eefc,high,0,0
22013,1b5b2d82824aabbfdefb5d14dfac95ba2eb61c4c,62e533b5640ea44b2a05b082066a408a64610ff7,medium,1,1
22014,10ae104411c095b1c0f757a9396eda2a724a417c,fe72779408c039aa0403586ad1616a92acfa47f1,high,0,0
22015,f20f376cf6e13012b7372c7327bdba0d74754b4f,c734ae067495bfcce045f76be5fdc7236fa40a01,high,1,1
22016,296ab5af0911c4ee7cc5fc484d6d8bf156f18d7b,57bce837d0e7b48955c90c61f641343adac299f9,low,1,1
22017,12c0f91596503348e05d5b2cfb4b4987c627497b,5a3800a89cbc82b7df69801df8ad040749ef8825,medium,0,0
22018,c50d89c91af6cb50aa637dcd079427840f921240,00d44845f2b0b6a97ad7c5a6aff75b2154c4b0b4,low,0,0
22021,41dfda946050d817354607e7b146dc05f1801472,6eb75bff2fd5a987e5ca472c200f77868ff6336b,low,1,1
22023,6b325027e522ba3164eee2551c2e7ff7641c7a93,f08f2b7b5979c2738c015f45437288d4deab2506,low,1,1
22025,8a3918247cec363d9234981836441787a26318f4,217ffe29ea0ec4082a5c87f0a2e0a00a26be9963,high,0,0
22026,4f9048145518c4a3be4e2b662c4ac42a87767368,ec610469dae115b37fb2e747fa8059e7b343ee5e,high,0,0
22027,6004c7fa42213d87e91a3c2c96e31799b079c60f,4ac7c60c42cd10fc2821f97bfb8262bed160d46a,low,0,0
22031,bc3c8614408e1c72ebc8fbbec3dd0fd2300c19db,eb7b34744952dab250cb5d43283f9d4e4d4657f8,high,1,1
22032,594b7c1cd182936a25b6becceb4d60cbe436daa8,0fe6a65b7594086a6c3cad98259b0ed4bff378ad,high,1,1
22040,75ee3706e83ba186bedb27232439b644a82f7972,326e8d912fc24a9fae5f708142ad06ce162213bc,high,0,0
22042,10a8c7b0f0557a2999c63db64634c44092c32fe0,9887d4833a9f33d0918f7efecb9a2239e0155b61,medium,0,0
22046,5925a10de623bd95179e19b73f22730a0941d22d,7d0551678d1fdc251b71e6ce2d43b95b0074c845,high,1,1
22049,fc643a49e25109c83ba5c75d22826af1620a9f1a,144b3a4af8dcc83c3b281aaec363384d813ef5d8,low,0,0
22050,fc6d71753919b40235678796f5306bd5c3cb8789,91b00b3a04ca54f94c9a0bb5dd12657bad8683e9,medium,1,1
22055,9b66df7b12df965e54b888578172d0192d492316,fd8612570c5cd80153ed5f7af4f76a8f072f0141,medium,1,1
22058,82ade92391b68a8eeb2bc4d0cf828dba6ebd2b80,e522b76d82557224fc59a6ecef8ac8f7f2460485,medium,1,1
22060,47153eb5120014c48f40894e78ad2923a52e8bd1,5214e1dd85c25405e6726902578bba766ee9c048,high,0,0
22061,4ccd9eeef1cdd8c78afb5fb5009ba9fb55ca7231,8148b2da96c8ac6f494102cc31aced13a404cf41,medium,0,0
22062,d6f6594b1ed1f24544f36c60ef42a04343f168db,6f3b78774344976c5abf828b75647c2d32fd4c88,high,1,1
22063,69d43373c570fec8c8368296d5752d1b02246e63,f9a675f5185163f1e366154ee0d8881bd7e211fe,low,0,0
22064,ba18d9ff463f101e2b5d539a38e007b71322d80e,3dc49dca5e15a74f0861c28ff99443a5b30b85e1,low,0,0
22065,9a1b9887963e21935d8feed0d7a7bbd2c14b25c1,82171409aaa1365d92814de913e6524557445e49,medium,1,1
22071,255ee62105398ff19c45538ad7f1602ccdc18467,20ffc40109296d73b1b8de7d4b78011d7a5b1207,medium,1,1
22073,cdaa89b84a122f783dd0285091cf993c03d38081,8656946409d44eb65bc818000a66478b130a284a,medium,1,1
22077,123d9f139d847567307133876dfd71ee2a241823,7569fdfdd150527c233e6ac08ab6c848c9eef82b,high,1,1
22079,5c07c4dea2edc800af1571e77a9451c0a73d9195,be35163aa7401e043ff76760a546ee639c6c4779,high,0,0
22082,69175236150b2d448da80150f4852b159f30b0c9,5f98805d56085cf925535296ae92222b79cf68c8,high,0,0
22083,7324528d6c01fb40464ca4c34a9e2d4617b6e928,f449f83d8e60bd47a63ace2242cf4147eb4707fa,medium,0,0
22086,befa2716e3b309ea86ce8882c98a8b7a46f20b75,87139c1009d6be2f078a758844b1e41b36c06952,low,0,0
22088,fb69b54ed51de39227080341f802bc8bf6a28b2e,ad14c56305a3b11f7788114ecd1b38cbf989e27d,low,0,0
22090,cbd1873c0e88b06363055b56969172227c0d104a,5368f5eb80e5b214825536c3204e0df7a6792616,medium,0,0
22092,48b07c3c8d9979fb1836eedfb4fe3976310ddf41,8e155fbc6abb31b9696b337a41ca61455d24aa86,medium,0,0
22093,8054eb8a1063ecded3d379067e5a07f9c5ee8c88,29bf0d15a24bac799326020a85c550e822719d66,high,0,0
22096,b3922174064ce56535b6c1f9eda86678cb487375,2ff70154b8ad45babf3758e1e88c5fa9628c08bc,medium,0,0
22100,0290f54be4989a72997d748a86e29c69d8d24724,10350df2127e43508d1ccf724982886291eddb40,high,1,1
22104,4fe05701a6141cfbfe9d32fb5dce0c8f0ff8c791,143548b49e877af71e33c16e4deaca5c9eab90d8,low,1,1
22105,ed8e6c5f89241fd9fdbe4fde1bcf1624b1c98a8a,8c859561d2a5a8b87a150ff966d849ec113cb213,medium,0,0
22107,56d0cd4a667f660176322d33b46536b8beea2d68,dc071ae4ee8d4d249ea35568ca83db7d34452e55,high,0,0
22108,d61d56fd05b2d3b11d0857c13da81a6c54fbe453,9fa12f95fe7e6fa765e224b3dee58084ac72da5d,medium,1,1
22109,91c6fcc8c29b7ebcc5f2dec6c62c5f6ab9b2f351,1903e14ac52ed138bcacfbbbb69b5702a1ef68d1,medium,0,0
22118,225aac77b99ce9fae16b5e04a9f9d659572af08b,7ecb36252582aff4426fe986c8a4a9a655390045,high,1,1
22119,913e93e873aaadb95f8ea20149727de78dd40da8,af312294b74b217d822dcb4b0d9346567034e7e7,high,0,0
22122,c74197a1237c0afdd7f64bf2a789a7e5b1e133a2,309c9e93e911459dc7d0725a8d2806feb9ec4320,medium,0,0
22123,a6758bc69a7de4ce86a5da44bb85b27f3fbc45e3,33a1a630ce839ddd83408d5da4646dd5b4eccdd0,medium,1,1
22127,253374e3ed45c66e83cbdf93be229bf402d74900,b507c5d4d3e668dd3e74683fe33b6c9361f8e3fc,medium,0,0
22130,0503db382e535d864fa678e3fecc0dd8171c6fa3,d5435a6ce57bbbf9cbfede9a0917b4849368fdbc,medium,0,0
22131,908311ac858cab35bfd12dc35cb8a9619dd19dc1,1c86bdb03cb8c9582e3bfd6048d4745d40eeb947,high,1,1
22133,48a7c9a4febc923eefb91b039a804a085a08ae59,431692a6e88a2e6bb1f1527174c8f42918df058d,high,0,0
22138,874bed1e82dc5729bf7aebfefda2146169037cd9,4b8c2dd36973dde7b8e00d7965a4f6fdbcb3f619,medium,1,1
22139,2c77c4fe49084f7a6cd9f242cc7246cfe3cb7d78,a4bc6c8085ecacb3f2d9f4feda4331a5b0c504f3,high,0,0
22140,75854a8f8c824450e9807262ca6a13f952813d15,0b37b4c9e3c71a558908877323749740eb7ca09f,medium,1,1
22141,94bdaad16a983c7b60dad6babe2d16de2074e834,44907a2d21d02bbcb9cb7c9f08bc2ae0926800b9,medium,1,1
22148,7fcb8679fac9551c52dc9f6d22a83753705d81d4,05e7c57688ba3e4846c7ff29695305c3c26ce5da,high,1,1
22151,4882e422eaebc50d65d9be6477c49e87cc37cf15,5e730287099919c5d9c4baf2bd4dcb42385e6020,low,0,0
22153,24bb8d20a29bdfdfd1594f981bdd232e7356bc7d,76de5afcc8db6c84dad9ab863be7e44add10b5c5,high,0,0
22154,6947f1dfc48a4d463f56560e2c4ffc8064eeaf81,d9f18e753449dd63058b0183ccbb47a72468e50e,medium,0,0
22156,3dd77ac0377c86c22a68a2b415d90e68877d9115,96b0fa3ab234102ef72c4a11d7173d7e7c55aefb,medium,0,0
22159,cfe1b7ccecf096198fde94134e2453c80961bef1,9d58d4112c2449340fd7e008f5f81c743fc9366b,medium,0,0
22164,193a77adf6d0a032ff0d8dfaaa5281a7ac613ea8,54923b855959772fcb209d56a3d46419f19b2cc8,high,1,1
22168,0b106c10a1df585f5843f5231603dd15546c9438,33333406be3672205bce2fb33764f87b162f5627,high,0,0
22169,ec17661ba714cb2caacd4f5a9bab1c191e07c9ad,a7af01a384477daf855eed041d73b8b38fdbb662,low,0,0
22170,475f7a12df65f15639988ee1f215fd4867e3478c,d6d79864fa75e2f40dd7c777a08aaeeb401b61c4,medium,0,0
22183,8507bce3e49cc05e47d1d3824215b0551987de0b,215dbb5c9c020679e14fb0c906027f9764a9641e,medium,0,0
22193,5ecee98fa981c71aafbaa80f9501e25a26608fd2,e289b877cae0c5b1d7d4cb496ae732cb98d1f496,high,1,1
22194,a6a34091826791287f3159341f860f6deeede673,4d76ff02d2e2cf3881282ab4a9a18966d7b5dc2c,high,1,1
22195,82cb4d6a088102168153953b532ad128533525b4,60dd37ab262bbe279c650651d45d83a527afb986,medium,0,0
22198,a52f0a163dbfeeeafcb5d48c9fcfe0e21f13b547,14f871f8ea60591039fb32b91501bed77a0102f8,high,0,0
22199,ba13e4a05f6c8c6121945ae7143c551532772095,d52c7a89c3cc76726a3422f498eb7d36a203ae76,low,1,1
22201,99be190bb77bbea1d9d89a35239120fb0d4dd0f1,1e9226796f520a5b7ef1d0feed18160f93d911c4,low,0,0
22206,e45f4bc27ff93de6302f6b51f21e3ac0bb454bc5,f1a04314e279a1f3a878cebef99f0e27b5a9578d,medium,0,0
22211,8fb5a9228576b761027187b26856274d91e50e13,25c2ee05596873a9685cc7790ec61e57093fecb4,medium,1,1
22215,1a97e9320559eef4e9c390998a0c0658395d7109,4339fcf666451c4f46d50b622b93cf1e4460b01b,medium,1,1
22216,797fae3062f856b3cab4b5b44568f8fdc61b6a85,fe2e79cafcb0fc143c080ec72f35597d31fb57a6,low,0,0
22217,3143d0fcb76e8c90283e13849ce721b9417dda14,71e4ef546e9c0a4a0ab3b8e7287791209500dfaa,high,1,1
22219,ed8744fbb54cadbc364aabecfd341ea950937d20,5c4ff7a3f43dbfdb6b44393bbd23ec8b83099e2a,high,0,0
22221,ec266a1d97e37079d50d528bb5ab75ce66563f5a,0e277c2d56270125256c8f216300e22d64049112,medium,1,1
22227,123d9f139d847567307133876dfd71ee2a241823,a0a578ddd5f8c9f3dde330321c7eb6c528620bd2,high,1,1
22228,eab490f3519c9dca4753cdbfcffdf0c0d8d5b050,527db8cf511ef62082006f13e02ce06fff24314d,medium,0,0
22229,6f053ca1ae4adb22bd39391701b7e94b0d9d1f36,106690963c73a6b701b3a76ed1633297ae454b53,low,1,1
22231,cdff1ae2b0a777a856ba0c219f5c006db7235031,7b0fedb8a43635feb4702366f4cfde0ff90ac8e8,medium,0,0
22237,bf60320e13f1d7b33c4876d5d321d109f438899d,eeff11caddff09b1e2f441043a481a36a94c5816,high,0,0
22244,59c3fa35c6c366313c5a805d856393521a8ad3b1,b4058dd6622e2e7c9a99426bef2cffb4dcb20d14,high,1,1
22246,0c60b50d4955c778ec41296573d90ad718b0addf,9f2c5ffb6e502ad5fd2902491a90d4d25e8c55f9,medium,1,1
22250,a97a9ce742d2ae34ed2542d035b4d537526072dd,cab2025db43b1c62fb4a3cec1bd25c7f66d6ebc6,medium,1,1
22251,9aeb9a4bc733b6eed4f4f8629aeb3b073cb8bef7,fc53de33949832fe45c0bd3bec870152ed41e05a,high,1,1
22252,6bb1c002be27cda142c9acf3e931b266b630a663,ffa8fa025e88847ea1a895868d0e377269321f72,medium,0,0
22257,14fc0a57d0803fb44c05bbf4abd9219205605e99,bbc7bb270b8c1a7b2766e1feff81f13949712bce,medium,0,0
22259,e3e00abd811983e79044a033af72286e6cab9bad,5d591e3ef5f38a632c1c47aa7156d0ac2817e16c,medium,0,0
22260,b96fcfb29bd5824b4f750568bf95e5c94572c47b,0cd2777b3d51798037a99db29479e848c0de7be6,low,1,1
22261,714c338c059948bb1e9c3b01bf4bf42399f42ba8,517e5b7a9a9c95cf712b00683bac0e2eaf39a0fc,medium,0,0
22267,1ab0ae0d8b34b76581f7db0a40070416a5fb83f8,35608153323e824ad01a1d103d0007d9fd40354e,medium,1,1
22270,3b241b2867b54865989a7cd1dc85d054906f9062,4ca85fc9754e361568bdbbf249dba9e1bf81ceb0,high,0,0
22272,f1eccce437f6ce732f9bb01ff55e79c4755a7990,4af41e006c4cdf2bc1ddec0dd1edb54c05ad4edd,medium,0,0
22273,bd256ede9f388f7ee3c6e193e0f837b8e456dd4e,c2e8350b1ba19fe9ec43b3dae1d6650cf76d9274,high,0,0
22274,f3c4275e4dfd53e86f65672aa5548cf364ede9fa,70a13f9ce34f6390f3373a550c744b1e7d029ec7,low,0,0
22275,a2c63b95d997baf24e4eb4ae5f303e550f2dd081,cb9de73c3132e571498a750f5b14b9df5358de11,high,0,0
22277,80ce648304d9531523fa28dfd427f1724ab46a90,c5dc20e22f510ed200de7ca47cd6346266a7784d,low,0,0
22278,900712da8bb1c550fc70fe1adbbc9fe09f46a657,3e2e2f5fb281e2ee7f231f8b8f97287eba8423ec,medium,0,0
22282,d79173111a7cb190b2f1c93d73c2328662745de9,b903ee55b5b0c94ce484b673e99e002931f1c297,high,0,0
22284,decc0356c018ad6abd5c43cef8bec9ce5daee6b4,1bf34499bfa896bf021de32724d307a1f927502f,low,0,0
22285,f3c8bf5bb765fcaccd8a1fc5636e19bcd76b4df4,cd72e0ca2072ea7de46603f62df874fc88892f0c,medium,1,1
22289,4e8463b6f41d3bae5dd1b7df9993a888ee1f75a8,f61264ba07883ca124f1c6432654cf07d602cf83,high,1,1
22292,ffc7cb92cba29ec793c2410c699c8afda1cbdf23,3b17c5283bdab61de0528963657cc86aa5ed78c1,medium,0,0
22298,c69933a331cc6caf6149286d927435a6868be53a,e66edb287b4c49c95a7e2efe2a489354bc26ca4b,high,0,0
22300,133fd0125346b9cd8b2501e9728c8c906e9b05ae,57bd887737b06713452a2530f51d496cf2fb270e,medium,1,1
22301,fa61be9fbb81087cf439cd7aab0efb6b59914518,7ae8413a839f0775de603b3110628ea217020b13,low,1,1
22305,3071145fe116b5c4515e0b700cf862e057b27cdb,9ad93876f70c8dd769b1d2ea3b96883b2fe2a6ff,high,1,1
22306,3e9eaf0deae678175a7fbc701eb5ab9887f3ae2f,b27b6cff9ba53d2f17f660b23f9d86cc656c394d,medium,0,0
22308,d8ce1ebb8c9d69af449106bf5da01e99e1c901ff,057dabc9a4769ccda8337a9a36a047fde8ec3b01,low,1,1
22311,5a1d5a44814535f0a1045727f5e01f1c831052ca,44341ade30e7a85df8cdfbc106650b9e74709133,medium,0,0
22315,2ee4f5ed8c9c84d51df0cb15f294566749cc40b5,86abce36df9342eee4ee95c4449c406571242281,high,0,0
22321,4bd620bb620d255a34ef894e423197a4cc427433,83c4525226b7d4c6dc77dd0a4813835f248b1299,high,0,0
22322,850747586e73606eed0d44408b48dab21815af3b,a1ecd9a9a69f8bd8a6af32bd61dd42845a0890d0,low,0,0
22325,556e39d86a1164490d7328724007a5b5591f2a04,ead925c4bdf9f06a2dad65b7391048b3d617e062,medium,1,1
22327,4a3192f211c87d2006c464a0e14524a815c3abf2,04e52fe0d7e22a4d5ed8412f569c7117d6b0dbc3,low,1,1
22331,d3d5e41dd511b1593607b14c46c847050c8efadd,81866d98d80174348f46d2a3b8bbd7868385a11e,medium,0,0
22333,69049805fb110fbc89285b7f2ffd2843790d6044,e70638bd3c23968ac159d4bf4e674f154e6301ff,medium,0,0
22334,d35fa8a8bf536a6d32d2a4e99c347355ade68717,80df6e220a96095c7cbd7419dcaf2e2f69d69a0b,high,1,1
22336,e16f796ccfd855a80ce7d3b9562407ccc5c92234,e06c30312f43b5b162b1cdc106d6cad16e3757f2,high,0,0
22339,98aca6a712dcd46b7ceca9998fe7cf5c2e6601e8,e43feb685106b6caae7d383644cf4655fa8e682d,high,1,1
22343,daf41a1010f3af35f6a0f63701bfa08d7ae97df7,0dca97197101fc1c32b83bd43839a2fd0d6dcc62,medium,0,0
22344,2778dc4ba77e2e95ca5e4fb54e6093f83ab7262a,0453c3bd00d42d3b50e090d4c38db47e7bf1a665,low,0,0
22350,d2d072866c0f1722aba9a6912a7cd39f8318cd2b,50506710c3aefd8dbacf45400fbb081e7199e334,medium,1,1
22354,21e6ae6f176e82d2748b517fb13e1a2a39fe85ce,18ebaa978d38da67ee22a9d6bf8eae8c6dedf37c,medium,1,1
22355,04a5f323a801e2f00cc6aa2d808adfed04f362ee,50f71fe8ec07121f1ccd9cc57753c546e31fcca0,low,1,1
22362,ab2b3501de75e0b9df8cd682339e535657709032,738a0da2ac4703df0582421f8425db304a344a24,high,0,0
22363,00d65c172105573f09bfdcf270a94e80489847be,7d0ff89de434469363ea691ca7bd4d3906e83869,high,1,1
22366,2e03bbc854a4a9ed2e2bc4a13c49a1abc5f0ae9d,5032410c5a13471de919cc600bc43c0556daf796,high,1,1
22368,334f7927ca39192eeb0687039c337cb3392c675b,c0a6a6342c5fb8120669d14350f57ad10210907c,low,1,1
22369,02a947db9e92c904af254a36f3f55b7bba3d1053,b430152ff731ea3e6d03377ebc865d1ded30859b,high,0,0
22370,7874e3dca921efc1d2c37823ab4194d6a5df0ecd,3ad2c910c76c78be0dc41f2ed0e029b8cb73f5d1,high,1,1
22371,d41075d3ead0d1f20636520c0481691497310e23,c8e6c700e97c97c483140ab4f1a9583f5639f04f,low,0,0
22374,40ac5238a5a11c7e618abfbe23af7aa28f4afa3f,c9e295bc366926aca044b9d8e4853355b60cd4a2,high,0,0
22376,4a9a866574bfa5b50edd162964c619760538acea,4c9a3a5d81feebc2a34c5ef2d20acc86c1369bac,high,1,1
22377,b6cbe048bd87164e77f7fcd1f96ad7a801c3e1d6,65a6a85f350854efac118be33bcd6848f7a9f741,high,0,0
22380,f6f837bfa8ec6e8fba8ec7f3e9ea127929aef993,b08adbadb736aba23ce94355fe7c795883ac29aa,low,0,0
22381,eacf5cf208320a61d8f87d6545f28bcd5e50c704,26c6f49fca2e98e1cdb23fc1ef6c0460ee7a27bd,medium,0,0
22382,314cfca557cf34edd28f810b279160205c42973d,82c4e59d787fcd8be01d9ed34fce45b316986379,high,0,0
22385,3103463fa7ec894cc1964824d5dcde53989e82c0,9c731c5601bdfedc846a802dd69785f831008beb,medium,0,0
22388,908e6ca1781436f44e376b5247b2acae808e3576,6efb12aaecf2af727eba48344d147075cbeec04b,low,1,1
22389,6577fc18bb144cbc3491447aab7a5220a1cfc9c1,0a9efd6ac5c5f002c062a3e592ada3df4e8b269b,high,0,0
22392,61fbd26a6a955d35a9c8de9fba7aa617f2e7b098,9c56b75da806a1b8e5836bccb67dc0bab38d2117,low,0,0
22393,bbfd92c2a73affcc41963b6cd74949bc73c7780b,91647a7d3a0d83763f285f5c3c243e3e3ff998b1,high,1,1
22394,78c6f5dbac1b63c39c7264a190bef0c76297385a,202e710cea5455e2ddb70d4a336b93cb6ad997a2,medium,0,0
22396,7f791428114e0920422d483864efb22a07594cd3,de6ef2e48f7827ab2f7ae8331c89995e4a9d0673,high,0,0
22401,125fc48f4bf79966c9c4adb80adbc06e9a234d72,7a918c771a159783d03cb1bf8e333c64ae135a00,low,1,1
22408,326ccff280fedc189fe4c00784cdb83fa332eb97,02afc8032c9216f92ea462bbc19691403c2dd2ce,medium,0,0
22409,a3f2a3aaba0a8fc034e873d61e9530ada0905531,c5a0b2e7adb7993d075b51d9ac07eb2ad7422521,high,1,1
22413,c2a01d557be6120d1a15f888ed24dc6d43e770c2,841e95941568191799178dc21e047268d2f01089,high,0,0
22415,cb7c0078af48e2f60e88a79e4019e73b0c7f4ec2,e074565568fe7b13894ca176b25e6efa5f5a62f7,low,0,0
22416,e664a297692cc9cff5e73cb3da7dbe42ec917273,7b757e2df8fa91e644b6143aabd72993d5ad8698,high,0,0
22417,d8cb73bd1c189a35587d4fed11b3627390eee1a3,c3204c1e5387d2f895a1ad97f8ef3b25a39e8f95,medium,1,1
22424,6999980bab81577c5ce8cb411a578450cbe8a33f,0b1f0b654d38725dd0e23bf7014da5e251b2c101,medium,1,1
22425,08ea339b165dc9c84e41c491283238aed5f0c56f,2f7fe4823eecb216ce4d2c5d88fd0c17b6ed360a,high,1,1
22428,8c8902ceb38aa13cee376eb6ed1c03fab7920743,7f30a9cbf24a9ace114c7286a0fac8bdf0fe5c84,high,0,0
22430,d22285907462c068effb18192719069f5ee7bc5c,52c639dc1b531e81f0398145afa525ae33c45774,medium,1,1
22435,30e7963321b0cf9a8ce1f7109e8453e52c8a8217,25c7d41ea34d033275a732ba262b6b8616e0c832,high,0,0
22444,e5c5e489a7bdff8917e5767e86274ff963ab10ac,0fb896fbc7cceff674e1b99ffbf01c77093c7dff,low,1,1
22446,a20985fc6dd72f8e5fef22383c3760a1e1223bd3,cc67922ff023936d49ca4b2320d4f912df04795d,medium,1,1
22447,6a29ae6f05f4e3b6df3169fc35b8be33f65065b2,869c883233ae7efe0ccda8e02e13af6569e7d0bf,high,0,0
22449,149229b0bea33aca7909486e4a3d020931960f46,1effa416765ebf0b423276039a26c403b4395731,low,0,0
22450,ed288106698c2a099f7b4709222a8932e4bfb874,c82589b1b7d2d64eb06e854be6d4a9a96ff5798a,high,0,0
22455,2e5832fa6dd0628eb87119e5ea73d45bbb1c2d81,fc2a5f7bbfdf2613aa05b6045d476ab8bc6ba7ef,high,1,1
22456,29ea8a6d3a3b265fba843851003c718ccf01bef9,062e41307b7b42f726007b03bb3e7a2e3b56ecfd,medium,0,0
22457,0f160b400665ebe8ee8aae41860463c353033a8b,647d4a9a7bd308fe1cace0687a36b5613cc6b416,high,0,0
22461,18dcee793bb3a78ce412c6f45c8901dad1df54ec,9c7af149701f416cc4c7806988f2eed854f6eb52,medium,1,1
22466,b0fca87e66bf5c74a543950a4dcd6b5b684b3e53,74f713941515cce5ad6c3e5274d17e4410b8fc4a,high,0,0
22468,7c0e4b4dddda2e386ac01f43be65a518036283b6,574cea333c7bde39743890d8a85292ce93cd1a53,medium,0,0
22469,80b6989c372c4ae3b177b32508cce8834abc1e9c,5f0fe9bda7705df07a362c1a435695bef96b6b54,high,1,1
22471,2e17ad106a61e7db01d260c80586d93ff097a1c7,fd75a1cd2d032e591a59d0d4a0bbffafeeb351e8,high,1,1
22475,c73fa01cf998e3ca56cceb889b3c0473d410112a,ecb9c766c6e328300ea8c4f4a92544fbcdce367d,high,1,1
22482,0a52207e74f62f70fe9724a9a3dc5b7335327eaf,8272dec4c2bcf5a7960e5a0899e23f12378d49ed,high,1,1
22485,b21439063f4acaf5a1045eda981306a0d7076df5,5dabbed784d54b9616925d5462b0f097c15a5943,high,0,0
22488,9db08f36e5015ebcfaa21114915856a715b3e6cc,3eec96b481f01ad64ee9f237f98d2101d3acfcf0,high,1,1
22491,d10d23e4e1735ee0995a70b42aeddbd72695161d,a49e31e6b8583c3afbf15cc61ab27579ab891dc6,low,1,1
22492,17ed8d31624778ae8008d9a8069264c9060dcc2a,4634dd9742a4168db64fcdc1790de2bae2754693,medium,1,1
22496,dd17b23742661e2e16082bef6613ea5bd66afb1c,a9f0a532b5db020618a3e4b6d3b846224e2242a6,medium,1,1
22499,d990d0b47848f3b3742ec306b7a2be5c3b24ac92,d034117b461e68e2a3b2aec1d24bd660de5e63f6,low,0,0
22500,e3489edd5a8473c17b532171f1f1f8b9f4f84aee,ebb2e887cec29cb661de1450243f2f8ef83f8193,medium,1,1
22510,4a870d81c8e21be2190de3dee2989523602ed0fa,309d2c1368db54c85359f89552e4ff57c2ffa736,high,1,1
22513,5470d3709ae4abf761e828f1b1fbb7b201325c3d,1e00cc3de9a791ff50d3b97b11181062394af6e2,high,1,1
22515,e629db70bfab4e2cc2bfe4a5aa4ea6cb3fe546fe,aac37879a280af19bb5069211f8c2cd714a5619d,low,0,0
22517,64758aacf28f456d34b6a0da2975ce6fbf299637,c1f5efb563b501e7336f1a26e6eb1f764c6681aa,medium,0,0
22518,9c3dece1933f3fefab86085ee0df12db87d9466c,78f82e99b7aeff1936e79716d4d91cc64a344a54,medium,1,1
22521,275bcf4b2452a0c5986901b59199099aa2e167ed,ecb616e45e222ba63ff904744892edf5f8d74a59,high,1,1
22526,f01dd9c3d7a3d375ff23c6064cb4ae179c0c3ce4,43a0f9e0a2d310e35bc2df9e8b84a8fbb3202757,medium,0,0
22529,aac0d76c2e3b3b9787a5ddd9da44614b55d757b1,7b436ea4923a863673bcb749e776c443071eec01,high,1,1
22530,23eeb0cdeb4a6f1ae363c12a68abcec757cf0ce3,82f32cfa892012275d13862641c5b1f1dd5f3c15,medium,1,1
22538,31df3e874fb7d5cac1b615a5a96c373526ae1b13,3d039b326495c4e637735ca1eec8766065ab09b4,high,0,0
22541,8607c5ae7a99d11332805bae8450d7e299f51a9a,0036071166fef159afbdaa0005cffe8ecbc80585,low,0,0
22545,e369e5b2b622e853c34e76d7b5b06e3b672f40ba,7a373077ddd985b0e581da484ca751915350ac20,medium,0,0
22546,0a52207e74f62f70fe9724a9a3dc5b7335327eaf,e8e7ea579b94a5f2d13223bda70c72128654c72f,high,1,1
22550,4231fa358d252c94cd83d78bd47bed43278f131e,1b770dd1f0b9c4a435355c9c0a2d36499591e3b6,medium,0,0
22552,286ff2813c8d48159ebaa469561ad4e972469a1d,585d9fc686fc4cc0687120484951bd6260a42857,high,1,1
22553,84a0434b3a754538a67baf502f5c5899c16fa546,e035020aadd84efa83e56b17d51da2e26d897ad4,medium,1,1
22555,b01ffc4b155234c304fa1b890ef03c66e97e782e,816fe98f10d5b6e4ab3327ed4aa855a5e3bbb5fd,low,0,0
22556,4761a22fc9e595c5c932a543d3bbbb12914ab1f5,1f6188eb9d2c9f8c0beabc573eac3bed1bf9559b,medium,0,0
22557,97afc9e1aea1ead42422faab1b39f45d28281d8b,7bb5648dd96267d60fb1bc7d353935b3cafd4425,low,0,0
22558,8f71555de279781222c7abb600d707588a5030cc,7f7cbf18ce2317cc6a3a19fc63b4f9566306f58c,medium,1,1
22559,e3fdcd96ac2dd595e9dd01cfb274fd716a184db5,1b4e21c639c9a4d938704f2299816c0de19184f5,medium,1,1
22560,7dac7e4c26e4cc00abb8482ca0114df631b0ca4e,17beb9f8b25ca92af48b8df708ae94d4cb3b4bef,medium,1,1
22561,e3b86ebe2007f0a6d103ce54134e76c5d503c11e,dd70ea04d4e6b6f8e20235bb6012411dae564f26,medium,1,1
22565,00c3a480db648b48ddbc5aea780227ccc8966c48,b3bc2b1b609869e19d3a73f05a6eddcb50d31f86,medium,0,0
22567,d8f951357b97dd62d647aca362e73049c8bda20f,550bce5ac0b7722952f6aeca18c9c2c4d07fec3c,medium,0,0
22580,235ff3a5d76762df29fadd5376aebcc4af3693a1,6c119e9d0f76710febf48bd7a0f7f3a459c26497,medium,0,0
22588,693962859edb856fde00b65ca10e326e5723e604,7c84f6be1beef609700a597eece0ff824a430cb2,low,1,1
22589,75446a0573c8ea52ad54abf01d249a25d56b6160,25519de59f41384ab7a861e26b77b7c690d09fcd,low,0,0
22591,6d6a3df1898bc38f3b826e6b5b9d7585dec2359a,21641f82beb2579ed028ea0018d4400eb661f7f1,high,0,0
22592,d2026a960f5e43cbc109ebf8b4141fa3c21c9a0d,1a683eea32b2da3ce74967e9351d5179abb150bf,high,1,1
22594,2e6d32a73a97d389c4086d02345b89e8849103f1,7e7ea5c04bce8f2cf9c15252bcc4539ce54d9b30,high,0,0
22595,59c268cb884c78ce2f8856b18e2357f145181b8a,d59f55a95462e55c231b66bf751fa4c70a0e210d,medium,0,0
22596,9864e2b3dfe8e7a8a13e52c7c9eda20cfc9f1ec6,60492b0a54e32b356ae6c9ceb0789004e4d35b47,medium,0,0
22597,6f4dba703ff9fbfd6568ee099b1a3aa57018db22,c45ec2a849faeed579d497400e61ca159b732237,medium,1,1
22601,e9f7e19df434f5b41bc051849f011f32e95f3470,a0877774d621d4aac454748412ffff77ae1c5c69,low,0,0
22602,292cbedb59576d87f01a20dac8f82f5a9b6475cc,ff76a9564bf3d131224eaaadfd12117db06918dc,low,0,0
22604,57d7e185342cca1e668f00bb24cc3a4a2eddd12c,eceeed998812d96f7cd7551a3e03f0ade76d040d,medium,0,0
22606,cb3c9324780b7691372b0f8bdf0378aae2949fbf,a8193dcb0415cb3bc6a6dbb8d7272bf4c6a8b046,medium,1,1
22607,0afe69f10f98152b634ccba410fe95cee98ca6c6,6c30f3c2877fbae04fe31108eb4fe60b40b2d961,medium,0,0
22610,39e457cda2a39aa7410209b5d15feb112560005c,d6c45cb049d681344e9ab57b8eab0101b00b9d9e,high,0,0
22611,60562f9396747e376d0cdc4b1894411e65aacfb0,df993fa957ace0803c42b9fc23d50dab6f0fda78,high,0,0
22619,4ce04f99ef7e791046cfcf9a68d950627e436b77,3c75565812173cdc19ceeadb2ff150b1c7c10c0b,medium,1,1
22623,4f01dee45fdabd19745c5f387521f43c84da119c,98bc071121feafc81d233e7940ef3d87755854c5,high,0,0
22625,6edb092eb86d515cb5c6dc05732daaa6f3e9cbcd,db2e169054fe05c0e668c2844995001d363a7cbb,high,0,0
22627,93a028d5cff954771375fc92820665af11521f9d,14a81f7fb26b37b19329718268d16172d94c62d4,high,1,1
22629,0c41e38023373dc0faf62a1ad974e99da9da663c,01027f3484e1b29dd7419ab522041824793b2c65,low,1,1
22638,80f5a6de74bd01de170ab1a4b3c5f0e8adfe7143,a191659409e258c50df50327bdcb98e7184acaa0,high,0,0
22640,bf3506e14b5dd119fd5be59015ae1280cc922028,93578cf04fc713f69a509ccc581fc1ef4d8cb8c0,high,0,0
22646,8cf7eb5308a9c024dfed36b9e082be4e7ff7ee7d,4e95bdb9e87c9592989aab53ef69199757ffb5d4,low,0,0
22648,74138e9b84cdafb371b3b4e794839160bb2b01ae,8a84ed7113b3d6d5deaed8411ab0a12b0e51b45a,low,0,0
22655,2de96bfc4929fa921e7f4e4ec046540de139b802,4e9fd6c3d4931d3d784626a979153cf6f68c6e00,medium,0,0
22663,c456f96a7be97e4988ed82db5319171b8f11c90f,78d330425050aa4405ee6d3b00c6f03180485110,medium,1,1
22665,555d4c1478b43f34962dcf81e4e10d727107b294,4ab0ee64a58b291476b4c82bada986452e77fa7b,low,0,0
22667,4260952be2e92c6f1ea70fd8afc9c69b4e6baec6,b4f964900b09e1540564caec1472b868a108e78a,medium,0,0
22670,cf5254205c68f6d91971f1bf3bb08b37d761e416,57417517774f665953c8957156809651e41432ba,medium,0,0
22672,da4545efe2cbf076cee1c214cd7a3ac7c274842a,4f6bb08b6911642f2d94b7f7e4364ac25192a5c9,medium,0,0
22675,e461ef9faaa1aaba73354dfdcdaa0af02d81d135,ca56826f16282ef249e211dda12d83775fda0573,low,1,1
22676,a6d8753b0864552d6e8a2626322d7b1e3a5495c7,bcacf2eb1ed41b782887eed76ad1b3b942bb3d4e,medium,0,0
22678,92162069acb34d32f01875a86a038f562c340110,7a1a0944f73ac75c0879875111154cd56b88f5c6,medium,0,0
22679,6f601c957aa8edd0964e424be6ad1acea5b69f35,835a21968476ddb95b0c21f276a508d38fe65fcb,medium,1,1
22684,38d038d23ca9be7ef42b247731f3b7f2449b5329,f02fcffcba3e791c8ffab59428013a5d03121f5f,low,0,0
22692,045ad24ecae5ad0d1e3e730bb1750be7ef691f4f,42078754a39ef77b370d36d6b706a0ce8c39049d,medium,1,1
22696,cd64a4ef92517ba0cc321df9f8fbfaee1603cf98,622c8d79dad9cd8d0131fd7258d32c27d70b0b2c,high,1,1
22700,6882815abfdf703a5a97b910b07807fa1b72d350,a897bfc460789816ca64f77846d41d753e4b7b1e,high,0,0
22712,310c4b6c4d32e2a63c5f2fa96fa70d5f31e8de17,ca954d9088a79908a074f077415fbfb6263ae192,high,0,0
22714,c7a53c3edaa932065660c6e75d9df97483aa52e2,9f8ae5844d8a312337ce04f4e81963f2b110699b,low,0,0
22720,a3999f7c0c454bb4860cbf2946b6a0065ce8d2ec,cf6613679a7b29b3b29b31d4e06268ee6357f6ae,high,0,0
22721,35141fbdb62540f58bb2978e5ce7dcb9fe6f6c0b,d2eeb880a8414cb9dafb8cb5b831a26e02a05296,medium,0,0
22725,b2095cd50cfd8614486507a23fce52e3edee228c,f1f18ab51ff4393f945cc1ebf9afebcdac93a718,high,1,1
22728,524bf564f13a0ec76b019e0104ad45ed05e8ce6a,bfb3a6287403a8d91760ad7b3ad4841cf6555c9c,medium,1,1
22729,a0271075fbca1d2739772035db7f07bd75b4fb36,152ab34f0d49daf3efc0d7dd9e9ac7b547ef08e2,medium,0,0
22731,4ff69f58d98013a85adf08df21a9d20e3938459d,04ae8fcc356dddefb6ace7669074b38ec59c9d60,high,1,1
22735,bb4fe46c50ac53f6a9a7ffffbc77a093485fb16a,7a6383d025ee6b6c9815e9e5cca8fa839e7a9e63,high,0,0
22744,8717f1c46fcf9441ceefe555af53ab0b19b92072,b91a518f61bc50c7ef46c8ffd8d0b82e854ee1d9,medium,1,1
22746,8d2f043fcb4848bfc4f9f96a223c997545622bd2,28dd5289fa894a60c9fae0fdf1339226fff55d7d,medium,1,1
22748,36ae34b99f1de00f5f165ecd2f54f4794fd47d95,1a539bbeabfceef7e425328764e8034143a56b2a,low,1,1
22750,2d53ca8281a90656ecf5eb442f0e55cb94c8785b,3588c49705e260e592011284dca5dc77828151b2,medium,0,0
22752,d821ec1ff9be6eefdbefc7a18a444c0f0c73d3a4,5148a66bc98d199bfa95527bdb780a113fec8308,medium,0,0
22754,b7354f9ee2d85d34ca3f8060e009580f02b7e0bf,0c960c2a82b4c64e7e938f335bbfced934c9d0b4,medium,1,1
22756,6e325a069611bae846b0aae0e3cba6a85b122689,3c46be0f72b635108c7a0b94a396f8e1e959f43a,high,0,0
22759,02d1a1f2cf0481eb0cec20522cc4b9f0ffb19d38,b0d1c17fd0fa744857c9f257e19fd1b2bdab3ea9,high,0,0
22761,2802b01b7002e9f6778cfeee5d3eb8d84d270374,cf71620d49d5f48425752962cceb90a62ecdb66c,high,0,0
22764,121e23eadeea10a3f707962f3a97f0524d3de221,763d107178877a00c3df2a75ff0005fba8e586ff,high,1,1
22766,1c5d5ad8cf1d7aa4a9bc999f05698116a417d1f4,bc98c3d2e29270377593cf693d077560e5f27182,medium,0,0
22770,8017cfb2220cae2b4ee3548d812def1c5bf8f419,5059a9927eb8286e7ffa41be01fca2f89ee3bdba,medium,0,0
22771,8d46d619564218c86aa9954a03d9c6e10feb65b9,56efb0c106355d0bd932eff6097274b1e40f6c13,medium,1,1
22775,08ed43c1cb2391e568018ef5895bd8c3efdbaf4d,59c0402ca361e3ec18bf66fcce1dd82b9abcaf48,medium,0,0
22778,0117cead9cf2cc7bc396d7ccd6ff79029f548d82,f55e498304e606547af50a5c96f4bfd46de2cb7a,low,1,1
22780,77d7b100f47ed041b005a57d4a6185e1adc6f9a6,a71d23c24a4db739fc0b06f889ca4eb49f6c97c5,medium,0,0
22781,9cd458e0d51cc2c4a000e279b7c3bca693473103,35195ce1d41cc7247890d855d20aef184cedf493,high,1,1
22782,cacf47518070361f49b5c1cb02788da44e363837,b3e2702e83f0f6d85b0d303a0cac454aa97f64c8,high,0,0
22784,6dab07b7026d20d39c4f58d8abaef4b6c73e6154,28cd5c587d922496077b34d1f839846685139ac3,high,0,0
22787,ac1e10103a62d27bc8be7a0852a6c9c38323107f,65241e1a76ececced80ce432948d0e69ba01b4c7,medium,1,1
22790,1dbc1920a332cc30a06a006f201aebb91e298939,5aa12f52eddc94c4d8c26c16ee2e813987faa438,high,1,1
22799,31f75780830732fdc00cebc948fdb7520faa162c,a97513d1590a77856884015baf7a53c44cd84ad6,medium,1,1
22800,3f1c5686eb593b7e34c71105b99ef899010d0995,7bf94e6732f47f958d1d61c0f9e8f867218b2c22,medium,0,0
22801,888f409746da74879c02220203fcc31b83775003,4b14b19ac254572d80d8da1908fb4b1696a2041d,high,1,1
22804,a558b7cb04f56cbe3f797e04913bfa08505984b9,69e8256061cc8bcb5857da9807669ed9317756df,low,1,1
22809,e42ecb7714c9d51b89f0c5c6e1cb3957a76b540e,f5c5002c83a4434cdea2771c8f861553712163a7,medium,1,1
22817,4d7731114e16dc3e88680bc07cfd382065ff7b60,f7af8ae75aa78f0f7f0814c5c79705d74e565a3c,high,1,1
22818,c82ac429cfc227b7c806b112a1df17324ccdf0fe,f35180d6a7345d17f193f09404ec99c8c08ae2cc,high,0,0
22819,82ed777840ab70abd9a68989a6e2889e623097da,3acaf843efed001435a71115a7414de12fe10165,high,1,1
22830,0974245f8e40e86f9b4b7d25797fafa188d31a02,0af268ead6e86f1b3a1a70dea186a7189a8345cb,medium,1,1
22836,c45dca14d268c1aa9e6c30b1e2a2ec7f68e537ea,38fb6f5f93dacbdac292b34830c32ff1c2d8de05,medium,1,1
22839,8890a900c6bb3c53798610ececc33dc50964b6c1,2a451f20a09c3df177ab2a252b2b5e8b4f9a3667,medium,0,0
22842,5efb805e901cf2667af81174013283ee4917836d,f34759b761626f9c4f72389ad1050bd28158ec9f,high,0,0
22843,3eceec0c67e6f4a11bf4a3895deabe4b9e9358ba,d3fde8e37bda31bcd5b554736802a1e8e78061d3,medium,1,1
22844,ca9c419c236fcb3172b2fd862137e69be89c6101,483989c5476273539070d8fbd0ed36e8be74c9d9,high,1,1
22845,8bd925d3523aa85fdff6d834012f16166d51322b,16b178ee067e04bca3adefe44bc839d4fc79281b,high,0,0
22852,f86a83178841e824905f0539a2e13c573c458127,9b3e9af21549829b3e988199c55f7fc2aeb9e97b,medium,0,0
22857,591e6e5686c91e78c5efe326f93e399dc53547fb,2812cde0db333aacfd6cd30cc4d6a7d1c3e9e4b0,high,1,1
22862,d6282879aaee30d525c31b4185c387a19a5aa122,ab9ae32a9fd03be8f8030c217dd620e99ec601e8,low,1,1
22863,233c71e6e7a215b9115311e20831069542df422f,6629950411bc24d1193db8faaa7af0950a508382,medium,0,0
22866,65278fe7c2d3bfce8cf5665fc915a40a711cef68,e63dacd4b46d6da0f9a0dc90095fbd2621018019,medium,1,1
22867,be3eb876fcc511fb799e93b21ede253b72577863,c94883f5c495c23f1fcaa73c33c249a162aece5b,medium,0,0
22869,f7d4a7a44e6d509313783db03b314a8ff10d909a,35f62b4f5f4821051df44e326195ea1b6d50c4d6,medium,0,0
22870,508d3e7a0062ead0662312ad08d2bb3774c2ea6f,349196db54c9e62fdd564050e034632491b0dc4b,high,1,1
22872,bc6b4c45c75580b93ba2f813de25e1f282956f72,824125fec0efbdb66f16a62cf5e43b8d4a086a3a,medium,0,0
22876,c50d89c91af6cb50aa637dcd079427840f921240,24f2fece0d23833a75f3d6ee4898119ef2e1d8a8,low,0,0
22878,42ade774b88a365a14953c08dec42ec872243294,223bcea0b62a063e6b4b1e440264e8bce8706d0f,medium,0,0
22880,ba1558400865f559c5f0ebd50326a6f9b48eee02,b9b85543615eafea5d808666cf7119cccbe79c2d,medium,0,0
22885,6a0f362667ee57000ceb6b73dc587050e9c7c51d,cfb7a656edbfbdfea9974e87bb1a2eadf2c23a0d,medium,0,0
22887,ec69752a9b3756f7f42102107e23a5c525f0e524,475351b80e4ae0e9dfb6f5ad8631644ebe2162d1,high,1,1
22892,7d22c733b2ff02e3cbc4f2f101c50526d1e0e053,a226764a84b3905080b25474bcd98a175b57506e,high,0,0
22894,2fe2c9e9d5356c03a5bbd2a043d42fcd5e0b912a,c34f609fa751ae3bacc01ed7ffaf6876baf8047e,medium,0,0
22903,aacb544ccca1079dd5d31257f4d05e8dd0e0f6e0,1f5347444b90cb06960c6f714f4b601a05b6c820,medium,0,0
22904,e2dcfef5d556eeb676de3929d739651134fd700d,2192a530aea4c8ab1a6d012f83899c7c42623cd7,medium,1,1
22909,edc642ab3075c4a04faa6d3129ac571f9bc851e5,349fe96ad5d534562d70b113690fa8729e5ab1d3,high,1,1
22913,475050d33041a70779841ec4c961d4244bfe8b24,f616f71234722d01f7c249b1042e9b83d54fd357,low,0,0
22914,c0efb8e32bba220d5a30485d8b3b44e19e2ee09d,102f4cdb11617770f1ca38cd3048a450fd3b4a91,high,1,1
22918,93a028d5cff954771375fc92820665af11521f9d,33819ab9b74ff172e051d3f14d3400f8f4a728f6,high,1,1
22923,ba12bb085f5f426515aefadb5bfdaa92df726782,49fcf8cfadefbd500e8e9c745ca3d9245b3882d1,medium,0,0
22928,e5b7bf35378a8c00484d2378f8d9666300b85796,e42ac61cdb4a371e867ae5e70187e9877d83e1d3,medium,1,1
22929,95231bdf96db620852188aeaa403cfa57427d37d,381c40257b4bebbf56dd5d213ac133462e1b9164,high,1,1
22936,cfe1b7ccecf096198fde94134e2453c80961bef1,4623030163eaaf5a878ee3d37cd35c79f0da3d57,medium,0,0
22937,2f9f460be46964158132f10a359226106d345691,2cde50cb156d94dafebf2b9a7ac3c7d218851adb,high,1,1
22938,f6ae8315c8cade71224dcd74a5cf135ad3344db5,c747afc878c92ab3a0653367e78b3e3f39919af6,high,1,1
22939,de965b5fd48bd04b9674dec153dd1bbdff26b65f,077459b5bf9dc173e597cbae285b18cdf4c492a9,low,0,0
22943,b720dd611facbf4ad895258820f1cb60e0cef22c,c6fc9167263a79420305c53160da0b52dc6a9389,high,1,1
22951,eb0adec47f46268f0cee6e3d4a579a07716bd515,07e041d201fb1ef6d050b97d210ec17f006ce15e,high,0,0
22952,570de33c6a409cf26f53df423f9989d0227ed28c,92af8d68867049c02b54ad8e132b7d0ae3eec585,medium,1,1
22956,8b92b8ec4fbebec17849ed657048cee8e485656e,0eb3eff5a73990422b17f70be77fde7f16e14bd5,low,0,0
22960,8b12f5fd823f9c162bc064cf3a4c7d9089c24633,35ed01b3078b966eccae743b2254b85f4b9f193e,medium,1,1
22968,a472ffb7867372f9a3e5527febbe6e4268a4392c,248644a04abc7dcb004b8bcb367adcb80d7ae07b,high,0,0
22973,6dd0092e50e146dfaa3334033d8922e3873bdfc7,138bec6affb32741f9ed5a9e4fe1eaf60d98c556,medium,0,0
22978,4c970e287a7b00bb765937c2c800bfdb77d941b6,19dead290b39fe4c8bcb9f4551bc89b1bed96038,high,1,1
22979,e93d17ce6f5966c65da01f163ecb7db4bf54b50b,4fbcd01d0c4254775a9d7c1ccab1651b61c9014a,medium,0,0
22981,45c39483662516b4f25c27156dc5641b10e97fcd,1c8ec53c2a32315e5bee257c47c94d7b91423fab,low,0,0
22982,b37add8fb186dc007ec2a4e647df5b52e53ab3ae,88b0f86abee3fdaf8203a0f1057c6c35573b71af,high,0,0
22986,298e9eab90a07d38474e3838a672f1f592978c2b,90bdd4d3f1f7ee2c6be5ebbd347cd0a69699d138,low,0,0
22987,71795d0389a76a72335db31fec8347e3e8a5f48f,6f268ec7a0a807dc374b96cc023f247fe7990dd7,medium,0,0
22990,8180193683cde8e10a36a6874af74a529f4119b7,53ec6c2e5fcf17fea1a57429a99e1faf1c531c2b,medium,1,1
23000,889ffe64aac44e9bb666ccc8ccaf7118b825170d,a35311a73f4457d62dd2b2bff2497dad87e26e4a,medium,0,0
23005,adc8e794c661caaf2a8ea1c22c4badc08b6f5df0,b4df56a65950f76f96ef9fef0bd73ff55cec007e,low,0,0
23007,08bbdee34a195b6d85bb68a46c2cee910604dee8,1a2786be9852003495448689ca4f2b214392b2c8,high,0,0
23013,4b1d36cbfaad2b878cd9f38d0d46ba731a36db4f,59f16eda6fbeb208402fa35936a74e566ed2a34d,medium,0,0
23018,6f2dc10a663ba6bba939160225b9f49786a07bd5,d90d0420710ae88e6fed67426718318b346af205,medium,1,1
23019,065e5d0b6a70d887d80f87b360a0b88bd07cff32,e2b3a2b7c0277755467d6ca5e6ab3f27b303b0be,high,1,1
23020,f7ae6210d407246bb3900d6acca72df85e9adb35,aaf8967af0b11a5e3b19e6e9885c34399f43fec5,medium,0,0
23023,c9ceeeaf395b40c7e1fe9482ba8df3d014c6398c,9c4c852db1dbd4591a01a0a4c2a1170f3aa43967,medium,1,1
23025,b05c60b8d11140e3fe4b9384992c62cd40f3a411,ddf5bacafae68855c1fe4b652ac048b00edd618b,medium,1,1
23029,7a123cb89f1479e16f50d9105a0628dbae35cbbd,948d1624a14880eaf4804784988befe018ccedf1,high,0,0
23030,af683632a1602b7c8c0b60c4f0b6bdf3e4dfb271,c3042c6c8721def926aeb7a4f4536758abcac147,high,0,0
23037,e02ab28f271a89498e428709002cd2ffd728c855,ead9ab5839fedabb2c7e030eb2547c2c905c59f5,medium,1,1
23046,387ce8f9dd197d81edd3bb1884eebd816a5c205f,86839ebf090071edb67fd1e2cbf2ff3388a1940d,high,0,0
23047,ff3610ee5c31b94bf751ec42f6d338f3ef7377a5,ac1f9f429f93a39ed98d055b94a0e5ccaf39a85e,high,1,1
23058,0973fc6469b023a33063aecdfef7b39eae671fcb,7554e28d7cba96c0b37e76a971a30c273ec132d4,high,1,1
23061,e4cef1cdcf41b01537a59c36df7aa68452bd4c3c,c4634837028d8061bb3f6fcee4652e8310e8149d,high,0,0
23066,38d7e1fd4ea78aa33d7e23b1cace4cb465007c06,f32892f73fb544fa50ad9f974fc635754bec3ffb,low,1,1
23071,f0a36b2310f1cd53da6379983c4110b87283b95b,a053dec98a187f21a0a854f919b1abe2f2523357,high,1,1
23085,2ee4f5ed8c9c84d51df0cb15f294566749cc40b5,f62656acd535ccec986798d20713eeccf2257ab9,high,0,0
23088,0068c84424b0c3675306042451bb6c05cf01d5de,fc5d82136991eabae81d335fda728d71531c4d98,medium,0,0
23089,ce08e863546f75cb3c7cd70b277fedb1759f2dce,1cbb14e0e0494dfe923b183f56deb2057d90ea68,medium,1,1
23093,f9bdcbd0185f93b814add4c7f58b36953feab6de,5f342da615501d1b76a59a2bcb5d373e187365ed,high,1,1
23099,4e5e3be5df1b63cc23051ea12ad4da3405cabefb,715840d8a8dbc38301a9296f8a03a3d68400d4c3,high,1,1
23111,8079726b32474b3597abcf698099bd558ff31fb0,b1be78cf7e20c7a815a28e0863979167191e03c9,high,1,1
23113,1ee5613225dfd650aa0aaa553e77d27f88db2440,5d9257798b8992ae7a3422b0f4dbb67951dcbc13,high,0,0
23115,3ddbe68a5732e04573ed394cd9c673acd0d7d72f,bd7664477c1c8ee2357fede74773ebbbf3a374a4,low,1,1
23116,bead86ceaf1a15b0c5683c201631c1d1bb4b581d,1cc74cc20ea97818d74cd3c3ac3924e1b5a211f5,medium,0,0
23117,f084295e116c7bdad7195aeb6007b4bf75144828,8d3e154a7fd70446b7f1ff74f9b667090311caf0,low,0,0
23119,9624f9f130dd0d483696491ab8f144ee6ae6431a,563d682a359b46a472f9c0df95ed6eaf5dad4f93,high,0,0
23120,4c807ca4858544e58b2d550b1bf8f3affa684a72,a8473edb5eb5ee636965409366f24ae295c460c5,low,1,1
23122,a4236eda6e9ab8d125cf11a57524b4bcc1d9fe68,ef8b67ca73c6f920928a440b39517b8ebc2410b0,high,1,1
23124,7a12d5a70a8dd86b81a829855f3febbc0c269386,7f526c69a6af7a0c050ea87e2b4d13e397212b1d,high,1,1
23125,825f28a94d7d5f687e96683653c0bbb262b07e0a,ec0ec3354f82411966d107a1c5c0a4b63676335b,medium,1,1
23138,318f55549e97e3b09f4008cc1097a2d4ddbe8450,fc60387e835580da2cf6127c84d4cc94f5a8f92a,medium,0,0
23140,62e9ad21ae0271be81958111dbc820c23ab6da2c,dc48430440b1d9edea8f40d65c7c2eef70f22137,high,0,0
23141,7bdbd094f8fe22f358209e079a7aa605d872cd3b,03e2331fe7584d754a8302cf351deeab76a8e239,high,0,0
23142,06cf4cc7bd21550503f9632914b892e3b6146da7,8f5a64b17c82023908be972638118a47936a9be7,high,1,1
23143,920ef1f8a0269101c373a083334c8e418b02979a,adc5083166baec922c91864314430d5b33db4b71,medium,0,0
23149,00bddba5c6eafc7118109319ecdf730a3883df96,c55fb791bb93c4b617d0e11a39ce9d406f6b1005,medium,0,0
23152,1b0660277f183621e24526a78e70fee4cb69e442,b208c83fb27048116d19279d28a3916c5fd99f72,high,0,0
23153,6d6a3df1898bc38f3b826e6b5b9d7585dec2359a,86ad145ccf5c596c85ae0e3619cf8b11e401d697,high,0,0
23158,03d0431ebf9deeb4d893a1f0ee21526552753ca7,3e38d2f4e6003a94cbf2de1c411700ee845570d7,medium,1,1
23165,9c3368d8063fd99562c13d675c1bc7f1302c3852,2dace8298e74279b3843ca3b3d2dda74707e9c8f,low,0,0
23167,cb539a94eab4749e4eade4c4c8e36368e191f1d3,cd2064295e6d9aa4f77435c21dc447774abd9490,medium,1,1
23169,f703574cc97f0fded2a2bda19b3b3d3fd0d658e5,74f980a0327ae0967b04f1a369bd2c5b897d2e8f,low,1,1
23179,005caa2bbd709c795145fd299f7077831334471d,70b2fbfbf7a72fb0705200edbfbe6dd7b3d2000a,low,0,0
23181,0e3f20083b0ade501485485ec0b210ad2a6f06a7,40789d79b151472fded7cdfd4b307670b6c8abfe,medium,1,1
23185,38d7e1fd4ea78aa33d7e23b1cace4cb465007c06,107454174b810c4af0537cb14303274d9e74a513,low,1,1
23194,8a9929e2e4d0052355d9a2d10fa7cec9b21080b6,a0f22630dd8cfb5ce963b0754f133e7d65fdd628,high,1,1
23195,ffb7ac3fb5f96d87bc72d01c5abbc07a2975de3f,a9e41c1db84f4ce788703a4a94838bdb11933377,low,0,0
23200,1dd273cc5461d28fc5cd9d247e72b0c0ca58de70,a43648f89a7198948132e6b02717829f74a8b452,high,1,1
23201,7fef9bc82027a6e88eafef363bf19d9c031a3fc2,df4c52284425926a14e9f7c1e645d3039e2962f5,high,0,0
23202,495a9e31ad381ab91b9451e16dbe855c4d548e04,a2474aa86c710817689e84c115ebb786ef71cea4,high,0,0
23212,2a5847d0b58e841488b382d34d72e057a31e9223,d0974c7ee67f97951b7230f10fbf70071c0d5dda,medium,0,0
23213,52052fa91f1b18b7a0b3b9c90a55b8dd3bede637,941ef72bc7abadcbcf16e7eb86ca478fb68934d2,low,1,1
23215,b94578736c380619c5070a9d819395f05a8c4458,16e96a8e76bfa09c64fee048492010673abfd844,high,1,1
23216,714fb0b31999c25a86f8902cd3086d2ee2c09057,23f102043c07e574101abe9c0bab5fb612eb130b,low,0,0
23218,68739d873b0ac3e0394860df992e8cd815ae644a,82bcb5c32705ee9bf74cbed5dea06dd8f7211276,high,1,1
23220,f1f45bad4ae0043debd08b579a7883976ae13e6f,e92a8fe5697656f68492925434ea3d1d2240f9f0,low,0,0
23222,7848f75c2e9e299dc8a238e3bad9dbae8077e319,47c0c41af3db6680a74a7d860ddd282f026c86fc,medium,0,0
23224,f86105df0e46a199cc52f3d17566d0d5efcf66b7,239b5e8616fd7e390ba3334ad18b2c63ad3cf0b4,low,0,0
23225,515ee5e30c2a2dcddb8c808ddf5eaa9cf56026f0,e6891ca9be6418b2a5801776b8fa6b622407fe8a,medium,1,1
23226,05070f859c30605016dec7f2bc90f4314bce8675,0b4d0e67bafc5283caa2b7c56498e6a7e148691d,medium,1,1
23231,74a30e67c626d53cda42a39fdddb70a5c702c297,69fcfa446b69b738b8540a6c2187ef82b8219723,medium,1,1
23232,9b44502f3f8d8e7b8b54094cd353b7ca967946c0,72d4e154b0e26db841c5dcae9dc0d3b1871c6363,high,0,0
23234,25a00fb979b1dbd39dc6e4a9674c25dd1c4868a6,5277348b19ac503d4a2748738167f27fa7176ac4,high,1,1
23240,69832ae26336677da7575b19533b6043f10439b6,64f821b0bdecc3cb6ad0ad6bea54b47976267205,low,0,0
23242,5af0fd617de04ac8a1d6a4c38e8d5e8794ec490e,b5be0cbc583afcdde5a380d2760b529dcec9fa56,low,0,0
23244,e0855df35eb41d90e12e673f64043b23298aee9f,5189e15feb4c076e076730387b30494f07526712,medium,0,0
23247,bad763f80e839c742252815f559e7b63901abb9b,4f7b4d63ae0cc0b09a58701f6429c98f53c01233,medium,1,1
23251,5bcfb6462b8ab755a6da5f0366ba6300b54e4e24,42fa1ad61bf5c2b207ed66906e62432b41fa21a2,medium,1,1
23258,a68f634b3ee504372ef3a0f909e29fb5b9ef93ac,98bf4030c139921afdd3e24b1a9037d63309f429,low,1,1
23259,1041eeb182bdc553aff1df51deb0df541826d6be,7e2a9c0ec47f88721df82268beecee9ddabe39bb,high,1,1
23260,4a98ef28c6fa07fdd41aad6f10689f7acfa59e02,8ca00c533344818743f3e1effc8b5aed32ea7cca,medium,1,1
23265,b5a0ac99a0cb9663f8bf1c824f0eb39d7f0fb34e,4dba3874701ab7e7ffc7c588c66f6e337da606d2,medium,0,0
23267,7a29dff9360b47772c97f8904e9bbc89ed8d9a47,2789d28b3a6733f87aa0a3e09d6a7aff64b0a940,medium,1,1
23277,d8f951357b97dd62d647aca362e73049c8bda20f,b809a43cd2fca56e047fb8018d461c88521f5aa4,medium,0,0
23285,2491f7d85c969c031391ba2861edf0f45c1528f9,c477a3afee9cf1ed08c3a17d418964e4f696bd33,medium,0,0
23286,e9253821fbfd351cfea9b76bc0a48167f25adc4c,b7f3c6834a96e666602c39b37c4ba224884c4bfd,high,0,0
23287,491f152092430d7149cba8c72e3cd8485c8078f8,1d7d126a4e223e4cc09ea9b4647fe39ea47e014e,medium,0,0
23291,30c9211521529677290074d82f4fdee29ab10305,30698c6e66a7738a9bcf6e04cc2f6b355e35a910,high,1,1
23301,8403385d47562c323389535569615b7dae8cb1e6,20dbd604f380da68fa827284e6a094796ace5138,medium,0,0
23305,a6d46fe0eca0be0243b48e2cbd3d0f11fd697eea,3460efa67600dddd1ed046f6f1c21b3a24a9c190,medium,1,1
23307,4b51e32e8caba37c17420838402b132dda367c9a,2ab37e5e2e9626685600b4670073c94704065d1d,high,1,1
23308,37b217693c6f2ac0b92db6227968e04ce70a4fd7,a8c3e383578aedc3233f4a29feee56183ada31c5,high,1,1
23310,ae0b9068cdceda108e9a9d8f50bc952937b02359,1fb7246663f4eeaeb9fb8796d7ec2db6f9e4c81d,medium,1,1
23311,cea7d9836bf9aed5ff10b4087cc2c9b07766b6d3,2dbed7c1518d01e24f72d9b537d0f3f9f75c11d2,low,0,0
23314,36c5c27377f51692f8758db6cd4e1bd7d1fd83f6,34cabe78d20c5fd6342b5317b8fe86117c935a28,medium,1,1
23315,52360f9447bb91ca51a126152e02d588328c4cf6,722e2a6a3852770a2a3d7605b21a1629d515bc6e,low,1,1
23316,f9ef84f8208df2e4ccd8eecda6af00520ac311c2,48fa211593d1d679884e9f19c5beffefa57d8e88,high,1,1
23322,adfed7527125507c832cc575d4aaa7d3d92cd058,3634d45abaaf0a70d474a019ab775c8b37c35408,medium,0,0
23324,d1533c4750324c2473ddf1605359039ef442804c,0a822cb36b3fc14317e7c17f9fa9ba0a91c29e1a,medium,0,0
23325,d2ce2cbadc9d53e70761084ad00982a8264692ba,a634e036e3ad731496eef17965fd3f9dd40042e2,medium,0,0
23329,a8853a4d00592a8f8d34e5a3483571d083c45db0,c3f4e2a2665314ad20cfc4c90abce68d26df5107,medium,1,1
23334,00c3dd19015929124f44efa1f52923b5afb641a2,e0491c4d49911aa1b90f72ef3fd59dffbc49cf74,high,1,1
23335,69b482b28763004151013183e4e8571df22d7081,43131c3e2d40130cdd5a2dddb5676297d7dc1fd0,medium,0,0
23341,dfddfd226bcf251324c381995a553ca8a7ed1711,31d0b7aa088e58d4d5259c88e61d1f685cdb6e93,low,0,0
23343,fad71e1b213bcb5a29d0af0df3e795d790670171,c050bc458fb1d5120ad66e6d67eb81ff831a42c4,high,0,0
23344,1d2251f101a229c5b3f79853a4ba8b1d3c9abf4c,c9ed61642a3d252cd13c7e3398a4ea71bc3711e5,low,0,0
23347,8017cfb2220cae2b4ee3548d812def1c5bf8f419,6378b1ebb4bf3daba6c6c3cf1356c757d888af3f,medium,0,0
23349,fe3b277472630a915edbc87df5058ef7b201ff04,b47d6bedf1560ea4955f6982bc43694045795ccb,high,1,1
23363,cb1898760e8e1aa52f6620646aa0e87e9f7cce29,c13dcfccca835ea44c687745ded1236d1867e9fc,low,0,0
23374,b05c60b8d11140e3fe4b9384992c62cd40f3a411,a2192d52c13a74a56c2e69b4abe5ced47bb976c7,medium,1,1
23385,54dea7a705ab91210788e25b56db895354119901,31e0d6cde5c57e51febbea3f1c6ebfab56ad5643,high,1,1
23391,68eb4cbaf5c6b580c9843e46f9f0c0ec445af422,a0681f0dc95762bb2573f45515045593f51baf67,high,1,1
23394,17ec74d4a4bb8175897f16d2668f92ca4190c5e3,4e1fe7f9f0169210bfec3beec7deee4bfb6301b4,low,0,0
23398,b262096a7cb0e8c99df7b2bada1f937176151116,60e8973215d51d2d123921cd5f9c7f505b047090,medium,1,1
23399,28e68134b6e7c3af3a6bb981fb995da75e877323,0849b7a387306c667ecccaf1ec4ba4c939692f10,medium,0,0
23400,e7c75dd30c69d9216333fca2fad8af264d01476f,f4105b989f6b5e3e69ab9fa9647476fd2a473178,low,1,1
23406,2e17ad106a61e7db01d260c80586d93ff097a1c7,bca794d4bcefc8bb25cc84c75c01e50b47f617cd,high,1,1
23408,e1e9b59583bcc03cef75e9ac01037e9b25a85239,bc498be4f6dc1e6a73b749e91fba2540569645b0,high,1,1
23409,051d6a8e63cd68b765fedb95ece2d9e246f0f36e,e779ba38e4308ea6cb0d86b7247be2dbeea88483,medium,0,0
23415,1a8ad8f8b9cd20004cbdc9f5b3a0c51ea85f2843,6652f7310a7df0b01504961f50514364c0d308e7,low,0,0
23416,2bc21390b2c824a914c72568465165a6bf65f501,01a11b4df0f65b03e6740b0557923c0b4f9d3d44,high,0,0
23417,1934c7801dc21c6a75e0cbf1670fd97653b8be97,cb96e0e3a85041cf40333759660df803553fb545,high,1,1
23419,b6c00565d1a1de1fac8398f8adc91ffacb93809a,de431f838d18628e1f776c8292c86fa959a5733e,medium,0,0
23424,066d0b5ce014dc13627fceb868ddaef6214f8796,1d6516e69790f8c67e9b2a5dc7f7a93988b438e5,high,0,0
23425,ba09b5ba8762e88623518f3b2821548302c8bbb4,be86194dd965c26e8f5e17c006cac74c591ad4b9,low,0,0
23426,2d35fc2bffc6797d6695ef4e051e2fc25a654244,f22fa6844266dc0e7501a7850ca239f7ed406a31,low,0,0
23430,2290752dcdb4067fd84f865021a6025a2b24dae1,5adf2cbb09d4b3f4c5492624e27b3a2844537c19,medium,0,0
23431,0628b068ef6326abd1f848daed97d66b4c117fdf,557153f3ef048c007afaf887778588ca10933cfc,medium,1,1
23435,a5b837ca2b97319ec462e7487e47fa89267b8ff5,ca3837d7faec47ee7bdce8af1f11562dd4f735d3,medium,0,0
23437,9f0600dc0030cd4e37257b4732f3ae0829a6a62d,47a65fa40692aed0cf95c0c842fc1be144c5cf9b,high,1,1
23445,6246ecc115fd5507fabee7a23280830428d05f42,cb58516977329ecf636c461be65678152e34e620,high,0,0
23450,1542f82f950bbd73afb26eca646a8178e22378df,33b0a06e4c21743e7ea6d18620f7469c7b7669f3,high,0,0
23452,2f9ab8c39e23f72c024b3517bbda518c9eb7b92f,2b35173ca60e911c3de821c7aaf19d8e79d45748,high,1,1
23455,98c8dd7abf76e21430cbfedf98e929f9a563efc9,f8c5767e557da306f6a418a11c8c912ef09974c6,low,1,1
23458,1b1cb0d97d3d6eb3704d84871aa57b8d40a3affe,cbdde6e18dcb5aca7b5a40a76371aa44e2949a95,high,1,1
23461,06bff78ba08d7edcdfc67ea2365a7b76bfe207e8,89a7eae6ac993b26c050b1f2537ddf07f4c249cc,medium,1,1
23462,8b2fc51647ad33776d97ad181e483b4fb77fda75,85f276eab86164ca3438918d837f6d85c813f4b2,high,1,1
23463,01e67d9072862687262bb0cdbe0ac497295fbedf,e97dac83855347e4b8348396cd734e1fb7b31e60,low,1,1
23465,2576e93c2cd2dfb20d4bd6a1f976e73662804d1c,2513e7b615b45d797aebd82c1ad922af85140430,medium,1,1
23472,9a6ffa2462332e3b6ed164cb082ef36ce7094fc2,86457e2063f88932aa887623119a8b6241627248,high,1,1
23474,47d7e3555f497d7d49d4f76b126ce8bccedff9ef,f897c04ef452973c22f6615141306eb7e76242b5,low,0,0
23478,902afa34386665f2a45a7e889be5da0bbb374808,90df712c38fb4ae5199e0bc9a26771ffaf6ecf8e,low,1,1
23479,29abcb71e3fc1f90c1d8bf024fd9dbb4b3a55ddf,e57e779a4f041c7e39a926017667042591bb20b3,medium,0,0
23482,8e0aadb06b2cdbd4043292d1e602d8f8b764c43b,dc83ec9d3f75246e8a22abe1ff6d19d3c76dbfc3,high,1,1
23484,fe683c27c87ed5b5c63d3ef72fb11106dd555099,0c69ba350b7e76b9eb520aeb0b9cda7f0aee575d,low,1,1
23490,1339b0421577b263d2b131637d54a4106ca97bd7,56e69cc7c229d282f19009715d53a773530e7024,high,0,0
23498,75d5452ee9ec46d4504c3a6fc47b2e3e688762aa,7793b902845c590e86267447bf76f4817f513d36,high,0,0
23500,d405ab89fd79b4e8f87f9cd09602472ef28cda1b,de8ca48dac6b0248597ec808d53846ae585bbb93,high,0,0
23501,387ce8f9dd197d81edd3bb1884eebd816a5c205f,368d533c8144caf0dc95347f15a064c75da6e9eb,high,0,0
23505,238800294f644521f4675e3a1303aea2c4dcfdce,40d58af7811d9d845e1cbeda82f7f6e5db0f8798,high,1,1
23506,85a32ecb064c0fb36e792bb660c0e7612b97e36c,721d58d430f3c9223550d8505a05d0af1c74f1bf,medium,1,1
23511,2f7b8146b6752fd46c87ef915a89f6b64bc0f2cf,d6c77d4237be6f64ffb5718415fd0913a6f419a4,high,1,1
23513,38cdc4b4bf18a57655480c8c5d099d5a398f4c6b,035e7735f559780e5c1cddba1440ad1a9527d0c5,low,1,1
23515,e900446130ee3a935a983195c77310d8e6905cc9,9d2db2b9250e5e7a6f0c82d4aaff221515a0f097,medium,0,0
23516,4f6d452e034d811d374e56bab26bfa9057f8bc2a,f0a4808636eb8279ec8cff23f8c7b5f80b96fb1e,low,0,0
23520,a48f5e8d6999ca939fccfc53c5103e5e158fb662,bd597b7bb239a5185cce29615325513ff1250313,medium,0,0
23522,44163350906345852ab4046dfd6f6374c7a8d274,d711090a639d33b37d67d55e1feac62c8a8240b1,high,0,0
23531,6a70c2034810e433498e69a5df10119ab3395f50,191205c15f501335892b7e9de8c1a13dee7a53c0,medium,0,0
23532,14a9da96fb8891427222354939d4b48b1502f380,a2b277adb71311f0b6429ab73709e17acc84ca66,medium,0,0
23534,f2b9e63dff40775f8114502d4bc2949b42087cfd,5c642a4f71d1a5e858aa5ec0ef0ed87161a406aa,high,0,0
23535,999042398ff0ee774bf3471071f69f721843e32b,d645fd88220b0d7bcb05a5276b3bd491cda48856,medium,1,1
23541,7ec04f90ae64c6a731986fc4b1f53de0298fbe43,172464561aef63e539eab112dcc8d471cb5b7151,low,1,1
23546,2aab65392e31b1c8accf7fdaac896afc93f32896,6e53611c822b8b7d430e376e66744b8abe75653c,high,1,1
23552,dd25d717518cac0da28d7a246aea71c2c5b66091,05bcfdba6fd70a2011efe1c63167c9c65fb533d1,high,1,1
23556,596e4041b0344b79da7ada7b5f08e9407aac14b5,c71640a6a5457ce4aeca97d71f777fac50800f28,medium,0,0
23559,7a37b018b98c5346748bb9473acc9b546a6cac6a,31f34b902ebf7f139d6abee129a9b48864b7d004,low,0,0
23561,36d4a248970eb8624c9228a115ddd7b3285494fa,f5fa836b98daa4bfa8c0f41fa4b608690e9f43a7,low,1,1
23565,597293c5dc735568648020c893f6d10c65994887,4967a1e3ac81a0c8388bdc8d591ffc9ed8cc1878,medium,0,0
23571,4738d298ac79e76afca10930ca0573c15ed4a070,49d80992cdd9597da8ac5953e0135ce01081d07b,medium,0,0
23576,5835c87f61253d3459c931e416db3ce161e0cc47,e33696a65795bbb39ed7b4b107c492b58164c5c3,low,1,1
23580,311431f255b01e6e944afa655d8952060e88c5a7,bc5d33a68839745195b4af9cf27df2bbdf0d81ca,high,1,1
23582,1e78014b599c9f73629cd01cd813194ff338c9d8,042c511c1a278e902629bea5edf087c5f5c68c87,medium,0,0
23592,f4bdfd27ec8f216a8b7c61c1dba57bd86a8fdb34,663d75281bfd724faeb216035510460701296dd2,medium,1,1
23593,202dc5b5f7d6d901420fc59dca2f55259a45aea1,7aa0994fac7540c5cf1ab2cbd8482008e5ae0685,medium,1,1
23608,523edab07d18f7017f383b44333228fc0ed07c5f,36bbce896a77d0b8fea3d056f2dd0444726723cc,high,0,0
23610,3b43978285ff03501f77e47d97ad27e91bb4d43d,d5b3528ddb53c27885dad0e0c3525c3544aa58c5,medium,0,0
23612,c83b11c80d886f7f94dce205d53bfe8d108306be,295788ea7e8e256603d46151edb48c1f401de3eb,high,0,0
23615,61fbd26a6a955d35a9c8de9fba7aa617f2e7b098,575e5c8eff464b155f1c341e00a111e044d83d2a,low,0,0
23621,aca1f2d7cd44aa0433f35f4a6a4cb0dffc225b80,7c90b184037b5cb69703bce1151608c22298f5c2,low,1,1
23632,834437ec0ecf401880d1880203539c8403c461f6,5066811f1de0ae88e64d3623ed73c3766aaade12,high,0,0
23633,62ae903fa41618097f1921798508bbe9fc29eb43,0d1b307827cb124e85c7f720d93e60e1f386dc48,medium,1,1
23638,2296461be3050dab064906d1cb4346b4567696b9,8d87e860a68d9061b2ccc8a2021e9bee8427597c,medium,0,0
23641,5d4920c7d0c063243fd14890eb607a2562e8109b,e0c2809bff6a136df09db5ea06b4ea1eaa05c01d,high,0,0
23643,75d5452ee9ec46d4504c3a6fc47b2e3e688762aa,eae987ee7283f88d9edd84a450ea83bbeb4cdc2d,high,0,0
23645,9687ad4c7588fe03754f52e23183520b8d52fe5c,5d4d9c3586f7421e3b7eb7307edd81f65def8be9,low,1,1
23648,9b0ea1a440e6b613689a544d2db34759ecddeebd,fe4db0bd134cbd0da7778d355b1404da770a4830,low,0,0
23650,610bae67d9919877b3b2ed0119174548222eaafe,8533aeb465b29c68a3fa2b3238abc62f7e43f22e,medium,1,1
23654,b46985576ad41d90f90ae3837975d1afbb3ea5e3,92bd955813dc72912660b02af13dacc1a66ef69e,high,1,1
23657,30303ac2d3dc8c8540991b75bdfad4a6bde9c930,ba3650be9c49aec1999ade1bcbd34af01e017386,medium,1,1
23664,fe216a5fd80ca856cf51e5dcf53a2dff523e66ae,e370e97031b814bfd00cd3f8155be98376d0a5be,high,0,0
23665,c4a17e9430dd7623353dd8df9dcacbb8b765ef4b,ddcee2c381c2ac4e22b95b9b9ba6efc59061cb02,high,1,1
23668,ad716e8806e518322c325f7a44e056cfda4f4219,1bb503cb47672728e2750c5487f450d888841487,medium,1,1
23673,2495d0c650165b79bbb198b6c7c282e1891942a3,dc42b4c376c5860320130e43fc7d98fef4663ac0,low,0,0
23675,58be2c96616fadae3a5a8f167a72bad4263d74c0,c080a5461fdc81bd5e08f25467ba019ad54f4a96,high,1,1
23676,e66eb358a09c899e8926597851ee226ed404548e,03d5acfa448813e7da3746c8f4f01d7ba20a3f51,high,0,0
23677,e19489c5c65f95b63c60e4f337b7609f3116692d,10c12c83376d17a84f53e905bf3a403c600c7dc7,high,0,0
23680,8f666e871328fd9eea3ea36d445bd6ec04939269,6e1307d634e18c815ae8757efbb55f9a556cf6ad,high,1,1
23685,afb663942b7d920837b0507e931f60af1b3a4b8b,0d5cbf15006dac9fc2f40f67f5f9e1965f9474aa,high,0,0
23694,752a9c3eca18446551936b74ed8b7d91828254f2,12e11d945de3926a04f59446a09ebee8c85235a4,medium,0,0
23697,6f1b79282bc1f6db4656ab978764007320e2e95a,c8a15407e6877294a9cc3dda0afc03f9911c8c68,medium,0,0
23702,91bcc93cc3d5a6bcc7c3cf3129f9bab6e7d29569,dc6f0f93c304885cfbb8df37296f8045fc7eb5e9,medium,1,1
23706,47d08e11c40f704db57103bde2a7a39c002dcd77,2b5a9ad672c790a1db7bdaf6e7a8aa7c6b8cc8ac,low,1,1
23710,f5e5369910ee25108a965c5d179d7f855f8b9d94,c0d9f77ebfa9b31559c1c9dfba1862a0e3b98745,high,0,0
23712,c389314f3038bae5d6759f5f2dcbb07e17f0b7b7,0b917d847589f663751f92631a9c3885050568db,high,0,0
23713,fc9e6c12723c2f4e08e2bcff782132c680b8e244,fc13233343cdfda9cf3d91198375ae06c4520399,high,1,1
23716,0ec5431cbe48397985becac55282b61caaf3f6fd,27084e8e4da8fd5159cd60ae1eb92671569e37c4,high,0,0
23719,495a9e31ad381ab91b9451e16dbe855c4d548e04,e86dcd7baf91d6d0cfa381e0b1b739edaf491f31,high,0,0
23720,c8020d326d94a788e248bac1812f534c0910d351,db2082ce53e0451f85d4fb73a83402aa6f4efa0f,low,0,0
23722,60397d45c5e031f1f917cf8d03b2f05ae8444eaa,0c545b1c6539ef157af81c659de5f457dda9c5d9,medium,0,0
23723,da76ae9aab60768603b2446c7b2611dda73dd4f5,9233aba2148e393fa899bd8311d87f6f0e6ff9c4,medium,0,0
23724,26bd3e374aab788bf91876126715c90d5c6af434,92eb61ecf6f8066ef6f3e7c5ede4f2bfe3ab3888,medium,1,1
23726,10489fce9ce92aa9dc88c5ba79f03a104d84cbe4,fc8e88b0772951826c4462f269a13d45c09a4f4e,high,0,0
23727,da23ea94cdf06535b90da693b2a48189708e1301,12e5fe4841c556255d398e779c95742e7dd04b57,high,1,1
23728,d622606e6cfaa95986607cc6e499c828579543db,ce718aba10f8b046df3c4f87e4bd5b0920ced9ce,medium,0,0
23729,86a262d52945f1b9b08f84d1dbbc72c472e11fdd,c3db58cda58c8c6d89c68f4c645521d89a0457cf,medium,1,1
23730,ede16c11e3ce61323c121deca1e39f7a748f3c98,98dc2ffc5d36e7feb51c1a2f94cb98437f6e9aca,high,0,0
23731,324d5b55edc595e2b37c4895181ac3296d2c466b,185aea19e0e9d601ad587e1bfae42af050ed7517,low,1,1
23733,3f1c5686eb593b7e34c71105b99ef899010d0995,98363ab61f58610677f87278e1c48cde00f11c55,medium,0,0
23739,ba107130bfe14c272eca2d8078afe1ef6b862c37,ab0aaaebbdc01a1174ec255fef022afe87b4c9e2,low,0,0
23740,a6c9ce4e32f82054f2aa052415121903ae0c8d4d,969ed1d80570398b9793fe34804e7fecc42b8e92,medium,1,1
23742,4676f1373ba7912818568de3d9691285cc5dbe4b,c8023c15d89c2127cbb2786ce65a9d19d2a254b7,high,0,0
23745,b1b73649027a049738853d5a624e1fa104e5606d,17e1cfc262d4d2ccb608961c0db9ab5280b03df2,medium,1,1
23750,36bbd5b60258d14ee42647d809bed54b00cb060e,8eedc8f8b41f42879b943233364097c23bcb50cd,medium,0,0
23751,0baa00e11eae2ff23c875dbcaca1d6773aef3f19,2cf1c9c75096bfd1b4bfe2a0bddacb222865d802,high,0,0
23752,201af63d9a4dbeeab24510e4d517b6504274dc18,ee9649632097e6af45a0bb36e4096ce047ee0960,low,1,1
23754,31f1fe59b64765bc4bace2c9ec3e0515bb0e3de3,b31d2e1aa19b58bc4daa10378cd2b4d96fab2f9f,high,1,1
23768,784f6339d410ab306b50947456ccd90becec1d60,50277b4baea60964a95d60e05f5ef26c0ee4f4c3,medium,0,0
23769,21ce15c5d08190e78f76b0d02be677b624430cf9,23378d982f0fe8c25e783e1fb711ca1db85fd983,medium,0,0
23774,35f5947a23b58a9bdf9aea7186a3d24ab7220c96,9a5d6de68b0b0cdb3d7661eb41631bb30b85084b,medium,0,0
23778,6027dad873f8146669f2d7b3ad5e37769d755e28,9683034029f795fa36c305ef41354b0a552e7ae3,high,0,0
23779,dd4c590cde5f04df724466c5effe43d3de127eab,cc6bb1eaee063b456223b48d667d4c8c548b5f8e,high,1,1
23782,1f8a4c3ac6063941d6df630d88ab5c5e8211ae5f,0b1eaca1f9320ec1bdb1fc5cf283d3779f281dac,high,0,0
23787,fa55c87ee87c284809ecbae48a31ed55a3cdc3d4,6b8c362c4486ff1a560d3270967bea6de9919ff6,medium,1,1
23789,2e28e8c170e09e1bba0a1a2f3a723a6879e0a04a,9d501db3908dc7e572cea637707ad9e63679d20d,medium,1,1
23792,fd7631b814803a85c163dec0899a2913a8fd2c86,4c8faec1229820592bbaabedddb1479e7667eb04,medium,1,1
23793,18daa332c7462428b67c9eb73aaf26219a8b27e7,b1666262b79076b88cbc05a4de897663de1a417c,medium,0,0
23795,592e800448b34ee62135a71b4b8f28f44163859d,e1b7acc15d227bdaed1fc1e832314535e2c6cd81,high,0,0
23798,766136bd952a74de45b88129f1113644dc9d35bc,90d2f3a69f2d29109f8201ed12df68fe5cc24148,high,1,1
23800,c3f4fb7f9b85bcf41e684fa68b60a92b45fc8192,63ff880ec8698beccbf0cdf9862a4e5abe43e9e3,high,0,0
23802,263e192ff3b3c55457896eb0f25adcd958c3b966,8d08de4cd057327a7ae895ad4600a4dc085d4c84,medium,1,1
23804,30c008e0b78d20ef21bdb1d6b1c17e145618dd9d,8f7e9a6c6494f6d17c53158e5f146b50cb638709,high,1,1
23808,c381ec3607ff88d2b1807e728c19d41e618922d0,ecbc652f04489700725950307090a12c62caab96,high,0,0
23813,298a6d12345e5e9386f29746d137126701db47ec,5cf03156874e03823ad2e50d037ba0440d420052,high,1,1
23814,599c14d68977169f33bf4816eb37cbdf94e98d36,ad46f37eb4697de1f414847e094beb108b4d84a2,low,1,1
23815,e11daf90e9d3ee38fdb19a9e13b75f2e97483ec0,d94c12801cd69246b6b0bf7f246157b00b9e8953,medium,0,0
23823,e9b64daaec6eae5bbf6887e70c26e351eeb2b60a,827af7be2b82b24ccb4dcd24d629493a34a7a12b,low,0,0
23826,6f8a267cb84312deeb271b9dd00b34156596aa5c,dbd679167c4258b3bfc3745d7db503625b33efa5,medium,1,1
23827,aecd65e507a9e24ed7fe279ff5f096f56a9c6475,ce0aa783b5e587871aa8a03f8d3e597531b38ec5,high,0,0
23828,a3999f7c0c454bb4860cbf2946b6a0065ce8d2ec,a2a19890e23ed272270e4914589fad6d2681ddbe,high,0,0
23829,1dbc1920a332cc30a06a006f201aebb91e298939,a39f51b5bd24f0f6358427484c752f9a5af9975b,high,1,1
23834,35a6d1a16d7356801d5ef975e5eb5a262ac91042,b013c23996a231dc989a832ef9c5e99fe5be69da,medium,0,0
23837,f06605a54a1d74e199bbef28554b7238f1113909,4a50661ccf0a25ec413a45fa2b373481edaf91d3,high,0,0
23840,0d171c7bd162abeadcffaf4831ae832defac7499,ea885fce8a9ebffe93e74f4fe37ffe764ffc5671,medium,0,0
23842,586a04adf2cd23ab03722a455a225467f5ec9ace,6ced5b08c3fb561b6f63af88d8a7cea5ea40a692,medium,1,1
23844,85976ca58b754aec764bf953b2777dc194522125,c9e92882385ea023d6bf8aea504995bafee1e18c,medium,0,0
23845,9a6ffa2462332e3b6ed164cb082ef36ce7094fc2,44cc3de3120e1e19c7db02b833c5bd303ac91922,high,1,1
23846,f8c1742828b3dd5b8f370e4c43f8801b8da7f3fa,b9a4e4c33d1d001152bd81f7ab76e1a2e40b0726,low,1,1
23847,186bed9dd1b6b1b5ec623758e354aa226bde9b12,057ca14e8f8df70c89541025e485867b34c32989,high,0,0
23849,033cd455dfa37824fd548f44edfac120eb3b0362,09f92b97ad7d054c958fdca004cbd95ed9de612c,medium,0,0
23854,6caea0015fcdca268602f514b8cf82f96dca6f83,879d37d253cc73b256b06575269461937e6b59c4,medium,1,1
23857,d33a889186aad235cfe4b71eb11459768bc58fc4,3459af5e95efe16ed2948c2fc5a4865f56ffabab,medium,0,0
23859,c6252b9486559f4e0fb734caa81498d90b71f2ff,5500212adde1eb7e77a354c160ff3d974f9eac86,low,1,1
23862,696267027c79d889b268e10205a0b75c2b8a57db,ce62f5c92e6acc59923460c95a3c09b0c35a732c,high,1,1
23869,6b2e87761e53abcee84ff4c931ad36b4d8e9974f,41bb95824562f26ebf9cd969fe4a3c8ec7d1743f,high,1,1
23872,f02634a9d66a358251e00fe7b5c81d3fe21b2740,db3648131f284af8f47b9f718cb7e762dbc0d65c,low,1,1
23875,02619ed41a222332edfaf17eec0dd16ad9d30b74,672c48bdc00d08c585277839a440b1898e31b168,high,0,0
23880,f2b9028eb92378523ece7370ea3f9935cec5abe9,1d03d120a7f31f20fc0d4fa1a445d36c770c71fe,high,1,1
23882,693962859edb856fde00b65ca10e326e5723e604,e7dc274a14d85f370a841c6ff16571c94eec1e3f,low,1,1
23885,c085405b3efcd4a0a117ed6b6fbe4be334550c99,b9bc6eb4853746d0eca9cb976caae2582480e63c,high,1,1
23887,6fc64df67edb41209c18af3f28fc8b075e6126ab,0eac55e58a341b38b97cb3c6dfe19c14509c0108,medium,0,0
23892,88ad8d5c380cbd2300442f607a246feee9fae273,663aa25a968393342918f7398d7539230c59ad58,medium,1,1
23898,40b8a221a7e877b9f88c1e7367be0c86ea60a7a3,0944b4fd7d59eaa97274b67ecc073fcbb01853f5,high,1,1
23900,6bcfcea60393653a6ac1b9693a64d1904072bed7,3495026f92614975cd29add8bd34a200caa7dc5f,medium,1,1
23902,1f1c02db6fd6db831c949e03a627a2be24ea5f4b,91fa4215ab392e7e3550a705dc25a1e684e68a51,low,1,1
23903,3d68b7405b92a2b72b04cc28fd018789d18141e9,74033f496aab3cead3c8d6347ba5b88b8f450510,high,1,1
23904,a6c1172a549ab24149ce79a310669c09f484ace4,b47e780d7fc69a7ecac268f9491b1133568c583b,low,0,0
23907,2bd245bf425b64fdbda27e64c58000aa04718763,628ca2ddd52f9a0cf47a1517ff78397351068860,medium,0,0
23912,838a4c948caa43731b5d6ea42bd6030bd72bf8ff,b7bae86d299b8156b3e4df9ad4de7d92ee885da1,high,1,1
23915,9490fc63d5a41943927b7be8fbf1e8d19649e797,e2f1951d0aa00e011d1e6978b7d524e7c5c8a898,medium,0,0
23916,1c66ae8324bf24b4ae4fcde0826741aebe5aa646,06b7695e992ae657f721f578196ef35c96d24bb3,medium,0,0
23918,528fe3b64d26902c20986c1c416757ac64c7310f,c0b3e7ef6acd8063f6d379288e4013a3a4c8de23,high,0,0
23919,f69c61fad49921e655fe45066b39c1bb50b82ae9,d94b6f5dc2d7e3b0a2445c1783bc11a525b6ddf4,medium,1,1
23923,c313aa448ef8bc257eecc45b2358125e90f5ea81,8d2eada8cdf450bfd67b17c418e2dc7de85c3f43,medium,1,1
23924,e3e6035211e42e1783d3a9d8183674f86a80b3a8,161cee546868c1fb1bf04169c69a60811fa7ad9d,high,0,0
23926,6c5204fc7a2c34d5e2471fb1f3e11104b4307a6a,f0b5e99eba2e18cba3ff4a6c83960ec26b1c2c9e,low,1,1
23930,bfb135d7a16f3185094b23c4e3cb26a159c16321,9e576775b6cbafb057cf5f458a22dd433aeb7b90,high,0,0
23933,8ee39a45172d9c8961c48c524413d47c6c59c928,090bc6db1f64c135958357b6733e1ce5c183b597,low,0,0
23934,85e4f5c08575e5c1c58eaa7e922a0d5831034161,97f05b6af75ac306d8c4ff6fde20d289deb7e6bd,medium,1,1
23938,b58ddf5f2cae77586ad48ffb64f654f89a199a5b,bbc634e0bf0886cc9a73aaaf5d8d659e69ac1f6d,high,1,1
23941,0c78af1d523323d2e747978dc8d9dfbe0c289b51,945106636adc20e43013eef90e852710b5369bcb,low,1,1
23946,25e49a28a1d633b390d9547e5aadaa0122890a85,49eb6fa6ce5dad10d2d413d501f29e7499662dab,high,0,0
23951,ec00b4df42996bfb023c846c67e85c9a470b0e50,bac2d1ffc91f827082f8639a23fe4ac58859d372,medium,1,1
23952,3194e5013ce0866e0314aca2cee583c4f25f0305,79e1ff3c524c3bd9c850d981aff0f613d8f1f286,high,1,1
23953,2e5784b6f21b6bcc470c51a92150e7ec3d596b60,710376c98a64eae64a51da644f0e8fb9231cb8c3,low,0,0
23956,f06ed5e21cf7fe69d812bee70c98b054acb9a80f,0c76aa519256bc61d86558270fcbac0aae4f7023,high,1,1
23957,814dade64f5a754098219eb146bce7cb3e296a37,c16f09fe6a75fb0d9fba16e2350f86a13de4359d,high,1,1
23962,bf9cc11e1749a72018b791c2b6033d6906b8092b,1621639981542492560668b3cb26969be177011a,medium,0,0
23964,e3b3ccaa43643bd349b6f6fee43dbff66470ea73,a73a2ac7cca0fa18efb6191e6fb0deb40870079d,medium,0,0
23965,1c235183c9d80bdb6d38d2aed4ed12e3d9ab92a7,5f942a423e8234623f37980803dd0f549f544efb,low,1,1
23971,2a4ba96d21e28aacf8fbfa710f4225d12130d30d,a6780e72d855718fb213ecab55a4c341db5e7d2a,medium,1,1
23972,123d9f139d847567307133876dfd71ee2a241823,cd85515788c09107919671968021bce4105459e5,high,1,1
23976,70d4c9a6788707461f0267040dc6bae8978c9d04,6a3eabc94ce467d1ab55a8c04eabc4ffc06bc761,medium,1,1
23977,c6961eff2177822005a19c743702f7bdafc637f2,508d0b04ac9e545b0e1cbd10aa455445c1e74636,low,1,1
23982,ac4cb69a6e9da356cc6e22ec65d935fc74c984fc,0c1512d8955f092866edabb217aa289633f917ed,low,1,1
23985,0acee2dcc7c2554c0b2a72c99aedd35a931d5992,b1a5d5f8a4b23b58797e66851107b3cf2bbe3048,high,1,1
23986,64bc051a947aa60625d8dadd41d92da86e09fb32,a420f15b7a67a350fb3ccc66f643b8a73946df24,high,1,1
23995,2884a03d1f89817e4f81d323206026032a171972,e40cc99363e19cfa74f2ab8f9bd013087c31d750,medium,1,1
23998,b72eab89458427fe82b4ece6da24ecee73b8c9aa,4be76ff89c8ceec55783a26e14a5074d435f336f,medium,1,1
24002,bc272e962f63b39654c41874052a9c763829fe64,973ae8bc27a5a16024955aacd318e38a31772005,low,0,0
24008,f54a8f81587dc476ffe013f883f552b483adc36a,79be685937d6c7180c49d2fc8bca6ae81d3ed33e,low,1,1
24013,a13c5ff72d41958ae924b6055b48d178260eac3a,23cc5339a6252972167aa6316ff749dba825dee2,low,0,0
24024,6ff24b7385aaac57a5675edb87935eaea336a99e,0d01df9e4d5b933f4e9c04f9b69788e367bcdf66,high,1,1
24025,4c807ca4858544e58b2d550b1bf8f3affa684a72,c11a7ea215bd2b311b532b6d07944e26059cd515,low,1,1
24030,2bef93c3984237ccb1596e488d45eaf867ff5101,5579ab0dd3e558cec8f618f5892dae08d1d88c81,low,0,0
24031,0ec5431cbe48397985becac55282b61caaf3f6fd,a46ad8c7f5cd67ce54a954f09d2bfc198b417618,high,0,0
24034,5d54975b3424d9173e804cfa5d0f4f3c0f9840aa,a7d0325406c0071c2953c7d2153ce0d10dccf021,medium,1,1
24035,253374e3ed45c66e83cbdf93be229bf402d74900,a58ace27428f4c58a6248572189d44825369738b,medium,0,0
24038,36a8814e5167e23137ba9cec9f0b1a264364d4ee,bea0e1571e56b852df416e94958c8eb952e896c5,medium,1,1
24039,42621f357b2e37ab5092f9113a72225e07aef587,3ac69e1ad58f888ce23fdbaca0ccc8c9d6ed94b4,medium,1,1
24044,1279af59a15701cb938c9a3390505e4394a447e0,a281f91008cdfa750685cc72971ccff5b1527b69,high,0,0
24045,6a233b43153a6e7743e744cc14ba09d054c7e4f7,21c22202aedf01eaeb56e7a57fc684fb259964d9,high,0,0
24047,749c4d82990f55cc85b49c92f23b13b620fc171e,53d115069737efc874fa738db8a5b150829db67e,high,1,1
24049,048c4862f5b26d0a637685bf4c3277c34fecbce5,a38bb9e83073a2469d7ada9db0cfff67982036c6,high,1,1
24050,2c54a5a666e712a2c5fa76e552ec3f26c9e78ae7,e8be622e8172ea1a2839d47e18d507b7f1a3f65f,medium,1,1
24056,501c02d4f02e9735eb611f70b4c53895a75d8ce9,af3ca744820123e98a7c37833147decf62c5ecd5,high,0,0
24058,d626eab5807f450490cdc5540a2ed652df0cfe6e,c8b21082ae873debd972fa39c137fc4d01cfad60,high,0,0
24063,7254acb019045ffd02bb8d3cef855852fece12ec,f575b14f557440e16ecc509bffec4ba903cbb07c,medium,0,0
24064,cbf3980f9a1a33c04787ea29c105b4ba34cef50f,a5d494a4ce2c8c164127b88975b274183b800f4a,low,1,1
24066,b32663e1881e9c0c01ca7cb6d4aabca282f34845,5c324f75ec247200d2d11441c6f7e669ade06373,medium,1,1
24076,36e03989af711127b8e312a6a7cb657270d356fd,6821ad02d4b0ab3989454d27043764cd8f95d6df,low,1,1
24081,8e4b5bc00515e806c7dd7316a83e89383fb7ad2b,989d54cfdff5ea8329734df3e82dae51f893edd8,low,0,0
24088,2593da1063df8807320b03244b5aab5da93847f8,97908e637f639555b4c958e3a564f70be8c14e24,high,1,1
24091,fde26db3d31893728c1487fc67370f3185c32283,680fcde754c8c61eb870b251e829aee2098403cc,high,0,0
24094,20401ecf2de384309e9e803ed5488d4aa3603f5a,e96f89e862a921b0fe169141367d07855f87e92e,low,0,0
24097,13c0f74848534bb41b5c782f9af8130b8fbabf27,0385f8165cabdaab757834d798c51b023c63bdb7,low,1,1
24099,e40b0f0926d91126f8be126e416bee4136585b72,06037c06b05b5532cd9de54deb0d49129743ad62,low,1,1
24100,20c295f2ee9187e570d7de717687c2376fca5267,e8a9773213c83484e726d6485ddb5834fca8b286,high,0,0
24101,5c016ea02a582288d54de9e9c91312edf0eb37fa,97b46b71d4d30a5ba61ffbb30a7f0d276da8e7bc,medium,1,1
24103,a78b7ffd7559b385a997a48bb0f93fbfeb31beae,ef1104b8b133202142dbb76bf8d6edf5f411a7c4,high,0,0
24106,e059f86602fb40479b922c5fe5aac298d147aa50,bd678e89c8e8d77245326f774348023f40eb1e43,medium,1,1
24108,a4048e582c131c3bbf2f273b79c56c6febf8efe2,7b59a230cd2993ba1e02bcead9db915574afd378,medium,0,0
24113,fd5d42ee3dfdaf2abdb41263a4140461a7d66ce7,90320567dc806f69200a05b8af6bbca9a8630532,high,0,0
24115,1a16afb5a138c8c37b23736f6da6ab1e1f331825,6e4aefd363976d0cbe5de62915571bed07e4a7e1,high,0,0
24119,23bc9f6b7612d2aeab52b6e5ededda427e110606,8b9a6b9b3c580c5c85033efade089cd49782addb,high,1,1
24129,154e28b1c80d40f093424eeca1f7134c8d278182,c037a47a725dfc25c4275ebddef58be069b07d7f,low,1,1
24136,e58f22626a692b02dbc0dc155ae08f553a2e9458,65c3ddf30553f25af9d5af0c61aabf27bbac123b,medium,1,1
24137,74f189be569710a9723aca9a25a5573d4d3babae,9b1ff11b15acd0dd6fb995ddffd40680b67187c2,medium,0,0
24142,7832c9ddbedf430450810bfa23967a4aea619cfb,27b149448879daeae3782ffffd6108221c212d62,medium,1,1
24144,df67c08f8d4dd76dc1622e7f46050c4fb503564e,3c7d9c3dc1ace5709c65494ac262143dbbee9467,high,0,0
24145,a9f56b8a5a55991eecf47043154fa3ac492e3130,1f3977fbcbdb2119c50f9607f95bd5c71cbb3cbb,medium,0,0
24146,62b76aed71a887c1336dff45af71597bac7d7500,eb3d3ab672d800fd7beca566159901f3f43ab6f5,medium,1,1
24154,d8c431bbeea031217ba9068a72ebbc9bf43f4a40,6220ba8264421dff4a7b680a33a3348de6a84d54,low,1,1
24158,d128a96d466a3b23e5cde5f5a06429efcde402d3,f32250b7d6e41450e113856618cc2bbfda1bb42e,medium,1,1
24160,354d93fdd70b4d0a4f9d1a943ef594aa9c258ae4,a26b1a57a17055d3c2a2e74cbc7a6d6729872123,high,0,0
24171,b8d3115f1bfec9e811319d746c8accf0a57917c5,518959080ef30a04851213ee53456fd67aaf602a,low,0,0
24172,30e9c892294fc8f640334470b366eb55487bb74f,0897efda6a88dc0f7a35e9c6c92f7c5467c12211,high,1,1
24175,b269e552396831ae49e5eaaa68047f611cde8582,8e6557d95cfd06fc85f76187fffa5360e1be07c1,medium,0,0
24178,9681159bd67501215081ffc2413775607ef29e3b,566062d8cb404ff6ea9c716a4d8eb58b40cab9cd,medium,0,0
24181,f1f790392be6c0a217ff30b003dca1fce8c4b1f5,9ef1547891a9d38230947132d9ec0c8bed412c52,medium,0,0
24187,262f0643e3109d25ef45dba8147e687364d67797,fb4dffcfd4720dbd11d38ab811e84f4ddeb6c32b,high,0,0
24189,e07c10747b5c002a88322ef3d50e743ea6dc67d3,b82f72d8631c0781936ec64aa7863b822136ab10,high,0,0
24192,b23cb1d85406ed700d3ab31e9f01774a7a0a8308,e3315c9aaae77b41ef4b0e791c1e77ffadecd700,medium,0,0
24197,712bed1fafba61f735054a90ed9c6e5d8adc9a0c,72e02ec7a7c4fd8c432769bf53e537e52f1fe923,medium,1,1
24200,73a6fc656763fdd251745d05651c4b0be069fd1a,4a47a5934ab9cf34f94af9e996ed82b853a990b7,medium,1,1
24205,1983e8e62a2f7659ff9da0efa4ce43f048c946a8,96049f60674ba9139b1be827250a29bf6785d99f,high,0,0
24215,225103fcadb30fe351fbc03ef21f80080ea57669,7495d3266bdb4fb299ef4106c84f327079ca1389,high,1,1
24222,b50b04ad89136b4585c9049d9e3fb1bbd53b9537,9ccba3f7576e9ac07375040cf6896de3bb068bd4,low,1,1
24223,88eba5e685d1eb926ecfa4e7ed065de523558f0a,d7d0966f7c55fd07b23cd8de123bfd68ae7bd0b3,high,0,0
24227,70733c338589ed9fd66ad2117baa89d0dcbaee30,6611ebec4046e5b535133f4c7ab8a6ff21300de8,high,0,0
24230,58be2c96616fadae3a5a8f167a72bad4263d74c0,eeb3a42d686174d1054238dcf75fe479fe6f27a8,high,1,1
24232,65d8e43417a242c5d05613a77b5d3b659ae259d1,e3fedca7d33c5f3fb1a71d01328fdb02cbc6c7f6,medium,0,0
24236,da3b5464d721898a99e307a3584b2595f302eba4,3637ee95b1ef1801f67805345a4bbb4e8040ffc7,medium,1,1
24241,bb4dc26f566cefbfe45690f404c88059eb617a10,ccb6c1e022066da1a068acf62540e03483be6069,high,0,0
24245,c3e69cb85bda3513891fb4deba69644b36ac29fd,325ffdd94945d00449a8214de2156a14ce20fdef,medium,1,1
24249,53004053e4bb613014c85b093728acb337dd4b37,fc6b426921ddffdf2898eff40c252e5305c44a3c,medium,0,0
24250,8dbd5d1f5041e6c77959aabeca31f43041e443df,4dff0cb53e3b9547fe28c40f701be1cf5c4f804a,high,0,0
24255,e64761d699280e8e00276a06aa09f76a020a501b,a4cb0333a291f3148b215ab7730e3a20181811c5,medium,1,1
24257,3926c386bb6efdfc9e6b12cf0c6656b020fcdc62,4e54c9691a7f885df1d2e9c19e64e98ad6909121,high,1,1
24258,46c55d56c0480582ab61ed6c58a208d2574c4d4d,d8d2f1ef38d1839a20b943f3898841e8fe1a139c,medium,1,1
24262,1af3e041ceaf57d5733da26d76f3101bc0ce6a9a,34ff41561f00e07317a18a3d083cc05be10a8906,high,1,1
24267,a3cc4c8635a990e49aa31c8a9ef3b840e1677cb7,ce21eff5cc6b48fe348ca2306aabd8c648ebebe5,low,1,1
24268,61663939ea91e43dea3fca2b853807957057852a,65f4d940e0a99f2159a265b41d12cbedc10b3312,low,0,0
24269,6f46a4229a4c654fd049603eecaa5408f87c8e2c,1c0c866ddb7ccf0c4b3ade4db16c4e6c1c22ccbb,high,1,1
24272,518f670d0c054df703f6425aa707faceb60deb4a,a878920049a170feaa25ed15876844484138346c,medium,0,0
24274,71e8e9bde3f7f906955a4b1b03da14a3bd85eed2,7cc120369111dd61d26c7994f74e1d9d696ac522,low,0,0
24275,42ade774b88a365a14953c08dec42ec872243294,44912f30bfb232cbdbe20b8ca77802f7ba7e6d78,medium,0,0
24280,e800af60d008e462a04c74751dc1d521f6604819,c86721a886d5842daddf83e77a7764f6c8e5d420,medium,0,0
24284,2e5115918d11bca0dea8b164c78ebd2ec3b24d38,24517d873a8f9b1ea45fda722badb4b37e8f860a,low,1,1
24286,cb1a9963ac2fdeee8da03f5198d88aeb0e49e26f,5105ba0ebf2dee6ecc3fbb6acc2590b8d8205597,low,1,1
24289,c773ae78f3c12956b39a539923ae429f2919e6a9,e905cdd67bf5acd65257c6a4f1262653876de803,medium,1,1
24301,8bd7c0afa361a66e7bba98686632ac3675f56f3d,c7e2921f0f04f411527c91a86afec8d1ab9f3ed4,medium,1,1
24303,d41019eb80919e7618ad499ccc3a8a12b2ec9bff,f5945075f6a9231f0790830055d68c900c6a44e4,medium,0,0
24314,c61064f9c8b6f356941c1e6a91506cadd7c72de7,8c4027fa27ab40abe4a74c5ae4e2b67c4c05576e,low,0,0
24317,20de9569ea9a397470a82cea117c15283b96a0ec,0bd37295eb18223984cf7647588aeb63940897e4,high,0,0
24318,52a5b9032b86a7bac8524a7b8598d8064b400803,1fd6c43512b4ebd23a15cd85e4ecaf4f8ccadf2c,medium,1,1
24326,2f1e2bb9d15831575225962e5e53dc8d5ca49d9a,594e22bbc39b538a7202713a73694de1664e587a,medium,0,0
24329,d4d1f9b7f03fc598261aabb9f95260c52a045408,71be80b41c2e586ec144c5a97bbeca387a459155,high,1,1
24339,69b482b28763004151013183e4e8571df22d7081,d3859a44fe26308a831695d464d387c8368df22b,medium,0,0
24341,178c8397faffb98f4f0b0a9431ae58dafe6fcf5f,25c2e07ebf1bc2b6989c7bf55c919a09d570b757,high,0,0
24342,fc78b03e59115533ff8b62a0d9eb6a9c80f3fc86,5f35af9f42620ff8039dc53e09e2e407743e8b08,high,1,1
24344,8d6762f48103e5fc8e0108110a15b2eb1ac28195,029a45b73cfa7514078f3e8648da81ffec63a182,high,0,0
24345,40dc2064a34ac54682ccde5d93770d99422e16c3,92fb389afa98d75272a3571c8ea4593ceab31656,low,0,0
24347,f2838b9f04bb46bd0db6b4d0a679226b86435efb,71b866e821ab7deb2daa63c31d20d409ace7710b,medium,1,1
24348,ca9c419c236fcb3172b2fd862137e69be89c6101,3d44deee8e2a50b4fc26ea2ce38c677f2acc5e8c,high,1,1
24350,6842fda3b2667cce7f16d19e8d7888e1f89fe241,4ad85b13b9cb47577d0c4853ae2fe03acd3edf4b,medium,1,1
24354,a5ca4501d29665bb7d76c0cf8f0e689e2c91ca77,21c649542a746d1495eb505492067945219a0955,high,1,1
24364,0206ed1cb228bcddfa785a8b329e1c8f601c800c,aa03512bd126ece3123b55fb2f7d473b427d5f8d,medium,0,0
24372,86a8039707e08d7036f18491ad91dd30926016eb,47071f1e1c2db1e21ef9098730b399d93838df34,medium,1,1
24373,d8970ac3fa4554905c5723b407e26aaca80eca13,7bc73f9f06cbf0ab03b43346d6dd2c73977ec448,low,0,0
24377,5f303f022852b3993021dac8a549a0fdd907c460,7f5aea3252a3c6d7c7debd2f65c094ea2eaadb9c,medium,0,0
24388,4103b1c27ae6f775eddfda974f58c8fa2a52a52f,4a97d7c76dbf0cf0deb566d0a50bccd17e7d1aa3,medium,0,0
24390,d488800cf18366b77f0eb0b11a7ac82472287dc6,665c4d26075ee8217f7f1af6fe26e26ee6b06163,medium,1,1
24392,4b134dc6b5db29dbe9e1b506834417fd665d2cbb,27b2d731e55ab4dece13382ee2ea108ee0489460,medium,0,0
24393,4a3c3d02476e3e51dda86e79f1027bbd159ccaf6,30f46c8937db3b09a46faf311dd98b86a73ad735,high,1,1
24403,13609f02994c2f758bab536810dcc6f72d215d2b,1f003930f543828dde6dfdc14c4fe1f9f51db8ad,low,0,0
24407,6cc917247b7efe62fc5c5e0c5d5397d0954e16ab,60627f92bf8623bca180438587cc46fab4e53fc1,low,1,1
24408,3353b7e63394efc515da8d81fc6534ce48523496,1db79433f3add7ed7f7cc145cc6ac58a9d00898c,medium,0,0
24410,307f1a4d80913fd445db98d3560385e5eca3c834,5ccf7e663eb4f021d6fec52afb8b658d81c0e42b,high,0,0
24424,c99b66865b5b3fb494222237164fd7993afb7cc4,b1885a465d77327289d00f5646c72cf9aea23587,low,1,1
24425,64758aacf28f456d34b6a0da2975ce6fbf299637,05d39882af6c72ae027e3cfc6700a46ed74bbf5c,medium,0,0
24426,767a9e6e7349ceff371b899b416cfaa64fadfbe4,6e27f21d80fc9e557f4018905ed4a4d64841a01c,medium,1,1
24427,dd455f6dca3ac5aa2338db4e778a080349882a74,c8efcb3f7a8d8876afb60de9fb1838e62a142361,medium,0,0
24429,2f8d84cf312911e9fb85a26e40d87e9f76f6103f,6585dcd7e025d565ad55ae2c0886eba87a0f62f7,high,1,1
24432,1663f00389c648e3139c0f69e5cf6c5012061e21,0461b98541386178c63f7b24c74d071d922289a1,medium,0,0
24434,f2b4c4ccbc6838bc18a47d72d5de442e11b524f0,d8fca383b1fdcb37c94251d8593ddbb051044ba3,high,0,0
24435,ba3a515915b27cbd9c09344f12b34e8aa572c62b,2ff9ed2671d5d4b64494bced8a788f6a50104e01,low,1,1
24439,1041eeb182bdc553aff1df51deb0df541826d6be,1bfaf75578e14cec17d32819779936d2d17c1a5f,high,1,1
24444,ce59c52c66fbd4dbfc5975d3677e3a523291d060,da82adfb7a3ceecf71eb7136bde2198b5511035a,low,0,0
24445,f2413ba6f003924743aab2fd3b5d6b6b6b6ae11a,66c152138d6ded2e9fd8c8221eded1f38a245ea1,high,1,1
24446,485848887013efbdd173ba799d8fd2ab9021e40a,7564946b8e4904b75296de86d2b208a1634b95d7,high,1,1
24456,8093e385d7b995d193bd58902b15bb822f85e61d,a536999a6adc9410fb5cdc4998888cd4f28d5507,medium,0,0
24457,935a19774c9ccc2daa39d41b4e23bafc1bc2ea8f,dcc803f5c27e0a75b8287ef935543951ce4be607,medium,0,0
24459,0a52207e74f62f70fe9724a9a3dc5b7335327eaf,48ac92470ef26959b0734a874b2f6481739ec219,high,1,1
24460,65385740ed71ebad7f58adfb39f858e70edacb28,475da0a22a448c6e2b681c086c42ce7a62349149,high,1,1
24461,aae4d4f67fceacd4c47b2ecfe722c9120982a83e,a9b12660f851cf5141d109a099df51ec7a326740,high,0,0
24462,e36e176c628dd78c30b5e287aedf728dde2305f3,d87e648f0500f1e9abbc8f60827503cdd81f3c3b,high,0,0
24468,f37a4bdd3f4f121503e0ee3ae76ac7dc3cc26e6c,65bc755a697aad2bffd25a337b8e42c4807f831f,high,1,1
24470,79943b0c48a3fd7cf63e4bceadb5ce45757bb256,f90c3c8df7f078f7af1bd5eb0be402d34a0af1f1,medium,0,0
24476,ab9d166931240b744224c9b3047f2198395a8a71,1903729e87a5abbb82b6ef5b99fa7d35668c43e2,medium,1,1
24477,d55e0e48d71e5296704d59f366e553500695ea0b,7c5d3f70ab371f6beb09701fdb3647245c798d25,medium,1,1
24484,9820a9578ee2ae6daa6d4839b1c82a893f2d2a50,b880a7dbea5eda59ac48d422121bdfaf924bd224,medium,0,0
24493,157aaed5df98b01b5c167fa8af87ffd37ffda60e,5cb9af0bba899ba9a163869b7c4ff5a3cee27735,medium,0,0
24495,8810217eee65141d15e01aa786649ba2d21c38da,145220aca4c5f298c65a540e3cfdab3aa84f699b,low,1,1
24496,4723be399fca1864465a8369227524b6028f1816,9e5664433cdb6c896cc3aa2fe27b77f2c8b3f18d,medium,0,0
24498,58bf2e9dc3c799700e91d5adc4291d0584cbc82a,a12fb50960a80b3d2c37549a56873d61d799ae2d,medium,1,1
24499,6a00bcc7fcec658bf8730b6d35b5d11926cf618f,2ae3703118de0ed4524b9649136bf84eb0cc5f50,high,1,1
24500,52de93c9a1f8b3ed778f680d0d751c3d7d8fe269,938163377bc02317100273f1dfe6af12f12abc8b,low,0,0
24501,075f9460c89f2e6843d6c438f3335b14cec3a48d,6b26ef1188157bffef70effe81f308db102da60d,medium,0,0
24502,0e54ff0f6f1ce4e9462778fd5fdc66949e320f9c,8ce19ed4ae837eb4c8e939b1c252d50862c0829d,high,1,1
24507,951e6ef4e9f2c62e642e413022b14c5a37c1cbc7,49fe474f29f8286e8a6824ed24e49d8896d527e4,low,0,0
24510,00d2dedc44a1f0d9c7cccde70b7ef2a3b8bf10b8,4ecadbc5f2d3eed565ec4fa06940fdcdccd98d0b,medium,1,1
24520,c427549f8935b526be9390cfaef12f391d7a9f5f,caa04993146a02d2ada9e95dc9a79572d06ba464,high,1,1
24522,9ce2901e4e3a14527b652bc85cc64d44c6d14a37,e00c0307371ab97096daedd3e1bfc9fbb2453820,high,0,0
24527,c9bc6a491c21642af61ec3decab767a424acc9a0,45c68133c38065f96d34edaef022daf9b42fca93,high,0,0
24533,17e95001a485f9c149972c6ef88c9d0814e4cb92,10aeec93fc8b5153721913425ba99ef9f9d4ae4a,low,1,1
24534,39ccadf9115244cc5425a713d8032929b6f224ab,75a0838a5a69bc5296377dc40ed5064e29cde1e2,high,0,0
24536,7886d7ac622ce594679ec0c058e2814d2069365b,db2578ad29f6acbaf932860ab5e4bd444e01d815,medium,1,1
24538,675be7f3fffe5c6a230843ecc1849513f9d338bd,f544a06d5a4d12480de40e6cb6b4bce6b2c11ac0,low,0,0
24540,03b334086566900b39c451aafccf46c1e4b9a60e,40aae972f3b4e5d92b76a83218946e1d68e27aad,low,1,1
24543,f615ba6f4344a4fd7dac7122f68591f52ff6b9b6,d6884e61d985cb88d705e5a665e725cd26a0014b,high,0,0
24547,ca9c419c236fcb3172b2fd862137e69be89c6101,2a089dd3184d279f0b213d74718f5689894746f6,high,1,1
24549,cc35c6ef56db814a9b47d2596dda8c40c021e4bc,05beb7a17f741bb953e0596cb40100fcf467c00b,medium,1,1
24551,c158fe7d40a865eb2dd1ec2dbf971e3bd1a71ff9,ba09102f2b2a77c2813bf6b37d3a4dffb1c7c48c,medium,1,1
24553,254c0899293424beaa92da15da6b8ac4ce9f4f76,f11867275bff89e354df86ef26243ec288c546ab,high,0,0
24557,2f2498431d7a3c23667b51033e8feb32d3e77ad3,a0017603d89eba9106fc5abe7e15a53a9ace2775,high,0,0
24558,0c0d11f17f92632b9b35a5161f2cd01dea95b0dd,629229053192634462684718bad31017a8c6f1bd,low,0,0
24567,aa4e1612ad93cec4a38f112abf73168a13e92d82,abf10760e5b681236e7f45f82c2fb4c0a4bdeb4e,medium,1,1
24571,02d686d99e4dfb23fde1830afda3cd966848732f,7ed297f3ea61ae4e9bf5d5e06b166fd62434f6a2,high,0,0
24572,5a1241b4b9ee1f9fd5862ce29b42c702eb2a4e5d,7db8fd3e8d384c86708d77686c98047b5afac9bb,high,0,0
24575,d046bec98e1e4150a0c3211f1b6581b65a09ac14,a042edd1b5de4410c4d738fd03e2dac898f18be3,high,0,0
24580,1122a6a092d0e0281a20ae5884bc6084d171b7a0,3bf17bad7bca6297fe7bd6e70e607506aab36b5c,low,0,0
24581,f0186e220a6984ade89f3fc436018a5d3edc3923,50f395f710b73d279819c445cc9037022a80d264,high,0,0
24584,4d6937ff383ed5251cd9e399428717be214ddd9e,3be7ebe97cc2b37557ea3fafa00769b22ab40c43,high,1,1
24586,dfabf4c69b25162970f70bd4fffb4afa8aa6c4a9,76752002d0ee167520c6d16518543c3cc4014a85,medium,0,0
24588,33e6f6e0cd2855157dcb95d907769b79ef9e8b7e,a4d4b6b3a1c53de17c8b2999d856923740aa46c2,low,1,1
24592,04eccdeaabcf02a9794adef83a2790d77e09f431,a236400bc1bb080d5871573d959e246f8ba88c32,high,0,0
24601,9624f9f130dd0d483696491ab8f144ee6ae6431a,7504d1dd0dd322092a772190847f8950b329d9ce,high,0,0
24602,2452e6e6b760539f1760508716838c4c3fb18afb,5d629fe03ecfd7d621cff23fd75f796880cdee3f,high,1,1
24605,e66eb358a09c899e8926597851ee226ed404548e,225fcc629e4483a7f1be2055c4021585c02e1bc5,high,0,0
24617,affe05bc587afdd6dc74f710cd6e90a44cd6233e,358ca0421afa2e37d87dca5542dd59e93d8e6897,medium,1,1
24619,3739e7fd6bce8ea99a55567f9c27524f891c1c92,2c01e9ecefbbee184f2fc135c74c72f6a4a66a04,medium,0,0
24623,2bf405548c26291de8190ee35299a83bd3e88354,07152088af44a8afa32985d1f85b5dcf8029c1be,high,1,1
24624,ba107130bfe14c272eca2d8078afe1ef6b862c37,12ae41240303a7869b937035191ed3fd9a3a3e90,low,0,0
24626,3a83d9d001caf7cac2b7532a1d063112954677f1,20863a703c6a01c16c6ceaf34f0dfe9c382b2f40,medium,1,1
24627,e317f025277c13d085f8201fdd1d7aeee9710845,b09943ffa9329bd614edfcb941f4e75a1aabad91,high,0,0
24630,baa303ad5376e09dca6b00b745ce43ff422533e9,213f18d9da9337eb33d899f6fd31e4594b5ae2dc,low,0,0
24632,b3474d1795f37ebb16356071943de9e90a7bab26,454fffaece27b7a8e12a1af527651a1bcfab8a45,high,1,1
24633,1c7ec89d7ba1d0e53eeb0045d45791557ae58fcb,900b3a13e078f2ca7b44f6f602f39c5aaa883a36,medium,0,0
24635,8b35887ed45c152d5bde1c0bb3d10016b10f7811,7fb6aec56b5af96db4df78b11a42e3602a394e8a,low,1,1
24636,fa2f867516d6a22edc7e7df05e93d8974f8b8895,6a6c7f1d5b88b636124c89b3fb1d551b65e83005,low,0,0
24646,e5498c4779c8728179b400901c9fce323dd60335,8e3c5f3f01dcbc181a9068dd5d2e5b8bca6f83f9,low,0,0
24649,e9517d2ae0755d70d7227842791ad6be1ea5b193,b03e47b28f302720ab77fdaaf5620b8da172bf18,low,1,1
24651,7014af40ba5ceeaed45bb86ffd4811fb549aaee3,6c509241135fd03a5898bae5563bbebdada0cf18,high,0,0
24657,135535d9e4a0b80f0c5999e93516cf97cc518b39,e5b84a3b0ac401646060cd1bc7d0eb06577a54fa,high,1,1
24659,7f19620e763fe5aeb2457ef0f56692f307abf74c,d72a98c0bf18d0eaaaec8e940cbd80bad9149607,high,0,0
24663,c91e2c17b263bea4bc9758bc234059ec3c0667ee,c643b390c2ddb5490f6f781f17b41802a515abca,high,1,1
24664,9a4185485b27eedf029b4e43e26bc7b33af9a6f1,ed13b2baf2fab7e6f60a8262b2bc01023d89c15a,high,0,0
24671,82cb4d6a088102168153953b532ad128533525b4,4c69f5296409b9c0aa213878332ebd58b35f0e86,medium,0,0
24677,057e1314ea34d30277aaf80a0b08be3c3d96faed,2fb66ec8cf5b321f39fd1bebdec89e8a591ee271,medium,1,1
24678,ecec369582ef1c5bf3506e10f60e8390bc963694,5a8abaf720959effbac3829feac37078df20f728,low,0,0
24680,2041c77e461984870b66815d0b479f802bbdb7fe,20fd32379a74770016f32e1dcae837c340781baf,medium,1,1
24682,9a6ffa2462332e3b6ed164cb082ef36ce7094fc2,93fe1c1e9b76aadd2cbe8b45e95be308de1ffea3,high,1,1
24684,13c2413ad9dfb064036038ec9e379561489cc4a4,af685dac2d3716fba341121c26d6171c57bd86bc,low,0,0
24685,60eb5c61151c48db7ebd8b29de6603a9f517ddba,98ed79cf2ee3e6599fb31886eda0bc4d855c52fd,low,0,0
24689,32c10bf8c4352368f9c216b40bfceb8a471b0c65,b62f241b563ac87c4ccaf501489dbd2bf0460140,low,1,1
24690,efaafbcc37239c197b9793d727a889e75bebaba0,068ab1ac55cd87c194f4a4aa0e1f3fbb6b5e78c6,high,0,0
24691,8d9bd4a08eac3eca4458c8613f56bc88067811ee,dfc8db5b61722032573592d0e2ffb0994dd16d19,high,1,1
24696,ea2cd53c0ac811bf11d4d97741022a1d7d62fe56,cecbdff029af9532dd2b2a7e95502b818b5a0b68,low,0,0
24700,a7a4602b3bb470e9368fa5a644ecc4016c3e3418,967e75a0723b8afd7af6b79d928077321fcd1501,medium,1,1
24704,edc5ee9afc1ec5dc118dfe830f148065cd18908b,b1c33a9f925d98fd80d1b30410df853b881bf1b1,medium,0,0
24707,55433159f72ef255ca5524c87a8c18d531fde5b4,420321f8734da90d05d066c7d0427f2b0b6a233e,medium,0,0
24708,af22e6e6b158aaa4b428a9e3a005ae2b3fc5a5ee,513f1158711b1fadb5e28a87bb9f745c98d74211,medium,1,1
24710,84cb2cee9f446553f7e98df72fa6689000fbd546,ac6e1cc8e411153c2dd3ada3b28c6f4104c2bfaa,high,1,1
24714,3291ba8b8b7f7790292dbbb0b7dc682d8a696edb,d7b76df4f211736264afa13ac2f5291a4a31e85d,high,0,0
24722,83423f63ba379dffbc781f46c3a62c128e34a7c4,74eb6e49d8255b35065d5a1d84c49f2957d7c6a2,medium,0,0
24727,933550bb49d312c0fa0edf925692239223950a33,48522ed6cc89c58bacacf0d654df00b345fd4b84,high,1,1
24729,c4ae1c5edd19d32d3c0d099f8d095e4d80f1fb5a,170f86b06f9003fd09c7122da5668cd5d5eb606b,high,1,1
24730,7fac711f73bde474b60d29de99e43a4325edfad5,02e131afadb05e9479c2308ea5bf146456c5d778,medium,0,0
24753,c64901aa48d9d608d4bf5bcfb63cd5e13236bbbd,d27e26839afcbfefe2a95dda6f6c79153e3469d5,high,0,0
24754,a10e5010c7cce4a248c200578d45d16c5dac2bb7,90d198701f0fe56fda67c657c10defcc695034a8,high,0,0
24764,8466af664be815ab01ecefca114b5b14206db14a,de382431dbd012a611ac13b8be7b01a4b0aa7cf8,high,1,1
24765,477eb4a0753374198703cc63750f0c480e51bf05,a6a1b91274286b8376284c99c3f6ab7c3fd67b3b,medium,1,1
24767,b342099937727019b9715a0c5a6007e3707ad934,127a1cdbd3205d3d90ce407b4ef85c6058664cae,medium,1,1
24768,223470f93a59e1c95f37536bbc20e5ff0366024a,edced257842c47425b8595321e039378903f1295,high,1,1
24770,acacc7df47accf1f74ef529af97f6d22d0556b97,4357a9c521f024a12482adb2621f13e344a77848,medium,0,0
24772,a9de232c7bd94754bf89ced3f670673055715fe8,31e1b3b0b12b40acac5889be44582f98697bd2e6,high,1,1
24774,833eff4907d1fbb1ea4902d1c15ce0b7986f88a7,97b6d767427b7088d94ec3cb0f3fb2236363ccbc,low,1,1
24783,589fcf57ccec31e8115fe5b6209a85bc9a7fe4ae,63d6241777c956b9af91f29f867547669c2eecf9,medium,1,1
24787,3e86b41d2148930c6aa38457a46e257cbbf05f43,1ec87f1ec11d7146eec8f53914bb91f7ffc4f34d,medium,0,0
24788,111b37fdcdbd15fdc5fd8682bb91b238da9a4427,442d39665be7fc1e75d891b0ee538c94280678c7,medium,1,1
24794,f8bb31843655f47272f427210385c106a29a3b87,24731eb80f8b16c438bc6806a37c62b6611f2c18,low,0,0
24798,c4a17e9430dd7623353dd8df9dcacbb8b765ef4b,4fc4bf6cce808fc0c7f121ab06cadacb91e586f2,high,1,1
24800,375b1de425b642014c427b62ae8d215d6ddf6a14,9e2ecaacc5f66859d0bfe9350be5a02451deec61,low,0,0
24806,89a20eccd7441bebcd9a4768d55b5139dc34e210,87a4756030a656272825faef566efb9efb0859c8,low,0,0
24807,6e890974e9c8bace3fc1407b6d367a931eee3e3d,f9780ac558fc63643f91cee55a59f5569f6f6c21,medium,1,1
24809,8b03d843cd2aa91dbd1167e1d9dc38e21840e336,630fb095c70037f6f24ce9ecb11d67a45ea0fd28,high,0,0
24810,7fb031a78eeefbb3271ec79f2934df29ee8affa3,9a68d719d186092bdda66e03782dce5b028f05a8,medium,1,1
24812,ad658db30301d687276e23435e9b0781fcae509f,d91601d211acb8c02295ad8e2bba38e2e162fc2e,high,1,1
24815,3223f9bdd99074ac1f30e92e5f635c92783ea487,d37a2e55db621f7718ac80ed8719feedb56603f7,medium,1,1
24816,9b93d0140c915d79edc162f0bfbbd7dddf21bb1c,6d98ceb4aa2d36baab5845362375622408d10f51,medium,1,1
24821,1710219a9c5c5df45b33fd6b8713ca855269d748,84687c677218819b33c9ff8942156932fbe03d04,medium,0,0
24822,5217336c241284371c554137b5f330b293085788,4fe21523317c2acabb5ecf9cc1f42646465bd580,medium,1,1
24823,cb3b87a9111efa080e5dda7433acaf503b4a1e45,b981d5e8ea1ad684744c5b0e0d2c711c5d404589,high,0,0
24826,73cad245c66e99dcd2d8b2cafe004b31fbae94db,61adf58fe7a1217fd3a42a68e0d93c017c0d5cac,medium,1,1
24829,4c807ca4858544e58b2d550b1bf8f3affa684a72,c49ce96f56adf29bb8d05c174fbc6eb8dc0fafad,low,1,1
24836,a0f24f3fc29e427ee58bb71b3f68056a190ea724,4bfeab4f612f907e74edec5f65d30249afbfd958,high,0,0
24837,1c7ee93159e81fad86c4c83985dee68c3857a2ff,caf5f822674aba659804f9447d4fcf7efda9c6c7,medium,0,0
24838,425840e5ea963806ba19c0affb87fc2871030c11,4a27c5b473c1780a1c898d53778b1e7b2362ef0b,high,0,0
24843,58160083683d67ed17c0e8bc822bd750630eec57,8b7e41cd9afc82ad14d371fe3d222b7fca9ca81f,medium,0,0
24848,48b361fc7558c005574bbb0f1da82784ad8bf951,9ae95b19a9c455674f245a6f4c4832b0224659d5,medium,1,1
24851,a335deefce32310610e95adc6f173608bab06630,d58e1d6c24aac46f3a322e77938d8b8937d53e6d,medium,0,0
24852,1a4e8703f798c813342ef523008b4609b4fcd747,ac3ab27cbd8f942a512316b9ddc982438418f0a5,low,1,1
24855,8774761693b318a4ec4ba65dccb577439221c1ac,6a9d6e0b40767b18abe517a00d734361e1ce2c83,high,0,0
24857,18215a02c06c63db34630080b256ef187ff90603,dcf5cd79628f8c37500c0173a176d46e6e8c9120,medium,0,0
24859,383b4c2fda1a20abeb2d9e6f910e3e62c475be9f,551478e33621fa1019b3123f76a3371110435791,low,0,0
24861,1282f06b0c76e0c92858eb73f4121029a194f071,f6b2478f273c8dc42817ba01a810c812c55b5492,low,0,0
24863,61cd6f65169749c9556209570429d0a88c0e24be,05f156879c68b72dff35e51d97540aca1ce1a9bb,high,0,0
24864,4cd6986c1f7d181e9a053c1843c4811dda6537df,691f5ee9d3f815489b4538b2a02046df43757b47,high,1,1
24865,4819d2afa5e754aa490fb6eb7797e2fe8c516f38,42078dab78aa6e4584a95834d1a1a5cc347719b9,medium,1,1
24868,f99b85e7a77b01a15980d0dddc7e15e54e2c4201,f0db00dc1ac59ec8f43055d84ba691c94ed561d1,high,1,1
24869,ad642253b0f4dcd0d0852c05c5dae98732915fd9,b6a0c77c12fb575908d407c96bb6c3c0f305d99c,medium,0,0
24878,d4515cf1eafef6b03f526f0471adfb648bbab6da,7b34eedf60a91f162241711fcb479009f49bf33f,high,0,0
24879,b3ab9aff8721be6613e68293ecf2af44f6bc5eb8,cee03402f9bf70de60c656daad870dac90dbe391,low,1,1
24880,bdd15fd66ac8aac12b826519cced1f2da6ed6346,1fd7368a01ad6548c445562d82771ce5d054f67a,low,1,1
24885,626828ba1cb3580464a4d13b7397642959e94020,32f4aab9a6dff1ad444d34c3d375f235f02af484,low,0,0
24886,f01f4afb94d69ff0055cc71816071c63998332aa,8c4f525f1d79321f28bf9b1a39ed361480d8c836,low,1,1
24887,a54bae39679cbe33404e5fe8f719f0356c9b2108,151e2099a3d98ff51248e14cfda5b5723b6b8e8a,medium,1,1
24889,7673fd16706de8533fd2a46b1f8073bd543f0eb9,7b76befbf1af88f268b1e65450d506c5f319c964,high,1,1
24892,a0b96abe4e42503c80a6e2628f21e4ba2a053c65,7a05e0a51e83030df748c7f70f81cd363727fe06,medium,1,1
24893,8001a1b500a86a984122863659cd397b08ff9625,3874a71bb98bb26284773dfdbe651998e5c5fa97,medium,0,0
24895,1ab189c927ccb25bff867ef036885c9abe65dc7c,31568c5b18f24411166b4290606f730e6f95205a,low,0,0
24896,296ab5af0911c4ee7cc5fc484d6d8bf156f18d7b,0996ab36fffe84e9d939836a5aafde2c7a92460c,low,1,1
24900,119866c7c9af669a526483793e689dc4cc203900,f69554312a8f71ad7d5b17444237dd585b7a837b,high,1,1
24907,445cea1a8324839e05801893fa53b65dcdcd4cc0,385cd13dce325b7b60c9c951d6258ed426967c93,low,0,0
24912,0a642c73bc4ebfcc858d3211b6dca6e52d18f989,ee486e5dd4430a6e02d93c17692174a90cfe09b7,high,0,0
24913,5ff889fa17683f0cb248096efb503e35c13a9b66,0d2483d09479d3f39ea59aed54254474c9ccd228,high,1,1
24916,62d76a156e7c2712d00e0710a86f1aad4634e17b,910989b06b1707147330bfab652d6634154b7abe,high,0,0
24919,20ef1d177a29c5d75b17f0fe283121237de606f6,4b76e6966dac0e3233f35c8a5f89e4620a9d3f3e,low,1,1
24922,0b78b2956a17a97820f81f64df76999dac3024c4,917066cc6ff109ed559b998039bb480593ff80b5,high,1,1
24923,a1b7392a13be75268d8316c03f07fba96a12a2c2,1e0fef829182ac03a7ceb5572714354243bac18e,medium,1,1
24926,b9b523ff2d4f9acce59b9a669d311b87ccc0c8fd,490467809f7ac1471e436fc20ce48a3f0a9ed00b,medium,0,0
24927,75f5882d909d46fb2e73123bdcf39661669e8e41,7c9c7361e1d4c59be4d13c639fbff72249c01b7e,medium,1,1
24929,835cb072a2eb36c8629587fe9f286a8babefe36e,cb79f841f85c116917ff8da98193f0ce9190dfbe,medium,1,1
24930,c66eb05efc349e847981101cb7030a7d7f58445c,ea253829cd8d7e7379668a7ab4f124b82f856e5a,high,1,1
24931,9fca8f032025a4d135e52dc6f894dbe5068a97a0,b1f56e06d551c00f1518f67db32a1687884b5448,medium,1,1
24932,8de48d3022de6aaa9016438b02f515e1c134316f,76f3ca6ba41d6530e60e2c3c827de45e20e02edc,low,1,1
24935,86a8039707e08d7036f18491ad91dd30926016eb,1a715f3468ff8183ba997077fe292d9fd69a604f,medium,1,1
24938,11e66066fe84921316b6ca0efa3dc2570f33a43b,45260806c7b17ba7d22c5c3e841412628639f94b,medium,1,1
24941,00a3065a0b301e0ce90ad9273a6bff65595753a5,03b67004e56d05eabe480a1cea2b5eca1c165301,medium,0,0
24944,44114228bd4f34aee5d02c565bce1c103728d142,391d73c7dda861c95105d3db6ae591c727e8b515,high,1,1
24947,ef7bb31e4ff1ca360f260242b8b6d02657de78d3,49400d64ccb3298f6050bf2f15237d01149fbbd4,medium,0,0
24949,7ad7cd299e31281cdfcd845b9ed8a75c38be9405,bd9c61c913f113587048690a5444f0919d7f48f9,medium,0,0
24950,c8750551d8b582a611cf8483c462042fd297782a,f2fc257418f2b783813ac2c5e87c69c0ab3370b4,high,1,1
24951,d5d0d99811b721f66bf52f423cf1fa192ac12ec9,24e09dec26c6b3c94203871105ef6d2a6820f1ee,medium,1,1
24955,c2f6baf26f595c4642742ad1f7e024dcb8d80164,39dd8b97e745364e6a9f8451b498bae1eb183125,medium,1,1
24958,aa1096cb748a0c1701885f6629cc3fec746cfd04,6f360786054d7040cbf59271b49e15e55b5c00cb,high,0,0
24961,d6e92b7cba1a7fd5e113c95dec28b7a2c68d5900,2de8365ee16fe941b7c39c3b0f1634988874031a,high,1,1
24970,a462e2cdbc42a5fc52e3f80a9329bdb9e3d54bec,6146b98e29559d7c0d7fad7ca05c3df4c8077772,high,1,1
24973,592e800448b34ee62135a71b4b8f28f44163859d,274b073d66a0e27a344558b8a20459b4bb9079ff,high,0,0
24974,09d8db6083d08bb3641fd5dbee2ebe6c74e1c229,56a242d363b8455d7da58d7f2f2763fee631cfd4,medium,0,0
24980,ff94d22cf40aa16bdca4311ffd1fc882d1ed7920,b976036406cb4374737ec8b01d72d5df5765b99a,high,0,0
24983,47bb251df8a5367fc5a7a99ac2f95e866e5e30ae,39010bbe075b5f2518960a61dd614c8852d32508,medium,0,0
24985,2c9eb1516c8c6d2d5a2463fa36700e23d74fb0e9,f090ea277b779971af5bf18c13a7daf9e9f3cd43,low,0,0
24986,4c192c848166429f153189660f7add719b641b38,6219e990b5795470a24737aa9d1800c561c24ddf,medium,0,0
24989,c0d67ed69632398ac7987e59ec4cf2421949a51e,2d01a348cebe48200b74ae9abcc6eaf7be60e6d9,high,0,0
24994,2a16d9c0b91fce361f346f53c22429b8f87ad396,62cecbd451b5fd323b88d29402eaec58f6af93c2,high,0,0
24999,372e227f0b3f79587de70d69faa21472a5dcd185,a8ca2d89a902cee601da9b02714f59f49ff91337,low,1,1
25000,108a629cfbfe4796fe71bf669b36e9ca5b3a6f56,8a9be436498bf17eb6cea3368477982aec6016ae,medium,0,0
25002,761d6bafa726df88d724bd540cb9538b0bf26fe7,dc9fce7aa8a82585afe7ffe385edf83788265e2c,high,1,1
25006,d478947e06a445fb821c08aacc5c15013a1ef4d0,e8d551c55971e1e1a844fb1cf7214c1753d39437,high,1,1
25008,818ba64caf2ad755c30a34b8c4773fa7ac5a727b,7bbe66dc88075a1f7a412a89762644f24832524e,low,0,0
25009,24bf2e8d0f2a64aa51871b4b3302ea3111b5a971,307e368b5f4951c3f63810c2e6d6529316764bb4,medium,1,1
25011,3e5791fddaefd9864daf6b408b4e3a8ef01c8d12,562a9e1cc0f6092f45389c8aa0665c398c2d24f4,high,0,0
25016,4c7ce26f83b03b1a792760494370495018f87295,2df59cf65ce5cecef1a0edc0ca3dfeb061e5b82f,medium,1,1
25018,f342954a6e143ac5199d3da4a615bcf64fda28df,360cf036453b759d02b9442780c0475e63538147,high,1,1
25020,20585958c2da56d27bdbe4da8de538bbf1047b17,065e6d5a305066b6ee0e3af43e2e187f5470c292,medium,0,0
25026,ad658db30301d687276e23435e9b0781fcae509f,70a1e4d2a56d87c077b43236fdc2771b9cbf928f,high,1,1
25029,f6e3b4d699edd1af6ee6ca144effff7863241825,7cbc82149624dffbfe3539bd480bec21edba293b,low,1,1
25031,c38738d790e2c21268b1c49fa2a35c0e30cff572,1ebb66f135be167693a8b4e90455845029192690,medium,0,0
25033,7ccfe2d3f152acafbd86e63dc430617b9d66bbef,c5091b9ba1ef32fb7f83400e2ced1627296d7a5d,medium,0,0
25036,0ec24ecd96cea8cc04c5bee777be4bcd31d56b05,cf79135e6c9be7ad120a0eb601cc27fc7701ef63,medium,1,1
25037,1f4373fa2f7b8dd7b48fcd153c76d4eb970be3ef,04f06e40d7bea8170c78bc4bf56be814ed3b72bd,medium,0,0
25039,8e39490f9178d6bbead046b2281e622eaa9feb70,5c2136bb53c18876d4bfd3874cb6d82f35d0b691,high,1,1
25042,1eea4598e50c8c9cfbb38f67246e76a81ff47451,71c6f34b3a32deddd5c0d18c8b4038756efc4ba7,high,0,0
25044,a90ce89707b442e9e8872d400b08357bd79232fc,2d8651c68ee9af9adbd3d6261c62124ac1d8485f,low,0,0
25047,66e06f090b04009d1b245c7910313d735d9aebae,903c938ec7748916b04f8d89e829cb10364abdba,low,1,1
25055,68d9364efe3d0c1da2596918cb57902c56939741,670e97861b625793776c9715198b1f0834e5a20a,medium,0,0
25059,485a5fbbff4d9d892b386cd6f616c2362540b599,0a33e59e35dfbb4f9c94d99e6e97b7b3c93f6f64,low,0,0
25061,ad658db30301d687276e23435e9b0781fcae509f,0d86ce9d570c4ea9aa4edea271f77345164a3dfd,high,1,1
25065,221029ecf9a3aa8c55bb3b7ab8f6004955d67a9b,50591e018c93844498e6072a900fb4a71e2031b6,medium,0,0
25074,91c6fcc8c29b7ebcc5f2dec6c62c5f6ab9b2f351,724a877bfd19063a47247c32f60df2abce2d9f54,medium,0,0
25082,e165ffe4e6f1bb85880a67d0c233dd8790ac2ab6,29e6085cdabf70e2608a29ba61919c4143633eec,high,1,1
25083,da213b10054b1e27f01e4e6adb5c6b2867edcd14,d701651b5d2ad1cb19f5d0c526a856ba4b51943b,low,1,1
25084,ffc7cb92cba29ec793c2410c699c8afda1cbdf23,d717afb6bc2867159768f3c345a63cd605dd55cf,medium,0,0
25087,3e2335a961166dd9a6d8a0f2349e13cf040f21bc,ae48324985df3ab85ff41615edf8c33c8b7484a6,high,0,0
25091,7a3a36fe34284dbbf1aa06c0b87558230a5aca3d,588baec9e4ebeb60aa3ebf2bf8d85d323a4783f6,low,1,1
25092,9a950200c6d081163ba5eb2bcadc6ce4504bed6d,ce1fe3bb40cb0bc8cfff76f20b90415eae511b5a,medium,0,0
25093,ae19ccede77d4b3684610cd32ddd6afbf455d6d6,57be606e2d492f20cedbb7ff53e19e5cafba24c0,medium,1,1
25098,134881ab0910d8f05d5919518bb99f65bbc15be8,ac9fc2527b01937518c833f7d7abfd524790d060,medium,0,0
25103,40e6e9ef13bf6f323c3ebeddfcb58a1b14e7d6b4,b8488942da34f38017ba9a1630aed958731b5f7b,medium,0,0
25108,888f409746da74879c02220203fcc31b83775003,1b850c1471842b9c4f5055aa416a1073e0743673,high,1,1
25109,0dd85133f96901b9c44f7fd0dbd5692ed80bd96b,5bc238b89947e239609029318e845f52358ede6f,high,0,0
25113,f612279ad46d53ac537138cf7217abad9c6b65cc,945b602b857ff564923d4f6ded720f4d6b074d68,low,1,1
25114,db903d9238489ce71a67852257a962a61b434f82,4f78289fd2eec457521085e956c7b0ad8239fb63,high,1,1
25117,7e4f864453d0166d157699707989aedfef04ec1a,4de7b575972ada30c777735950e4fc08ca620b3f,high,1,1
25118,5af8b89b741dce508406f9644555828b16f99c3f,d23219c79a47c267d41ca22b8f43dd7772da74e8,low,0,0
25121,fca5621a76f1484ddea2e07fe181d236e861dc75,a0699215c009f14862b3a9a42aa552d9a0833bd6,medium,1,1
25123,5f942a25720eeac4518acd60d469906ba0c6a681,2289d4f91c0498d88a41a25022df269eb77ccf31,low,1,1
25124,cccd9a967bd43513f252b385b32a92864140288c,130b57c3592ff2c0c6a7cf736d5b99f1121d55ec,high,1,1
25126,e88e1c52924bf3779bdd32ab4614cb8cbc3ad129,7766e8b60ff3f0e81295036cebc4100e700ebef6,medium,1,1
25127,e0ff3de8831c0e263e3041834b11f59384c2a750,96814a007d0fb77ab1d94a622231544310fe1898,high,0,0
25135,8720deed65999f71d1817e0409163fcb8402b553,23793baf7b346aa6082fc63ba34ba02a7ba2da98,medium,1,1
25139,678fb9adb4260e7c5d025de78c8f4bbc316636d5,2948694d82401571181be5edff838db54bc387c9,low,1,1
25154,c3a18a797d87ea0b447a1c22e664f71bc0c7f4c3,2ef92edff5cced6a38ebf2def18b5498fb3d6b59,high,1,1
25155,6f3ef60775131e584d35ced5595ea54e8c6e6b8a,1cbfc226d2c157ded3a796946ffb93a8b6b94c82,medium,1,1
25161,bc358a8e03975aa7baa6a36964adeecc7813ebd4,8af7ba2b08882f778932d2ed7ea08c5e13d274d1,medium,0,0
25162,ce88440086bbf7d66986bbda185a5d2ba434c6af,f93e666e727488c60ddd13615f69a6f81f2792dd,high,1,1
25168,da3b5464d721898a99e307a3584b2595f302eba4,316387b7736487487ecfd55bc9bb38b417e566e1,medium,1,1
25170,98f8db250b7a601537b63b67409b865d8e330698,c9d3be1ede0f6231f3a4c21f8c573e0dcc72baf1,medium,1,1
25172,ecd45437d0e04a87328ece319033cec478338774,796eccfb0c6c4ac17b52bdf1618ae6f47cadc0a2,low,0,0
25177,b50b04ad89136b4585c9049d9e3fb1bbd53b9537,0e063026ca3efef79b5708fb87bab846f330d3d7,low,1,1
25180,56fdcb9f39ab2122ecc77d3ccb814874c2da3ffe,fc3c3ecb65b0ee2d00de9bb1b893efc0362f38bb,low,1,1
25191,d375d6c9b6175da156aa4bbc527744a86e4993e1,7470078811eb38dba4e4075366bf7ede8b21850e,medium,1,1
25196,960fcce540d5eef6dfd5e9ea46bed0421ef13bad,3b2f7e59ecd24c1edaf515dd266427ec7073bc52,medium,0,0
25200,b12343ef1c5457fabcaa7a4c5a5200eec13ff339,1fe6e960fcf27da6cdb2779ceb4a04db1105a7fb,low,0,0
25201,c99ad589c36a6b1ef6b8ebc54a4112b1bbfe3ca5,b29e633ff6f9bf4b4777a4449571b1965a3f302c,high,1,1
25207,0bb95a8b652e96219d130d6692d785a2ed7ab695,0c573f9afcfbc8fcaf5a6cd7341785c6a63d1bd8,medium,1,1
25208,d5e5850ffcb718764b0b1bc06fce00ced5e3328b,7d0a4c2f1cc5dfdbb0f23fe0731232c7c3147b9b,low,1,1
25217,29c4fc013cf29088c724cc3ff63f03de8e55df8a,d519ffe91135932db09b67f820a94019ce7a483a,medium,1,1
25219,c925db84ccbb9e6b59164631257ba58eb00199bb,a33a89f9b28cb7f78d44f3843daf77c024c5d76b,medium,0,0
25220,68401b1bdcd59b5e1731c5fa238801dbc494689f,2abec8009221315605d510c3d9defb00338b3d25,medium,0,0
25221,2d092d84c3bace2e865b4829fbf7b79bec22fc23,8ba8906837377dca8734b64b34a6e58998629a54,low,0,0
25230,c4209f9379636166355f69600e9e9c7f791b3681,fbd7584777600f6507d3aec4f550560e35d0d72d,high,1,1
25235,d9c024affe94e07db2217ede0e65ca5fab37b620,e688b417b06818d32de220cb2fd7e645e6f5903b,high,1,1
25237,5243a4e45e941d78916479f646979a17b945a837,e4c173d1e384ee91ac624f1d99de481801fa6f2a,high,1,1
25241,2c4fbf9e1ab73f06588a24e5caba75e100e300fc,c4cfc258d48db9b6d3ea972ef3e43796fb3e6cd5,high,1,1
25242,b9bff3593ad4dd86e7329f82a6664ebdaf73933f,124b4971d385b781ba5c3584dba43187d4614988,high,0,0
25245,fcc56930b53321f18a2ec4a2d58ae5b3db714872,33c8ef67d95b9dde6354c34286ad41a7f209cee8,low,0,0
25248,36e03989af711127b8e312a6a7cb657270d356fd,1a1c636fad349e567e7d0b4a91e30facd0798792,low,1,1
25251,c20e4959cb68fee8d8381a84ef14aa580733dea7,dd9e433d06f9f40dab400126f9c00b587e6a921a,medium,0,0
25255,851f7d1003207eb202c4490c557e1f06aa0da5d6,0db0f68852df4cee2acaa0bbf8d601e961acb7b1,medium,1,1
25257,e69340d1304b1f5c3bfa1f9f9fb909ad63efeaa0,5ba34e781be8ca1f912d401513e8094478f91f03,high,1,1
25259,b1984297e9aef755522060d3fed680158c23a7a0,2a4408a9aa77c5838d06bb1d5a1a2851a313de62,medium,1,1
25264,1aa2ea9b60b98b301a37ed31d833bcd41f733fb7,e001b20ad00793544086ef81441f41e997144d21,medium,0,0
25266,3949e209c7a1c11c9af74fc3e55c06969f582571,66a3f93b66abcda8853938260a67ea3d76e72303,medium,1,1
25274,68401b1bdcd59b5e1731c5fa238801dbc494689f,66523db5dfbcf0a5a0ede2d0448a41fc0d6ce9d0,medium,0,0
25283,a7f8cb818128e7c153a226e93077ac89ad8ee799,2ab3cef84f9dfe17c0a73ac3d5bab67f0b255975,high,1,1
25284,91d2364ce95e700033b80923ff66cd09b7b7a084,3012e6b3e65f5f585d42a2555a1b1a29b107564f,low,1,1
25287,72cb058e5a247c330e4d44e5b3d82c58d5a5ef37,5ffd21504247571cc806e9dac03bad9d8981673e,high,1,1
25294,248752e076f6092a45361ef3c02fc039b4a1a055,4e893addedffaf4e5e6c973ee5e86d114d41b404,medium,1,1
25295,0507d75b3383968bb4bd5525c55eaf88d1b9e601,5d519e5af84b5407112cfb20d3013ddf001dfed2,medium,1,1
25296,4396fc64d69cd08bc690c5774e86317063098157,ed6c23c6820b88cb15b847e34df2d0b2ed0542f0,medium,1,1
25298,fb4b91d1d9c959f766a19bc63eeee747749c2bdb,f758eff2efa596f88cfce77ae6a27d1614ccc80b,low,1,1
25303,0fba52ef0802927d5e8098801abc3c9a70ec3ab8,84d7582bbcf43836591c8e34a0c920636faa1c06,low,0,0
25304,efdf109ee3f9c608ceb9bee32751c0d681d3d3f4,a9906ff0f323cc799e83d9e695d3a95553f1a64f,medium,0,0
25310,05cc2f4ff2f7a67a356c954c8c7304fcc1bb44be,2cc753c191e4220b1d6702c368c1153b9c9dfe0c,high,0,0
25311,589fcf57ccec31e8115fe5b6209a85bc9a7fe4ae,a758f7e9cc800bb7e4535b4d27cffc084917b58f,medium,1,1
25313,cca8b172e6f505fc5aadb3b8a53d796cf2e0a33a,320e3d8e7392b28cbde9ce30d407fbccb60adda3,high,1,1
25317,bd57733b9c5367e59605f72d2224d8ce04c8b9be,21c7e5c41f24eaf1d233fc8c3b2ad33ebdbc70a6,low,1,1
25319,6492abdb82f791985c662ba41785315d0d0d5980,3620fc87b56aea327212fa8193bf3b9cba1109e1,high,0,0
25320,105bea3b42411d0edd346a1ec5e19c28457dfb53,7bf363efe6fcb14de528090a69963fa4a67ef58c,medium,1,1
25323,3640d6bb633955bab5b06255c542270827f4c2b3,2cc5f07569a0162287083984c136717af21704df,medium,1,1
25324,18215a02c06c63db34630080b256ef187ff90603,dfa89b57926adaf4cf0701a3c8df128b57bbea00,medium,0,0
25325,db9a42087044215f959ad43126415700c74ea72f,adac57c147bdfd914103090c0c115c0f98128d74,low,0,0
25327,438e82b9caf943f26f3af65e56e946eb6e3cbec3,1c0a18b68f2f549b886e99d1d1ee4e1fe726c302,high,0,0
25332,057769e07413e91820bdea0322ceb5a29aa9adaf,b2099bec69021f0a1d78dd6749cc6bed176d6768,medium,1,1
25339,c7c07d0738c5d70175d550a76d15e1976a6aa9f5,1bb85733ffe7a8bcfb131f68ee0dd5ef4b0e5277,medium,1,1
25346,a13da39db74241d11ae28272754e2022ac3a36c2,ed73b0ddb426d4c8ec8a4ad442e07d1da6c51a1b,medium,1,1
25347,e52a2c17351330c83f6cbe44d552266f4fe9e06a,bcf6fb62cc585f6ac4629ba5c383cb5db229fda4,low,0,0
25349,8bc55b6232802fa3e698c10b63bbb817c7529e7d,83820dd64fc01eac753be5ebd9189f506b5cb376,high,0,0
25351,e315a9bf3d0f49ddbd84d29bbd3a65827a76ccf6,46222bebbc85bb1ba3dd2201f893eec971099b7d,high,1,1
25352,39ccc8e7675c9c5400d49911756d5415054957cd,a94ff6a30c9876bbe4b52364d49d4fcdbc46292f,medium,1,1
25353,ad3759b25302b9c5a8b5784a222b1f961a67e840,8444ad578bb3262edf4268a85f1946d73e97da62,medium,0,0
25361,386b89b48030eb6228072774cb2dd1e42f6f5324,680403d98c69c74c620800c735b17506529ef39c,medium,1,1
25367,b8ff7b5000534e2248c3eed9cfa9dd66962664a2,cfa47e7e84dbbf9ac4b9a9891e882e662b3c4765,high,0,0
25369,d13101a69270b29cb1dc430aef6e396ecc38cd5a,e82081597cc7c05a13a01e1022521015cd0c8c2e,medium,1,1
25376,1483fc993bf06bde5acd0f827acd0b2641926f3a,49fbec914e657823331f1d38c8119c1c2242af9e,medium,1,1
25379,fe5a99f506ddbf2250ede9da2af9c46ba6a7984b,2a3a297354376cb8902e179ee59cfb832a64fc26,medium,0,0
25382,e0b3c05a6828fc79e6d8be22de9f64b2346daccd,f7c376a879ce378c54c123377f9e2dcb989ec118,high,1,1
25383,80ce648304d9531523fa28dfd427f1724ab46a90,e0e002570fca39ac9d7e792e3afa79503ee7deca,low,0,0
25393,0f6a8a6e7bcbe89282301d8358abc19aeaad6d9c,3a7e3a9838c2cb6f108602bc63ace3ba11425e7d,medium,1,1
25394,e6faaa094eb421b58c46860c9d99ddb279ddcbb1,28cc2dfb34fdefc36541e4e5af288555a4b1e683,low,0,0
25395,0c0356f7be540eab751979125f596b6a8b2bca90,1b748bc453b8dfa3223807a296d2dd13294a1599,high,1,1
25400,042aeef4d0cbe7a90b8120b6df32a51dea715a02,91246cc4ce5a3f59bbc06dc89ddaa6abb562eec9,medium,1,1
25401,2c4b39162e3717c257f4d3e1120c91cd27933d92,bd26c239a3bb5e9cab8adf49cbc53167ad95a296,high,1,1
25403,f290f0c2491c5f549bc69823fd3c45920bd57d7a,6d4165d218961712b25b1dd193046cde1d479a04,medium,1,1
25411,8c45abc77a36efd7bf340f9f26ee9fd442db03cb,c3df5d3e77e108bcd54ae88a40428ad72698b1ff,medium,1,1
25413,4fa5907b85eb49dbc27354cc2a1e2625c7a47a06,a615ec269f41282ff472bfa4ea6be234c52eba38,medium,0,0
25415,93013d028ea4e59bf71ea0710984e3c7e5d4dde7,cab8177681a2c1fd5320c5b97af655914cdd43af,low,1,1
25416,facd22b3e4ba2870823aff9593f02e74307d59f0,8d2f7a715284bfae23af5fc792e54ba3ffb182c7,medium,1,1
25417,7014af40ba5ceeaed45bb86ffd4811fb549aaee3,f3b17620b61b010cb9d29b90280e880225f65b30,high,0,0
25418,5ef0094c700b2e2cfe6bf4762b1f2bf9bc6cba8b,f5ca1d69a4e77e17e9a0a6de368a8702bf4f9e00,high,1,1
25420,8d2f043fcb4848bfc4f9f96a223c997545622bd2,b784f598add720808fcaa4e26390a5fed8987427,medium,1,1
25422,529f494a15660c6eb8ddd583d1a12f849cdff3db,ca5b65c21846f709eceb188490d1058bb488ed74,high,1,1
25423,ee776e4cf687753640e246ff530b3f33b7ad2012,0cc99ff2e42bde7f52ecb75337e00440348353e4,high,0,0
25425,f01f4afb94d69ff0055cc71816071c63998332aa,9bf54f1d07a3ef17eaa2c307693f1ecbea2ba35b,low,1,1
25426,c126770d51db238955e80261ee152c40e2fa872d,5b384c04f669319ff8fc0bbb0325ad9660b90d40,medium,1,1
25430,4d192113e78e9360bfafcc061a28fcc1dd53ac1a,506fc03d265e6d849a6ef57922d833c63a2e5026,high,0,0
25431,95c99142a4368d85b15e06109487397c3d39fb47,7e973a34a82a86daaa586333810052b674320bc4,medium,0,0
25432,298a6d12345e5e9386f29746d137126701db47ec,ba3efad5203e1d7cadb1a7effe19f26ee87a9eea,high,1,1
25437,1b72fe5ddd876cac4c88a184c059b5d748e34dd8,cc3c0e6b7a27c57d652c1fdc8917fe128bf962ff,medium,1,1
25439,d1505f27562609bbda03e3eccd7c74f08cd01bd9,a45e160b4521460d096120f43723fce0521f5432,medium,1,1
25443,40c109157cccfa3267eb0bb131d9161f3d3e5612,f66911b58f744a559239bb42e35e55cd5f630fc3,medium,1,1
25445,28d793cf83c41c0ec976e97e68556d43fd5fa64d,798372bd083b915b7331ae08dfd7d4592eb76cc6,medium,1,1
25451,6e147c34620cde153cd25cae2ccf47b0020c1cbf,5a677c2c46c508bdbb766983fb113a407931395c,medium,1,1
25456,650c5acf35dfcc58dc37a88375478f4a676fc83e,d226e642624ae323cc1ecfd2afc63330ef3e08c8,medium,1,1
25459,ed8e6c5f89241fd9fdbe4fde1bcf1624b1c98a8a,8add696cf43ecf86e3bb76bd04d5f8626f6761c2,medium,0,0
25460,5449ee3ce980b0a2bcc53d6d7d07e2ec6c7da5d7,9135813e2c1b32ab4f19cd3b1720352e70a66143,high,0,0
25463,bd8a86258abb3b865887faf000620b0836a8d449,0010b29a8cfc8802dc2a4068992fd1b577809cfb,high,0,0
25464,53c44c31935729d7c6ff750b22df63eac5e6f519,47102ba76ab2fad04701e5581acecf7a3606a817,high,1,1
25469,6d863fc18eb7fca44cae1b5186622c544c78ee9c,c34504fe03baa483496185d6b54d9f8422d2d34a,medium,1,1
25472,5931d24386f372fd181789a4427326cdf63b2f7e,52e94f847b5274f9d86e0d6ad8b55a605965d7cf,low,1,1
25473,40c2ce3847aa528c40856b000b00e4842b900eeb,01e0f28738829569d5d1bf3a6fe843b082751e09,high,0,0
25474,3ca1fc28458a028947fcb694652b679d4d8c343e,718e97a73f6ff8b914b8d44356a20650faf8d033,medium,0,0
25480,4da526027a99ed6fd083d001fe2507fa99a6be4c,a08a2745d16d55f6f64c217ea5ea0b1887246559,high,0,0
25482,eb122d89d61fad307d22a4e843e5a14f8470d092,4cb620dd2be9f42a98fb59b410f4532cce203e0a,high,0,0
25483,dc02f5c2b81822ec250c6667c56935551d9618d8,cf1767c1a893913c50ad1bc77fa447714e641b03,medium,1,1
25485,0afe69f10f98152b634ccba410fe95cee98ca6c6,9cad0208f57ccf2a4b6e70eef11da66c12f7c642,medium,0,0
25486,61fc0e29acebbbdd9d8590fd2c4417f49c1156dd,831fc29c7cd230fc31ef85e2473df63a24065ede,medium,1,1
25490,4f978958205ced8bf036d846ab0e3e94c0bd5018,24b0a156387797684687eb6f69b26adae6ebaf0d,high,0,0
25495,1edd7c9210c8c76ff0b708f5596a2e4337c975f3,6bcd47102f338577e882724425f1ba277415c05f,high,1,1
25499,8bf44cf2300a73d57219bdf6890be239ac7cec3f,3f9e8e2beab0f1c43a88de4de7a0ad290d21ba53,medium,0,0
25501,7957aa0c8460f74ad58be438a2f3b0f2cb4c28eb,356ba1c059553ebc3819dddfc97de649816c075e,medium,1,1
25502,1d0e197300c455a4432b339712d24243e8ac49ea,7e31b7e5158c1397dd779a9efd14a46243980752,high,1,1
25504,e630750b5e0c4db521947f5eb3a89dad3d64168a,b2d43bdeb04735c3cb2ac96771642c5b23cfb621,medium,1,1
25508,af948785697eaa6bc323f2a2571564542c54d28d,26113248ab9d623c517ae71d2eb910011ce6b0af,medium,1,1
25510,9db08f36e5015ebcfaa21114915856a715b3e6cc,fe2d87f4ab28073ff2c797cee4dfa177509ec118,high,1,1
25511,3c9d177328b291d39f01f92cde197fcb51337080,6d2b2d636cd51ea6b01c3393000532afb022b994,medium,0,0
25514,a39ebb4954f2862320b3512b78ee02bd70321fab,1fa02ffef30a0227615fd2ef1482d2f2b6146639,low,1,1
25518,64c01ceb228563dd279dc063002c2dc361cb8238,033a5b97e826f5da70f3d901590d23141ef62fff,low,0,0
25529,b468e535b9949e8b7cadb4df94376af0175ed17a,eacb28cc9cec24872e7950f5e240e39f917fad19,medium,0,0
25531,d00d16bbe749aa2a2980a1036b950e858ad1d520,5bd53098e2c807895ff87abb45958b5ad88004ca,medium,0,0
25534,5e2edbdae437b65eb9d34ab1a06cb8bb8b3bfb9c,ec8055e0728886965dacfc48649fab326f1f08b8,medium,0,0
25535,87d6bb4d53672bb9e3c304e79158a2943d6540ef,ac5e001d25ccd35c1e43f5b814c0cbf763bf8e1c,high,0,0
25536,570de33c6a409cf26f53df423f9989d0227ed28c,50e072e23d2c101c2b1962666c2c144a4e21d7fe,medium,1,1
25540,9bd33aee52e1327f405185f6a2ac66c210af6cda,bf03fbbd972f3996d1f267d9ce2050272b19579c,medium,1,1
25543,6a233b43153a6e7743e744cc14ba09d054c7e4f7,6cbbab575fe22d1ef3c7892816b08a66327c5135,high,0,0
25545,909422777ecbb2a4be1832f8244fc14d601ed74a,99d4000128ec10d00630d535acc53c655dab3984,high,0,0
25547,6cbf7d957102a3fedccebb8d0dda7a75af5ab08d,ff1283d1bd75076395f08af287819a757e84c228,medium,0,0
25550,8007f6896ba66c63b6bc3d68ba12a84b9c381ff6,d7e7167ae4689987e7b4098b9fc357c48707fd55,medium,1,1
25555,ba1558400865f559c5f0ebd50326a6f9b48eee02,c3138fe071d926b0f2183e91d5c8f442834e89f1,medium,0,0
25560,e50a023423e514f283a71e527ffd5ca54cadb737,22de1ec36afa5ebe4094c7f8993d5354f927960a,low,1,1
25561,72210ba05d9004bf76aaa8568dfadf0b140f4fe8,853ef29378d624b0ca78eba344b1a56420fffae8,high,1,1
25563,3bb5834bab9731d5aa317fff2e1fa3d4e563cf41,b7ca0483ef2b4f29ed20bc4155160561adee7034,high,0,0
25565,b22ca87611b9d6da9e2da60a7f21fb2c3e65c145,5e890f85d34dfd66285ccfcc7a578b784c48d297,medium,0,0
25566,435f9878df79d66edb70ac605952641b3600fce5,91303c06986c34e42f82bce427d8069708ea4d39,high,1,1
25570,10c9989f933dc2d57b57f0b5993a6229128daf86,19b8c5fb9f419f5a909f1d8764f1211752468095,low,1,1
25576,5bd56203b9fe41222ae44da0bfad56a989ab9c29,3aec3bc73bd0aa73f129712f9fa8b771a5360208,high,1,1
25578,d1261679ed54e78c56fe9e36264feb7a8c2c426f,c69ffd13b4949f265af458c8ff509be28c090c63,medium,0,0
25583,f974ce244b783634b19f9e58691f30e4915fadca,09a85902447081be3e945b43549d65336d1758c8,low,1,1
25584,e02e0f0f2f609ef8684adcd0110e4e70954f6758,1d1619dc45af1989fb4e7705f0832684e57c25f8,low,1,1
25588,63675b2a8096d65efde62b15e47265b5fc6dfed3,d60c43b139ccf31cc3bd7fb40dc57c23bf35d0e5,medium,0,0
25589,8cea8a17af54017b0c51b01b010c73e6fcb966a8,7dd04bb8db17100311e80df7b896c8a19969901d,medium,0,0
25590,219438e0b3011f8122d5877aa3de0ddf9f4ac3de,0022bf52f265976811ea0b3e658dc8d3ca158358,low,1,1
25592,9b93d0140c915d79edc162f0bfbbd7dddf21bb1c,59c9ee87e5ff4ab8bb236479824e26433f1b49f7,medium,1,1
25595,ba811ec1a06895ae0efad136e41d80fe35837b43,bb2d5a31b4f88a78147b903697435d6359f6f4d4,low,1,1
25596,9bb597ef67992e23c3b0d25608f5174168951249,446e3d2873817e60fda0c0af5fb7b655a4546cdc,medium,0,0
25597,9c3fe8503eda4060fe294f3d337df7d514573ced,a83e9410ac120cd32baec00c8c6a84a3843615ca,high,1,1
25602,5c07c4dea2edc800af1571e77a9451c0a73d9195,afc49f3fa33045adf1acedb4a182920203cd1277,high,0,0
25604,736616bc3c13af78eca336d038872850047e7cce,63d965343d0fef56da8fec1f376fad7fbd2070b5,low,0,0
25605,f190aaf0480a0b4900190aea19b297c9304e65e0,16585dac9dd7556006aa97f38033bf6c7b0b4f41,high,1,1
25616,0c78af1d523323d2e747978dc8d9dfbe0c289b51,c84b2635ee5740f9a18f5f82beeb27a53f035db6,low,1,1
25625,2ab7ed5ad40429fa6b8b9289613a146789543c2c,9abb193e12cc01d556955ca562b9639a6522a124,medium,0,0
25627,ff6fd3505aefd649aace5cc25f36effbe343ffa0,02a9da4949176bc62d128fcbe4a4c0c451f52754,high,1,1
25632,7944fb37589d6fb5e2223ba50d2780e942643ab8,7d8a592c747b086eefc1a3a4c4aa9716de2e9ae6,low,0,0
25634,008aedc9f55cd16d7053da2849c042f5e0d1c7cc,f1b624f1f1a8c306588cb6544a0ad75cc9bb0d91,low,1,1
25635,51ec027605865f5bb3310b4a242356d952bc66d7,911a4112ba2f2a66bd9a31551da580cdb77a12db,medium,1,1
25636,a5c27a624b9e65bb8b7b9e6353e706667f74c170,d4df9e75df2f198bae85db8eafda13659bf92655,medium,1,1
25638,6fa3994a34ea02533bcdffd10703ca67b5321a79,83f31d2be92d9239f707da3f9836c5df59415ed1,high,1,1
25639,2d30bc9e01ffc6e0ae99f979452bae1b1c901d8d,d2f64785db805a442fde7283bd9173d98e3569b8,high,1,1
25640,4396fc64d69cd08bc690c5774e86317063098157,2104efc01f8ced0989623e5440e1eb6d159e9655,medium,1,1
25641,0f1aa6c0824ca341b5b358bcf7e3ac617fad8218,bbb6f4cd530405199456a855b4bacea0880b0976,low,0,0
25643,5e42c48b9aca716c30f14460b3b2d2741674fb6d,b17d59cbf1b344cf96881c6e4922db3260d731dd,high,1,1
25644,6686f33f7598986c2be30cc2fd12577e3dcc2155,40488a53168d0fc88bc07a9dec57d756f2dac87a,medium,0,0
25645,0e865a707236966abc1f61773ed168d45a95abb3,b31b71b8f2dd470800fdb2721723b40e7fd4cb17,medium,0,0
25647,1bec4a802fc59a50fae16e593c97743bef7bfc23,d0f334612e422ac2a8cfc5f1e211cad71cac3baf,high,1,1
25648,ffae8cf332fc9fdf2a2d158ba36e2830362dbc07,3cf52410c320526c1d18f6dc96ae196b8679a7c6,medium,1,1
25649,54f8736e9d539c729298556302f1efdf131dbbc9,552bbfd2e1ac71f2f1ea7232ed96436046379653,high,0,0
25650,dfbc0e5a9ba214d79a49068d266905ec7db1be0f,ed5f4f47c636166f295af363a2327f148fa18ca7,high,1,1
25652,6b7480cd87cf80fdae43e06f5c44c768bd3e2739,3b0238ae8b4030fd52746451dee8ce3f6ef82a6f,medium,0,0
25653,9c9ca63caea59816da51f033761b0e6521827810,b6e09608cd61e9f2b90477f9adc839c937e82fd2,medium,1,1
25657,2cc56b244897bfdb8803576974d279f55e969025,5cb79086adbbd95286d26aff54acd673337a881d,high,0,0
25659,feea35fbefd41d7caed1119d90664af8c1334877,b2687f7fd515f80291f10c3dc859d13bee3562d0,medium,0,0
25662,2296fdc3cb6d46e1150e57dc1fe6ff9576b8e275,4bb731a720be3c9412994bdf2a3b6e6c8637768f,medium,1,1
25663,8717b388f5250804fdd34b740856161ca0d5dd60,a3bb6186e4f6c4ecb44619d5d4e379d901a77d63,medium,0,0
25664,1a48bd1dde2d51d57c2ada6895c3ca21ee759d0d,0328fd3af263a5a0a3a2b6fc04fb6aad4d05e6b2,medium,0,0
25667,189eeaf9e5f1c29cbfb107c7685f7582a19de11e,c0dc4d584fda2602a48e415c969a21b513f69046,low,0,0
25671,9c9ca63caea59816da51f033761b0e6521827810,51817d8f854b3bab606ef03271a9a87c0117a6a7,medium,1,1
25673,7b7d1c7a369b5bc867d84326c54d6b5c287691a1,7fb42e03b4309c05ceb9d39841021ac9399c2ebc,low,1,1
25675,64fa0d5da92aefe952b9d4eca32e72359d7da2ec,c29135f61222b55064830d058a056fefa4e1bd67,medium,1,1
25678,a827c2872c1050384eab9809d638f00f4a8eabac,b8769d05d3587dcabc4cc0fd3ff46157e597d7e2,high,0,0
25682,3d68b7405b92a2b72b04cc28fd018789d18141e9,cfb3cc8977b2c6ba7183d657d4aeb54590573cd2,high,1,1
25684,ff94d22cf40aa16bdca4311ffd1fc882d1ed7920,0fea84ede360f23ae5ebee7200e01f9d56004e5f,high,0,0
25688,a3e09f4e92321c3ab2ff7c6ca99d19bdbb5960f5,910b0d1ad08c0a7dee6703d0f3290a94d9e295b7,low,0,0
25690,243f6911317eebdd6e1135cc059db6ee99e04afa,c19336f8f968ce69dbc3e88ef99da51a92b97487,low,0,0
25692,fb588e0add36e5c6f84553301da22e8078f08c4a,4f1ea4391c64bcc19f023e3919107e84d53a988f,medium,0,0
25697,f8ee80b8e53304376f257fcbe0de94355f24efd1,e3ec32e4ecaca8d5bb0961890c7e3d45ceeb603f,high,1,1
25699,165fd3fa384961e442ba57acb81877b5aaf18e06,e73613c14671cd0012634743b2f3d641a9d98314,high,0,0
25700,d63de948459de579a6a7fc41fcf1a0588292cce3,7d3f26e6f376573d2bcad14af77ca3af83c8f564,low,1,1
25704,9ae3816e39ec82b98e934a995c76eb93de8fee46,175c48698ee5ff133f1bcf0a78f5bcf67c7f83ea,medium,0,0
25714,16aa38f521950e6cd6e4020ed7e8641d9087d6ed,f48ce6ef834e264f4e6d8289048696ff50cd11c9,high,1,1
25715,72633139d044dddd634b2d6f5ca40e8e3ef52343,f43f889fbf5bb7c32a18b5df1a53ac568ef89d2d,low,1,1
25719,575c151c95b3307e394a053a2fb2861379f120ce,0bd3be427f38ee9e289e3942fe0f4a73220f15e0,low,1,1
25720,5d3a33d0f3c9e6010c9f52b2cae2eb4dfe40fbfb,e0fda9e556e25ddd35bdeeb2dc98e65fb4b3fa8f,high,1,1
25725,6aaae9ef5f64f3659936591922a6aae41bba495a,457a79615d52af9b5e4435c55f980e2c3dcbd07d,medium,0,0
25728,ff700adccb98bb448404540e5d49e9ac927858c6,7cbe3bc42e7b662af0428d6198a9784e6ba8cfb4,medium,0,0
25730,a6d90f8f4debf8bd64170e7714e3d0a46a3f038a,c76f5084145592c618e84fe5acc9809ec919f4f9,high,0,0
25733,1d8cc796a4ad2fa3531650ff423eded69a005252,b2fbac9bf9caf0fd4cd4d27098b6c61d5c147620,medium,1,1
25736,1765716aae269241d58ae4f029777ba0870e8de1,79f15570da72b9da4fc8b510af05cb412d9b31aa,medium,0,0
25737,2a1e11cfa700bb1f44fc7c13d2b1d4f38c3a509c,6d1168ec873ac4e76b95cf7f57df4653b4bdaa82,low,1,1
25738,261d9fe4f64adbc24fc41f8850468e3a367c0e6b,e4c3c28b1a365bdd8724bf8d88bead81147c04b5,high,0,0
25740,996d1c51036bf1be433f610fa4a73492ed45f81b,babcb92fa9ad768b1f8bde8b13c5e647a10850ad,high,1,1
25748,d937e37ce630a9a97c3056790db842c4ca39a4ea,87b8dcdba1318536bbb5db0f684e0e19ca304be5,low,1,1
25751,56d1b7e8b697456fd643a4dfccd83d78d2945b81,57ffc58407a324a571a103aeb21e085a3ab1fdaf,medium,0,0
25754,2a1e11cfa700bb1f44fc7c13d2b1d4f38c3a509c,4d9c79b14d4063b197e6020aef3b9427b4dad796,low,1,1
25755,d0957f197250b3744fec40a968cca198a97a36ce,9fbe75f9705ddaacca0058b767bc78a27b6e8cb5,medium,1,1
25764,c4096a803af4ec2e4b391ebe7ee8ab5d4e2fb3ab,7f4be9af96da5a081290377d677b5ba48c6933fd,high,1,1
25765,a22e4c81d82f8978a2452243d302c106c2446eb7,b1c20070171b821b180d96870bcd2034bbf292ea,high,1,1
25770,b50b04ad89136b4585c9049d9e3fb1bbd53b9537,de6b130d949b031155583bdc2d0cac24567f8715,low,1,1
25772,9280f4208f030ab1ebebece8eb5046316b2a5858,77ee30aa0352ed912be248ddb3d3447703faf2a8,high,0,0
25775,489d7cac8c55a41efa3385ee00241ab7f873aa1a,0b098b9e86bab6bcb098c8bd59b51437324bcd83,high,0,0
25776,d2aa05315d440d15ec015690611ed600df110309,457f7120a98553d8b9742ca077ecf6cccdb4a340,medium,0,0
25777,4c9d831174f2a62db1bba1bad099e20430536191,8b92cfbfdcf970f15e4986a16fc65e3a05adaa2c,low,0,0
25781,d2aa05315d440d15ec015690611ed600df110309,05671cf23d90ab2666b6d94181a5a2a8b7462604,medium,0,0
25783,aa241e42d2990a422cc2b01c7dda088fba928956,65a96992d0da604554a519800f70515f4e0e25d3,high,1,1
25785,c18888690dbe1ea49a021cf8bc1a773b1d222a10,c0b8b63487b79c1c9db4c933a10d4a8744408568,medium,0,0
25789,6ddbdb2d6368942ad46705f6e7467ced8a7733a2,ffea515b33ba54551fb3b299bcc311b70cdc55f5,medium,0,0
25794,b602244e8a195acd72655099a75cf285c4dfe3c9,a32c0253d0c0ac0d863a9c8e0f5021a1b8507bcc,high,1,1
25796,d665cb0c02b3a7d7328d2be029a1a2ec2656d1d8,f9de80de4197d0e3d23051a14f509aca9df4285a,high,0,0
25797,870a4828872aec24468afa15ff5eecfd26dd7f6d,79253a31ea7c3058975f2416446da946c73e0aa3,high,1,1
25802,feceb2b677bef4697db596fbcc07d515358665b4,c8bb2bebba43511b538216224337ffa7c9bb5519,high,0,0
25804,d265f41b60fc1353e43897d25463bc8893dfef43,bfe13413b28c939aecc2342742359361ecdc47f6,high,0,0
25806,119866c7c9af669a526483793e689dc4cc203900,5e21b2e3435854866f4d1da1bc3505359ff85c78,high,1,1
25811,177e26c4e39725a5ccce8269f7df2d2e75af175f,0ceb4595afb3c6c6387073bc5d5c05be67171fff,medium,0,0
25812,7544c0e184493aa80ade3b8372123fb11f08c467,26263b701ac3dbc33132bd0075e6767416dd1daf,low,0,0
25813,ae38c65541e4c39958f4b92724db06c933b1f71d,a8120d6f5776304a71d454d418c81c59206961ae,medium,1,1
25816,d77058cdc4bf0af05495f5169d019b4665b2e16b,b64b66384c68d180bd53cc0fb4a2dbff7ad025d6,medium,0,0
25821,dacde776186de5e046c0f0fc175a6cff11ba4bc8,f4d3a33f2ac2341366048606c0e106df5748455a,medium,1,1
25824,7f79a24e358262839b0d4025b16e35371cb394d9,40af6c7d90e9fc9628fcbb2c668e6f81f3ee0de9,medium,1,1
25837,e0635d61291e5ddb3ca3199f8f07c38b41aa85d9,66d7692a53a7a71a14b71a37ba603814169fcfa6,medium,1,1
25838,8ddabef80e9bf718e0baafd35ee7fefb00721270,c8cb6ba731267bd8abb3c506c5d9bc29d009f074,high,0,0
25850,530ced4cabeb75370b432d6aa7c53bfa8e84556f,801718076a72ed778e580c73e19968821ba0db25,low,0,0
25855,61eed70bab49f876e6cbb2f5901155134f61b21e,a08335e82bff39370af0655d456c9a98b4520b6c,medium,0,0
25856,67dcc8192a04937ec722e843f0bb11eaf59023e0,c30ef69b7937f2f467431395e1bc97f7bc9f39d8,medium,1,1
25857,de56d3403996d6ba049940f8f7575b924ccbbccd,a5b8de5939cfb6938aa57f2121c0d28b2c538887,high,0,0
25860,7234b17024922fe73e0de926398427951111124f,378765033fc7177d39ada578e016f569182e4e34,high,1,1
25863,27f2cdc4e55263f7e5326d02de1cb21f53749c96,5d95e58ea537ce78edab3571c68106bbb1ab880f,high,1,1
25864,902129a17917163d05bc2fd59a99cdb8a4a6655a,ca1d5c3f288982e650e3172f2c01f2828d5047fe,high,0,0
25865,06b700fc957d2d5d72cfbe73ce22dd8e3f8ca74b,4195333bde5a24495ba0add4d04ba8c1a23a5842,medium,0,0
25866,d0e8da83012542a82e1f0752f32bd4cc9e1fa5aa,3a691aaaabfa50eaccba430f7b969de0bdab84e1,high,1,1
25869,7fde62bb852bbcc986a20512c55a7c290972af0a,79141cc2ea77e5b1d125df134006794e1bc37089,low,1,1
25871,d691d04b657ba419fd6c20998abdce1ff6ffd17a,db6cfc4ad09c8af149ef1b35fc60f4be35bf0af7,high,1,1
25872,13966d32a852b68311c34eb2aeb1cc8a08a3bf31,dd1db0943816f136bcd48dad16ebbc0c7c56cbe9,high,1,1
25877,148aa6ca4e0c04095557e10cb3af61176f8533ce,77ce56600d352bf0fb3a91bf5ec96545146177db,high,1,1
25881,daad314c3df6d4453fe0abb0ce803777cded9958,003a1bc7a60434b62386feb508b6fbb48704026f,medium,0,0
25887,af5431320aa718f72559bbcfa4b8735524646564,dec644f7e51b7714b7277810d4d235580309b3a7,high,1,1
25891,f8b8b4cec8b5d0167baa85f52d264b4208fdcf1b,d0324c2d7493de0f73751c3cbb730e9514848273,low,1,1
25893,65d8e43417a242c5d05613a77b5d3b659ae259d1,044903d02952aea2662f2dd80de433113f1ae8fb,medium,0,0
25894,12853916e63b48e10fe548965ac3bee8de04f981,1e445323c7a7356fbf1ade1ed5925f33cbc3ba1e,high,1,1
25896,18bbe7a1db3cb840bb13eae7f96ae88909a16184,659067a8a7a348751b9d1d1392bf8b5a97021995,high,0,0
25902,ffb7ac3fb5f96d87bc72d01c5abbc07a2975de3f,d2a9415a97976d1769a4dd11d3956dd2400f834e,low,0,0
25903,f192c24bd8d0c8de7f94245eb3eac0d6bd7b12fa,cb584272deb5c062136094a84b7f2dc67b4edeee,high,0,0
25906,8b3a7f1671e214c783d3cd24a9e24f2db1b80d01,78c65900c8a9e76c4abd50829ce56967f93040b5,low,1,1
25915,4af7d7685b632a85d1d7534d20a6a089e4fc6324,cb7268373d1053dd49df251d3641b4abb337c000,medium,1,1
25917,06b75f3c80418bd110ba1f3d2a4c29ee9a3054fe,4d7327f43f74503479588ffac0d3867fe2b84bcc,low,0,0
25920,bec32b5c397725d8fc934d8cef24f34ad1d7c223,a1ba034d193aeea24c920b3847662a45fa92ac1e,medium,0,0
25921,dd4e82f47f8c7b8d1b26aba4af6b2e7425760828,aa7f38c3f3c2e64d2c9e213a8437c4ffd9340cf2,high,1,1
25922,6178b91e044bfa3760e9c39470ce4bc61ff12381,5214f00c6e22ee65905be6451a40585de0d323dd,medium,0,0
25923,afb017ee50d5ab84604ee163b6ec07a5b5f54f63,4e764a6647eab6aecaf53be674f0b285f02a5671,low,1,1
25924,fd11bd000a943328b3694bf902ea1e6396a2a5a8,427b37becd7c61d7927fbf342c95a3f5ff331589,high,0,0
25925,b281b29d322fb18adbd4f9562ab9f2c17713255f,086f5c27ff01419ef7c1c5e8757ab2e4b0c40531,medium,1,1
25926,29ea8a6d3a3b265fba843851003c718ccf01bef9,73ca7d02935c134a05582094ebea45dfa55c6318,medium,0,0
25927,f82c3ca2616d5a21efa0bf81596db5d06de39850,6da61480f516352aa680b337d0671d06beb8f376,low,0,0
25928,f2607d9bb2cc34199cb3f49ed66c94e6ed09dd2c,94470d66f81120b37ea08e4f0764315ed1e0e2d0,high,0,0
25934,fe683c27c87ed5b5c63d3ef72fb11106dd555099,09a39d8fe88cf17ab044f091f0300c2a2d129cc1,low,1,1
25936,7e7d0d6b6b68aab0913f6763691636d62f917175,814b9f10712ca33bd0da0a8de6cc61c1dfc8ef9b,medium,1,1
25939,d19a739abad5a3e53fdfdd1412e1b143fa501055,04c52ab99d90ccd474c27b022bd05a9b1487335f,high,0,0
25940,6ecb0a2e50a3141847c6d23fe3863cc55024eb17,953769c7adf1d9e68b2d5395bdb3ec5af298c713,high,0,0
25941,afc171a407248d6c42556d1d63b596e5f804ea02,21c80fb19a83eb5cb33c1cf30453d7847d3ede64,high,0,0
25944,ee3c4ebcf7bf4ac0368e47ff77622fcc29aeff79,2fbbbf18275e6de1d08a99a624134d8858f0048b,high,1,1
25945,b0a38ee000e0ba5bf9aec2fa99b048e823fad6a3,44ea796ba32dff3693303cf497e8af51d4f255d2,high,0,0
25947,834437ec0ecf401880d1880203539c8403c461f6,ba06233b59d5f3abefc7f1c12c92174a6023fd37,high,0,0
25948,3f9fb521ec44612b383340c5df2548080dd51edb,362a53b1a11795c5844d079a3bea74f0e0f21df1,high,1,1
25953,f62677cec166e23db0913c4dd38bb2b0941515b4,57a755e2c266d9540ff3677eeb17ad6912a08fbd,high,0,0
25954,6c5344dbd34ce7e129eed29bf4c22f7fd6f771bd,9261af1665afc9a15060d78ed6973c4ae82ed3c5,high,0,0
25956,567f1d96e3a05807ad6f7da8cd71553ef35dbcd0,5e7b4be87b6b3de8e9e91b4b1a7edecdb83ff9bf,medium,1,1
25958,dda9abd21092ae0b74e9d5532d04a9d57ff7a65d,cbc4a578a6c7f08f7c887741f18f1857aab18986,medium,1,1
25960,db2c77af2503915b1a6ea805667ac064642dad64,9467fcba70dfecf1a23a5ff0aac5b6fce3f7b9f6,high,0,0
25962,e3fcd71a8d9dd5f4d82c10fcd8413c6aba4fe354,47e1bb6cf7b83145cdb36d7d38818ea2c38d053d,medium,0,0
25963,a335deefce32310610e95adc6f173608bab06630,60d0817c876f5f44b132c59c09cd07525e93cf88,medium,0,0
25965,df8ea9cf142f4cf8f31583ab77abbd0cd067785f,fa95c88717f7c7fc643922e8cb7e2e7f3eda57e5,medium,1,1
25967,9de11a680c3f657151604b4a553f26f72f4f72d7,b8421fff6be66752fef41243fd0358499277aaee,high,0,0
25969,33a893b219adc5204229ae8be30e8f2aabeb9ecb,639dfb6f3d6e7cde877a53778c3e5b9293c97c56,high,0,0
25971,8205779035addd2d1b2f1daa8420f8836ac27f02,83f0ffaeeb744a1d1d708065c1178ae020878ea8,high,0,0
25978,1cd3f9ed86698d75a8e2b7363de27222f7707b31,5e622891f0186159ecdfcbac0c0b876714c56389,medium,0,0
25981,94115752a4c69cda0c0712d5c5734b3f18104274,600244d426accba0518e23a7203fc2bed848180c,high,1,1
25991,53848486508777e529178896422aeebd01593454,f76cc4f85549131e45f3e7bb9c0b7868aff24782,low,0,0
25993,1112c069b92989f270e39cf74c7bc16bef00f4c8,dc462e4983bc0769aefe4f9288a96a66c18ddbe1,high,0,0
26000,a029b407a193a43371b16771b330afcd0ff7bd08,308498c4d4b7bbe322355545f331f5dd7f878a79,low,0,0
26007,e4d9cf0adbe0ff8f2228b767888a508b71440e41,7c90002c71a4823fa4b8517017ec379b70e3ea79,high,1,1
26010,6349d671cf10ad27992d115728147a07fec9c4b8,cbbc688628972e5c8b0952bd652fdd3ca5d75ba5,high,0,0
26011,3108fdf11febec2c29d3daa0909013e038f7fbb4,5dca11231b303ef10caadc896331752189a7df12,low,0,0
26014,7e95d6d4f2a53b2b511711299f7dcc928e241d83,c41f2f58a40000747d3ea9af17dd8083f784dc3d,high,1,1
26016,b2095cd50cfd8614486507a23fce52e3edee228c,eb457e4dcf95c05fb35f6d32c52ea4d8a34f19c1,high,1,1
26017,c20e4959cb68fee8d8381a84ef14aa580733dea7,67a178ba4858fdb7c427e2f9284828d4e3af31fe,medium,0,0
26018,cf3d2063906bf5b2b279906dca133a7576e79073,65fd62052bf58453e6ac969935a1f41515c13f12,medium,0,0
26019,9bb597ef67992e23c3b0d25608f5174168951249,5ea828c1fcb761b2e995497b34bd157e7742d9ab,medium,0,0
26020,aa8fc6f5d632bc9c219c5c3104b2292782585dcc,21028c75474a11e5d8b5c509dd80a831536586e6,medium,0,0
26026,74641446788ae626e72b4cd01e702ebbfa0ae2f3,cb2fd15b4963cdbc60288c0059084222a4bda905,medium,0,0
26028,37c3d0c01040691ae53b161a92a400513d3d1ab6,f0b4f655fcbf556993b8ac362a16566bc9827648,medium,1,1
26029,7d4f30f4ca13490b845b21cc5f1fd15fa9c23a99,7949b8c76f59809539d281fca3b108d394adfad3,low,0,0
26030,5bc5e9cd302e4af53a6bde8e6dbfcf9149306f49,d1645b67039844d3b752fa8b7e540b8e5a8ee01b,low,1,1
26038,97cbde39ba74c4697816f291277c8dcbc5313eae,b54f0338f37f482072777ff38cc058968f187872,low,0,0
26039,0f91be0cc44f820feb65c0b8fc905acd3841d31c,fd3dac42ad774e46c77ab320f84b228661caf425,medium,1,1
26040,6d5afc4f6d45d35ecb63e41e2efd7fb8f40b3edf,6cbced1f3fbd3970d4f625e09513fa1afc345c09,high,1,1
26041,c5a9a88670e0c125bed766a58df56351080734dd,1227ff50dd0c1c12708ff9ddd1f8e3babef40f3a,medium,0,0
26043,b2d25376ea04a7ab5e72cc5e03ecabc27391b703,a62732010bdaa545e824c17d78b48adaea0bcc68,high,1,1
26044,303d7ed25c93be9896e7f2281bd1e5294a1b2bd1,70ccd730334bd4354d5d786e2dd636525db49066,high,0,0
26045,978240a78f885fa57430352f854edcada5c9a7cb,20212350b587a384aad6b4bc7fd58213a468ad89,medium,0,0
26046,f4b4c6ce9cb5ba3f4dc981c98763e81475219877,41b24f4ae24519c51598d84e72530bd8e396f064,high,1,1
26049,4295eba438833069303762cb78e4b3b167ffb648,6313496f565a03ef4911fc6a43fec17a1d23a2f9,medium,0,0
26053,0591ef6f8656ccb3a0a8d3c893ea47a7a4363bc3,cfcb9e61b34d7ccaeeac6883240541a129cce456,low,0,0
26058,bb6ba7040cb85b661690197946119964be66b03d,33ba37098a4c34ca7c9a6dbcc16b197446a250bd,low,1,1
26062,e4c29f3f8af2ba15761169c3e9a3a7ea72b265cd,3fa898c241a8e087f978d1dea5f518ef22a9e0f1,medium,0,0
26067,a2747301bc0e8dee4ae9e684c3283b8138600767,72f7c3d256d39bbdbd32b2e5fc04edc8227da16d,high,1,1
26068,9a23177ff6f7ccd8ab41d252e01963d211b6ca83,c230b3da7c61e9e1fc6265eb0d9b521db8f597f0,high,1,1
26069,fab688cb57b332890fc98896f7c592c67e93b96e,fdcf43d26a6492da6773500d290d810071005fca,medium,1,1
26070,52a5b9032b86a7bac8524a7b8598d8064b400803,7c41339ee26073857b55b5dbc199e75969d01bcf,medium,1,1
26071,c38cf3214ad9cd9358c5e9c0ebe9bec4277f0095,6adeeab47af72fe71a44a1d133d23229e3ede5db,low,1,1
26072,76cbe9dabd8bdead70a7666ff14f948df6008ed1,d34e673017eff5e79856a4b2b48f6bc6293fe8cf,high,0,0
26077,907785b4e47c087e9a2e265dfc716e97150a7880,026d0d0ebc0a146b8b95418d14c26f73881a4c8d,medium,1,1
26080,7355fdd815fb880f7fc836467af471812c8f23a7,375c62c91bcdd1a41a53f97e32a6d96a30e9a3b3,high,0,0
26083,befa5fdf43702d291c77398787db585e50d39d88,4819b4ae0232c4b34ec3a42a879f0e6d51c72356,high,0,0
26085,16ea82cf4443c7283535c3300df39d235ad84778,ffb3c3837c38cd7cbf268150c03b403d32d82069,high,0,0
26086,7959f7fbf80989408253ddc8921f04f3ecb40603,a2ea99c2f9338647310580d08a51d4c811761830,low,1,1
26091,ee002252492582e80e6b0463203f69a92256469c,f4b4f48d7a6c5a69e3a08734dbe21935bfef3ad2,medium,0,0
26098,edc5ee9afc1ec5dc118dfe830f148065cd18908b,b6c74ee8a12196203ac9ad61548e75d019f53cc0,medium,0,0
26100,fb6bb0d9bfe6330bb6de01368b33c0f49ff1425d,bd86597f6c568a7c917e0b2c01c7ee2f86e5a200,high,0,0
26104,9b666e73ea1a5b768b2f8a1f2cfc332234911df0,77b1d3571fa2012ddb255b33bf5693f1fb5b19b3,medium,1,1
26107,17a283c012d0f49639e0691cb7f9004e2e0ac8b6,f4712f68a31b72d22ac818b88204ef77f189f6fc,medium,1,1
26108,f54a8f81587dc476ffe013f883f552b483adc36a,3d828776f2080564f910eabc08b64f212ef6b3af,low,1,1
26121,63f7de938c3dd2b17ba7c3d2163f2c5738dc9af8,1139ceae38f12948df28278b6bb3a5c8a6a2de88,high,1,1
26122,e4cef1cdcf41b01537a59c36df7aa68452bd4c3c,fe83de6a5db092b76b17ff48ccc7c671d82f7c3d,high,0,0
26131,943643ebd0a6571e349a4d5abae993217fd9fb3c,dcae4e9fe2559ac48c5217b9852e2769b69f7552,high,1,1
26132,697f7498829aad0be8914d9a4a0093cdcc3b4c48,2af6802a83397b5ec4bf20c5cea3d2de04337aff,low,0,0
26141,3ade2d902fec7b595edb39a2954f84937c09c9f9,bf8d66104ba099d9833ae6ecc319cd8f3cb47032,low,0,0
26146,1983e8e62a2f7659ff9da0efa4ce43f048c946a8,8411f967dbfbc540dd42432157146239ddb9b084,high,0,0
26147,bed8c682407ac094092ac4dcbb6af82720060c0e,65cbc9e1931becc9a0059371d00423df1f884ac1,high,0,0
26156,7af04cc542cfa4aa492099f69fc4f204f146155d,fbf6c9565ab0fecdb56bbce5c5ecdecbe7201369,medium,1,1
26165,783d7ff952a854df11bf4953d70c6d1614c48899,fcab5a0978d3055e2196c4139919e0cf4116a445,low,0,0
26166,6ab9d4ab7a8e7f45360f27aa73f1a1a7357b0ecd,3b11dbf9a37b99d5ad085064dc5e84fbf1c0f203,high,1,1
26167,5430e2af62527b40d63196a193e152f3d37a24f4,a168604bb5f2d8b08f22cc58745a44fbdd9e812b,medium,1,1
26170,dfe0144ce24c0a55d13781f75926aa0f6fe6b5a8,716049a63e021b95672208a5cb20435856e9438e,medium,1,1
26171,64bc051a947aa60625d8dadd41d92da86e09fb32,72f5edf04f5fd720f58ca3b0680d1a1abf9ec0df,high,1,1
26173,1300c9e7a3526dd9cd7fe187b459fbb7ea1df9ad,377815ae810eb01a396dfabbd8eec69cd10f0bca,low,1,1
26176,1d9f12b11e5dfa8fe487aa7abd002877b79607ef,b77dde2882e3a1db1a56fc8ad3ebe40fed398455,high,1,1
26177,186bed9dd1b6b1b5ec623758e354aa226bde9b12,dd6b44c53ac93f09d008a1272314b743cff3dbcc,high,0,0
26180,624b7fb5e1bef606ffa855a1daac1f3dc090973c,df054b58ea8c721f1787bc781de6f64a7015254f,medium,0,0
26185,192887ce6fc62d4bebcd5a596c2712853304db51,21d20f6d30c415cbff76a1ec046ff36ebf84db7c,medium,0,0
26186,487c58de9c4c8be94f02d1153ac26bde194b310c,358ccaa6bb202c389d0c1c8347edd25b151d3fc7,medium,0,0
26194,cf9369c04bad93789894e03de19d1198f265740e,ba0c93e60f53dc3ffce14cde60a0b52d784407a0,low,0,0
26201,fb4b91d1d9c959f766a19bc63eeee747749c2bdb,128f9177bd5f20d0286201881cd01731e9e8793a,low,1,1
26202,119378f1c6dbf5c36012d350b6926748b1cdd8c2,694a3558a277aea3ff40ca99afc6afd0a12fdb5a,medium,0,0
26204,190da2714e84514c14dbe2c4ae11b4172dc06691,0c634a1d82bd8881c6c519aa13cd69acef2da49a,low,1,1
26209,7b67db58faf7bf71e5664684843380105ac5e67f,75d104760155f767903d49215f4f9723ddf260aa,high,0,0
26211,5f10ff298c29e48e825cf30bee6afda68bc86ce5,1be8b6e985a719651ae3696a5a0a775e79319e56,medium,1,1
26214,ab2b102c539381161819f7490614ed3f8bd4b98e,deca77e516dfef60ed1cd153b742ac8ba54ec8f7,medium,1,1
26216,d9a303e092570f3fe2dad5fb48c1526e0c84a96a,4faf61122d4591cd70fd73d88f6d0215c605877a,high,1,1
26218,ee035bc9a966dd7595365ff94d032949dd7c310f,53aa76097c4d6fb4dd346b7363383614eb73aee6,medium,1,1
26220,4f6aa64faaaae75c71e582324cd16181cc7a9ca7,4b4103f119d5bf10dbd590db2f232c2352c55743,medium,1,1
26222,2b1836942ce5b999aaaf98966b32018c64d43afc,f47dc669ead9742fc4331b25bf3775cb43979600,high,1,1
26226,7503a90306858551b0c6d50da4467532bb4e6a60,70f719fbc85b96eff4d3476c9f97e14a3838e0da,medium,0,0
26230,a7a4602b3bb470e9368fa5a644ecc4016c3e3418,d19d9293792da78e6c5cf319fac9e9dc70dfff3b,medium,1,1
26232,5126a88fe8d04d1e42c9a84566a7e30131c8836a,ed7134c58a007b28b3549318d915ee2030c7946e,high,0,0
26247,bf60320e13f1d7b33c4876d5d321d109f438899d,2999f365c5efda16d5f61a654b75b0476ba57198,high,0,0
26249,062981308da70326642e2d1a7c29a40379934e3d,6ed7408adb58c6b55eef99acbd17a656aa3eabfe,high,0,0
26252,564417a18aff7899cb80fa36d2689bf5e579f43a,9c779fc1890856c96231036507b436d734c9fab7,medium,0,0
26256,3ca843c649f68327435fbd6d45a86e215e805608,79aa15e4b984b6a62f229ce7c1ec110336c2c29c,low,1,1
26258,39879634e63e90553d91582756322302294534db,ceefb0179b1a9ba69192b0eb56e089b29a5789e8,medium,0,0
26259,f443a5ac59d7a51d77cf791ad53b4eb8d0bb4ced,c1eaeccf01edb1b2c3828f6608adcf4909571e0f,high,0,0
26260,9d3810aac2737531cc6a0d39ee7cb698fbdf9bd7,9c1d7e6ec8ad3c297b72d7b7a691fc7a3a288965,medium,0,0
26262,4b3fb411033e15c76f371fd3c60a26078c7c67f9,a3658c56a123c819fc2d45d98d99c874903f458c,medium,0,0
26274,19cda03f3fbbb83175f0b9c736f2d95f209d1213,c0d0ef1a080c30dfdb7a699446d7cf0c5454b197,high,0,0
26279,04fa157092ab48e6426fca767de7fcd46a84df2f,a3e45524e28bd1a9b3b3f0c96d8697bcfb5ee54b,low,1,1
26288,53557c0bc964655d1f858a1b1b3c87d280ccac4e,fb0947ddc4728dfbdd6170f7a2f02a55d04039cf,low,0,0
26290,b2e2a38eb26623ac20eee0d461a99b75cebcb91f,afb74f94e8b5c183460181b2b8f910e4c26d34a8,medium,0,0
26291,17279ece3b1c47fcdad2221f5e99a8f720e39016,3523506b1a93616637a8ce3d97ab69132bb5498a,medium,0,0
26293,3491eeaf8abfa4f1047b7cb362018e9cfa27a037,b1db51e673067bc71c3261cccec114e7c449883b,medium,1,1
26294,27f829ba00ed2bb732546c2bc0e86e2122f6d1c0,e12d8ce5547288c7c91d99040a961f3de264b0ae,low,1,1
26297,82cd62277c470a678262d7d6091d10e7e3503caf,946483d7b662f66788c33be45f9afce8d8acfb80,medium,0,0
26299,bf1816c6963fc0ca2dd02e4d58238ee409888f30,e886dc2cc6c24e1fd30c94d8eb3264ba05466138,high,0,0
26304,f36a0c19fc2073f597fd0bf255033a74fa0f2d9a,bd3379f316951e1dfa832a0c93ba7db0044810a8,high,0,0
26305,ad9dc5ceb657a3d3c2a7baa7b7d11c20d50b82c0,25b441da911a0bf2add164eeba414587aa5c004c,high,1,1
26306,f8f720a021dcc130185dced63f6d2bedb938335f,61a6c76ce01e9b8606ffbc0fc3dcd896215990df,medium,0,0
26308,0570c6d5ac26bb8988a4007a4430e181b83f5c51,95df478652d35f5af08e1f4e8fe2ff1047be88a0,high,1,1
26310,d478947e06a445fb821c08aacc5c15013a1ef4d0,a2bff9c4d6967ff841863fdfda798e7bb57ad478,high,1,1
26316,e2117ddfc1a1a5059dc97b91b7c79f63d1f6b37c,d597b9a93c086b121ccb40c89ca082f017eafeaa,high,1,1
26322,a72b2dd9eeb99a3cf7abcfe913f04b8f621c6955,75b91e5451f5bd2ea7fe3f5bd57ae7f98d113413,medium,1,1
26331,a250b82ffb7fe95a6f9df4c2b0400a29df9f5488,80f1b74dca40aeb533578cfa0bcbae481b682cd6,low,1,1
26333,837484a08538a412b948f7e11f4c4847fb0d338b,09f82e3317a09b10b830c3ac4bf2cf2295d428c2,low,0,0
26334,ad88b60d994f6f8bff4bf7ea78b1c3ec00ee74f9,026af1fded8580bd4f2419fe4f1a326e75e0fee9,high,0,0
26337,3ecc21f56b61d9a7434cf17303f880d7a952ce88,87b9cfca5abc7cf49e524a7abbd1eb5bbd647029,high,1,1
26341,20c0dd43917576ba5923f75ffe02a87d841a3c93,cd4b5b91380293e3e5ca8b8c1cb75c1f8f642f75,medium,1,1
26345,58f1a77eb921ee72b1cb95eaf0e613ca5b45d66b,015ddd69da4869b0a7bc34eb996d7a426b34927f,low,1,1
26349,2af8f7031812f5de5193890cf417c2b00bed1132,228e69f93ec2e65955d957da2006353130b93937,high,0,0
26352,1ed5cd7aef04407c4890cf4dac4cf17c1d8ddbcd,f5623b0de10ce7e16527bbc902586f955a07b38f,medium,1,1
26353,b6b40abe8c2f1bc57bd82fe6875444e838bfbbbd,d5827ace0ec5d4a220dbb0cef4280d0b6d184cb5,medium,0,0
26354,8ee6c52518bc1c5b01cf01d5250fb7fa5bfd1a7b,e3047f736868a4d7f85e1670a09eeebb147e9f49,medium,0,0
26355,18887b4cc52399b261ef9c31cc4d2e1a5c44eb20,3531a9bf6fbabb3a0e79451d27beef84373b5a5b,low,0,0
26358,45021025fb0e76bc74210008be54886a48317bfd,54a4b898e27adc84612d62ca188015f53ceb177c,low,0,0
26359,d7f1ba671f5ad93fcbeb553fb8aba9bc1ee8e94b,da9f68093e77cbf5edc47d1090e2737eb0a8afbd,low,0,0
26360,0bdf9b5700125f5f54e9ddcb19a1ffdf0778ec2f,d65ed8040b9c164ff3e73f98dbb14727d1662c5b,medium,1,1
26361,f1528ced984e5bec3e95e5219019d71ad2173c9e,5095ae2e784fd07b2250aa97998d0a3ec7042780,high,0,0
26365,08a4808a153bc796df276b50818e6da9abd728a0,b3a81b2c910ef9d44674087ff87b632b2852a5bd,medium,0,0
26369,a660c912de81df6211d06517f42f78de36c4bbf4,914d62b20b047571e699eccf2df7b66f0cf7c2ae,medium,1,1
26372,5e00b87a447cfd219da3211d8ae25b74474c738e,129422d07e20d28d952766381eb7ba137e3702d9,high,1,1
26374,5850a0ecf78ccd12993f0f570d27a2f8e73e40e4,1a31a5d43bc6ce29234aca4735a9271225820a82,medium,0,0
26377,684f6616f091834286685c3d79eff51db743f356,e2b4afe6df529c73f9add78d7a3514e0e852e7b3,low,1,1
26385,3ef278af4bd9ab0191617d2712836f685e209ca0,56dbbf948555a92d1fab098bd1fc4713faa7ffde,medium,1,1
26388,6d6a3df1898bc38f3b826e6b5b9d7585dec2359a,7d7c7b1b6d2be548e8f08b624f978cd1c0540e1e,high,0,0
26392,0d5022bf88f2939ee2456b75d8cb881e5db3afa9,110ed92f839414a8ad79447ad87d8a18ebdc1a2a,medium,0,0
26394,ab0c6ee6a969053072996ef5ef63d013ffb38024,09dcc48d557e43f5e3c4373e5b277e5d3f427552,low,0,0
26398,fa61be9fbb81087cf439cd7aab0efb6b59914518,856154c86428a1fee06818c33e3724623449ccf1,low,1,1
26400,bf123f80608c36af1d1e9ed055476d6eb32d1af1,cf230c19a2be6015471d592fddb59f7e42d2265d,low,1,1
26404,e517ea3dd5b7f5324646eb357c10974338725459,1b3d2185617505eb5c71567b759cf2cc8c6bf74d,medium,1,1
26406,39b3ae743cc7ba494cd6a2ddf5bb6aa0cdf89f68,cfc2a8ba00a29efe0701a79424438d4d58c5c439,medium,0,0
26415,9722f8940068aba879b357e5c6dca3fbfe55c35d,5165ae59f662131a9832996916f46dacc203f019,high,1,1
26416,280677f9e07693d62a60d2bb64385782b8a5493a,5a1c73195011c1bffd6a8a0865e32f9f71db1631,medium,0,0
26420,e23a39ec8d68d0af0e67e62b01963a3f995565c1,581d56cb500945ec1f9a9aba9182c5e56e73fa1c,medium,0,0
26424,8c5dbacc3dc1d1f4a458247b1cd9adb57aab4ab9,b6ebab74fa036e1c3f301e792f0cf59373bbb1d4,high,0,0
26428,9dac26e8ac057a3ffa7a88b1c55e97528757b233,bf37377e3c5e9268159c3f94b4004d360d8ca8b0,low,1,1
26431,8acd99cff4492fcbb4214bcb4ab2876a179e1890,abd26b2ceb7e56b2e8cdc30a8e85745e40f5fc47,low,0,0
26433,f5339b9ccf36a4295143742003ea3c3983a8e42c,2fbdc44c418cf6aadd757f9d8c858bb8ec247506,high,1,1
26434,5593a36cc72139c3e9b67c24ad85f3e8f72c4582,65d678962050035230129b686e80c48ab24c7846,high,0,0
26437,142715e4b5825d54a402b3697c9fa52f01eaf8a9,4320eee5c578a1bbf9e42b6ffe1f145eb0e440cb,medium,1,1
26438,dcc6d1bce62199c66de99e15295897bbbf12dbe0,7d998aa44a1b0cfcc02c5909cc274cc5bca477bc,high,0,0
26443,9928cad97bb2f8251226de0baa7909644f014138,45359293ae70c08bbf4a3c99669c4e482f41abdb,low,0,0
26448,42c23f412983201da825b42512768f52c20797ab,277f019d21ce8186446dedc6d41ffc4e03d73180,high,1,1
26450,ca7ebd4d4854f08298199ed4d8118c4a1ee47b65,b1ed4fa0b63dd76d563324b13d658384eda6f8a1,high,0,0
26452,9f6489d5ad95d29b9f593a77e0cb01238cc22c32,e67bac42a10d68994b38589c837369e370b120f3,medium,0,0
26456,09990582bcda32f6f40db81d22a37201ee1273d4,ae8b4b403edcfe38edc09a663dccee2537567dc5,medium,0,0
26461,0b688fbe066c0b2193f242f6af91c78de7d7d73c,bd484d0962bc0b3665d0f8bc19700db8c6a3f422,high,0,0
26462,0392a8a7262f912681916ce51302fae1e2ad3090,8b71c83aa4fc02032cdac7e84fb691d7b4df98b6,medium,1,1
26464,8b738fa5e97435f71aac48a785d1e4c8163d7bd9,aecc26ab229ebee8d1779e34505fa28d2a4c869e,high,0,0
26467,08d3d57ee9413e6498330e37828cea1f66ece3fd,7186cd4ca03b72d10fb63583c88c39921e28e0e5,high,1,1
26468,968b2cbe2bc203c8789634e9b64a03f49e3e1165,53922ca627a82b6dc996c3c7bae3930b39e7ae78,high,0,0
26476,eef87687024df7283221d84872b626fbc58ef50b,c576517586e48bb73120818b8dd852db7df9e1cc,high,0,0
26492,37b217693c6f2ac0b92db6227968e04ce70a4fd7,bdef5f1d96072153086a8f3a3e7a3bcf200a8a58,high,1,1
26493,bfa5632e8a1ba524c31fe098e6ef98f1439e5e93,a6d86f9f7e9e2f30cb6e367e28777f09ad487e19,medium,1,1
26494,9b45692eecdff93651edc27a0d13b123239da46d,ef79d4ead9a2b10d370eb811e2cb4c7c15c72b31,high,1,1
26496,40c0846b738e62d0e43a26d2a2ac35b80783e437,6f77c08cdf3e6a49145ccdbfeabd69c2a9f4cd73,low,1,1
26501,ae02b0b822e433218dd211c9099a97950f5052b4,f45c138201ff64eb778a6581dbde62358db4f0e9,high,0,0
26504,fba32d0e49775ab4e03b50d05fe18f2993c61266,f21109fde5a7b6ad99e1c004bb4b26a88b0c0b20,high,1,1
26505,1e647d94121779b5be70f64fac6f84a015759c86,5af3aa5b61bb87c25412f3558a911ea7f92573ae,low,0,0
26506,f8560fe2569dfcee4330ada63faccc3052c6e709,5648d7c2d8ffde5a75d18bfdee1722bbbe9e3936,low,1,1
26509,9c8ab65c7fe4d460ad4014168bd6612d46b4f167,6ef3ac8986d6821ac84b7eaab471d5806575d101,low,1,1
26517,e1d7ef4c6b71d27eaf6cf74f5dbdef521736348c,66e6a424d5c6f39cc4022e739872d57123dd29fc,medium,0,0
26518,b9ccbe6d7a4e6b5ca214a68a801530c1cefc3a17,927cd58566e10f6525c754097446a9d0c65b9fd7,high,0,0
26519,85e4f5c08575e5c1c58eaa7e922a0d5831034161,6a29526c0c38469969d63b4e6d31505aa044d25b,medium,1,1
26524,322daefe9bb0e7b862d314fa25271dbbfb3e2b05,13f3165a51e7618b930930ed3ff698d19a20591d,medium,1,1
26525,13eb29eb5b652e61fc5ce000252b08fe1197277c,4c7c1df01078716f2e511cdec36f79ddc7cdc6c9,high,1,1
26526,f253f16b65b74d0e1c5a0c8e913a21019f1dcf3b,bd7b2d1ffae7586ba835aef0ea26b5c73a6a5161,high,1,1
26530,e97d63c18997d6bca83d9023b20f9d12f36f9bc3,79423b51aec68361833b642c201a0c8024d8ec4f,high,0,0
26531,97270698abcbcc3bbb3bd40f289a1eef6cd89978,53c3a637a09a622b6e5947044acac9ad561c3057,high,0,0
26535,65278fe7c2d3bfce8cf5665fc915a40a711cef68,1d93a2abe489aa22e09a1db85c22c0655d9e33f4,medium,1,1
26538,13966d32a852b68311c34eb2aeb1cc8a08a3bf31,1df58a7cfd57c7dd3cf3748e5d9a73c58dc3739b,high,1,1
26539,54a93df65ac565b7c31820b8a8b918df56393255,e0b14b59c4762e297ee878ec5ab69d452abc8e65,medium,0,0
26540,3d4fd510ed44a1bf34b833372d0bdd6876f4557e,8ca45888034f6693cdfd209c66cb6587cb7ed28f,low,1,1
26541,310c4b6c4d32e2a63c5f2fa96fa70d5f31e8de17,7ae99476010e3627c93573206cd44c7afaccc4a9,high,0,0
26542,e1f06ef1bcb0f8f9ab294a209c9ddc18ab5eb781,e1b00eeb27e08f5ae32e6ae10038249a45a323e7,high,1,1
26544,b67cdd10f6764dbf87afeacff79e8b77d27f1ab9,e9ca7e88eb275bf9b671fcb5c72425cc6d3c690d,low,1,1
26548,77351393a333e7b715702d258006e4fbee5a4bd6,d1be25e3e0cb82bbb4465c9068421efed66adcca,high,0,0
26562,e40368bd373b197006b5f6b0dfabe1f60810b0a1,25a8d909e125b0e72f50123886bf70f9ebdef776,medium,0,0
26566,b6e995186b22d2f97e2fb43e47e4a781cff416ba,ecf2864673d31ef04989d0a16992ad4f5741e83e,low,1,1
26574,0315cf250e4a9ec4b356fc3fe1852f15c5d3b535,5c72383a79182ab96164a4d3258759167ec531de,high,1,1
26577,4819d2afa5e754aa490fb6eb7797e2fe8c516f38,1501f553f48b9713283484a57d47814a3dd4ab78,medium,1,1
26579,5750f9c3e544ffddcd876ff95e2fba02394fb611,f378f5f91afaa87cdb78a4a7be12ab4de3bddbb8,medium,1,1
26580,3a8d7ba02cc4401b30411c98c4217b489b5191fc,323e6342a1b3d1e75a9c9e44c97fcd3f8893fd52,low,1,1
26585,c6648fc66fabbc3b380691cd63bbddfec9e4aaf8,3fd3926324bbffc1344734fadd44f25589cdf847,high,1,1
26595,04ccbf91ab79b7345ef0b50f6bc4d5a2106c6170,9ca3d85297b74ade5d9d3fefa6ff9369a96dcb97,high,0,0
26598,13420006da5c809c36dc87c1f528161b709413d3,d15239a26d7ce9df7e899bbb60c9ef8dac4bd38f,high,0,0
26604,20ef1d177a29c5d75b17f0fe283121237de606f6,616ba7dffdfde3be08e78355c391077ae9868c09,low,1,1
26607,6e2dc5d5b7ec4f9cdb00ec909392ff3fe8594991,adaeda47d4617cdf0c543c3c22500a81ef5454c8,high,1,1
26613,99208af4068192661974ed1fd6a2640dcd654da3,ffe325a7b1e95d8236c767ec6d502f4d04f87e67,high,1,1
26615,148c12f3a8cfb4a99d3d3392aaa7959890dec8cc,277f4fd421498c2b8d6e999219aa22bb0b11fc2b,high,1,1
26620,67edd5b774f4f667a8a5fc75d0699d8391189ba7,7861e832a6df64590e9431f6926e3132c66d2219,medium,0,0
26622,7832b292a389ceb09d8c59d56828cc6684036f6e,095b21ec213d446d859c80bf93404d28a9ae9a28,medium,0,0
26624,c3f3ea601bc36d503039fc3e39ccf0c937ce2d14,44ec380e4ec34fd7d70f208a601dfc19978a2bd9,high,1,1
26628,5e660f995fc8d80a410b0df00456f2416f552c0c,beb813c371ccc5d2d4a72bdb4b9eca6257ea6698,low,1,1
26632,7832c9ddbedf430450810bfa23967a4aea619cfb,8678229bb74a41a33f54bc6d3d4381bc8211e958,medium,1,1
26633,0e6b0a724b322ac0dc2a116c792a9c6b325ea90f,ee013d7d6ebf609c913adbcd3c8c359d33afd97d,low,0,0
26636,1634de417c23ff84f1c3797d831ba689b11190bb,261239d2bdff58ad779f7496576014efb14f577d,high,0,0
26637,2d03fae1b2d90d1faa373272b4cc3103a8197b93,b35ffaa19a7ca67e42510870cb1f8294a8b7b034,high,1,1
26638,1cb6517e79b5da8aac48f4f04cccaf978829dd10,4614d66bbc898043186e327452faa7ac87184a93,high,1,1
26640,b5086af58e08ec8993f16109f50103f3b9454eea,4a28b8eab61a37896ee5ffb2cdc1c8aa84fdbdce,low,1,1
26644,9c919bacbecb4f8a0addb92d37d190e845912493,2784b0dc9e45b8c9eb87bda6ce2831ff890ba103,high,0,0
26645,de2016b69b4d55128e30bc318ec87a7a9bf41c0d,0847563c7e0e4460a84f6344936a456187606523,medium,0,0
26646,111b37fdcdbd15fdc5fd8682bb91b238da9a4427,7e3fbd778f19783628013ba1d8f91d3712bf9733,medium,1,1
26648,123b7ecec71e9fba44d3f488c40d45ea41d5606c,add577de242c2a42a8e4150f8e2ad1aa0b26a8e3,low,1,1
26650,cc8be993a55f1d6d3dc8af27040e3978a997e434,3bd8fc7c230235305369d238a66f238bfeb4cfee,medium,0,0
26651,69e1b61892688d6f9b1b447efac0204540709e91,c4b36a73e7c221e32069a5ce2ae17d579e47ac8c,medium,0,0
26652,5af73e5331e183786586e16f1b4720f63e2f1c2f,86ee0d4e94e55ec1ae8596cc2e498c77b57f4431,high,1,1
26653,31ca73a5ba8573d339f021bf21a1fe6e6beee301,a2cb326ce1f31f9bad5ada6e521458ad61318ff0,medium,0,0
26656,8aa105651ebd9123bf8a2383c8af177efd0d0f03,ac01ed353aa204f8e8cf853f9914553f0d044b50,medium,1,1
26657,435f9878df79d66edb70ac605952641b3600fce5,d49c07d54089ecde572f3d8d23dcd159651a75a4,high,1,1
26658,6a4ed771b2b5f8f6fcf3cb1d17e7958f2776949f,27bd23c1290bdf86a85948f6a27eb2fbd9570c12,medium,1,1
26661,59253c5196042df7f6e8a7ceecbd134f140f9287,855d0f7dac96009798f86dff13ca34ec3d2a901b,high,0,0
26664,2f04aa96f4dea31852c0b8e5d768160e42266d25,61c86e89c2178b116147d21bb274150ac6cc6ddf,high,1,1
26666,290a2ae6ed0b27927caa8e84387c7da007581fd7,b88425701d22fb2d79517f4a35600d558f808acd,medium,0,0
26670,d6a730031560cb0abf55bf54679e53132124cbc0,c6b30e67d570e8b82195ec4f0ab0b1084b6a1291,high,0,0
26680,2ddbe9827f7a1728b97607e8ea7b2589899dfc7f,968a03e574d2316ab4a390bcdc83b91af8118b03,high,0,0
26681,2e9644123b077ef86ca12da446b7acf7effb37c3,8e074758b74cd7c8b9087761963579903089a044,high,1,1
26685,024cdcda99ced70ab0848ec55b56a69b90c886c1,aad549a462a86642e9c31b84ccad853f1297621a,medium,0,0
26686,71693c3516274e180f99a74806f17584a7553429,ef3853bf1c79d262abaf7bf34fd3806b78c13672,low,1,1
26688,ced19294f5ec49e919bbeedef6f6b2d0e7a5a692,64d111b5c5b7a82b5c1d062fa305f07811052eca,medium,0,0
26692,c020dd4d5e42f98d0b2bd9849d0a4c94792bc965,b7a8c71c06697ed29709054fc589cbc403fd1911,medium,0,0
26693,adeb4db40d3a4305dcf9639108e1a2682419eca0,458d324f50cccd69233d1833eb7aa2b14a4d58f3,low,1,1
26694,723f2033edc4fd60dbe69e4e8da9c47047e111be,4f46ee03ac9d49b71bdb429f87acd65d47725407,medium,0,0
26695,bd6ab0b7b5671f29a7f4e9df03ccfed6f71e9060,dbcfa0a2a6185b61877e3652d3a6a0b7cf72465b,medium,0,0
26698,c900f930690efa42a65ffb0501ea0b3c6af06085,5f11821baf3cf794bd37ee8b340fec31ccd74c40,low,1,1
26703,a715f7a898e1642e63e3e35e5138d1bc78eb3bbb,92ce7f2008a37c366ad65ffdbc8dd710f4eec9df,high,1,1
26705,3937ff2782a91e5200290ecfcfec10549af46686,22a46aaf85c6939a312736ec80332dde2eb67cb8,low,0,0
26707,a0217c6f90f972c716cb5b2de21ef526944aa868,966a6c73d0aae25367d684965a9d3abb8dc289f0,medium,0,0
26710,2d71da19e30ec1ba9e1f339ebeadf3fc069ad964,fc70e7b7ef8c28241fd5af322841055014944c08,high,0,0
26713,0922f11e9809be7415bfb8821d1cfd417bbcb2f5,b28676dae600b25f0bd352c0c53b744771f5c9dc,medium,1,1
26720,4697a3a10959ca62a6839ba2eda432e7517e4684,798e71e97bc5312b931c17390718dfb2d3482c7b,medium,0,0
26725,8154471887b22e426f9baa75f0b5f704b4282075,0b12d34aaed1bfbee7dd1f06574ac0229bef83b4,low,0,0
26732,bd45fb13a92ebffa7718a15fca41586109636b21,bb338117df06f549bb2933a9ae668a1ee330c754,low,1,1
26735,2ea33124cfb552950a77f2f1cd3201509ef5d7ef,484496e40460695ff120c4e56141e794a7f87639,medium,1,1
26736,b414210d215688b46a1397c0b0d9502ad003e51b,e8aa9135f68dc7ef432846e7c7a2b158956fa159,high,0,0
26737,a7bced692a7b6182977819f649983194c830b24c,467c8e9643ae8426af385cc2e57834f95781f0c8,medium,1,1
26738,c882413b6ecc78f52077d4a2fa030f48f4df327f,2419cd656e4a394ad052d0bef2c96a8cc026cd1d,high,1,1
26746,f3eabf7754721fc98be5bb748491e5fd02ff6646,14b20159c7cef2f17e3bbd5f6076a3d16da4f00e,high,1,1
26755,ff3610ee5c31b94bf751ec42f6d338f3ef7377a5,7122e024b9f59314cb94c2010721e8ff420f1faf,high,1,1
26756,21f24d2dfb6b31453a30c728046e6b6f7688d389,ca22f6ef1c5bcce35f5408ce763796f10ffb707f,medium,0,0
26764,63866b35615bbcf3d3fa3f96f0a22f232afdd3e0,60453b2b612fb0fb1a80bd300c64d11f487819f6,high,0,0
26770,2466a8fd11ebec6f1d7a899fc9338e3c6af0dcf4,74abf59d37a1d15476c4040c9b263a7b319b31ba,medium,1,1
26772,5ac336539ea2b8c459129748578280ff832412db,4fe429f52f21c2464290707b43673976ed78e76a,high,1,1
26773,a97ac4751c91b3c809bc5ebcb7b562bac3e22258,90ff003b7cab980069bf2c471189279917fee737,high,1,1
26776,b6c74d07c53d775948f192de13014d0d3896cd03,34cbdd7cdd1957d9e8832f2a7ff54a543352e2ae,high,1,1
26777,45875b8dbcb3bec2426a8e8248f0a963db29f170,57eb5b277fe7ff6b486f14e67c9861adedd2e840,low,1,1
26778,12540691a3607e6a94d0ca914d1592b7084a31a8,01aca9ae84558cbc7bb9d8fa6ad5d18c21bbe82d,high,0,0
26787,9a1b9887963e21935d8feed0d7a7bbd2c14b25c1,9c2bbc342baef70bc5888679cd6064a77d7d1925,medium,1,1
26788,fabe3b097ae1dd948890e9fbad95ce1b44f594db,847dcf26491456745992862c1c81f096d40090e6,low,0,0
26791,ac89e46c41c550fd0f0836cfc94cb48e4fa2ad98,16a8e7524946bdc202beb4afb09b8b1adbd1bb28,medium,0,0
26793,4693c0b20ffa356daa98e0ebed8a20fa06e93822,b1615efe01d4d27acb2308e1a4042eb7dbccf79a,medium,0,0
26795,b309bff037dcb06f7c2deb99624edcd10680da84,1c56e7222aa06f89f59e592111d3443638145394,medium,0,0
26800,9dac26e8ac057a3ffa7a88b1c55e97528757b233,0e715b12552bd49cd51b0c42a746ff0dc6c4c67f,low,1,1
26801,4d9b8e91ff58d93cad0b4d94e0c7a833614a2af1,cbc96a24b4e65eff0f00e246689b2a0eb3c5493f,high,0,0
26804,4fc266b9079818266723228ff09f572d04f85abc,8938d09116addbf487114c65ee21013c82ce28aa,high,0,0
26807,4bd8d76e2778af2d3fc2f3940c4272b692e7a56f,d306854365e57cccc38fdf227a94c7aca9ac4c45,low,1,1
26809,dd33e25c40b2d73ef2795aed6c80825a350a9cfb,5eff23ecae8e19b23095a95309be2e0f7c67f954,high,1,1
26811,946f5b536740b67aa7e6ac18d91bb93f1f1caade,9ada7ff0f4096187764d5640fea3d21bb26fc905,medium,1,1
26813,b0c2426c393d0c008726e12cdd2992682812dd39,cdf3617e3f81b33c86e76f86cff5118387d0d2b2,medium,0,0
26817,7f79a24e358262839b0d4025b16e35371cb394d9,d4930985186a02707194e5c29c37d90207887f24,medium,1,1
26819,2b765482db243609b50d2362d4d41560bed2e021,1c42bd1bb9687ecb8f9e182bda9819fe3c25205a,medium,0,0
26820,d1d88a9bc4f4961cc889e278cc5c66cd22958f58,2132ede7ed99e786573094d94ce89624e94f84f4,low,0,0
26821,d460c8d56e83150e10326fec3ad221ebe2f8384c,ab74c6f81e29c80542be7521758c8ac91c9162ad,low,1,1
26823,e02ab28f271a89498e428709002cd2ffd728c855,95b2d118a5d8ca185659a3e61302596581295822,medium,1,1
26829,c5cc8ee51782e0eec87be7c267edf61535609f4a,c7682b0dad80fd50abba04ffd904db3d85b65703,medium,1,1
26832,c26b0c122f1d2d537a2f14d1149857352bcaff61,ef810b454925f537852800c91645037f1609fe2e,low,1,1
26835,c60823c5d278cd93b27f369837b8cc3a4bee175f,b803774437776a155c04d76bb00cd0ee52ee75e7,low,1,1
26836,7f98e7fedec1b553848e1f171aadd6bbf75094bb,04d2e9b3e54d79a920f33dbdd9f53fdee1b20344,medium,0,0
26837,ce96392434cd26ad2a48632df28da1289cf7db60,f00f02dbe793a4baf913403fe88085f59e76a0aa,high,0,0
26840,eb017ac739d02626823d6a59a0a41ea21a4a009f,c90f4f1bf9286934b455a37b913dee48f83a8d65,medium,1,1
26842,4837d6c98a1296706980639e51e04d4471143be7,0bb5ce641c44229564e5910a5422afd8d9fbb32f,medium,0,0
26843,02d0cb275e4e5202fd090cb9ed07a23c58979e84,3eaee89b8263c06a3b2578b5eb4bf0bbbc2622d8,high,0,0
26844,3a0156b30313afacf4ef1ab2c06aacca820bf46c,808e94bbce7939dabf03f8e749f57f8c27d62d48,high,1,1
26845,6295a43fba382170c4c503878cc3670c4e4858cb,4bc19eba88ff5316ae3176b193f1663c2aac967c,low,0,0
26849,a67b21b5cdf281efdc836516bda5440762409f54,41bf130a4a3b65f83e2c5577cffffe236cff2496,high,0,0
26850,851e717fb76856043319434eb56c7f02caa09b4b,f297541b32ac7719d7ddda8d81a6a84afc8391b6,low,1,1
26851,7b7d1c7a369b5bc867d84326c54d6b5c287691a1,09e8855084db47468776e061f64d06adcfd5353d,low,1,1
26852,9f0f4aaee59d70fe1a11abf5031f6622feadd32a,3f1df8edd74c0b295f564df0ced50ec2dc7583e4,medium,1,1
26853,4fff1d1f6062514a3f89c2d90267dc8df7ca6f7f,32b56c3129e119a2396fbf4dc8ca3e602ad3c4eb,high,1,1
26856,7ed85279856741eefb689db1ffb9de8ef4f1f47c,47615ae5c0e6381e9079fbe4acfd90e894c75983,medium,0,0
26858,9fc33c1b17a4530bd9dad19595752ff1a5f84ce4,ce06e1cf6280b21629e73759c0978a5c3416c740,low,1,1
26859,f9931d77a1dbbbb788f6ffe387315a797c35d685,16fc0f848cbefbe1ed61faeca92072b263773aac,high,1,1
26860,28999b1ba5da7760373180347b529bd4afda05ef,e7dab446b30f91d62e657598e245ece3568be891,medium,0,0
26868,057cfedf3207a9a48f1aab63236b5ad4b4ac8971,e5705c8f3ff472f7e724f7d55b8721844f229abb,low,0,0
26871,857c21ed038d7de50a93bd101dd44e9a92027547,da6276a4b9cff6143266eee5e61ed960d45eb5e7,high,0,0
26879,fc6d71753919b40235678796f5306bd5c3cb8789,9df610dcdf3110b2fe5916dab451299cdcd01783,medium,1,1
26884,2a95e3d830583884a9419f8b87ef2739dd91e315,2854ebd3a4f75904ee349d5fe0a736fd26da5e6f,medium,0,0
26886,0c78af1d523323d2e747978dc8d9dfbe0c289b51,f7f9e073b49195822e8aaad60cee663fa4157f28,low,1,1
26890,38df0bace67ad862548b4d734585ee7ee8cc5c08,1e00ab4b7c1a586223d78dff80ad9cacb4db62fe,medium,1,1
26891,ffcdc690d2b48284fde8c1310dc14674eeb40bde,b90a895cad49274f44037001cf9da9bdf0cfff5a,high,1,1
26898,2ce72a52545b0313e7ec2c1cca781deeaab5e00d,846694d6816b88d09ee6404ae3e1cceba2d79030,high,0,0
26903,21a1ab96deef6b35cee639bd106df08d6464f165,d53ed78508a19e1f7b23fe8292cacc3c69fa069f,low,1,1
26905,82cfa0abc05e39ec6152064abfdf676e963a600e,44390d4217d09d29902355ff32a4637a49f66b38,medium,0,0
26907,e279068e7c31d2e153c2a73ddf049289431c01dd,d0874a6097ebc92cc409212c4855f9a5ac60fe83,low,0,0
26908,f4b4c6ce9cb5ba3f4dc981c98763e81475219877,d465205746463e68dab30aae5ad1733c7aa95ef9,high,1,1
26910,932b8a20488cd991bcafc2d744efa5d0a2c0fa48,acf248aea89eba3ae1dc583bbd7eb4f83e24df41,low,0,0
26911,0499ffea109f0fbafa153fed003e592f599c786f,fa0ff3f1316a7a11d821948e62e1e236d8990958,medium,0,0
26914,80f5a6de74bd01de170ab1a4b3c5f0e8adfe7143,4c46898cb023296e10e7129ef1f86de9b28a7c2e,high,0,0
26921,0070c03b4f81ebe0d7d7b15abdb7f95541851509,1ba53261d3324b72447ed075580e1ffeded225ed,low,0,0
26924,2c040fdbf3ae9c0a2b28889fa8888cdff1d46a16,b617a1673626dbb1e98ad58b52453fc4607286c7,medium,1,1
26929,ba1558400865f559c5f0ebd50326a6f9b48eee02,8354d92144f0a831ffbedcf8d777b24fd8fade2b,medium,0,0
26930,f64fc11b3a3d961482217b9672f6109454a479c6,3a51acd9bdc5f440c73d1099cca65bfcec617968,medium,0,0
26931,1c75a2356602443adf82f6ac51ed8a70ca412072,88b4271e0d080177b2fb7542e5ed6ffb137b1a6b,low,0,0
26934,925b9832c09a21142933480de48f9eea590ff079,9e889f3d157c23463f0baaded952a31a05e4b499,medium,1,1
26940,dbb5d60219cd0aa0c19d9c19c257ebe233be59fd,cb71e2eafb381cf040f0ca2e9a3a6863c1813ede,low,0,0
26944,1a97e9320559eef4e9c390998a0c0658395d7109,0cb8a214400979950bb8d9bb9fa5b870f34d500e,medium,1,1
26947,d61e86e507039a6f6169e601e32d8896075e921d,84fb9f6072ea696147fcbf66b849b0e70894740b,low,0,0
26948,b59fb231f5df96a408ead72d0add8b8478f3884b,f07c38dd1395c370fc8602dcb2f330551ae3b7b4,high,1,1
26950,893a0df318518a6cbaeaef47b5b88a4b9d650891,cb1890efb7dfe4128ab4299a12eed7868a9c6429,low,0,0
26952,85b4cb946e0246643bb279d0f7f0896906aa4edf,12003732635b1dbb1333929e9eacf2510798e05a,high,0,0
26968,e461ef9faaa1aaba73354dfdcdaa0af02d81d135,6f98ddfa494f93c025aea6684930fa5521c8626f,low,1,1
26972,c509bb40fb26df352f430e3d7eacb722b96605ae,fa5d355f7deb06332d29af1a8d92af26d9fc484e,medium,0,0
26980,fe5a99f506ddbf2250ede9da2af9c46ba6a7984b,4896f918da2cbf5088fcb6b3aafad9b4e4e0f2d1,medium,0,0
26982,91e962aa894aecf8fde5042d714af09cb24481c2,43cadac169f4aca9a7a344c4f249cd41b9c1be5c,medium,0,0
26983,cacf47518070361f49b5c1cb02788da44e363837,076490a9f737e9a0fc874e487fb3050375f2bea8,high,0,0
26987,63611d57b65799bdcbe9bbe6bcd0dd19377a4e9a,6a0efb36bf54245cd34f8343a8e86d2a1db5750a,medium,1,1
26988,acb91324eaac4335897e74b781da1e1540a0c9fe,b8e382efb41f9cbe247d68f6ef567f563e5b1102,high,1,1
26990,918f1bae2b703910893ef7cd6a8394d15c958a9d,2cddc241d3e43d5d973a264522e18901117a3a4f,low,0,0
26991,c9ff4a39c11a4fb105e40389bd75647035fbd18d,dd3f3b99be55d4391fd824f8f75635947d34e30f,medium,1,1
26992,766136bd952a74de45b88129f1113644dc9d35bc,649cd66823b6136ccd3eb03b0607375212bb0c33,high,1,1
26994,c030d63ecf14f0e0e60727d0092712fec6dfef1e,1b0687b431f937ad4a5799551bff791c700fd75c,high,1,1
26997,3ca66aa201f7e8d0a05d316fab2e2c66ccd24f31,2cbc2c81eb2ad432e635dfb7e997932063d43292,medium,1,1
27005,cd11c767848943c777e64cc86291d0ee232280ad,3e4dd5cb65adf4b94dabb6fdaf20bec27433093e,low,0,0
27009,2a4b8c56d0a33e81da46a68d5f9578329ba82418,27504e7c95fd586a13e3d219495e87ac3f449afd,medium,0,0
27011,8224462b67393ad96a049a805d7c776b1b40f498,f899171ffd6fbcfad2e547b45a7acfabd917c836,low,0,0
27020,c17f02cfa0dcf0f24b7cf4407609338571bf3a01,202310088d9d14c1f2df8c08413dd79ce62d3eff,medium,0,0
27022,ac7308358c7dfcef2a785dc6feb87c36b347ed36,cc5ca6afd883de111e38429cae8e7b27dda1f044,medium,0,0
27026,da047d90dc54aef525bff33081db83868cdd74de,ee2669fecb5a597c2064c98869e1a2037694b3b6,high,1,1
27028,2e90e51602861062b4f152e5dbbda5b9aa142b83,be9f218a6ec444fda4cabc702544409b765e7f9f,high,1,1
27034,a5e9c358a9e7f10775fe58fe6775d010c6b3363b,77bd5c55631843b7c7bf9babd9fbcdf828962cbd,medium,1,1
27041,949840b67cc67d74e5f1c05727366fc10ba898c8,4e23527e910b0efcdf66c206b2d704fbef5dc374,high,0,0
27047,4e7d9cc78d0f48009408f756bd75841c107ac108,a6c8375ba355cfc3927d0ce3158d4188ed760bb7,low,0,0
27054,ecb7d39ddc4b7864db776268e8a377554b327f47,16126470b049a7bc53ff1780a66a249992e01af2,low,0,0
27056,e269c08148fd2769a8b74e739e7c1947746af2e3,f2dae9afe28a3efeaf81a2e4f05049095c7a86f6,high,1,1
27058,12b2b08f5f16306a615cb52b2f05a18ded2ef8f3,b8506ffed5049d983c13e3b520906b1b89d84e5f,medium,1,1
27063,88b7bbcc566f92ef61be9f8e5af5878d1d43cc18,53601097cbfa407c273f7ef64f79e5abc99dc42e,medium,0,0
27069,763bfbe11a2d0b853eeaf7a0a5ecd61d9310292b,1efc3ed6e0ff4f1020b2f2dc590bc197a1cabc83,low,0,0
27073,e68326afe902b0b66b8f9bebfb317e4a339ee25d,6137d6483348d1e3ec2c25780543eca77447f042,high,0,0
27080,22b74b57a23259e51cfd68a4e42121f5dd50c7d3,e5981b9f6f2ef2a9ad8b3d9dffcaa78432a9a961,high,1,1
27082,55b1035d332eedf5a029fd38359fe7c8037cbf3f,cc17909a1a7b04492d9a44b26c1d6567931cdcb9,medium,0,0
27088,a2e7926e33655c6007e052d1298888394319693e,b074e8df6a66e5a3ac57d71163c94420027a6604,high,0,0
27094,a87f7b4b0beb2e8b536f96e4d8f3648da9ab2fbf,c1a7d45ca19791d5ec204e02be9687129d8df7c6,high,1,1
27097,539a68891eb73316beb9b2f96d573c9ff9891749,292601699a1465f8be775889fab34063a64f219e,high,0,0
27098,75c3c613d18e7d672eda50db4554ab73bcdc954a,d9a044e1069d112bcf362a7de42ca880a160b6d2,high,0,0
27099,77e57a70c6dda8fcb001b55e91e04a159fffa712,0192ac2c010b35c5d0149aeb906d1b31443006b0,medium,0,0
27100,09eba4d47561fd36628e31d5d3a4b598792b8639,e1d28479f148ce9df934f57c8004e36c3e4e0cb9,low,0,0
27102,82ac815a76648bb0dd4e8b8ff7eb33d8a1ec9d8c,f3705f9cd956fb812ecc98d0e7205a2dd3784fe6,high,0,0
27106,0105036cbee794a15e8dd94281c65cd59c8f0990,235b893345efe8fcc7e75abcf74848fbf497c5d6,medium,1,1
27110,f7912fdd0f46d53501b0681f040c2c003e7b0168,d0c73ce75da8f40cb35a637a2bdeed86a0cf44a8,high,0,0
27113,eee88853d77709a2448794083d147273250c79cc,2262f21347f7d0500ad537ce97f7aa798d9443fb,medium,1,1
27116,0ec5431cbe48397985becac55282b61caaf3f6fd,5ecd948d89d0e75ad0166e8a442708a417b0b074,high,0,0
27118,8be3107a093d97378b6e8bd02a72c152eda4d75c,2337ebd02c25c1ad9c74e51ae96cf17d0dfd4a89,medium,1,1
27119,b9da1d399eba55c5c75c1e6937fb050771dc3f4a,2597ed799aebb99522a34b4f7f7f4d6164e0cdd6,high,1,1
27125,970e0576e81ad8e5fc6f67421b252c777c79cc0a,c53ecfb20eef484465e9661b9c6458efd7e357b4,high,1,1
27127,5d8457cc9512acb4e755a4c959bdbad32d23134b,b55f4d8d4ea0a82b2eaddc252e9a5eec9a5bf16d,low,1,1
27132,0a1cbb67b8fd2b786b0e9b835ed3f7c00c94ef71,49caa8e3f77486852701d145a4ef4ae63f3883cf,medium,1,1
27133,c14e96df7565c9beb231602affc499d104b031fa,36479303b57ed7bd1bf2b7aa02e8d9c16424fe51,high,1,1
27134,b06c33a3e93bf712f96ce7458754abc2459e05b2,3b3f128f2559ac1961b5156b3ece4bc43730efdf,medium,0,0
27136,033fab44bd91497254896e6034b3faffff2d3c4b,4ba077d3ec0e626aafa6ce1418ac47ee3a7fdff8,high,1,1
27142,c3bdd852792298e577ac9be90875cf5614169634,16b1df607493bb51af6b5113c32f0c0db261b8ab,high,1,1
27143,831b20163582e66c7efaccee206df5bc626bbe9c,ee1375c0b5d69ca2ef250b77402eff86c3a4b49a,high,1,1
27147,780c5acf717cb0696583cb201d179c1180b4d830,03338f320f7361f3a0b2d7f1027d34472918ca44,low,0,0
27149,2e368ea447d065689115f52b78e9953984127b67,53ac8c496db6960b3837c6e48c36e830a3f93f4f,high,0,0
27152,7014af40ba5ceeaed45bb86ffd4811fb549aaee3,e8fb0fc5b2af7493742a6ac31124d50efc1f310a,high,0,0
27153,13ba1d86850afda36aa6623b886b6df480e0635d,b25bb09b20a43b0b75a2bf6d677c50c5abb7da01,medium,1,1
27157,2f4a1ca5029e092bb1cfb59a48d5250e6e8b5969,b48fe61f592d7ea264d147728acf7a527e826a98,high,1,1
27162,857c21ed038d7de50a93bd101dd44e9a92027547,07eec872e9c7d8ae4de19872f5f814d1784a7a5e,high,0,0
27169,c73fa01cf998e3ca56cceb889b3c0473d410112a,2bfc14ad95083b2a89c85790393f252987dd28f6,high,1,1
27172,2e6bfa425dc5996c0f1bbafaaba40fcb8e29fa96,aa067b47b58ec4e68a875a6c8ac526612ebb3dc1,high,1,1
27173,67edd5b774f4f667a8a5fc75d0699d8391189ba7,f63b6a519c5e91fdba1676d8853e5ef36fe64a73,medium,0,0
27174,27d62630031f596dcf18beca036203eb53fae364,46c8d8d257592d498d226bd6a4c1a27ef22ed400,medium,1,1
27175,4f63332f882764cc436acd109a01fd96a24b5800,9380a9d1db1ec641e028facebf9ba0933e5df751,high,1,1
27177,ce3fa12ee699bb97190adb15a78a0d41ee969cf6,f7ab8deaa73bafe89632add3f82896b08078df44,high,0,0
27182,b4b72c1a8dc7bec48044d34efa9b110a62e4b5a4,9971647b6e96b2846c1942f79bbe8db848ed1908,medium,1,1
27184,d9b9adb85b34358297c864b83a189d53cc6d15ee,6796ee04e5097548faec547b8e5c2b7039344162,medium,0,0
27185,c61ca96766134cf5a70f0e8b2b2e40435a2389e2,7063629b7ffd22debbf4848ad779c228a72abf65,high,1,1
27188,9bc5a45d47127398e2835ff8ced146686422060a,5cdd778df55ddccde86f8187879c5d215f188479,medium,1,1
27190,65a3d2db8bc3a33d0bba06067605516e5ddaba23,0165322783825fbf4c9b2df8529e331082a4b1af,medium,1,1
27191,1c66ae8324bf24b4ae4fcde0826741aebe5aa646,434b148ec99ef4ba9074c9cd4435bf1ab478f628,medium,0,0
27193,0bfdaf473bb705771967bcae458e191b95523741,e75f0e771a9e18c279f1a01726713f7219d3fdf2,medium,1,1
27195,ad2914aee14d45efda1ac7f1c93b58b6842da5a6,6913d1d140a135abfee10bcce44850203e038305,medium,1,1
27198,2010a4d085989c177b2b5173618578a319679e3e,b3abbd2abbab97c455fb9768901ec265f5565bfc,high,0,0
27204,834437ec0ecf401880d1880203539c8403c461f6,7768ba7c6c107d55a984a54c83ed15bf319f7c88,high,0,0
27206,1c6b9a96f9309693b2eae3c3be0490697d93eefa,62119c4264800cc785a9ef36a884fd952ff46dce,medium,1,1
27207,568d3ede26491c1dc462b90e6dc3469d17da9454,6c76b8eb1cc94f98ed25e4d39c7e633671ce0fe1,high,1,1
27208,de1bc107a249a2c9ca138c8cf2ad45ec7c58b09a,c32ddbf24ff48c24048ebde4a579febb54410703,medium,1,1
27210,4da824bb006842a01a056826b032eb2a402c170b,fc9ed8cb2d80009ad27bc644efe302913d340408,medium,1,1
27212,b9232e451ff0fa2ebfcf7d12f65db44d909737e8,e6929355afccc78dac5bf138fc6d3bdb64f0628e,medium,1,1
27213,a81a84e037ce621bfef84efcbcdd90b3867935b5,1a25f105e76873ef3ee02e88ba39eae4b148960b,high,1,1
27214,deb8bc22139e60647ffa0c7bd4bbd543d9fcf14f,0f2c68fc389099dff707e098f3f6e2897073863d,low,0,0
27224,5f1b11febf4845d6082729fbe4828931661e52d9,383011bdcee1efdc689d9557869f378a4d05ebbf,medium,1,1
27232,630c3f208149af75eb3e7a16f7cd4a077099af44,0749c37cb26fc43c7d8463c04f9ee2b7fde919e3,high,1,1
27235,7f957c7d9c6db2c3d10bcad887c127f7340686d4,25d6d74176a64180df4c08ab828a46820c897f5c,medium,1,1
27239,b29377fbcf92bd54340c0444a999a59ee738c61a,ed306dc5bec39423dac92610a8302dce18ee1e59,high,0,0
27244,18de6c9be11b404182efe8ebd2962682da86265f,95f2c9f014f3d2d428469b81b645e9d578a823dd,low,1,1
27247,a464aa0e12ada10ff053282980f2672e0414b54a,c7324415630cf7462ff20768e9c9fbc088aa6bc6,medium,0,0
27248,3e103d98c7749e188e108eef587a8f1a73b08132,f09f18a8263d0912a1536c22ecbde86693b6695f,high,1,1
27250,6aa7a7c80a5c896f308356adb323ea645072debd,bfb183894688c9446143c5735f6e7b0665108070,low,0,0
27252,91d2364ce95e700033b80923ff66cd09b7b7a084,1073ea397d54c9ba3748df91d6f1ecc83bab2d3b,low,1,1
27258,b0c2426c393d0c008726e12cdd2992682812dd39,af8dcb3f52421e878e4ff2a171d68d405eebc76c,medium,0,0
27262,5a011e67ac647077f0fb5f127f36fcb41edd478f,4155babf0529a7ff91a72dbe655adb1124935f43,medium,0,0
27268,e36e176c628dd78c30b5e287aedf728dde2305f3,f251e9428f876ae625eda7f295637c7d82006614,high,0,0
27271,c8246cf671caa18623d49852cec1ad0d0cb4e1e2,80c6a47434285bfae096e5f8af104a54c8587239,high,1,1
27273,c0789100af4c9534da7f1fe1d1ac2b4e225c9544,671eeb3d1e20b6eb15c1b5cead5ed36c5d322ec9,high,1,1
27275,4281ac43233625a164f2cf99491ff2fa279ba316,85649c96928b7acfc992c75d2f516fe781555f2d,low,0,0
27277,901d96cffc7bfaa16e48c0d57e55d291c3c0462e,5fe3d37d85865642bdabf7731817653f182b0082,high,0,0
27282,8161e45e662e89744783ee11cc796b5019ff69f5,a54ba2b3260a18403d51a08818c3e9f12f7a9c6d,medium,1,1
27287,13966d32a852b68311c34eb2aeb1cc8a08a3bf31,78db82e45ff88f1b3845edd4a322a480844897ee,high,1,1
27289,dd9647613777915d2064e3eb81a36e7880f54aaa,f7a9620b5e5a732b3daa7760b9dfed328aa45f63,medium,1,1
27291,7f1f7d5a6b1760bef6c5727efde2a782a4715335,bb38dfc5bb1e3b068623b81a9b7b9372e8ac5b06,high,0,0
27292,b9b44064afe210961c2190eeb18e718d41d75b5c,e1ad6914c42666780a5e3b1224164d7bb4579d6b,medium,0,0
27293,a048fdcdaa676dcdaac455e162da4ab8eda81c31,3837142f50a3d816795898093b542e92fe76b588,high,1,1
27295,6b325027e522ba3164eee2551c2e7ff7641c7a93,a53aa2fa19037a4d5df48fea76d5ede5d6a5178b,low,1,1
27296,387ce8f9dd197d81edd3bb1884eebd816a5c205f,b089b4ec25479fb2d41896c6e0002a327563adf6,high,0,0
27297,b06c33a3e93bf712f96ce7458754abc2459e05b2,837c0bd3b9f3be12a0334c5e40af6fcf546649d5,low,0,0
27299,8288802412d246d9b973d2390b16b657b4165d00,d0b26ef7365e298ec581e4dd20fb6f0eab1dfd4c,high,1,1
27302,7346a3d6c561e95935614ce83d661fe56bf0dd84,bf3c65868cce923999c2a959c55503a5011da901,high,0,0
27303,67332ba496b5aa9b97587051176e099c0a681170,58f56424104c40e3b234177b43031956175fc4d2,medium,1,1
27305,8201b2cf7ff49edc402803d65f3987eb62ac1ca1,06cce45a623143b824c2cfda586532b1cad9b16a,high,1,1
27311,978006942b317ab9bc638aeaed29c048a5d3b443,163c96aeed5116f5a357fb49748dac2d80e4d2d8,low,1,1
27316,630f262ad0a3e6f978b449a244e3f6b0ee304e77,77374b7f674ff011da12679f3e92a6efeabcad47,low,1,1
27317,ebd5f68b093937fd4695188a65a5524d46a4b376,ca866c0770c6b67e4b1bdfe586b0532787a2e934,high,0,0
27318,2c9d5dfa317358339ffb3543619442487da5aeaa,5618f7d4531788d59ddf68459bc1b708728f29b5,high,0,0
27319,9eece0e5b27063ce140125064071f7f5530cbade,b1bf3b92389c95625ddb0fca67cc3a63444e01c1,low,1,1
27320,11e66066fe84921316b6ca0efa3dc2570f33a43b,d1b8380ec730e1409872463d2c6c3209344bed6c,medium,1,1
27321,23d1023249ced6e61258ac3a8bbe0942eaf50eb2,efcd145e1291fb514deaccd26e84e4bd97c74e47,high,0,0
27322,84f9ab543aa63153b228d7dc6841a8f0ed093b32,d2021b7e9a67c7d32c817c6072e4d97cfd9a55c1,high,0,0
27323,e515daf94c18f365e106c3dfc5a1bef3974721ea,5402d5facfd0f0af7f0ec3053266bde16e6e6748,medium,1,1
27328,9d12ad00237abefda97b4b42a7c19417acf3fab1,1a8685429a8e65d06f4f076b66d82c3bd2905a3d,medium,1,1
27330,d5542338934035a5d48c0be89758783f489c7b74,ed4b640c9ede4ff7c355b2109625f3d7d2d79586,low,1,1
27331,f9e50e96dfb05ecde921763f4fa526b4f9f23e68,a645495624da964e5a8c24e95eb48cb50a199fe6,high,1,1
27334,e0e518df0155318466ff57f1ae66c545370fd712,b58ea3475ea817121c94fe1e8e722be821732292,medium,1,1
27335,f01f4afb94d69ff0055cc71816071c63998332aa,8a28dc52b5618fa7836079cbd2730af8f5069bbe,low,1,1
27339,1ca5f54819c5298eee1c2d8738a0a64fac312a3f,48a18637ea6b6ed3e59b97585f4aee27bbd08563,low,1,1
27340,5358fd91c60422d67327d6ccb59ad6c18d6f25eb,2e9744cec5851665e17e56ac089919e65c4b01d0,low,0,0
27341,44b521adcedca5f31a446f96fbb4eb273c43a552,20b8eca08205f169ab523b7191960542ed53eaca,medium,0,0
27344,71befb8e40b6f6475870b9b6eab2ca90c786690f,0a232b60eb1bba1333befb982d326423185f2e93,medium,0,0
27347,106e268d292b3ecf86e6738e6e803d871a82111d,cbc6d55e57bd69184e8d4e482132e2cfcd5425ee,low,0,0
27351,334f7927ca39192eeb0687039c337cb3392c675b,af9c18f79bb7063abd1f3931d38b4aef2bfa90e7,low,1,1
27352,8d9f9713ea688370fe4f3c850eafd95bb64a7349,0d58a8efb51e7b53f540b92e72775409a3c3cd1f,high,0,0
27353,587f55b259cb15d0e99f182b74c4ab21d752b280,0d6cf646655198763a819f2407f0b1828f3d5475,high,0,0
27360,613d44b0d90eba7ea344316cddf73f5675bbe98f,0034297e56ed6f9fdccd34762d1013566c028422,high,1,1
27370,a5b30eb2f99b58d66556cb6a6ffccfc7a0dc0a3c,eb96a42328b24cbecf18374374586bbc8fe80f0d,medium,1,1
27371,7b85d37919702dbd1c76ec165d5604cd8f60211d,18c32fba0f7215ea871493f81051131efc2538cf,low,0,0
27375,39cd0dc3babc24a28b7a0a387a458df4ea231c48,ad8d02867f04ce4bdcd9acc28b1ff4496d3b203e,high,1,1
27376,e801b1b77b83851c383490bee2887ff039ce5530,9f848945e30db2f44aa48933856d1e653425fb6a,medium,0,0
27381,3170be3efe001046ed1947862e613f2398b39aea,35886220ad184a961a321d32832d9c755a7e4126,high,0,0
27390,92a14061f03594a48151683a7a19634c34bf2e82,28686bbd1ddc778533be873e0946e855fd596152,medium,0,0
27397,933f7515b5230421ca1a43f80d077a73af3e3b23,28f77b4de02b8deda76c69d626c5998514285dfe,high,1,1
27398,7db621439c45acbaf02a3f70ea336db11bad885b,ffbb8b9435eaa446a29fcbbc66fccafff7f3603a,high,1,1
27403,8d3f38d7a27e7905b8e3d757886175613d383b82,7d9a6aceb8037687c677265fd625a4d5eadf7e99,medium,0,0
27407,e637f51a71c1e755568f0894d783d10305f368b2,840f4f32d8c5509c042c46f5c0812edacfbc3f0f,high,0,0
27408,367457319b33b3bfcfec8e2c93d04676a86a408f,57cc94292b7e9997c81b73f58ee73c2f9388a559,high,1,1
27410,bef3b837a04550ac92cf01e0228b0d75b41dfe6d,6cbcf5cc68909ba653285b97010b6edf3ad617a8,low,1,1
27415,015ba76359b9f85010024e6349620e3e2791d1bc,3f4a5fa22566746e03d8f4ad7dc05e18c627e3d8,high,1,1
27416,3e2335a961166dd9a6d8a0f2349e13cf040f21bc,14fc493c70533f5f11c1801c7d02ba6e880d1f9b,high,0,0
27418,5461a947de7fd91c1578c05fac448592f24591e5,ee44dfaa49ec19ee31e6c5f0e2e2c76b19e6ba35,high,1,1
27420,abf232cb835bb264ca1c71af88d528a3a2c21fde,18ef3208a85166c62b459bc107bdc4b1ca18e532,medium,0,0
27421,499c2d0981b2bb1fb5ec9a8ae5f492a2ba56c62b,242ecdf524c9cb0dc3be5e9b1e182ee3e64a86e4,high,1,1
27422,978f148b306f29b5e785501fd2bfc8b83093197e,246eabd751589e1a1e229b5c52713ea4c204fc01,medium,1,1
27423,a49e428630e4b7d6fd9e990aa00c046a33d146c9,b5104b4ac30da6662b0cb1081f1ea63f1dc91408,medium,0,0
27425,848754ce86c3dba643c27dad251e01d12ee6871e,ed4335a2938684e440a5185bfc26bda3a7b49542,medium,0,0
27426,1af3e041ceaf57d5733da26d76f3101bc0ce6a9a,ad3a0b94df9543bbaf85cb073f18b4be026a94b3,high,1,1
27429,d46ef5eb531bdb8f26a94c3ddbf4e38783bba965,059920b30d75c344f58752225c8dd1a7ad0ed2eb,high,0,0
27433,f02b24bbb2c938f27ee8bbcab8dbd5845135626c,0067bba170dbc42563cffedbe90b011356f6fd9e,high,1,1
27435,c866533efaf31c4d89f6ad74d196e0e450b2d9de,3485715942ba2da2ad660119f8e659ff464e6000,medium,0,0
27437,515cac045dfecccea8b0deb985ea81c9fd4efd13,a1c187545890de93c7c866fa9d126a45f7bf5be7,high,0,0
27439,2636a0e0ce4a6ddc6d3326e444b6c2e17dad3167,9335b7d5e32c7244c017b3ef3511eadbb620c178,high,1,1
27442,ced0c617a05f40659257db0747799e3fb075e047,c8a708d0ad9ab5d67347b081569c5aae41bc11b2,medium,0,0
27443,6d29f236c9b7f447727aaa713c691016191adeb3,5ea4c31ba687ea9da093f3f9e3952942b1bb0b5d,high,0,0
27445,c83a9d78645f3db27800239e5a7a21129aabf305,7f11f81aec0c898988ca64dea535b3f98369062c,medium,0,0
27447,5e621d5731b1fcd549fd6897d650a6028bfefee7,755ce57ad9b749c967bf671b92b07e21a342f80c,medium,0,0
27451,31e853e26267aef663074929c71af030913c9641,1dbb02111d48a4b479fb8a88106be9b83e855b40,high,0,0
27453,98ac8074843947083571a0f94f3f3420958ee92d,f5e38a965ed977b058ba3c0abad00c84bd44ee2c,medium,0,0
27457,d77058cdc4bf0af05495f5169d019b4665b2e16b,c9eab5217c72c0724e5b7bfa84bcde426fe6288f,medium,0,0
27458,d53d8fc3a48d359ade29a80caafde73915df3217,06eb1bc846155950069b17d269391ae6362302b1,medium,1,1
27464,9c57ae213e03145d2d9426bde3eaa2f7a15ae505,9a8b184d18df6509469747d4f753314f60de5af9,medium,1,1
27465,58e8563c0608f56325a0f20e08d3a428fca4d6d9,1688cf2bd9e52638a30c796ef0357d1de74ac5f0,high,1,1
27466,ce91f17c8545e972d0e41dd5d00614ec83f2c8ea,2ac1008842a61489942e6e2e577f1a9d919133ee,high,0,0
27467,866edf37c444889dff01047559b59afb220606c7,4f8ca803d8cea2ef2899a41397960aefd5e0a9e2,medium,0,0
27472,3a8b079eaaf4c92c9a2ecd1e9effe8fcee394361,287b33f199a281319f4b34243feecf2ac74c6b86,high,1,1
27473,0ce0d19005b0aa757e066102c462f65b8c23c806,9afffde734862f766b4dd843c246e2992bfec2b0,medium,0,0
27475,4587cb299c68b667fa86ef7d3cb91b231374541d,97a1cf492538cafe8f4cb3f2f2c90accba0eca75,medium,0,0
27477,576f58a9140bf15e4eebdbfde6ac9bf73b3c256d,72d03a9251088ee0e3074528d6b287eed7dbe3ff,medium,0,0
27482,0c853a5f14d3041ac1013bf6a851e22fcbb1a4a2,efaa7f19c7e7730f46cf7aecea9adc458062aa3d,high,0,0
27485,fa2f867516d6a22edc7e7df05e93d8974f8b8895,30c42670d2f2ba490a3e17dfcea782f23266df48,low,0,0
27486,62e9ad21ae0271be81958111dbc820c23ab6da2c,d7231cc2fcde1fa4c74fed46af4b71488a5e3772,high,0,0
27487,d5de8b83df7b9076fb9c75b5e56863a3f1ab150f,7c2b187957fd4efa259a7c2ad435ece96f2ac4d7,medium,0,0
27489,ab260e73b523ea5495786792f3925524bd5dac1b,b1e11e30649a93ebbbc0d46ea9f2c2b9aea2ff40,medium,0,0
27492,e9a2f2e034daaaee3edf5430b3525afc710abb55,0e81a444ac0043f89d99eed6ea9a00b52c6c70d1,high,0,0
27498,ad658db30301d687276e23435e9b0781fcae509f,b65a354f9063cc400a7cb4bc4f938dbf1f495275,high,1,1
27504,a70f6242be6964147f819c2dd02feb53270d1d40,323fb61821085341c12da10c3f18c85674024195,high,0,0
27507,2b3aa80354a0648270c983f0d5e4bc70a20770e1,cb8c2777c6712f70d671403d682d41c8167d01f0,high,0,0
27508,29b9ae376fd1b16cc3d00de59e2f2fc35ca99a44,f20177395cdf540274430bd43bf9a138915ac3dc,high,0,0
27509,a1687d61e32c452647a63dfeaca0466a24ba47a9,56b071ee5f236c815b7ff61aaf71519c2e64cc3d,high,0,0
27511,24d66a5040d73ee3d97a0e0261d6af8575ea8bdd,8d1453e0fe5c863c08b1f91e26b01eecb88179aa,medium,1,1
27512,b4e8647b4199e39f42fcd3c49a6d33c1ff961921,6f2aeb23b6dc283d380d918d8de669255749c0e1,high,1,1
27513,917a90f7d1a34297a166e7a2aa7d60500607ff75,34ede973e3f1305b2b74b86445739fd1b24676fb,high,1,1
27515,86a8039707e08d7036f18491ad91dd30926016eb,d2dff56efcdc075048f76975d5f20394203d06f0,medium,1,1
27521,ead9757d984de9c2bfd0bbe485cf0fdb37f6937f,56db5ee8ea59130a634d589ac653c55c81507598,low,1,1
27522,182da09ac08244f0238f881e00920ac11d5d39ea,98a9f206c4a4ea343a70507e0d75142b52c7d464,medium,0,0
27529,a048fdcdaa676dcdaac455e162da4ab8eda81c31,ae1c9a8af1e894e41077daa610214c74d0e1b0ed,high,1,1
27533,b05c60b8d11140e3fe4b9384992c62cd40f3a411,ba23ff5ff4c6fad318fd17dba9e2c5b89afff3d1,medium,1,1
27534,90f13e111be896f485bae98dcd4cb312277c9d4b,c895f0d6bfa4e13c37134e5a7817d9326f5ad0ae,high,0,0
27537,8feecfedf34776fb67474627967d38b6cc7897fe,ec04388d3d304e6a67c0d4cb7fdb257128163b57,medium,0,0
27538,48174d14e0d85ff748c503bb2c128dfaeb27cd82,c7e770bc1755e217181942159503678e863cf6c4,high,0,0
27541,adfed7527125507c832cc575d4aaa7d3d92cd058,5a9465684c06e6b120a944368307ad35213f2a11,medium,0,0
27542,27f829ba00ed2bb732546c2bc0e86e2122f6d1c0,3046e15a2c2399fbadf484a6087237c98408e826,low,1,1
27544,090a7b8dcd1f5dd55847850fd398f9c0c1edc5db,d631a8a2baf5dbd22527140520a83bece4bf8092,medium,0,0
27545,354d93fdd70b4d0a4f9d1a943ef594aa9c258ae4,cb7192d5317456c4a8a117e78a7ba9e5e60dbb80,high,0,0
27553,ec8de92a72499d1aeafd19a73ec2b8da7ff6de13,582e58ef626e74e6b29c4bf1e848127cc5d486db,high,1,1
27558,b1cfadeb924293488bdd8c64614cd02d7b87573b,044b71a4ec0df3fb3c745b5f53203517f16b5879,medium,1,1
27561,75d5452ee9ec46d4504c3a6fc47b2e3e688762aa,fa55be8b0e5325d1d44b97964d209e27786a0212,high,0,0
27564,890b0a66d834da1de4cfe3be2e7535918a34e19f,4bd8abbe86888d21db809ae1df662ee2efd0434d,high,1,1
27568,c18c4f05aa36f4b5c7a88a3824f214d13f9ca317,df8e3555645c03b896f28044bad59f17c399c254,low,1,1
27572,e59ebabe7206dcfb40aa29e2dd65ea5d01fb3e70,59093450483949285eb68ca29e03097db8446ab0,medium,1,1
27573,4a98ef28c6fa07fdd41aad6f10689f7acfa59e02,69385e8b8510525454eb5d090754fa573621b4cc,medium,1,1
27579,7972f77e3b3c9259bc599981b3d88035e702a2d7,3159e9f1c8e808a58e833cc230724d68d7843713,medium,1,1
27585,ff1fb18f306d604c69e5e4c6f96b411df4787e63,fe98e251781b8acf9dfe0c64184a3f8a866f9b51,medium,0,0
27589,4495fccbc6da02102415db85ecab9366c53aa40c,39318dbb8ceb3ccf12350b5960b12ab4a4546b19,high,1,1
27590,7983b469e99241612665d82103a49d290ade8396,dc48f1df5e2bda31157d1144f4badc9146fd3b46,medium,0,0
27592,1e5142ead074a9f1c5826a6eb4d442460fae276c,87c31a351ac738bef5e081ed6cf30808237189b7,low,1,1
27593,0a4930ed8ea4cdc256f60591c6f566b9e4b17d05,aeb3c560a425495e88bd79130de9c476f3528e05,high,0,0
27598,5e3830082be56ecbc94285ca7bac5029bea5c78b,fb3dca30216b8740ba8c6f6c22418d113c1432ae,high,1,1
27599,ede4a7ad91b36e8a00c0e7eeda7894c204c0a17f,88fc2f94895b6c5f1366bfcac7cd5208cefd6fa0,high,0,0
27600,e0e518df0155318466ff57f1ae66c545370fd712,cbb5849462d900d931840680c4c2cc0979c3f9b0,medium,1,1
27603,ab2cb60623e274d2f04f2cc36b2f5bce19368700,4b2ff6b236af58952b26797e606b89d242afa0f4,medium,0,0
27606,fd7631b814803a85c163dec0899a2913a8fd2c86,c76879a280beac39eb8a26d3f86690971d52b40d,high,1,1
27609,d34a75d1735ff58c5e9ac6d05c77edb1c6590549,aa0869e238af3db3ff456f3d8a15ff5faecf959d,medium,1,1
27610,6cf77345ee84cd1a0f29d96693dec84c23087092,7ea846932cbb13fc47adde592ad304d225df0ceb,high,0,0
27611,2d3ff4937f6ea2d4cb2bb28c7ae6abed7b1c40e6,5bff3b64b5f2fc2771d11dc87100b9ed8c34bdeb,medium,1,1
27613,820ef2e6a1e0c5c3fbec85f2bdc7e670b1bc5e18,888260ceaa23e01e098b409c8c05f161f47cf3a1,low,1,1
27618,0aa9b865894796820da36be463ef36960c394472,27833c085ea0e4ddbe30ccf9111c2052cdf9e177,high,0,0
27619,b7185f280f84a56a2c76abf359ac20d102cb9f8a,e8116cd890c6ce2f7bf957b697589aea3653cf5d,medium,1,1
27621,1cd9ccd1d51b57598ebd44b87b6b1b32ebd22be6,c88ec2ec2603571e45a2d3133de7ff73663a93a8,high,0,0
27628,354d93fdd70b4d0a4f9d1a943ef594aa9c258ae4,238140eb0b1f1d56dcdf3a0909f29bb92a7bd44d,high,0,0
27630,b9aeb4ada6ba64a05fc675cb7e8c292d2b526759,30bf8d70692356f04974e75557a100649f58a077,low,1,1
27635,319627eda07a327f686a4051514626a80a2d9835,befe9fee9ef45720b400d6b6d2db6aadb4bd067f,high,0,0
27637,15af1ad7ffd68c0cbaf03e3cebefd03f145ea232,5e5f7e8f4e765fa12c800a15612714882abf9f9f,medium,1,1
27638,668261154c770f4f38e9a157653ca0bfa6778982,425ff61d24df695d25164c4483fb881148250a6c,medium,1,1
27643,13966d32a852b68311c34eb2aeb1cc8a08a3bf31,84642d17d50019e544b7aca4a656bc77e2efe7a2,high,1,1
27644,3b27dc7921ff9a21d3b42fa3aa4d39bd74d26701,142d19dedb3f1563988ac9ffa321d0bf95493286,medium,0,0
27645,7e95d752f0fd7f13bad97905541161a73f0b6db5,282ee6c65bc4b7d9d222fa754aeea7718bcd65f1,high,0,0
27648,556e39d86a1164490d7328724007a5b5591f2a04,9c22d611434076a060f8fae5883cf32a0c0c59a9,medium,1,1
27650,de998bb7a4806618da1e2cd7c94f5e0d22702087,ed5eee8c1105925d8a50de97525ec977b07d3a18,high,1,1
27652,3557dab964f2d3d721390c9e03e43e83d9fde6cf,e0c426f6306dfc20540b982fecb7b402f524227b,medium,0,0
27653,2ad60e6d0d1131af58daecbacc8d8a1135228423,63decd95a297a93cf47e4dea847849e2dfb94664,low,1,1
27661,f965dfa784bddabc37260259bbbefbe3c32b3be4,8dd63c23f77ad09d8e300f7438898246254916dc,high,1,1
27662,b6abdcf3dddbb8885726914e94783e9aa6ce19bf,7ce864f5159438d06ec37cbbb5dc0b8d38f4fa16,high,0,0
27670,84dfa66b7acf1ee04f03a87a133f47c6dd98c034,3aca5f7e704c3c628ef28d419e617a572a461a12,low,1,1
27674,23ed5ac9e0b52efc6a05dbcd0664e0fbf7473754,e5732d31eb582b4d7d723679ffe623b2a3e2c6b1,medium,0,0
27680,f28b08b671a3fc1162ecb9044e6838ddf71d48c7,66f9c5d3ae7557aa132b43271de8231904bc2343,low,1,1
27685,4dfde15a01face492b4336bb75a4cb1423c4879c,8fb5138e6d7dbf830c8871a6c579b0f8a9801ed6,high,1,1
27688,ac595df2871b7e9cec78a6eb30e54ccec6b4e819,e40349c853bdc94755e1517bc530456fada3ad9b,low,1,1
27690,24ce3e7ba24d82028f6ad89f593b31d2b4f582b1,b2aab4dc41dff21095d9f96c2354611b9347cc4e,low,1,1
27691,1066a589fe43cbe2f572ea49ed692f12db653c92,840515f067e8e153ca992621a13a44d95e94fffa,medium,1,1
27695,ba09b5ba8762e88623518f3b2821548302c8bbb4,902113bf8c1d7d943c458ce57ece9f1908249923,low,0,0
27697,2de96bfc4929fa921e7f4e4ec046540de139b802,20d2612adfa796e2247c81c9892b8ee2ef361d51,medium,0,0
27699,a83718f2c8db100c37532e5e4ca8019a97fece96,a31e0515518a46df7fa21a470fdb210d95ba0266,high,1,1
27700,7e0f9cf6504620da7e3d9bba5eaedf576a3b8adc,cba12d2fa64f084a63a9b2fd40c010e322dda61b,high,0,0
27701,41dfda946050d817354607e7b146dc05f1801472,6e86ef11cc843a801a2ce3962d76406ed6fca9a0,low,1,1
27703,76c1d3e10e013d212746e7a760df892cd26d8985,c32e5ac10a4db2658f71ada8f233cf46bed67156,medium,0,0
27706,68aa187aa0efe8f12027e60f9097f39bb85a4dd3,8837afd6969974133adf89b9819edf212e49bba5,high,0,0
27709,c9e0de4afc284514264ed1845084a3db9b4245ca,0e00cfcb19ff83a634d50dc992474c513b5800d1,medium,1,1
27712,17fa61b5a4f6a502c1c93f180adbff4561a0a3ce,6e2b8b317148333ce4656be6deb92acd48b4c39e,medium,1,1
27723,2c708523d11ea6888fce9c7e3c116abcb49b1324,7d4def98f0f9d36acfede94864141db665c0142c,medium,1,1
27725,49c2bea75ce82c16ad9f3c0264424897b8e9afff,245b44472d924b887081afcafaba2b2a9de609a7,medium,0,0
27727,7234b17024922fe73e0de926398427951111124f,aa77d586c96719726e1d3f9587fb131b4ac028e7,high,1,1
27729,7e47bc91e874a7ee63849e47adbe5008dcccb19c,83751e09b91967843a2be5a35d2698e561ed6846,medium,1,1
27736,0454cadc24e8a94a168d0bfb195f9e1f114e6227,8a489a1ceb791c40dcbfaee88ef8b38352f9b021,medium,0,0
27738,c4b827d5cead0ff13ea9c828ebc174031582e1ba,e103cfb33980b8f7fc702cce1cea4d50adef57a1,medium,1,1
27740,57969c518395e17ffea2f6a23e0f00b27284b4d9,292b34e97756f75c0a5a876b6369fe51fffe791c,medium,1,1
27744,12c0f91596503348e05d5b2cfb4b4987c627497b,c5e6b322cfcad2b503393c850827d583a7c50d04,medium,0,0
27745,917a90f7d1a34297a166e7a2aa7d60500607ff75,b2e10cf29fe888e74750efd3196a018e689b45e0,high,1,1
27751,425f99ec2cf3257fe5d528801991876ea97ba2e7,8cde083e144edd97c97a03c4d0ba12724a2ddf6a,medium,1,1
27755,9aa2f47e0aff5f3851cb6f8a23cead365061f6f7,95bd429758695f27bc37b49a0c44d1a1ba99b5a5,high,1,1
27756,7ec04f90ae64c6a731986fc4b1f53de0298fbe43,d121f29e2f10cf62f0049d3a2d74d13cd4e7a8dc,low,1,1
27759,e3209f9ea3f4950dc1faa144f54bab5a9dd8d712,5a20b3e41bf69b42656609463a612f04c97fee01,low,0,0
27765,86554279797fec204f700777c3c6f1acc56893fc,cc1f186dc05601000c47114f0c86b8a10b35b440,low,1,1
27769,de38bb7012d51beac87362a37a79eb6b0d479a17,7730aa938c0b81ac01b249ded91c2865131c933c,high,0,0
27770,1f6cf83f0f584b2658c898169c7f81866f7b5ea2,6f206f41c42f791aaf89e8e028819a725466c8cc,low,0,0
27773,7957aa0c8460f74ad58be438a2f3b0f2cb4c28eb,386e956a7f4c2b72ec18cbc0959eb1f3f09fc278,medium,1,1
27774,30567454c0559b921aaebf77168c2835040c4a68,77bf9472ee5dcc5445abc5e349825ef67df2419b,high,0,0
27775,386b89b48030eb6228072774cb2dd1e42f6f5324,af2e7cecefd20ff6c39782b63cede4b9bb32c40d,medium,1,1
27777,913c57b153eb195769ae077e40dd137e6386c202,75efab2d019970c6fb5c20af2780b5e962f5eb21,high,1,1
27780,190574693856da19cdd66d4087a5db078b287b7c,5eb88f14906f3dc051c5b97beb66a005fe271870,medium,1,1
27781,bfb135d7a16f3185094b23c4e3cb26a159c16321,91e674cabdfa5d71f053d2a7fc1d63b9665a6faa,high,0,0
27788,4e2b15b7715db0c6d1e7e4f375668b70ce5fa338,a2581eb52dafc85644c849d48b2eb3255876ed8c,low,0,0
27789,3ca843c649f68327435fbd6d45a86e215e805608,719974b96fb24354c13c5f45c021e7a677dcb18a,low,1,1
27792,7c9fd6388768a7c0b01fc26a4dafceb82f67c30a,9d63579a40226f882b1a69e710452b9f82db5578,medium,0,0
27795,1025915c2733576e0853a0ffc8c4078c47106893,600194816956ff43c6cadc903687f45141295744,high,1,1
27796,1d5a108a1ba7909111776d78765723190cd53d86,5af14ce7e54748f67cb1fea4ac78b148574011db,low,1,1
27807,cabed091dc6efcdcda062e43866708849f1073a2,c1b24ee88109d625074aa6be70f07a3a837d2197,high,0,0
27810,8e39490f9178d6bbead046b2281e622eaa9feb70,c01be244b0394fe028fc6ee7e6f4fb24a49ad94f,high,1,1
27812,9539569328570f4c9c232c70ba9478836fb36d03,d27fb4e530e9dc16f2316d3e8d4ff97450e86b12,high,0,0
27815,ca47aced77b18f6326b0b360d53b6085dba401a9,d1d75acb7641fcd5f0cb3eb7eb93539cff57606c,low,0,0
27816,8cf6f68e9e469903f8446d72fc54da45126f5a51,8a91d2b838a5b9ea399ca2ce3ef5a0062d1aef6b,low,1,1
27818,597293c5dc735568648020c893f6d10c65994887,f135332333852792e1f59d3ed8f8ad00cd3442c6,medium,0,0
27826,5b8ce079e8587297ec995ea2c3f1197bdd5c243b,1a337a09639371e6558b265008ac6345142225e8,high,0,0
27827,8329088a800bc3fd7759f142174203a791545ad3,9af2865bea6c4488bc05f0a28859287106f3fd73,low,0,0
27829,dce0ca3845b2e90a67b6fdd9a76fa7dc25227d22,8179072763a2d65000c3d7f99d61563ba832857b,low,1,1
27830,8d2f827bf282c6ecc6642544bd807bf58b32ac4a,252e3877590a18a02e5d737ed266bf0198aa83cf,medium,1,1
27832,2810b65e39aa271fb973d331b46b1b235ff3e25b,63b139113b030525c49c64eeb042c043463b9fa8,low,1,1
27833,cc579f600fe4f292bd363b8d8df0341162a2d1fd,aceceb6f1883ad1a8289b7a004d6470291799dc5,medium,0,0
27835,eb9da3391494a0e8c739032f324726a748815608,32ef0571ccd133f89203f2078f2676ce76168f78,high,0,0
27836,1f1bc69ca65cab6e066ea56937f25faa078d5773,d0f92d73bd532087c5bad703bd51ced897d99ca8,high,0,0
27839,c45dca14d268c1aa9e6c30b1e2a2ec7f68e537ea,d61f149816e77e12aaf5dcd89c648b1c89fe1b8c,medium,1,1
27843,72bfa7edf2e9943359c25ca0d53541ef864ca5e6,0fea766efb24604cac66e0fd24a67b0851d12663,medium,0,0
27847,13966d32a852b68311c34eb2aeb1cc8a08a3bf31,b795966954041523785d3931789ada5b7a2f1860,high,1,1
27849,18ae39a02091519a0e44b97ec0632d3f36ba1bdb,64915e2581abdbb1b6db6f634cd7b2619df7c4f4,medium,1,1
27860,7832c9ddbedf430450810bfa23967a4aea619cfb,3d7fe27a46daa2f81f90bd12d79e597b2319968b,medium,1,1
27867,bfb135d7a16f3185094b23c4e3cb26a159c16321,9c4dc0a98bb5b6aea8a21c5d392b311659386d23,high,0,0
27870,5ae22053e817d1631ceb8492cff4ea9dbeeea864,8e81a0c108dab3e63fdb419f2351c67147d4a5d5,low,0,0
27876,6a5dc0d28b3dc439fae6731ce0735c90acad3d73,c115adf3abfb8526a8fb14fdf3f2da18d5c867a8,low,1,1
27879,b15eaf1a5e043c5e2af24dab712e0a6a36c2ac43,98ba201f4489605ab711b27e28915e82cdba7223,high,1,1
27881,53f2ca707efef17bcfc86a4532dbed3ab7a24b7f,d24145a763d4cec99f4075473f5371c10aa60f9b,high,1,1
27888,6789162127c259131309935185346f333c20be40,157ce7656a56746290d2c24fac5d5be825f416d5,high,1,1
27889,58a7cb780f713a485c6271a09766477c26114ad1,d1eaf62419bbed3a8ed1c34c4cc34bb769173932,medium,0,0
27906,12206fbdc9e3f038b5a8881a776082355245d1dd,d0984d8d56e83de4b1520c859a60225cb2e86d46,high,1,1
27913,3e9e268cf6c144343b3aef0c9af8dc35f475bdd6,d676e33be7aee62c30837dfe346b85d29475a700,high,0,0
27921,cde21c7b3c69054c5b3702b6458d4493e537b49b,7077b132f781fa48b9f44d984cf46dfd57f88ece,low,0,0
27923,f82c3ca2616d5a21efa0bf81596db5d06de39850,e4c8c0e6bfa28c22df26abaeef6f9d0486620705,low,0,0
27927,fbeb6bc644a947738dca2404a39c780af3a91b63,3d1b17cbfc3b8b488e946cf731f6557f00d1edc6,low,0,0
27930,ecd0109a70331e3507d874bc8f6427a6c49d1c85,99249a78d18f3b9056b55614db59a9aae6f18611,high,1,1
27934,fa5edb19949da579c0882293150f6d1421e782f2,1c44815b91f0d19cb8953836535a7fb863532eef,medium,0,0
27942,20769f619c500b906767c6bee1804ee13500145e,1f8336b1bda980f940585724efb827a7664af89b,low,1,1
27946,fc6682e7606dc71416e630538013b033eab12a0a,068ad2e9157332bceda1965204804e31c458738b,medium,0,0
27948,c3b4103bb735a6dca3f333d539deeb38f523c005,9d274ce71c76ae8bb104fcaa963f5207ea2e4f16,medium,1,1
27949,78faa84f3b7b735be013e30896393a84938c0107,e187a39076296ab81f37e04d31b0bab77540644c,high,1,1
27950,baabef50b9cd56811328b7f285911d39537623e4,d3962662a0179f3a558241867f13a0e00812a55b,high,0,0
27951,878fdad3556108c4a87e49e7ad6588cafced0e74,a57ced5be61ae1e49daece37987eaeb66254b3e2,high,0,0
27954,3f7055dbf103436c609912aa00055b196dfa2a04,dc4780ede249c04a502a53674e617c570f7fdf01,medium,0,0
27962,49cc5d5527e4a83ccdfdb0ac1fff0e012928b2b8,34c60e0f1ee74a97e5999324c7799a77ad60d794,low,1,1
27964,3cac7fc2cfd348809a85b75bced3c8398e199bce,ed1d13ca2c482c80167cfcda2ef4749862cd78cb,medium,1,1
27968,45a502f4214316c0c7245b1863e048ecf43885ff,90e9fff3c206abd2ccdb967ab0c8bdd70850f608,high,1,1
27972,760c88b174f5b1bb8de8689210311eaf99ea7d7b,3dc1d225ef10ee9a85477f302b624bcc02a4b40f,high,0,0
27975,a13c5ff72d41958ae924b6055b48d178260eac3a,96aff7bde07679fa4b7e7b8a37da7fa4672aacfc,low,0,0
27979,fddd76d7956a6a88f09d602edebc73fd272753a9,39c4f2eddd6e63a407565e00da3c45909c311325,high,0,0
27980,6506ae36eabc44a671d60aaa280ba79efbe88995,4030a40f76600af468b021f3c677e3dc44c1a074,high,0,0
27984,e45f4bc27ff93de6302f6b51f21e3ac0bb454bc5,4719e1f4d0f35e13ad5c61eb02be4e41372ef9bb,medium,0,0
27985,a900cfc9f8b881028d7ee5b1209be762490f41d0,acdab6d7603ebe18bdd544bf98d17041c4fd18b3,low,1,1
27990,b5e42d8ea6d9d20bf56bd60dd3c80cde512277bc,d55b6528cecba61df7c6c46d548bca0e7d936b7f,high,1,1
27991,b5b257bb25bb6b00406d7dc62121488fa8391983,328074eb1af59bc0200772d1f7b0087169c8542e,medium,0,0
27999,5ae73641ef2ad414608bd297a0ba895466a9174c,c6690ae831481ce57f3370a94888c61c5addd964,medium,1,1
28001,73ac1cc7e28965700a624cae9cb6f4d29e397a4d,f3d972003dbe0fa427af473bc275f5bc0128467e,medium,0,0
28004,f1997434499e9033b242efae6ae54ce7636d6ed6,b05efcb9c86b138f6846c05e971ef4808b82b328,medium,0,0
28006,326ccff280fedc189fe4c00784cdb83fa332eb97,9b52577ceb6173763f04aa34b297169fb05b8bcc,medium,0,0
28008,3b772de9d6dcbbe76597a30037b56dfc39282a96,186f6fa1a38c51d1c690329c633361078b37be0f,high,1,1
28009,f87d3a44521642bd33f1bf10ee4cbb9c30848276,abeabfd31a25a4b1f6b22459f8e076ebfd0be62d,high,1,1
28010,013a05f98680ecf4d61a6128708c4fd06d66b15d,d6f99ed45ddd2c5f69b4d7de4bbf33bffd814ec4,medium,0,0
28016,ca6568591baa5357c09bfb43424cf5a6c3b017c3,896cc0c2d8ffd5b8c0a614d4e99199a1e37602cf,low,0,0
28021,c9b5035d7cff16c19698689530747ee061d96b9e,6b14915667a4e4272aee6a1bcbc622124d09633f,medium,1,1
28022,42521c6235cc6cce96f6bb21052bd708fdf005bf,cf03fd33ac573e56054c65d69c2d3d8e3811618f,high,1,1
28026,3ae127fd1223c6fd082d1153de51cadb7c3ce135,f3e379977e5632ebc1f7ef1b137b0ea4b600d41f,low,1,1
28029,180bf7fbb2d786ee9a0ca95ff933f2606d9eaf57,79a1c74ae6bfb647fc9c5c8cfc5a6232851f0fc5,medium,1,1
28032,c4b28805a13229f88f5f7416ee24c5a8ff55f542,d753b7452e985d50c4cca1186dc888a3c6172783,medium,1,1
28033,a7296e23f893acd2cec9bde02ebc81fa8d3ef715,50731be7e803c22b1e051ce8e58e6e80ec686f84,high,1,1
28035,3ae4cc62e4192f18707ee7b691342af2ff661d50,7a964ea7f5a0b1a70513ba58902a34e4fb21ec66,medium,1,1
28042,0d5022bf88f2939ee2456b75d8cb881e5db3afa9,1a6fde645c03d3209b7af8030e20aa35e4d17953,medium,0,0
28053,aa364393e989a0719a2b1e654214ece407fd73a1,8b9b2dbeb5fe1846b13e00b3d3cb250158dd98c8,low,0,0
28054,5430e2af62527b40d63196a193e152f3d37a24f4,7ed2f402170d8bf7a7b969acf8302075260de81b,medium,1,1
28056,6c6fb12cd0c0fdbdc9b9252c1b26904f4f714a72,0259af8288ad6d88f823f18d14cd495a0b507964,medium,1,1
28058,a3999f7c0c454bb4860cbf2946b6a0065ce8d2ec,ced9a7a34fd91c8802f6b281b2cd6f041c48d58f,high,0,0
28059,2379cbb656fed9ee1431dde511e7d767784d92ff,06b88e4cf100eaa7ff7a18e8d97a1db01110fe47,medium,0,0
28062,db9a4530a0ef08f5b087b18c99c5929ee87092e3,39d20d1691d73ec741dd33045d40367f5bee46c7,low,1,1
28063,1eb8edf86a674cec3d09636310836445ab25f559,394e0c016c8b50ada5e0625628e93c97f1c3af00,medium,1,1
28065,9ab574f546fa456e03925968c3c71dd062109410,7e283ab22dccbb28f74aae949d1dc0d87afb0e18,high,1,1
28069,00bddba5c6eafc7118109319ecdf730a3883df96,f377dc00b5590557441ee3efade81761ba0e50e6,medium,0,0
28072,033a2779f81ad9c5c0b91dca9ecd58b8c9f0bded,97f25a876f9ea07f584d219a556f8ea1ea7ec45a,low,0,0
28074,e390da172dde8c2f7a1bc5329340ef93edc4214b,8f69b4d6b3b93744c2c30b2ce678038df4cedcd1,high,0,0
28078,3a0156b30313afacf4ef1ab2c06aacca820bf46c,8b9a0cddf76f2aa5a9b055cf85ace152337c215b,high,1,1
28081,718449fb8deaed7fe8b44e19f3cff434c7b9aae7,fa99517ac0ef71cc4dbfd0e5c12ccac3acd43bb7,medium,1,1
28083,60844e46e8fb74fdac966ed789551a0f9bfce674,aaa2110e2e764b90350f172b1ec18b44e2e5756c,medium,0,0
28086,a4798f6f14f9c26842d088e3ceccbb1a221a1897,4a4a502a0ebbfb58af70acf7985d8ca0e1d1031e,high,1,1
28087,d245386d6abf2c9bf3c8fcb3ca7147dcecfc2bc8,3a6ccd22499e316e4098a5181ae77d1779820bb1,medium,1,1
28091,d5ee6780903057f4add36421f8d5283f0dc42883,ddd5c6fcf6db6979ce333e6b7c6511ef05551e35,high,1,1
28092,759f68ab91cacd791b0cf7c49cece0da315d03f1,bd36361fc3701184032b0a610682d9b1257a17ef,high,0,0
28093,a189989ca733ef3833976fd875777d22a3076691,1f4a15ea12d88f682bb87cb1748ee0dc1e29f588,medium,1,1
28095,4d09b34e384de36f76080217d24507cd5c9369f3,964cf630c982b600f864743f235e491391378e5e,medium,0,0
28096,0328b1a54da29af24e916081821ee8d684e54e3d,e8ac8d26a6aa2e989f4c45e73d20e2625e6e7556,low,0,0
28100,8098e0b3db868722b8c758510d26b0688c6a5f08,bcabd2b967bb611e351df9f23a0f54427db573f9,high,0,0
28108,3e5b31f222e5a33ea725d87dcbfb25993293aea8,2c791719c3139bacb777e011b574e8be590aa0a0,high,0,0
28109,1a9f7d2d3ef380d5676fd5afee1f392d4ccd9b7d,3b85586b90bc31c8fdd4dd5ef9ab5265fac5e1d0,medium,1,1
28111,cd1a786ffe0c1529b77f7765355302dd18df92c9,b20e42cb2b6f93d5f84eb3e2d68b2765655e47ba,high,0,0
28113,a685adf741ba2694f47f68b615bc39a98dc48884,80d8c0d4754669145f558136bf66c536eb90129e,low,1,1
28114,05130cc5312fdea64f615e3fc5de9afd77d45897,b8a74c8c29c5440e00ee49c0d37283fe57387d51,medium,0,0
28118,c64901aa48d9d608d4bf5bcfb63cd5e13236bbbd,5bc8b36e144639da34ce947f3228cb26921c85f7,high,0,0
28119,e9c337ec21a6b918e6f2a34bf6d76de0bbdb96e6,8780cc43a6aa2b47c89f1b5d5ed9b8b190255c0e,medium,1,1
28120,3130cf54105b45c1f68bf1b928b72e7634722d90,cba7526c851e476b12c43ff28ba04ee338b87e44,low,1,1
28121,0973fc6469b023a33063aecdfef7b39eae671fcb,143e1cca746a51887e57fcb0d9b5573ecfe53ce1,high,1,1
28124,2447f53f53c56b845d46654be7d8a652be1b86fe,a5813f32fb7b748e898d43b94658541a459555fa,medium,0,0
28129,156f60235fedb122e37eca6628d1f7871d79c0d3,68189e4134c2940131b1df974c361ba971972ba4,low,1,1
28133,25de749722065f38e5c90453d5b639af442ba750,42620170191d845d10a2f8a09fe1e254696c199a,medium,0,0
28134,414e87c5b42536e3019d6319a4d5fadcb07fb1be,00f1407d04b44e4bfd100ec2d1de2c898dfef554,high,1,1
28136,64dff2b8a224d52ec7096678ddafb82f0cf70710,b88ecd8aec5b0e2028e44a9ee74ef1c04d724abf,medium,1,1
28139,55d4b2fe3e9d8fb062a05f7dabbdcf6dfabbebd6,bcb71237b6a9a9ae9076eb752a2e59b90006f3bc,medium,1,1
28146,3ad4eedff2e795b4c1c4ff9e7790be1f00b8c9d1,68c73f5453508a75a5358bd21a1054f8907d2e1a,high,0,0
28148,60562f9396747e376d0cdc4b1894411e65aacfb0,3ed113339607e266a633fb8f139100f220c104a2,high,0,0
28149,619e120022af433734315ccddcae14d7d805037a,94a1faf5bcae7c7f7307932753960b2b22ff87df,medium,1,1
28150,b9b523ff2d4f9acce59b9a669d311b87ccc0c8fd,d30536852714a0886deded75a2d00691a5bbcfe6,medium,0,0
28152,c90ebd65db2064488397a7e2e0c7e26c166cffb7,3d7dda7e666a1c582588b948b07fa61e07770702,high,1,1
28160,021551c0ff13fb8160af234bf47b1ec0a8efd19d,878034ad441909836fae2d21334ca42d40c50aef,low,1,1
28161,f75d074c2e103e2c124cf563640fae779b9a2ce2,efb8e12cc3147cd12bef6f976226d6c025851c47,high,1,1
28162,199b95dfc9fed038a0d75d58755e000ad1747389,78639143dac37b1fda4023661567b721c4fac758,high,1,1
28163,7dbf28924c7a1e51ed53bcf153c66d83f535d243,a6fa41b20966aea8f5617df3093e14d24bf08591,medium,0,0
28165,fc6682e7606dc71416e630538013b033eab12a0a,dc600090de173d0d06d665f8d4ecf870c6fe29a0,medium,0,0
28172,2e794a49e0374f3a3e8bc51355ce24ad4b067f95,d8563614b07581b30144effbdbe4845940e1b63c,high,1,1
28174,49dced67936118d2aa15f75da5f65e77908e9a32,eeb2ea48519482e420c29738cc99275967bf4507,medium,0,0
28177,75d97d52024ecca197bbdc84afddd9d39ab9670a,f564d699f244b2dde2395fda290a83de78cdf9ca,high,1,1
28185,28b2980b3da21d011cf1561f478cd4d6f121a84a,c6c476069ed29a931d89ba3b4080c88f92291a3c,medium,1,1
28189,8c19e7a46c97a55b48354fd3b4fa39b0831a7318,54be4a74c21316ac9237247d27e2c74429bc26ba,medium,1,1
28195,4c153225c86f2c524505bc2c7d5970bf2fa598f4,83e2e31c42fdb2b857a8142d895096fb97b1b24c,high,1,1
28196,1d16479351a7af56358f905357953e278dbc196b,0d65607c82a8d314f1d0ec7bb3ea75ae10904f66,low,1,1
28198,f282cfe1997fd2a75b77e3686c51c5f518acd882,2442229f3752d2ab8109ed0a0cd2718c82512cfb,medium,1,1
28201,deba9333d60bb06d0b30b1559656b84831a3b686,dc772d5efd8d725921c89b2589d8acfb639aac59,medium,1,1
28204,46b9307c8a3f1f00606784b29e880825573949c2,cdc68977ae0e8a15517fad62b4e39b5833bb0a04,high,0,0
28211,0bdf33b71cbef8592c6331fa960d1185452ef513,e59caa789921b4fce90e889a9d5bbb3d97da394f,medium,0,0
28219,fa9e954bd0d07ec26fec3fd57101412f6fd53923,344ff9d52d9645c48a1a4faa6f9d6ae063120896,high,0,0
28221,7b660604cda1765a9f64eb5a9055dd61ffc0c2d2,44c3dedd8066bb63112705f0c9b857d0e7b9af9b,high,0,0
28225,4a9d6c23936af695beff96ba0655d6ae2703c3dd,7d3d4d13dbd0d022aa06c4862fde98c3f264daa8,low,0,0
28232,7c646adca4cd4ffd4483ae9e0fc3f6d07192299c,053818de47d1385b5f2fbcdc9eccc187f135a605,low,0,0
28236,e664a297692cc9cff5e73cb3da7dbe42ec917273,0d4f7b996e3956e6f62a799bd9e95bc6514ca28e,high,0,0
28239,fa5d588310040875c3250e49b871b46f0ec666ce,cd033e22da3e7d6c315051691d6c0779ad7c6ce3,low,1,1
28247,7446fc91af91c6484d1ef16922909b6c43b38661,cdbb00b7ddd548080811c2604050451d425c3bc2,medium,1,1
28248,45659bd393fc78ec181f1f5c4861d5c7c3823428,8f06ea4e6a2bb9623d4543f19f261d6bd445f0dd,high,0,0
28259,c240d96688d40134b5b1e97231a3038172a9abfb,95bf233686eb1844123182a94e39f228e5e6f002,high,0,0
28265,6c6e7018355fd4d8de0bd0d13683cc3d5cd91823,799789a83c3a83ae8ca610964c4418a8b0850575,high,1,1
28266,befa5fdf43702d291c77398787db585e50d39d88,53c70f9f187d2128d4aa12ed564165006756ac26,high,0,0
28267,6164a0f9f9cb45e86e5cf61ae577b83cba3a547c,bb6f03e668bba50d239ad07b0f77caa41c8b5473,medium,1,1
28269,d629bc76c13cbdaf3fdb7f4ecf0cf0b90e8564fd,0d1836cdb1fdd672350a5639a38e387ab06dd153,low,0,0
28272,73cad245c66e99dcd2d8b2cafe004b31fbae94db,86cb7c14c69b19ca3895cc15f21a7c4a1f576c56,medium,1,1
28273,79db6ffa4901dd3de0ded2bf42a1044a821d536a,b1b709d52a0bc5fced7654fb9f8bc8fad97a101e,low,0,0
28274,21a1ab96deef6b35cee639bd106df08d6464f165,3c515014cc949955f81d627fac3c1d1e1f733b32,low,1,1
28275,ffdc9f0ae67160309b4273c680c7647899c59d73,0ad777e17c8082f06c2abcb9ac7b33c046010826,medium,1,1
28277,375e4356ca865ade4a3f49336bbfdd208b220be3,629e8fc64f54b8e6a552d6f98671a7276b238f1e,low,1,1
28281,c7e6dc41aea3cbe32612a38073d6e4cbd18a7e13,c8a6a12f813d2e42e18a4efdf3a509ec4252de3f,low,0,0
28287,59549bfc5aab3e1793a9b72903a853e2507f6165,ff53f7da458a7dd1343be692153fae46e5cceb78,high,0,0
28288,5fc4a8db1040897545e43fbcf86e6a49a39277bc,ae33ed0f428caeb54f44a23433fab39c591e2516,high,0,0
28296,2bcae78b6a0468be2cb440508a19bb9129c7fff8,662b9145049833b292b8859caf9a590598cc95d6,medium,0,0
28298,b93470642fd152d7687ec407d8338576bdf6c6fb,91b86964b47e697db90b32bac3cc175982935cab,high,0,0
28301,52f13eef5b06d2c39d548ea13cde5d81b814449c,9e2b47465b36ede882a415ab58c5ca6ee248daec,medium,0,0
28302,791d5dd2f30d78120f173142c05a219bee4d981a,884696eab1e9a1e746a7f4800c061e736e4a507c,low,0,0
28307,cacf47518070361f49b5c1cb02788da44e363837,3c31ca008b5b4f27b11bf9e97a1af353cc9c0e2a,high,0,0
28310,8639003107d2a45c3155f90bde781d732e961a83,02c8ffb21e2ef0560bd960244ce85467acf58fef,medium,0,0
28313,4f63332f882764cc436acd109a01fd96a24b5800,c13c3e10ad4f327f8a2f5bd65554b2c1add1d757,high,1,1
28324,072acd6b550810c28494ad510d97e51099012163,8527e5f87e94415084af39ad93d96a32bbcc3b03,medium,1,1
28327,edd1396ae7588414f26995d085bae0d8a6aaf06c,426c9f06bed9ca7719f3cc9352b7c8739d281467,high,1,1
28329,8e423c27e6fba50b52f5580be6ccaecb559d2d40,f4a959a44f2338ee5cf3bfc9d5dea1713840effd,low,1,1
28331,f1528ced984e5bec3e95e5219019d71ad2173c9e,b294cc65c8a04a91d478320e64a912095cf7e899,high,0,0
28338,524087ef7d773d40595d1f50fda6c416659925c4,2289434c05c9b915c3e16f7a29e71b9a662bf47a,low,1,1
28340,514dc83bfbaa57387d4212ea44f95a8391c4a7ee,e61b38781fb853fc2a171060dd272c9330ec84b3,low,1,1
28343,d4450cc90e4ec378701c873e338cee9021cb88e3,9beb9b818dbb67624646f808a16ad45c1008244e,medium,0,0
28345,f0a7714aea1a46ad174b7c165290cd0aa8c76639,7d010c3d3144216c9d97c1a75bd888bb4e96974d,medium,1,1
28346,ec175178a822137de8a7b682977983248076e59d,16bdc98c9d74a5c424825bde5467684a750b80f4,high,0,0
28347,041d996e9b623662da4dc2911e94e4de6f735e9b,e87dc0d4dc17a159ae0df2086986179d856c8fef,medium,1,1
28349,a7b266e6f1e074b3c52fbd9d608ef419b5a127f0,1d325a85bbd6534f4eb7a52b2790d5cc99548e35,low,0,0
28354,a49810a1490d3b8a4fa8713204a29af017dddcad,88062e65c39a8cd83f4b4136f1d9c74934b99fcf,medium,0,0
28355,7e47bc91e874a7ee63849e47adbe5008dcccb19c,cf5244d7c3a5f666bd247fb209d06089529cfdc1,medium,1,1
28357,c6174b67718b3620f49a2ef89f4ed90fee9c3818,8615689f62affa1f807e04bef0a56ee05007d9eb,high,1,1
28361,f01f4afb94d69ff0055cc71816071c63998332aa,19e9d0ac30f1ebcefd487374f89c8c3c813eaeed,low,1,1
28363,82da3473a0a25c0619d77620577b18c25c2e204a,d269ed31a113e0555e296516ef8a5183a5b61aaf,low,1,1
28369,532efa9a1b451d1eb1fc7ca83120067dffb0fc30,4be982a6ee258a00f3341994f10179d8d69a1e08,high,1,1
28372,4e9d42505b3cd95e9b31649586b3e10c81cacb9a,7eb046276c82698f72ce1b9cd3ca0ccc772bf133,high,0,0
28377,95ea61cd224a6a031d366b3d0843ddb9f0e37112,73ab6aa838aff74aebbb46d2eaae77f1fdc7f31c,low,1,1
28378,825f28a94d7d5f687e96683653c0bbb262b07e0a,ff35df28054be56648c6a9c2b59bdbe432f1361a,medium,1,1
28379,d4d9a0b57c02cf8511d600a850314d299772f763,c156ffbe20b09c6f4f55d2dda60d78f8614cad15,high,1,1
28391,f2b4c4ccbc6838bc18a47d72d5de442e11b524f0,3ac7b5acbb28d17a3dbdbcd391f37d28606216a3,high,0,0
28392,00296153b99fdb52830ccb27aad717dd42ab2676,6311f5be8b084479ac4d3bd26aa30a90c5618248,low,1,1
28393,fdaf80882363cb3b9b676ed5ed8286a9e620a17b,165e8bfcb4d9d52882f2b605581e090f7d48c884,high,1,1
28399,bd79162fa8da47ee0c144f518c6a02329c4b74c9,beaa35a7fd78bd37425f8e28eec9677117334bc9,medium,0,0
28400,9e226f12b3b37cde785315fc79f22529d29d4d63,b4549bbd6267ce61067f073163b0bec2f8d3ec58,high,1,1
28401,f9bfc7067bfe7872abb31abf00bf5a9f6267e1e6,d37a19e5aae40df3a8ab890d36d67bbee1517543,high,0,0
28403,902551c32e526c4a1dd763d11c6792554660dc5b,4dad9c4eccaaa85a8f084c1aabc1142901187056,high,1,1
28404,cb42352bc258e7208fe7eba6fe7851ffe525b429,534a6042d5bf50c7f3d88ec6f86140af91120b94,high,1,1
28412,f30d85f4a2b9660a311319d7dc0495286181eba6,0358bb43119e6ccb313b738c6daf02b7593f5c72,high,0,0
28413,7b660604cda1765a9f64eb5a9055dd61ffc0c2d2,ece429499a946f1e1cc648bb768c329e79f07c99,high,0,0
28416,9cd7ee1461ee1710adaaed10a6222cee6e1540d7,6c2e88daa1e21fb3a2060336b939f4ee1ca06b82,medium,0,0
28417,f6af3bcffb82f4095292c2d4fc59844c31d0f58a,85b31da0149379ca5cd31859b169937683f4f03a,high,1,1
28421,bd42183e5e77de6afedf11d2f1263431dbe20f6b,643ce590227b55f82a8a968ea1710aa9588e6c97,high,1,1
28422,7fac768010aa79c49840058adaf079dad02e1ea6,a906eba47b81a7e3572a4457c5fcef2d7c1873db,high,0,0
28425,13deb04589a6477f9f3b987d3e0ca917a8effc1e,150c8cac6d05a1c76066bb1adf707d4d3bfd71ea,medium,0,0
28428,4b5a52f66bface1c2ae99179c22e261dd45a0262,e8837ede56a68ad9cb6d91afa8bab01eb503458c,medium,1,1
28429,470b5af1165249b2f975f958000a2a629026a7af,3ea73c2c4f3f1dd44bada26689c8aab895ca0fea,medium,1,1
28431,ca28a9e974cd58853c745ee9818dd66f30760c22,488acab026389712bf9c8e060764aaf0e1f68529,medium,1,1
28433,2fbe60ffd1339051be4fc53e2665e834d9f06ac6,6b76e2c62cf1cd85f554eb6fde45804e71f7a2ec,medium,1,1
28437,9fc0b05136b21f3c9ca979fd325e601bfa3d3be2,b6523a3d78172e4c6740628abb342cc5903d893e,high,0,0
28438,f74411c6e8f85473af2ca1c1ce11dc732d26fc45,c3c648483d0fc8488c618d934ad6399883e09070,medium,0,0
28441,835cb072a2eb36c8629587fe9f286a8babefe36e,f371cb4a2a604317af2e9526b5f23ddcc1bb2fbf,medium,1,1
28443,08d3d57ee9413e6498330e37828cea1f66ece3fd,815c4fdbee58f0dc83a15083ee2ede29ea4ed45d,high,1,1
28444,2a5ca87040506c4fc0dd23238e5c1d67f6a40b0e,3f9762aa8ec0cd5094b41c35af83a273604953d5,high,0,0
28445,b9da1d399eba55c5c75c1e6937fb050771dc3f4a,73e208e78892c56e3965dcd3b2a3d934db4acd65,high,1,1
28447,50bb319e9823191b1bfa8e0276e5004bc3b7b475,f662f09afdd4bb1913bc2f6e9e018af63a2e7f85,medium,1,1
28450,20c0dd43917576ba5923f75ffe02a87d841a3c93,a79cf842d1574ff16655f3f0143bbad8d7ac0143,medium,1,1
28455,c76bc028bc191eaed2aad11051d726690470ac44,00682bf935db8da1755cdeb0d37740014daa6924,high,1,1
28457,566045c2690d4e117142f8296e4316ad75bcc45b,e72baa6a3ad44ef311b6f9271a29129a4a951fe9,high,1,1
28459,8079726b32474b3597abcf698099bd558ff31fb0,34f6aa0762b04eb73620822630d2898582e3a2c1,high,1,1
28462,857c21ed038d7de50a93bd101dd44e9a92027547,b4254477b3aa036507ea75b17b9bb0868624d36d,high,0,0
28466,0e5aed67bd26b8353c3e4e552c10009420ba46da,f50b03450563c55379cb852187e9119d9cc4ef0a,medium,0,0
28467,f9af163c610cd59ba01f8e6273b17d532f5882a3,a5349eef541e0665ddcbdddf5d9e8d3ec5706f3d,low,0,0
28471,bca7c788c7d9513c7c58acc0780bd89f00c0e25c,f3d049533f73b64d3cc1a95268088ebeae4a11a0,medium,0,0
28472,ab4f85cfb1e02b0c1701ed91e9734d66dc8d909f,0f3bacd4ebf629d7fef6d598974c261a352d3c0e,low,1,1
28473,33096e865444d583e61e2781840463d5aa7ae878,f8486b1dfbc6e2ade3f4a6923b2d2693f293be53,medium,1,1
28476,45875b8dbcb3bec2426a8e8248f0a963db29f170,c50907fe6a911f860e7b27a666d9f119ecdbcb21,low,1,1
28477,1601f9f0e78a46ae83a64eb587ca61cec3cb8e90,f74de24f998b63ea32f2aaf7043d00548e316d2a,high,1,1
28478,62e9ad21ae0271be81958111dbc820c23ab6da2c,0449040b98cbc97fe31c90762d429789fd26c295,high,0,0
28483,8a20f26a2fdc89d0e1c66d940364e6f2ff8e8727,50b910a3e7505ec87afd46fb144975d5322a64e0,high,1,1
28487,1be2ebbead73fc1348cd95469a438e30a73dce5d,efd6d675c11782600da8e2094529ed0cb94457fa,high,0,0
28495,cfbc022f9584bc71e669c5949dfd038db8d7bfca,6ab5b45a990de411943d390ec944c92815e3acc3,low,0,0
28497,6577fc18bb144cbc3491447aab7a5220a1cfc9c1,62d7534ca32e1258a4c2f05fb40fe1170b989a4e,high,0,0
28500,9134b4b47e41fd51c05b68d7e5725fa7cee6e0db,9d454c9c6cb173eda22bc7cc1927d33242f23cba,medium,1,1
28509,c66eb05efc349e847981101cb7030a7d7f58445c,63d8fa1901d4c58e42c20768eb457a6b1d7a5496,high,1,1
28510,fbb15ec1e6a81007d9f800d8f5bf66632e786d30,243a21f151745773d6ecf2239ad2c4e01ab0a0cf,medium,1,1
28511,6dfdadf1cf3a1709fe0051700379a9a68d8bd971,fcc3c6e360c9b2d53041a158e8f44bac015730b8,high,1,1
28512,0905d2a686fb552a52aefb6637aec7951bec2eda,e18f34e55daf796afaef8a47ecb75d2dc44fb134,high,1,1
28514,a12c228dac095dec8f2e217feca45a07e3dac5a8,c553b15f60f836279b3d655209df17c1c9b17c56,medium,0,0
28518,4274372b17121d7463e503196a32d08c5268d11c,b4b73c5b41b619afe720076845e960f22d323498,low,1,1
28519,c14f8c7e00c4756847d341ff7319de72881efb45,10f69bc3838bdedd4c2bf8bac4486011a222a9f2,high,0,0
28520,75d97d52024ecca197bbdc84afddd9d39ab9670a,b2a93d36c60ffb2e33175b60a1d6a303ada7b664,high,1,1
28523,2ab7ed5ad40429fa6b8b9289613a146789543c2c,573683a311780c7b655aa502f5f3a72038dc47b8,medium,0,0
28526,00c3dd19015929124f44efa1f52923b5afb641a2,9cc37da9d25ae1f0aac5573df4beea9469ee5d8a,high,1,1
28530,06e7d5940102485d2838be63b54656b3e9183fed,f32e7e5faa79e07785db320eafb703f67f321d36,low,0,0
28531,78bee733b6fdec3ef6c3bec4acbc41c0d3aac66b,4da52e24a3ac5e6cd87eac95f078054946c920a9,medium,0,0
28534,e8666d11d9f4179f17b63c4ea8167a7d6de84dd9,0d6e91f4c144b7cebd4a5c52971f0d0653a6a576,medium,0,0
28536,a6ac5c98d4eebbe8a05c3336aafd3031439ec050,7923fa5f32e42592dd6a58a1e2bad30fff58eb48,high,1,1
28538,bd2477d5fc1390aaf178ba9363850af648598c12,f4d89650dde45fccce48c3520bb59121656f3b2e,high,0,0
28541,f015cd48529ef4107a741a12274deb6c91dcc758,3e6a9b990d4283d5f28d2a711df2bd69cbbe4341,medium,0,0
28545,5541cae19c1d08d1b4d1b845a3aa503eb7f4a1f3,5e398f431f581c3266085324998d0971261c831e,medium,1,1
28546,164e8ca8d2fed3b5cbe14e04e9608012421df9ec,9ac64cf4ea23273f77ffcf046070b04d223a6532,high,0,0
28549,54f8736e9d539c729298556302f1efdf131dbbc9,4b0339c755e6585475449363acbae5228e79e439,high,0,0
