case_id,case_type,model,model_label,model_family,modeling_row_id,semantic_group_id,actual_class,predicted_class,direction,rank,feature_index,feature_name,feature_label,feature_group,feature_value,shap_value,abs_shap_value
case_01,unanimous_correct_low,logistic_regression,Logistic Regression,linear_baseline,753,15f7e749ff1aa7e7800283d66efd3a71acbcd8d0,low,low,supports_prediction,1,3273,text__word__environment could,environment could,text,0.1500382274389267,0.2866050899028778,0.2866050899028778
case_01,unanimous_correct_low,logistic_regression,Logistic Regression,linear_baseline,753,15f7e749ff1aa7e7800283d66efd3a71acbcd8d0,low,low,supports_prediction,2,4646,text__word__information essential,information essential,text,0.16167062520980835,0.26640498638153076,0.26640498638153076
case_01,unanimous_correct_low,logistic_regression,Logistic Regression,linear_baseline,753,15f7e749ff1aa7e7800283d66efd3a71acbcd8d0,low,low,supports_prediction,3,15007,categorical__queue_Customer Service,Customer Service,queue,1.0,0.2403220683336258,0.2403220683336258
case_01,unanimous_correct_low,logistic_regression,Logistic Regression,linear_baseline,753,15f7e749ff1aa7e7800283d66efd3a71acbcd8d0,low,low,supports_prediction,4,6624,text__word__optimal,optimal,text,0.12103673815727234,0.23295781016349792,0.23295781016349792
case_01,unanimous_correct_low,logistic_regression,Logistic Regression,linear_baseline,753,15f7e749ff1aa7e7800283d66efd3a71acbcd8d0,low,low,supports_prediction,5,4246,text__word__hope message,hope message,text,0.10803131759166718,0.20695824921131134,0.20695824921131134
case_01,unanimous_correct_low,logistic_regression,Logistic Regression,linear_baseline,753,15f7e749ff1aa7e7800283d66efd3a71acbcd8d0,low,low,supports_prediction,6,2186,text__word__currently use,currently use,text,0.1597435623407364,0.1800401508808136,0.1800401508808136
case_01,unanimous_correct_low,logistic_regression,Logistic Regression,linear_baseline,753,15f7e749ff1aa7e7800283d66efd3a71acbcd8d0,low,low,supports_prediction,7,10599,text__word__use,use,text,0.09482020884752274,0.06825011968612671,0.06825011968612671
case_01,unanimous_correct_low,logistic_regression,Logistic Regression,linear_baseline,753,15f7e749ff1aa7e7800283d66efd3a71acbcd8d0,low,low,supports_prediction,8,11599,text__char__ oper,[char]  oper,text,0.0569751039147377,0.06439953297376633,0.06439953297376633
case_01,unanimous_correct_low,logistic_regression,Logistic Regression,linear_baseline,753,15f7e749ff1aa7e7800283d66efd3a71acbcd8d0,low,low,supports_prediction,9,9175,text__word__specifications,specifications,text,0.12791001796722412,0.06279298663139343,0.06279298663139343
case_01,unanimous_correct_low,logistic_regression,Logistic Regression,linear_baseline,753,15f7e749ff1aa7e7800283d66efd3a71acbcd8d0,low,low,supports_prediction,10,13819,text__char__opera,[char] opera,text,0.056204043328762054,0.0525243915617466,0.0525243915617466
case_01,unanimous_correct_low,logistic_regression,Logistic Regression,linear_baseline,753,15f7e749ff1aa7e7800283d66efd3a71acbcd8d0,low,low,opposes_prediction,1,9632,text__word__system compatibility,system compatibility,text,0.14617334306240082,-0.2636721730232239,0.2636721730232239
case_01,unanimous_correct_low,logistic_regression,Logistic Regression,linear_baseline,753,15f7e749ff1aa7e7800283d66efd3a71acbcd8d0,low,low,opposes_prediction,2,15003,categorical__type_Request,Request,type,1.0,-0.25599104166030884,0.25599104166030884
case_01,unanimous_correct_low,logistic_regression,Logistic Regression,linear_baseline,753,15f7e749ff1aa7e7800283d66efd3a71acbcd8d0,low,low,opposes_prediction,3,9847,text__word__technical specifications,technical specifications,text,0.15800032019615173,-0.18185929954051971,0.18185929954051971
case_01,unanimous_correct_low,logistic_regression,Logistic Regression,linear_baseline,753,15f7e749ff1aa7e7800283d66efd3a71acbcd8d0,low,low,opposes_prediction,4,252,text__word__additionally would,additionally would,text,0.08370519429445267,-0.14065220952033997,0.14065220952033997
case_01,unanimous_correct_low,logistic_regression,Logistic Regression,linear_baseline,753,15f7e749ff1aa7e7800283d66efd3a71acbcd8d0,low,low,opposes_prediction,5,2176,text__word__currently,currently,text,0.08121998608112335,-0.13377662003040314,0.13377662003040314
case_01,unanimous_correct_low,logistic_regression,Logistic Regression,linear_baseline,753,15f7e749ff1aa7e7800283d66efd3a71acbcd8d0,low,low,opposes_prediction,6,7764,text__word__reaching,reaching,text,0.07169783860445023,-0.119988813996315,0.119988813996315
case_01,unanimous_correct_low,logistic_regression,Logistic Regression,linear_baseline,753,15f7e749ff1aa7e7800283d66efd3a71acbcd8d0,low,low,opposes_prediction,7,11145,text__word__would,would,text,0.0714634582400322,-0.11492685973644257,0.11492685973644257
case_01,unanimous_correct_low,logistic_regression,Logistic Regression,linear_baseline,753,15f7e749ff1aa7e7800283d66efd3a71acbcd8d0,low,low,opposes_prediction,8,9839,text__word__technical,technical,text,0.09340479224920273,-0.0831369087100029,0.0831369087100029
case_01,unanimous_correct_low,logistic_regression,Logistic Regression,linear_baseline,753,15f7e749ff1aa7e7800283d66efd3a71acbcd8d0,low,low,opposes_prediction,9,13817,text__char__ope,[char] ope,text,0.07174885272979736,-0.08011549711227417,0.08011549711227417
case_01,unanimous_correct_low,logistic_regression,Logistic Regression,linear_baseline,753,15f7e749ff1aa7e7800283d66efd3a71acbcd8d0,low,low,opposes_prediction,10,983,text__word__aware additionally,aware additionally,text,0.15800032019615173,-0.07069800794124603,0.07069800794124603
case_02,unanimous_correct_medium,logistic_regression,Logistic Regression,linear_baseline,22,ee037e0444486ca7203bcbbbf5f4913dbc650aff,medium,medium,supports_prediction,1,4601,text__word__industry would,industry would,text,0.16928048431873322,0.6227501034736633,0.6227501034736633
case_02,unanimous_correct_medium,logistic_regression,Logistic Regression,linear_baseline,22,ee037e0444486ca7203bcbbbf5f4913dbc650aff,medium,medium,supports_prediction,2,2666,text__word__details payment,details payment,text,0.1616174429655075,0.43528375029563904,0.43528375029563904
case_02,unanimous_correct_medium,logistic_regression,Logistic Regression,linear_baseline,22,ee037e0444486ca7203bcbbbf5f4913dbc650aff,medium,medium,supports_prediction,3,251,text__word__additionally please,additionally please,text,0.13390468060970306,0.3854856789112091,0.3854856789112091
case_02,unanimous_correct_medium,logistic_regression,Logistic Regression,linear_baseline,22,ee037e0444486ca7203bcbbbf5f4913dbc650aff,medium,medium,supports_prediction,4,9459,text__word__subscription,subscription,text,0.10892438888549805,0.24322398006916046,0.24322398006916046
case_02,unanimous_correct_medium,logistic_regression,Logistic Regression,linear_baseline,22,ee037e0444486ca7203bcbbbf5f4913dbc650aff,medium,medium,supports_prediction,5,7720,text__word__quickbooks,quickbooks,text,0.10971610248088837,0.20705987513065338,0.20705987513065338
case_02,unanimous_correct_medium,logistic_regression,Logistic Regression,linear_baseline,22,ee037e0444486ca7203bcbbbf5f4913dbc650aff,medium,medium,supports_prediction,6,15006,categorical__queue_Billing and Payments,Billing and Payments,queue,1.0,0.17748671770095825,0.17748671770095825
case_02,unanimous_correct_medium,logistic_regression,Logistic Regression,linear_baseline,22,ee037e0444486ca7203bcbbbf5f4913dbc650aff,medium,medium,supports_prediction,7,6700,text__word__organizations,organizations,text,0.14494089782238007,0.1748642921447754,0.1748642921447754
case_02,unanimous_correct_medium,logistic_regression,Logistic Regression,linear_baseline,22,ee037e0444486ca7203bcbbbf5f4913dbc650aff,medium,medium,supports_prediction,8,11084,text__word__within financial,within financial,text,0.14368046820163727,0.15864086151123047,0.15864086151123047
case_02,unanimous_correct_medium,logistic_regression,Logistic Regression,linear_baseline,22,ee037e0444486ca7203bcbbbf5f4913dbc650aff,medium,medium,supports_prediction,9,9810,text__word__team hope,team hope,text,0.11658740043640137,0.1010558232665062,0.1010558232665062
case_02,unanimous_correct_medium,logistic_regression,Logistic Regression,linear_baseline,22,ee037e0444486ca7203bcbbbf5f4913dbc650aff,medium,medium,supports_prediction,10,5207,text__word__invoicing,invoicing,text,0.13794107735157013,0.09344523400068283,0.09344523400068283
case_02,unanimous_correct_medium,logistic_regression,Logistic Regression,linear_baseline,22,ee037e0444486ca7203bcbbbf5f4913dbc650aff,medium,medium,opposes_prediction,1,1256,text__word__billing details,billing details,text,0.13541743159294128,-0.33414921164512634,0.33414921164512634
case_02,unanimous_correct_medium,logistic_regression,Logistic Regression,linear_baseline,22,ee037e0444486ca7203bcbbbf5f4913dbc650aff,medium,medium,opposes_prediction,2,9159,text__word__special,special,text,0.1670544594526291,-0.242120623588562,0.242120623588562
case_02,unanimous_correct_medium,logistic_regression,Logistic Regression,linear_baseline,22,ee037e0444486ca7203bcbbbf5f4913dbc650aff,medium,medium,opposes_prediction,3,4598,text__word__industry,industry,text,0.12624166905879974,-0.21647638082504272,0.21647638082504272
case_02,unanimous_correct_medium,logistic_regression,Logistic Regression,linear_baseline,22,ee037e0444486ca7203bcbbbf5f4913dbc650aff,medium,medium,opposes_prediction,4,9947,text__word__timelines,timelines,text,0.14368046820163727,-0.11193594336509705,0.11193594336509705
case_02,unanimous_correct_medium,logistic_regression,Logistic Regression,linear_baseline,22,ee037e0444486ca7203bcbbbf5f4913dbc650aff,medium,medium,opposes_prediction,5,5078,text__word__interested understanding,interested understanding,text,0.10195228457450867,-0.05845097079873085,0.05845097079873085
case_02,unanimous_correct_medium,logistic_regression,Logistic Regression,linear_baseline,22,ee037e0444486ca7203bcbbbf5f4913dbc650aff,medium,medium,opposes_prediction,6,13463,text__char__mes,[char] mes,text,0.029829150065779686,-0.05772347375750542,0.05772347375750542
case_02,unanimous_correct_medium,logistic_regression,Logistic Regression,linear_baseline,22,ee037e0444486ca7203bcbbbf5f4913dbc650aff,medium,medium,opposes_prediction,7,14660,text__char__try.,[char] try.,text,0.05833360552787781,-0.053724516183137894,0.053724516183137894
case_02,unanimous_correct_medium,logistic_regression,Logistic Regression,linear_baseline,22,ee037e0444486ca7203bcbbbf5f4913dbc650aff,medium,medium,opposes_prediction,8,14661,text__char__try. ,[char] try. ,text,0.05833360552787781,-0.053724516183137894,0.053724516183137894
case_02,unanimous_correct_medium,logistic_regression,Logistic Regression,linear_baseline,22,ee037e0444486ca7203bcbbbf5f4913dbc650aff,medium,medium,opposes_prediction,9,6989,text__word__plans,plans,text,0.1040031909942627,-0.053025681525468826,0.053025681525468826
case_02,unanimous_correct_medium,logistic_regression,Logistic Regression,linear_baseline,22,ee037e0444486ca7203bcbbbf5f4913dbc650aff,medium,medium,opposes_prediction,10,7763,text__word__reaches well,reaches well,text,0.12484107166528702,-0.05057849362492561,0.05057849362492561
case_03,unanimous_correct_high,logistic_regression,Logistic Regression,linear_baseline,1,5c1adc7aa2813d400ebf30ac65484e8b7383ede9,high,high,supports_prediction,1,151,text__word__account management,account management,text,0.14956600964069366,0.7042208909988403,0.7042208909988403
case_03,unanimous_correct_high,logistic_regression,Logistic Regression,linear_baseline,1,5c1adc7aa2813d400ebf30ac65484e8b7383ede9,high,high,supports_prediction,2,15015,categorical__queue_Technical Support,Technical Support,queue,1.0,0.7032321095466614,0.7032321095466614
case_03,unanimous_correct_high,logistic_regression,Logistic Regression,linear_baseline,1,5c1adc7aa2813d400ebf30ac65484e8b7383ede9,high,high,supports_prediction,3,10985,text__word__ways,ways,text,0.1328556090593338,0.35979416966438293,0.35979416966438293
case_03,unanimous_correct_high,logistic_regression,Logistic Regression,linear_baseline,1,5c1adc7aa2813d400ebf30ac65484e8b7383ede9,high,high,supports_prediction,4,2871,text__word__disruption,disruption,text,0.10781589150428772,0.24168989062309265,0.24168989062309265
case_03,unanimous_correct_high,logistic_regression,Logistic Regression,linear_baseline,1,5c1adc7aa2813d400ebf30ac65484e8b7383ede9,high,high,supports_prediction,5,5758,text__word__log,log,text,0.1381816864013672,0.19882063567638397,0.19882063567638397
case_03,unanimous_correct_high,logistic_regression,Logistic Regression,linear_baseline,1,5c1adc7aa2813d400ebf30ac65484e8b7383ede9,high,high,supports_prediction,6,1575,text__word__centralized,centralized,text,0.1679391860961914,0.17268846929073334,0.17268846929073334
case_03,unanimous_correct_high,logistic_regression,Logistic Regression,linear_baseline,1,5c1adc7aa2813d400ebf30ac65484e8b7383ede9,high,high,supports_prediction,7,9477,text__word__substantial,substantial,text,0.12590444087982178,0.16442279517650604,0.16442279517650604
case_03,unanimous_correct_high,logistic_regression,Logistic Regression,linear_baseline,1,5c1adc7aa2813d400ebf30ac65484e8b7383ede9,high,high,supports_prediction,8,1576,text__word__centralized account,centralized account,text,0.16996510326862335,0.1617920845746994,0.1617920845746994
case_03,unanimous_correct_high,logistic_regression,Logistic Regression,linear_baseline,1,5c1adc7aa2813d400ebf30ac65484e8b7383ede9,high,high,supports_prediction,9,6704,text__word__outage,outage,text,0.16992373764514923,0.14060495793819427,0.14060495793819427
case_03,unanimous_correct_high,logistic_regression,Logistic Regression,linear_baseline,1,5c1adc7aa2813d400ebf30ac65484e8b7383ede9,high,high,supports_prediction,10,2762,text__word__different,different,text,0.1027321144938469,0.12793554365634918,0.12793554365634918
case_03,unanimous_correct_high,logistic_regression,Logistic Regression,linear_baseline,1,5c1adc7aa2813d400ebf30ac65484e8b7383ede9,high,high,opposes_prediction,1,149,text__word__account,account,text,0.25107795000076294,-0.5223080515861511,0.5223080515861511
case_03,unanimous_correct_high,logistic_regression,Logistic Regression,linear_baseline,1,5c1adc7aa2813d400ebf30ac65484e8b7383ede9,high,high,opposes_prediction,2,15001,categorical__type_Incident,Incident,type,1.0,-0.2552240192890167,0.2552240192890167
case_03,unanimous_correct_high,logistic_regression,Logistic Regression,linear_baseline,1,5c1adc7aa2813d400ebf30ac65484e8b7383ede9,high,high,opposes_prediction,3,2717,text__word__devices,devices,text,0.07620551437139511,-0.11725558340549469,0.11725558340549469
case_03,unanimous_correct_high,logistic_regression,Logistic Regression,linear_baseline,1,5c1adc7aa2813d400ebf30ac65484e8b7383ede9,high,high,opposes_prediction,4,2189,text__word__customer,customer,text,0.04827238991856575,-0.06976229697465897,0.06976229697465897
case_03,unanimous_correct_high,logistic_regression,Logistic Regression,linear_baseline,1,5c1adc7aa2813d400ebf30ac65484e8b7383ede9,high,high,opposes_prediction,5,12353,text__char__date ,[char] date ,text,0.02925015054643154,-0.06238218769431114,0.06238218769431114
case_03,unanimous_correct_high,logistic_regression,Logistic Regression,linear_baseline,1,5c1adc7aa2813d400ebf30ac65484e8b7383ede9,high,high,opposes_prediction,6,8769,text__word__settings,settings,text,0.07876382768154144,-0.060922738164663315,0.060922738164663315
case_03,unanimous_correct_high,logistic_regression,Logistic Regression,linear_baseline,1,5c1adc7aa2813d400ebf30ac65484e8b7383ede9,high,high,opposes_prediction,7,13107,text__char__imes ,[char] imes ,text,0.045345745980739594,-0.06067435070872307,0.06067435070872307
case_03,unanimous_correct_high,logistic_regression,Logistic Regression,linear_baseline,1,5c1adc7aa2813d400ebf30ac65484e8b7383ede9,high,high,opposes_prediction,8,458,text__word__alternative,alternative,text,0.13413800299167633,-0.060224588960409164,0.060224588960409164
case_03,unanimous_correct_high,logistic_regression,Logistic Regression,linear_baseline,1,5c1adc7aa2813d400ebf30ac65484e8b7383ede9,high,high,opposes_prediction,9,13464,text__char__mes ,[char] mes ,text,0.04013776406645775,-0.05082715302705765,0.05082715302705765
case_03,unanimous_correct_high,logistic_regression,Logistic Regression,linear_baseline,1,5c1adc7aa2813d400ebf30ac65484e8b7383ede9,high,high,opposes_prediction,10,10403,text__word__update,update,text,0.06847427040338516,-0.04716048762202263,0.04716048762202263
case_04,typical_low_to_medium,logistic_regression,Logistic Regression,linear_baseline,126,890270067c166c047ceda5d45e5e16ea678f5fa8,low,medium,supports_prediction,1,6082,text__word__meet expectations,meet expectations,text,0.15108585357666016,0.4692191183567047,0.4692191183567047
case_04,typical_low_to_medium,logistic_regression,Logistic Regression,linear_baseline,126,890270067c166c047ceda5d45e5e16ea678f5fa8,low,medium,supports_prediction,2,10594,text__word__usb,usb,text,0.13714554905891418,0.20171178877353668,0.20171178877353668
case_04,typical_low_to_medium,logistic_regression,Logistic Regression,linear_baseline,126,890270067c166c047ceda5d45e5e16ea678f5fa8,low,medium,supports_prediction,3,11076,text__word__wireless,wireless,text,0.14670982956886292,0.19890068471431732,0.19890068471431732
case_04,typical_low_to_medium,logistic_regression,Logistic Regression,linear_baseline,126,890270067c166c047ceda5d45e5e16ea678f5fa8,low,medium,supports_prediction,4,15001,categorical__type_Incident,Incident,type,1.0,0.08876840025186539,0.08876840025186539
case_04,typical_low_to_medium,logistic_regression,Logistic Regression,linear_baseline,126,890270067c166c047ceda5d45e5e16ea678f5fa8,low,medium,supports_prediction,5,7764,text__word__reaching,reaching,text,0.07687466591596603,0.07469739019870758,0.07469739019870758
case_04,typical_low_to_medium,logistic_regression,Logistic Regression,linear_baseline,126,890270067c166c047ceda5d45e5e16ea678f5fa8,low,medium,supports_prediction,6,4284,text__word__hub,hub,text,0.14360691606998444,0.07161393761634827,0.07161393761634827
case_04,typical_low_to_medium,logistic_regression,Logistic Regression,linear_baseline,126,890270067c166c047ceda5d45e5e16ea678f5fa8,low,medium,supports_prediction,7,143,text__word__accessories,accessories,text,0.16940847039222717,0.0650048479437828,0.0650048479437828
case_04,typical_low_to_medium,logistic_regression,Logistic Regression,linear_baseline,126,890270067c166c047ceda5d45e5e16ea678f5fa8,low,medium,supports_prediction,8,12883,text__char__gin,[char] gin,text,0.04648299142718315,0.0496491901576519,0.0496491901576519
case_04,typical_low_to_medium,logistic_regression,Logistic Regression,linear_baseline,126,890270067c166c047ceda5d45e5e16ea678f5fa8,low,medium,supports_prediction,9,12274,text__char__cka,[char] cka,text,0.047009166330099106,0.04703124612569809,0.04703124612569809
case_04,typical_low_to_medium,logistic_regression,Logistic Regression,linear_baseline,126,890270067c166c047ceda5d45e5e16ea678f5fa8,low,medium,supports_prediction,10,14165,text__char__riv,[char] riv,text,0.030991794541478157,0.04270873963832855,0.04270873963832855
case_04,typical_low_to_medium,logistic_regression,Logistic Regression,linear_baseline,126,890270067c166c047ceda5d45e5e16ea678f5fa8,low,medium,opposes_prediction,1,3098,text__word__electronic,electronic,text,0.26092901825904846,-0.551881730556488,0.551881730556488
case_04,typical_low_to_medium,logistic_regression,Logistic Regression,linear_baseline,126,890270067c166c047ceda5d45e5e16ea678f5fa8,low,medium,opposes_prediction,2,8262,text__word__return,return,text,0.23791371285915375,-0.15164034068584442,0.15164034068584442
case_04,typical_low_to_medium,logistic_regression,Logistic Regression,linear_baseline,126,890270067c166c047ceda5d45e5e16ea678f5fa8,low,medium,opposes_prediction,3,6222,text__word__minor,minor,text,0.15494351089000702,-0.14978177845478058,0.14978177845478058
case_04,typical_low_to_medium,logistic_regression,Logistic Regression,linear_baseline,126,890270067c166c047ceda5d45e5e16ea678f5fa8,low,medium,opposes_prediction,4,11077,text__word__wireless mouse,wireless mouse,text,0.18129530549049377,-0.11638213694095612,0.11638213694095612
case_04,typical_low_to_medium,logistic_regression,Logistic Regression,linear_baseline,126,890270067c166c047ceda5d45e5e16ea678f5fa8,low,medium,opposes_prediction,5,1737,text__word__come,come,text,0.15672755241394043,-0.09209201484918594,0.09209201484918594
case_04,typical_low_to_medium,logistic_regression,Logistic Regression,linear_baseline,126,890270067c166c047ceda5d45e5e16ea678f5fa8,low,medium,opposes_prediction,6,13605,text__char__nic,[char] nic,text,0.04565557837486267,-0.03463723510503769,0.03463723510503769
case_04,typical_low_to_medium,logistic_regression,Logistic Regression,linear_baseline,126,890270067c166c047ceda5d45e5e16ea678f5fa8,low,medium,opposes_prediction,7,14807,text__char__urn,[char] urn,text,0.06265298277139664,-0.034529153257608414,0.034529153257608414
case_04,typical_low_to_medium,logistic_regression,Logistic Regression,linear_baseline,126,890270067c166c047ceda5d45e5e16ea678f5fa8,low,medium,opposes_prediction,8,6081,text__word__meet,meet,text,0.10642670094966888,-0.0315333716571331,0.0315333716571331
case_04,typical_low_to_medium,logistic_regression,Logistic Regression,linear_baseline,126,890270067c166c047ceda5d45e5e16ea678f5fa8,low,medium,opposes_prediction,9,14068,text__char__rd ,[char] rd ,text,0.019710566848516464,-0.024125130847096443,0.024125130847096443
case_04,typical_low_to_medium,logistic_regression,Logistic Regression,linear_baseline,126,890270067c166c047ceda5d45e5e16ea678f5fa8,low,medium,opposes_prediction,10,12755,text__char__eve,[char] eve,text,0.018042221665382385,-0.022324388846755028,0.022324388846755028
case_05,typical_high_to_medium,logistic_regression,Logistic Regression,linear_baseline,394,a290262a783ad8b4921aa46b3c337daf9f4dbeb1,high,low,supports_prediction,1,11097,text__word__wohlbehalten schreibe,wohlbehalten schreibe,text,0.15996770560741425,0.2583019733428955,0.2583019733428955
case_05,typical_high_to_medium,logistic_regression,Logistic Regression,linear_baseline,394,a290262a783ad8b4921aa46b3c337daf9f4dbeb1,high,low,supports_prediction,2,15007,categorical__queue_Customer Service,Customer Service,queue,1.0,0.2403220683336258,0.2403220683336258
case_05,typical_high_to_medium,logistic_regression,Logistic Regression,linear_baseline,394,a290262a783ad8b4921aa46b3c337daf9f4dbeb1,high,low,supports_prediction,3,10211,text__word__umfassende,umfassende,text,0.11273083090782166,0.20705963671207428,0.20705963671207428
case_05,typical_high_to_medium,logistic_regression,Logistic Regression,linear_baseline,394,a290262a783ad8b4921aa46b3c337daf9f4dbeb1,high,low,supports_prediction,4,2242,text__word__daran interessiert,daran interessiert,text,0.10937650501728058,0.1806260645389557,0.1806260645389557
case_05,typical_high_to_medium,logistic_regression,Logistic Regression,linear_baseline,394,a290262a783ad8b4921aa46b3c337daf9f4dbeb1,high,low,supports_prediction,5,5066,text__word__interessiert mehr,interessiert mehr,text,0.1118335947394371,0.17547762393951416,0.17547762393951416
case_05,typical_high_to_medium,logistic_regression,Logistic Regression,linear_baseline,394,a290262a783ad8b4921aa46b3c337daf9f4dbeb1,high,low,supports_prediction,6,4782,text__word__insbesondere möchte,insbesondere möchte,text,0.14403851330280304,0.163297638297081,0.163297638297081
case_05,typical_high_to_medium,logistic_regression,Logistic Regression,linear_baseline,394,a290262a783ad8b4921aa46b3c337daf9f4dbeb1,high,low,supports_prediction,7,5925,text__word__marke,marke,text,0.1155635192990303,0.12974055111408234,0.12974055111408234
case_05,typical_high_to_medium,logistic_regression,Logistic Regression,linear_baseline,394,a290262a783ad8b4921aa46b3c337daf9f4dbeb1,high,low,supports_prediction,8,2240,text__word__daran,daran,text,0.09621497988700867,0.1295718252658844,0.1295718252658844
case_05,typical_high_to_medium,logistic_regression,Logistic Regression,linear_baseline,394,a290262a783ad8b4921aa46b3c337daf9f4dbeb1,high,low,supports_prediction,9,4689,text__word__informationen,informationen,text,0.10707922279834747,0.12151169776916504,0.12151169776916504
case_05,typical_high_to_medium,logistic_regression,Logistic Regression,linear_baseline,394,a290262a783ad8b4921aa46b3c337daf9f4dbeb1,high,low,supports_prediction,10,5531,text__word__kürzlich,kürzlich,text,0.10295882076025009,0.10893381386995316,0.10893381386995316
case_05,typical_high_to_medium,logistic_regression,Logistic Regression,linear_baseline,394,a290262a783ad8b4921aa46b3c337daf9f4dbeb1,high,low,opposes_prediction,1,15003,categorical__type_Request,Request,type,1.0,-0.25599104166030884,0.25599104166030884
case_05,typical_high_to_medium,logistic_regression,Logistic Regression,linear_baseline,394,a290262a783ad8b4921aa46b3c337daf9f4dbeb1,high,low,opposes_prediction,2,3277,text__word__erfahren,erfahren,text,0.14238125085830688,-0.2352178692817688,0.2352178692817688
case_05,typical_high_to_medium,logistic_regression,Logistic Regression,linear_baseline,394,a290262a783ad8b4921aa46b3c337daf9f4dbeb1,high,low,opposes_prediction,3,8505,text__word__schreibe detaillierte,schreibe detaillierte,text,0.15550187230110168,-0.20002445578575134,0.20002445578575134
case_05,typical_high_to_medium,logistic_regression,Logistic Regression,linear_baseline,394,a290262a783ad8b4921aa46b3c337daf9f4dbeb1,high,low,opposes_prediction,4,3432,text__word__eventuelle,eventuelle,text,0.13085009157657623,-0.05400919169187546,0.05400919169187546
case_05,typical_high_to_medium,logistic_regression,Logistic Regression,linear_baseline,394,a290262a783ad8b4921aa46b3c337daf9f4dbeb1,high,low,opposes_prediction,5,5058,text__word__interessiert,interessiert,text,0.08600646257400513,-0.04154444858431816,0.04154444858431816
case_05,typical_high_to_medium,logistic_regression,Logistic Regression,linear_baseline,394,a290262a783ad8b4921aa46b3c337daf9f4dbeb1,high,low,opposes_prediction,6,12690,text__char__err,[char] err,text,0.02102602645754814,-0.04089849814772606,0.04089849814772606
case_05,typical_high_to_medium,logistic_regression,Logistic Regression,linear_baseline,394,a290262a783ad8b4921aa46b3c337daf9f4dbeb1,high,low,opposes_prediction,7,12154,text__char__bot,[char] bot,text,0.032327715307474136,-0.03535771742463112,0.03535771742463112
case_05,typical_high_to_medium,logistic_regression,Logistic Regression,linear_baseline,394,a290262a783ad8b4921aa46b3c337daf9f4dbeb1,high,low,opposes_prediction,8,15004,categorical__language_de,de,language,1.0,-0.03488806635141373,0.03488806635141373
case_05,typical_high_to_medium,logistic_regression,Logistic Regression,linear_baseline,394,a290262a783ad8b4921aa46b3c337daf9f4dbeb1,high,low,opposes_prediction,9,12487,text__char__ebo,[char] ebo,text,0.026131734251976013,-0.03354518860578537,0.03354518860578537
case_05,typical_high_to_medium,logistic_regression,Logistic Regression,linear_baseline,394,a290262a783ad8b4921aa46b3c337daf9f4dbeb1,high,low,opposes_prediction,10,11429,text__char__ dien,[char]  dien,text,0.028920000419020653,-0.03019765578210354,0.03019765578210354
case_06,critical_low_to_high,logistic_regression,Logistic Regression,linear_baseline,8,66db6625b564da4549986df74e6db441a323c089,low,high,supports_prediction,1,15015,categorical__queue_Technical Support,Technical Support,queue,1.0,0.7032321095466614,0.7032321095466614
case_06,critical_low_to_high,logistic_regression,Logistic Regression,linear_baseline,8,66db6625b564da4549986df74e6db441a323c089,low,high,supports_prediction,2,7948,text__word__reibungslose integration,reibungslose integration,text,0.16477040946483612,0.3490268588066101,0.3490268588066101
case_06,critical_low_to_high,logistic_regression,Logistic Regression,linear_baseline,8,66db6625b564da4549986df74e6db441a323c089,low,high,supports_prediction,3,15003,categorical__type_Request,Request,type,1.0,0.2615876793861389,0.2615876793861389
case_06,critical_low_to_high,logistic_regression,Logistic Regression,linear_baseline,8,66db6625b564da4549986df74e6db441a323c089,low,high,supports_prediction,4,3266,text__word__entscheidend,entscheidend,text,0.11758612096309662,0.16461600363254547,0.16461600363254547
case_06,critical_low_to_high,logistic_regression,Logistic Regression,linear_baseline,8,66db6625b564da4549986df74e6db441a323c089,low,high,supports_prediction,5,5450,text__word__komponenten,komponenten,text,0.15320666134357452,0.10163622349500656,0.10163622349500656
case_06,critical_low_to_high,logistic_regression,Logistic Regression,linear_baseline,8,66db6625b564da4549986df74e6db441a323c089,low,high,supports_prediction,6,10761,text__word__verfügbaren,verfügbaren,text,0.10564883053302765,0.07707466185092926,0.07707466185092926
case_06,critical_low_to_high,logistic_regression,Logistic Regression,linear_baseline,8,66db6625b564da4549986df74e6db441a323c089,low,high,supports_prediction,7,11620,text__char__ plat,[char]  plat,text,0.03362598642706871,0.045078229159116745,0.045078229159116745
case_06,critical_low_to_high,logistic_regression,Logistic Regression,linear_baseline,8,66db6625b564da4549986df74e6db441a323c089,low,high,supports_prediction,8,14539,text__char__tech,[char] tech,text,0.03477667272090912,0.042806226760149,0.042806226760149
case_06,critical_low_to_high,logistic_regression,Logistic Regression,linear_baseline,8,66db6625b564da4549986df74e6db441a323c089,low,high,supports_prediction,9,13314,text__char__latt,[char] latt,text,0.04603172838687897,0.04278069734573364,0.04278069734573364
case_06,critical_low_to_high,logistic_regression,Logistic Regression,linear_baseline,8,66db6625b564da4549986df74e6db441a323c089,low,high,supports_prediction,10,14279,text__char__ruktu,[char] ruktu,text,0.05036754161119461,0.04257223382592201,0.04257223382592201
case_06,critical_low_to_high,logistic_regression,Logistic Regression,linear_baseline,8,66db6625b564da4549986df74e6db441a323c089,low,high,opposes_prediction,1,2589,text__word__deren,deren,text,0.11867926269769669,-0.21939553320407867,0.21939553320407867
case_06,critical_low_to_high,logistic_regression,Logistic Regression,linear_baseline,8,66db6625b564da4549986df74e6db441a323c089,low,high,opposes_prediction,2,10211,text__word__umfassende,umfassende,text,0.11198700964450836,-0.1922941952943802,0.1922941952943802
case_06,critical_low_to_high,logistic_regression,Logistic Regression,linear_baseline,8,66db6625b564da4549986df74e6db441a323c089,low,high,opposes_prediction,3,6385,text__word__nehme,nehme,text,0.16066551208496094,-0.1660163551568985,0.1660163551568985
case_06,critical_low_to_high,logistic_regression,Logistic Regression,linear_baseline,8,66db6625b564da4549986df74e6db441a323c089,low,high,opposes_prediction,4,6386,text__word__nehme kontakt,nehme kontakt,text,0.16066551208496094,-0.1660163551568985,0.1660163551568985
case_06,critical_low_to_high,logistic_regression,Logistic Regression,linear_baseline,8,66db6625b564da4549986df74e6db441a323c089,low,high,opposes_prediction,5,4689,text__word__informationen,informationen,text,0.10637269169092178,-0.14643998444080353,0.14643998444080353
case_06,critical_low_to_high,logistic_regression,Logistic Regression,linear_baseline,8,66db6625b564da4549986df74e6db441a323c089,low,high,opposes_prediction,6,5057,text__word__interessieren,interessieren,text,0.12218400090932846,-0.12488392740488052,0.12488392740488052
case_06,critical_low_to_high,logistic_regression,Logistic Regression,linear_baseline,8,66db6625b564da4549986df74e6db441a323c089,low,high,opposes_prediction,7,15004,categorical__language_de,de,language,1.0,-0.07058517634868622,0.07058517634868622
case_06,critical_low_to_high,logistic_regression,Logistic Regression,linear_baseline,8,66db6625b564da4549986df74e6db441a323c089,low,high,opposes_prediction,8,1178,text__word__besonders,besonders,text,0.10051917284727097,-0.07028605788946152,0.07028605788946152
case_06,critical_low_to_high,logistic_regression,Logistic Regression,linear_baseline,8,66db6625b564da4549986df74e6db441a323c089,low,high,opposes_prediction,9,13957,text__char__pone,[char] pone,text,0.03199759125709534,-0.05779764801263809,0.05779764801263809
case_06,critical_low_to_high,logistic_regression,Logistic Regression,linear_baseline,8,66db6625b564da4549986df74e6db441a323c089,low,high,opposes_prediction,10,586,text__word__anfrage,anfrage,text,0.0860021561384201,-0.057591281831264496,0.057591281831264496
case_07,critical_high_to_low,logistic_regression,Logistic Regression,linear_baseline,3081,4b2afb7f05c9cd9fd85790fdd2db112b4abbc318,high,low,supports_prediction,1,6034,text__word__mcafee,mcafee,text,0.3354232907295227,0.4454144537448883,0.4454144537448883
case_07,critical_high_to_low,logistic_regression,Logistic Regression,linear_baseline,3081,4b2afb7f05c9cd9fd85790fdd2db112b4abbc318,high,low,supports_prediction,2,15007,categorical__queue_Customer Service,Customer Service,queue,1.0,0.2403220683336258,0.2403220683336258
case_07,critical_high_to_low,logistic_regression,Logistic Regression,linear_baseline,3081,4b2afb7f05c9cd9fd85790fdd2db112b4abbc318,high,low,supports_prediction,3,1301,text__word__bitte zusätzliche,bitte zusätzliche,text,0.35136088728904724,0.21915452182292938,0.21915452182292938
case_07,critical_high_to_low,logistic_regression,Logistic Regression,linear_baseline,3081,4b2afb7f05c9cd9fd85790fdd2db112b4abbc318,high,low,supports_prediction,4,4689,text__word__informationen,informationen,text,0.15427134931087494,0.17827856540679932,0.17827856540679932
case_07,critical_high_to_low,logistic_regression,Logistic Regression,linear_baseline,3081,4b2afb7f05c9cd9fd85790fdd2db112b4abbc318,high,low,supports_prediction,5,5514,text__word__könnten bitte,könnten bitte,text,0.19065983593463898,0.1592591404914856,0.1592591404914856
case_07,critical_high_to_low,logistic_regression,Logistic Regression,linear_baseline,3081,4b2afb7f05c9cd9fd85790fdd2db112b4abbc318,high,low,supports_prediction,6,12783,text__char__fee ,[char] fee ,text,0.09051930159330368,0.13354840874671936,0.13354840874671936
case_07,critical_high_to_low,logistic_regression,Logistic Regression,linear_baseline,3081,4b2afb7f05c9cd9fd85790fdd2db112b4abbc318,high,low,supports_prediction,7,12782,text__char__fee,[char] fee,text,0.06556061655282974,0.10176923871040344,0.10176923871040344
case_07,critical_high_to_low,logistic_regression,Logistic Regression,linear_baseline,3081,4b2afb7f05c9cd9fd85790fdd2db112b4abbc318,high,low,supports_prediction,8,13785,text__char__one,[char] one,text,0.03647221624851227,0.09793109446763992,0.09793109446763992
case_07,critical_high_to_low,logistic_regression,Logistic Regression,linear_baseline,3081,4b2afb7f05c9cd9fd85790fdd2db112b4abbc318,high,low,supports_prediction,9,11904,text__char__afee ,[char] afee ,text,0.09411002695560455,0.08116510510444641,0.08116510510444641
case_07,critical_high_to_low,logistic_regression,Logistic Regression,linear_baseline,3081,4b2afb7f05c9cd9fd85790fdd2db112b4abbc318,high,low,supports_prediction,10,1158,text__word__bereitstellen,bereitstellen,text,0.18857869505882263,0.07853184640407562,0.07853184640407562
case_07,critical_high_to_low,logistic_regression,Logistic Regression,linear_baseline,3081,4b2afb7f05c9cd9fd85790fdd2db112b4abbc318,high,low,opposes_prediction,1,15003,categorical__type_Request,Request,type,1.0,-0.25599104166030884,0.25599104166030884
case_07,critical_high_to_low,logistic_regression,Logistic Regression,linear_baseline,3081,4b2afb7f05c9cd9fd85790fdd2db112b4abbc318,high,low,opposes_prediction,2,9318,text__word__strategien,strategien,text,0.21391677856445312,-0.1456717997789383,0.1456717997789383
case_07,critical_high_to_low,logistic_regression,Logistic Regression,linear_baseline,3081,4b2afb7f05c9cd9fd85790fdd2db112b4abbc318,high,low,opposes_prediction,3,12858,text__char__ge ,[char] ge ,text,0.03409549966454506,-0.04214983806014061,0.04214983806014061
case_07,critical_high_to_low,logistic_regression,Logistic Regression,linear_baseline,3081,4b2afb7f05c9cd9fd85790fdd2db112b4abbc318,high,low,opposes_prediction,4,14056,text__char__rate,[char] rate,text,0.03098306804895401,-0.040213488042354584,0.040213488042354584
case_07,critical_high_to_low,logistic_regression,Logistic Regression,linear_baseline,3081,4b2afb7f05c9cd9fd85790fdd2db112b4abbc318,high,low,opposes_prediction,5,15004,categorical__language_de,de,language,1.0,-0.03488806635141373,0.03488806635141373
case_07,critical_high_to_low,logistic_regression,Logistic Regression,linear_baseline,3081,4b2afb7f05c9cd9fd85790fdd2db112b4abbc318,high,low,opposes_prediction,6,11701,text__char__ str,[char]  str,text,0.034182243049144745,-0.033506643027067184,0.033506643027067184
case_07,critical_high_to_low,logistic_regression,Logistic Regression,linear_baseline,3081,4b2afb7f05c9cd9fd85790fdd2db112b4abbc318,high,low,opposes_prediction,7,14467,text__char__stru,[char] stru,text,0.04941348731517792,-0.03007453866302967,0.03007453866302967
case_07,critical_high_to_low,logistic_regression,Logistic Regression,linear_baseline,3081,4b2afb7f05c9cd9fd85790fdd2db112b4abbc318,high,low,opposes_prediction,8,13577,text__char__nfor,[char] nfor,text,0.026072269305586815,-0.029080085456371307,0.029080085456371307
case_07,critical_high_to_low,logistic_regression,Logistic Regression,linear_baseline,3081,4b2afb7f05c9cd9fd85790fdd2db112b4abbc318,high,low,opposes_prediction,9,14636,text__char__tra,[char] tra,text,0.029526853933930397,-0.027584807947278023,0.027584807947278023
case_07,critical_high_to_low,logistic_regression,Logistic Regression,linear_baseline,3081,4b2afb7f05c9cd9fd85790fdd2db112b4abbc318,high,low,opposes_prediction,10,11702,text__char__ stra,[char]  stra,text,0.03625379130244255,-0.02513091079890728,0.02513091079890728
case_08,model_disagreement_1,logistic_regression,Logistic Regression,linear_baseline,13,de1f211d7fb1dd53f830f716d9499d66d3b65ee1,high,medium,supports_prediction,1,8621,text__word__send,send,text,0.1632552593946457,0.4603945016860962,0.4603945016860962
case_08,model_disagreement_1,logistic_regression,Logistic Regression,linear_baseline,13,de1f211d7fb1dd53f830f716d9499d66d3b65ee1,high,medium,supports_prediction,2,11112,text__word__work,work,text,0.11405495554208755,0.3258737325668335,0.3258737325668335
case_08,model_disagreement_1,logistic_regression,Logistic Regression,linear_baseline,13,de1f211d7fb1dd53f830f716d9499d66d3b65ee1,high,medium,supports_prediction,3,4679,text__word__information services,information services,text,0.1344352513551712,0.19638940691947937,0.19638940691947937
case_08,model_disagreement_1,logistic_regression,Logistic Regression,linear_baseline,13,de1f211d7fb1dd53f830f716d9499d66d3b65ee1,high,medium,supports_prediction,4,15011,categorical__queue_Product Support,Product Support,queue,1.0,0.17080171406269073,0.17080171406269073
case_08,model_disagreement_1,logistic_regression,Logistic Regression,linear_baseline,13,de1f211d7fb1dd53f830f716d9499d66d3b65ee1,high,medium,supports_prediction,5,6811,text__word__packages,packages,text,0.1430981606245041,0.15385441482067108,0.15385441482067108
case_08,model_disagreement_1,logistic_regression,Logistic Regression,linear_baseline,13,de1f211d7fb1dd53f830f716d9499d66d3b65ee1,high,medium,supports_prediction,6,2624,text__word__detailed information,detailed information,text,0.14822213351726532,0.10467278957366943,0.10467278957366943
case_08,model_disagreement_1,logistic_regression,Logistic Regression,linear_baseline,13,de1f211d7fb1dd53f830f716d9499d66d3b65ee1,high,medium,supports_prediction,7,7648,text__word__provided,provided,text,0.10839591920375824,0.10390203446149826,0.10390203446149826
case_08,model_disagreement_1,logistic_regression,Logistic Regression,linear_baseline,13,de1f211d7fb1dd53f830f716d9499d66d3b65ee1,high,medium,supports_prediction,8,9810,text__word__team hope,team hope,text,0.11888162046670914,0.10304440557956696,0.10304440557956696
case_08,model_disagreement_1,logistic_regression,Logistic Regression,linear_baseline,13,de1f211d7fb1dd53f830f716d9499d66d3b65ee1,high,medium,supports_prediction,9,8746,text__word__services provided,services provided,text,0.14258421957492828,0.09724610298871994,0.09724610298871994
case_08,model_disagreement_1,logistic_regression,Logistic Regression,linear_baseline,13,de1f211d7fb1dd53f830f716d9499d66d3b65ee1,high,medium,supports_prediction,10,347,text__word__agency,agency,text,0.13098672032356262,0.06956394016742706,0.06956394016742706
case_08,model_disagreement_1,logistic_regression,Logistic Regression,linear_baseline,13,de1f211d7fb1dd53f830f716d9499d66d3b65ee1,high,medium,opposes_prediction,1,9159,text__word__special,special,text,0.17034175992012024,-0.24688507616519928,0.24688507616519928
case_08,model_disagreement_1,logistic_regression,Logistic Regression,linear_baseline,13,de1f211d7fb1dd53f830f716d9499d66d3b65ee1,high,medium,opposes_prediction,2,9488,text__word__success,success,text,0.10110533982515335,-0.17944304645061493,0.17944304645061493
case_08,model_disagreement_1,logistic_regression,Logistic Regression,linear_baseline,13,de1f211d7fb1dd53f830f716d9499d66d3b65ee1,high,medium,opposes_prediction,3,1506,text__word__case studies,case studies,text,0.10368707776069641,-0.16296827793121338,0.16296827793121338
case_08,model_disagreement_1,logistic_regression,Logistic Regression,linear_baseline,13,de1f211d7fb1dd53f830f716d9499d66d3b65ee1,high,medium,opposes_prediction,4,9423,text__word__studies,studies,text,0.10368707776069641,-0.16296827793121338,0.16296827793121338
case_08,model_disagreement_1,logistic_regression,Logistic Regression,linear_baseline,13,de1f211d7fb1dd53f830f716d9499d66d3b65ee1,high,medium,opposes_prediction,5,8688,text__word__service,service,text,0.07734568417072296,-0.09014252573251724,0.09014252573251724
case_08,model_disagreement_1,logistic_regression,Logistic Regression,linear_baseline,13,de1f211d7fb1dd53f830f716d9499d66d3b65ee1,high,medium,opposes_prediction,6,1688,text__word__client,client,text,0.12192655354738235,-0.08728808164596558,0.08728808164596558
case_08,model_disagreement_1,logistic_regression,Logistic Regression,linear_baseline,13,de1f211d7fb1dd53f830f716d9499d66d3b65ee1,high,medium,opposes_prediction,7,8709,text__word__services,services,text,0.12120215594768524,-0.08557255566120148,0.08557255566120148
case_08,model_disagreement_1,logistic_regression,Logistic Regression,linear_baseline,13,de1f211d7fb1dd53f830f716d9499d66d3b65ee1,high,medium,opposes_prediction,8,726,text__word__appreciate could,appreciate could,text,0.0774490162730217,-0.07816892862319946,0.07816892862319946
case_08,model_disagreement_1,logistic_regression,Logistic Regression,linear_baseline,13,de1f211d7fb1dd53f830f716d9499d66d3b65ee1,high,medium,opposes_prediction,9,11919,text__char__ages,[char] ages,text,0.03701823204755783,-0.06122184917330742,0.06122184917330742
case_08,model_disagreement_1,logistic_regression,Logistic Regression,linear_baseline,13,de1f211d7fb1dd53f830f716d9499d66d3b65ee1,high,medium,opposes_prediction,10,13463,text__char__mes,[char] mes,text,0.03140248358249664,-0.06096281856298447,0.06096281856298447
case_09,model_disagreement_2,logistic_regression,Logistic Regression,linear_baseline,59,c655267a95bf20edad8c0f0eac49d2c7984240c5,low,medium,supports_prediction,1,8895,text__word__sicherheitsvorkehrungen,sicherheitsvorkehrungen,text,0.1643756479024887,0.3023848533630371,0.3023848533630371
case_09,model_disagreement_2,logistic_regression,Logistic Regression,linear_baseline,59,c655267a95bf20edad8c0f0eac49d2c7984240c5,low,medium,supports_prediction,2,3245,text__word__enorm,enorm,text,0.18180273473262787,0.28259316086769104,0.28259316086769104
case_09,model_disagreement_2,logistic_regression,Logistic Regression,linear_baseline,59,c655267a95bf20edad8c0f0eac49d2c7984240c5,low,medium,supports_prediction,3,15004,categorical__language_de,de,language,1.0,0.10553178191184998,0.10553178191184998
case_09,model_disagreement_2,logistic_regression,Logistic Regression,linear_baseline,59,c655267a95bf20edad8c0f0eac49d2c7984240c5,low,medium,supports_prediction,4,15007,categorical__queue_Customer Service,Customer Service,queue,1.0,0.07982688397169113,0.07982688397169113
case_09,model_disagreement_2,logistic_regression,Logistic Regression,linear_baseline,59,c655267a95bf20edad8c0f0eac49d2c7984240c5,low,medium,supports_prediction,5,1178,text__word__besonders,besonders,text,0.11238773167133331,0.06814838200807571,0.06814838200807571
case_09,model_disagreement_2,logistic_regression,Logistic Regression,linear_baseline,59,c655267a95bf20edad8c0f0eac49d2c7984240c5,low,medium,supports_prediction,6,4418,text__word__implementierung,implementierung,text,0.11973493546247482,0.05553197115659714,0.05553197115659714
case_09,model_disagreement_2,logistic_regression,Logistic Regression,linear_baseline,59,c655267a95bf20edad8c0f0eac49d2c7984240c5,low,medium,supports_prediction,7,586,text__word__anfrage,anfrage,text,0.09615665674209595,0.04399655759334564,0.04399655759334564
case_09,model_disagreement_2,logistic_regression,Logistic Regression,linear_baseline,59,c655267a95bf20edad8c0f0eac49d2c7984240c5,low,medium,supports_prediction,8,14628,text__char__ton,[char] ton,text,0.036681804805994034,0.03627112880349159,0.03627112880349159
case_09,model_disagreement_2,logistic_regression,Logistic Regression,linear_baseline,59,c655267a95bf20edad8c0f0eac49d2c7984240c5,low,medium,supports_prediction,9,13299,text__char__lan,[char] lan,text,0.02330658584833145,0.03175937384366989,0.03175937384366989
case_09,model_disagreement_2,logistic_regression,Logistic Regression,linear_baseline,59,c655267a95bf20edad8c0f0eac49d2c7984240c5,low,medium,supports_prediction,10,14678,text__char__ttf,[char] ttf,text,0.05033061280846596,0.028791775926947594,0.028791775926947594
case_09,model_disagreement_2,logistic_regression,Logistic Regression,linear_baseline,59,c655267a95bf20edad8c0f0eac49d2c7984240c5,low,medium,opposes_prediction,1,474,text__word__analyse,analyse,text,0.1120772734284401,-0.10347963124513626,0.10347963124513626
case_09,model_disagreement_2,logistic_regression,Logistic Regression,linear_baseline,59,c655267a95bf20edad8c0f0eac49d2c7984240c5,low,medium,opposes_prediction,2,13785,text__char__one,[char] one,text,0.03614012897014618,-0.08028126507997513,0.08028126507997513
case_09,model_disagreement_2,logistic_regression,Logistic Regression,linear_baseline,59,c655267a95bf20edad8c0f0eac49d2c7984240c5,low,medium,opposes_prediction,3,13277,text__char__klar,[char] klar,text,0.04247821867465973,-0.07058732211589813,0.07058732211589813
case_09,model_disagreement_2,logistic_regression,Logistic Regression,linear_baseline,59,c655267a95bf20edad8c0f0eac49d2c7984240c5,low,medium,opposes_prediction,4,8382,text__word__saas,saas,text,0.10663960874080658,-0.06016423553228378,0.06016423553228378
case_09,model_disagreement_2,logistic_regression,Logistic Regression,linear_baseline,59,c655267a95bf20edad8c0f0eac49d2c7984240c5,low,medium,opposes_prediction,5,14539,text__char__tech,[char] tech,text,0.037832677364349365,-0.05447423830628395,0.05447423830628395
case_09,model_disagreement_2,logistic_regression,Logistic Regression,linear_baseline,59,c655267a95bf20edad8c0f0eac49d2c7984240c5,low,medium,opposes_prediction,6,4160,text__word__helfen,helfen,text,0.09361995756626129,-0.044857218861579895,0.044857218861579895
case_09,model_disagreement_2,logistic_regression,Logistic Regression,linear_baseline,59,c655267a95bf20edad8c0f0eac49d2c7984240c5,low,medium,opposes_prediction,7,14540,text__char__techn,[char] techn,text,0.03830671310424805,-0.03773452341556549,0.03773452341556549
case_09,model_disagreement_2,logistic_regression,Logistic Regression,linear_baseline,59,c655267a95bf20edad8c0f0eac49d2c7984240c5,low,medium,opposes_prediction,8,14115,text__char__ressi,[char] ressi,text,0.024209285154938698,-0.03546169027686119,0.03546169027686119
case_09,model_disagreement_2,logistic_regression,Logistic Regression,linear_baseline,59,c655267a95bf20edad8c0f0eac49d2c7984240c5,low,medium,opposes_prediction,9,12009,text__char__ares,[char] ares,text,0.04153325781226158,-0.031054943799972534,0.031054943799972534
case_09,model_disagreement_2,logistic_regression,Logistic Regression,linear_baseline,59,c655267a95bf20edad8c0f0eac49d2c7984240c5,low,medium,opposes_prediction,10,7065,text__word__plattform,plattform,text,0.1991918981075287,-0.030590109527111053,0.030590109527111053
case_10,model_disagreement_3,logistic_regression,Logistic Regression,linear_baseline,85,818ee361847e8677f2017325b145c997fb136ec4,low,medium,supports_prediction,1,3768,text__word__firewalls,firewalls,text,0.11135546118021011,0.16380132734775543,0.16380132734775543
case_10,model_disagreement_3,logistic_regression,Logistic Regression,linear_baseline,85,818ee361847e8677f2017325b145c997fb136ec4,low,medium,supports_prediction,2,7989,text__word__relevante,relevante,text,0.13178421556949615,0.1059517189860344,0.1059517189860344
case_10,model_disagreement_3,logistic_regression,Logistic Regression,linear_baseline,85,818ee361847e8677f2017325b145c997fb136ec4,low,medium,supports_prediction,3,15004,categorical__language_de,de,language,1.0,0.10553178191184998,0.10553178191184998
case_10,model_disagreement_3,logistic_regression,Logistic Regression,linear_baseline,85,818ee361847e8677f2017325b145c997fb136ec4,low,medium,supports_prediction,4,1180,text__word__besonders interessiert,besonders interessiert,text,0.12754222750663757,0.10509059578180313,0.10509059578180313
case_10,model_disagreement_3,logistic_regression,Logistic Regression,linear_baseline,85,818ee361847e8677f2017325b145c997fb136ec4,low,medium,supports_prediction,5,15007,categorical__queue_Customer Service,Customer Service,queue,1.0,0.07982688397169113,0.07982688397169113
case_10,model_disagreement_3,logistic_regression,Logistic Regression,linear_baseline,85,818ee361847e8677f2017325b145c997fb136ec4,low,medium,supports_prediction,6,5029,text__word__integrationsrichtlinien,integrationsrichtlinien,text,0.16281066834926605,0.0773392990231514,0.0773392990231514
case_10,model_disagreement_3,logistic_regression,Logistic Regression,linear_baseline,85,818ee361847e8677f2017325b145c997fb136ec4,low,medium,supports_prediction,7,1178,text__word__besonders,besonders,text,0.1119694709777832,0.06789324432611465,0.06789324432611465
case_10,model_disagreement_3,logistic_regression,Logistic Regression,linear_baseline,85,818ee361847e8677f2017325b145c997fb136ec4,low,medium,supports_prediction,8,12967,text__char__higk,[char] higk,text,0.027484698221087456,0.06523936986923218,0.06523936986923218
case_10,model_disagreement_3,logistic_regression,Logistic Regression,linear_baseline,85,818ee361847e8677f2017325b145c997fb136ec4,low,medium,supports_prediction,9,12968,text__char__higke,[char] higke,text,0.027484698221087456,0.06523936986923218,0.06523936986923218
case_10,model_disagreement_3,logistic_regression,Logistic Regression,linear_baseline,85,818ee361847e8677f2017325b145c997fb136ec4,low,medium,supports_prediction,10,14973,text__char__ähigk,[char] ähigk,text,0.027484698221087456,0.06523936986923218,0.06523936986923218
case_10,model_disagreement_3,logistic_regression,Logistic Regression,linear_baseline,85,818ee361847e8677f2017325b145c997fb136ec4,low,medium,opposes_prediction,1,11096,text__word__wohlauf,wohlauf,text,0.186275914311409,-0.32600632309913635,0.32600632309913635
case_10,model_disagreement_3,logistic_regression,Logistic Regression,linear_baseline,85,818ee361847e8677f2017325b145c997fb136ec4,low,medium,opposes_prediction,2,13785,text__char__one,[char] one,text,0.0318790040910244,-0.06976237148046494,0.06976237148046494
case_10,model_disagreement_3,logistic_regression,Logistic Regression,linear_baseline,85,818ee361847e8677f2017325b145c997fb136ec4,low,medium,opposes_prediction,3,14539,text__char__tech,[char] tech,text,0.04136372730135918,-0.05965069681406021,0.05965069681406021
case_10,model_disagreement_3,logistic_regression,Logistic Regression,linear_baseline,85,818ee361847e8677f2017325b145c997fb136ec4,low,medium,opposes_prediction,4,14143,text__char__ric,[char] ric,text,0.03883779048919678,-0.05114210397005081,0.05114210397005081
case_10,model_disagreement_3,logistic_regression,Logistic Regression,linear_baseline,85,818ee361847e8677f2017325b145c997fb136ec4,low,medium,opposes_prediction,5,12982,text__char__hnik,[char] hnik,text,0.03139493986964226,-0.04488404095172882,0.04488404095172882
case_10,model_disagreement_3,logistic_regression,Logistic Regression,linear_baseline,85,818ee361847e8677f2017325b145c997fb136ec4,low,medium,opposes_prediction,6,12252,text__char__chnik,[char] chnik,text,0.03139493986964226,-0.04488404095172882,0.04488404095172882
case_10,model_disagreement_3,logistic_regression,Logistic Regression,linear_baseline,85,818ee361847e8677f2017325b145c997fb136ec4,low,medium,opposes_prediction,7,14540,text__char__techn,[char] techn,text,0.04188200458884239,-0.04132027179002762,0.04132027179002762
case_10,model_disagreement_3,logistic_regression,Logistic Regression,linear_baseline,85,818ee361847e8677f2017325b145c997fb136ec4,low,medium,opposes_prediction,8,10337,text__word__unserer,unserer,text,0.08283538371324539,-0.037400681525468826,0.037400681525468826
case_10,model_disagreement_3,logistic_regression,Logistic Regression,linear_baseline,85,818ee361847e8677f2017325b145c997fb136ec4,low,medium,opposes_prediction,9,12973,text__char__hle,[char] hle,text,0.03258521109819412,-0.031207812950015068,0.031207812950015068
case_10,model_disagreement_3,logistic_regression,Logistic Regression,linear_baseline,85,818ee361847e8677f2017325b145c997fb136ec4,low,medium,opposes_prediction,10,14115,text__char__ressi,[char] ressi,text,0.021354874595999718,-0.031024310737848282,0.031024310737848282
case_11,model_disagreement_4,logistic_regression,Logistic Regression,linear_baseline,98,2b8de51a7c4e30bce5c04433674e788ab51bc409,high,low,supports_prediction,1,1142,text__word__benötigte,benötigte,text,0.14193277060985565,0.3479140102863312,0.3479140102863312
case_11,model_disagreement_4,logistic_regression,Logistic Regression,linear_baseline,98,2b8de51a7c4e30bce5c04433674e788ab51bc409,high,low,supports_prediction,2,6148,text__word__methoden,methoden,text,0.11785285919904709,0.32281729578971863,0.32281729578971863
case_11,model_disagreement_4,logistic_regression,Logistic Regression,linear_baseline,98,2b8de51a7c4e30bce5c04433674e788ab51bc409,high,low,supports_prediction,3,9833,text__word__teams,teams,text,0.11137894541025162,0.2530841529369354,0.2530841529369354
case_11,model_disagreement_4,logistic_regression,Logistic Regression,linear_baseline,98,2b8de51a7c4e30bce5c04433674e788ab51bc409,high,low,supports_prediction,4,623,text__word__ansatz,ansatz,text,0.1411767452955246,0.23692135512828827,0.23692135512828827
case_11,model_disagreement_4,logistic_regression,Logistic Regression,linear_baseline,98,2b8de51a7c4e30bce5c04433674e788ab51bc409,high,low,supports_prediction,5,5986,text__word__marketingmaßnahmen,marketingmaßnahmen,text,0.16318459808826447,0.20325879752635956,0.20325879752635956
case_11,model_disagreement_4,logistic_regression,Logistic Regression,linear_baseline,98,2b8de51a7c4e30bce5c04433674e788ab51bc409,high,low,supports_prediction,6,91,text__word__abteilungen,abteilungen,text,0.17305009067058563,0.1527598649263382,0.1527598649263382
case_11,model_disagreement_4,logistic_regression,Logistic Regression,linear_baseline,98,2b8de51a7c4e30bce5c04433674e788ab51bc409,high,low,supports_prediction,7,5438,text__word__kommunikation,kommunikation,text,0.14875032007694244,0.10948130488395691,0.10948130488395691
case_11,model_disagreement_4,logistic_regression,Logistic Regression,linear_baseline,98,2b8de51a7c4e30bce5c04433674e788ab51bc409,high,low,supports_prediction,8,5514,text__word__könnten bitte,könnten bitte,text,0.08455201238393784,0.06892355531454086,0.06892355531454086
case_11,model_disagreement_4,logistic_regression,Logistic Regression,linear_baseline,98,2b8de51a7c4e30bce5c04433674e788ab51bc409,high,low,supports_prediction,9,13119,text__char__inati,[char] inati,text,0.03978491947054863,0.06274677067995071,0.06274677067995071
case_11,model_disagreement_4,logistic_regression,Logistic Regression,linear_baseline,98,2b8de51a7c4e30bce5c04433674e788ab51bc409,high,low,supports_prediction,10,13118,text__char__inat,[char] inat,text,0.035377200692892075,0.053186528384685516,0.053186528384685516
case_11,model_disagreement_4,logistic_regression,Logistic Regression,linear_baseline,98,2b8de51a7c4e30bce5c04433674e788ab51bc409,high,low,opposes_prediction,1,15003,categorical__type_Request,Request,type,1.0,-0.25599104166030884,0.25599104166030884
case_11,model_disagreement_4,logistic_regression,Logistic Regression,linear_baseline,98,2b8de51a7c4e30bce5c04433674e788ab51bc409,high,low,opposes_prediction,2,15011,categorical__queue_Product Support,Product Support,queue,1.0,-0.24770699441432953,0.24770699441432953
case_11,model_disagreement_4,logistic_regression,Logistic Regression,linear_baseline,98,2b8de51a7c4e30bce5c04433674e788ab51bc409,high,low,opposes_prediction,3,8329,text__word__roi,roi,text,0.17942948639392853,-0.21135172247886658,0.21135172247886658
case_11,model_disagreement_4,logistic_regression,Logistic Regression,linear_baseline,98,2b8de51a7c4e30bce5c04433674e788ab51bc409,high,low,opposes_prediction,4,9318,text__word__strategien,strategien,text,0.09486577659845352,-0.0640966072678566,0.0640966072678566
case_11,model_disagreement_4,logistic_regression,Logistic Regression,linear_baseline,98,2b8de51a7c4e30bce5c04433674e788ab51bc409,high,low,opposes_prediction,5,12308,text__char__cre,[char] cre,text,0.018890302628278732,-0.0485127829015255,0.0485127829015255
case_11,model_disagreement_4,logistic_regression,Logistic Regression,linear_baseline,98,2b8de51a7c4e30bce5c04433674e788ab51bc409,high,low,opposes_prediction,6,14815,text__char__usf,[char] usf,text,0.025822555646300316,-0.04842087998986244,0.04842087998986244
case_11,model_disagreement_4,logistic_regression,Logistic Regression,linear_baseline,98,2b8de51a7c4e30bce5c04433674e788ab51bc409,high,low,opposes_prediction,7,12084,text__char__ausf,[char] ausf,text,0.025840554386377335,-0.0447394959628582,0.0447394959628582
case_11,model_disagreement_4,logistic_regression,Logistic Regression,linear_baseline,98,2b8de51a7c4e30bce5c04433674e788ab51bc409,high,low,opposes_prediction,8,5944,text__word__marketing,marketing,text,0.10422743111848831,-0.04427192732691765,0.04427192732691765
case_11,model_disagreement_4,logistic_regression,Logistic Regression,linear_baseline,98,2b8de51a7c4e30bce5c04433674e788ab51bc409,high,low,opposes_prediction,9,6626,text__word__optimierung,optimierung,text,0.08990909904241562,-0.043308570981025696,0.043308570981025696
case_11,model_disagreement_4,logistic_regression,Logistic Regression,linear_baseline,98,2b8de51a7c4e30bce5c04433674e788ab51bc409,high,low,opposes_prediction,10,15004,categorical__language_de,de,language,1.0,-0.03488806635141373,0.03488806635141373
case_12,model_disagreement_5,logistic_regression,Logistic Regression,linear_baseline,128,1a253cac8e537423675594be7ce6e3473a15a28f,low,low,supports_prediction,1,4019,text__word__given,given,text,0.13772600889205933,0.4166257679462433,0.4166257679462433
case_12,model_disagreement_5,logistic_regression,Logistic Regression,linear_baseline,128,1a253cac8e537423675594be7ce6e3473a15a28f,low,low,supports_prediction,2,3031,text__word__effective marketing,effective marketing,text,0.1588430106639862,0.30486592650413513,0.30486592650413513
case_12,model_disagreement_5,logistic_regression,Logistic Regression,linear_baseline,128,1a253cac8e537423675594be7ce6e3473a15a28f,low,low,supports_prediction,3,15013,categorical__queue_Sales and Pre-Sales,Sales and Pre-Sales,queue,1.0,0.2821006774902344,0.2821006774902344
case_12,model_disagreement_5,logistic_regression,Logistic Regression,linear_baseline,128,1a253cac8e537423675594be7ce6e3473a15a28f,low,low,supports_prediction,4,3414,text__word__essential us,essential us,text,0.1588430106639862,0.26040932536125183,0.26040932536125183
case_12,model_disagreement_5,logistic_regression,Logistic Regression,linear_baseline,128,1a253cac8e537423675594be7ce6e3473a15a28f,low,low,supports_prediction,5,4246,text__word__hope message,hope message,text,0.1135319322347641,0.2174959033727646,0.2174959033727646
case_12,model_disagreement_5,logistic_regression,Logistic Regression,linear_baseline,128,1a253cac8e537423675594be7ce6e3473a15a28f,low,low,supports_prediction,6,8709,text__word__services,services,text,0.14983946084976196,0.1541917473077774,0.1541917473077774
case_12,model_disagreement_5,logistic_regression,Logistic Regression,linear_baseline,128,1a253cac8e537423675594be7ce6e3473a15a28f,low,low,supports_prediction,7,11966,text__char__ands,[char] ands,text,0.08388280868530273,0.14163744449615479,0.14163744449615479
case_12,model_disagreement_5,logistic_regression,Logistic Regression,linear_baseline,128,1a253cac8e537423675594be7ce6e3473a15a28f,low,low,supports_prediction,8,7744,text__word__range services,range services,text,0.17473304271697998,0.1385040432214737,0.1385040432214737
case_12,model_disagreement_5,logistic_regression,Logistic Regression,linear_baseline,128,1a253cac8e537423675594be7ce6e3473a15a28f,low,low,supports_prediction,9,347,text__word__agency,agency,text,0.16193588078022003,0.11407723277807236,0.11407723277807236
case_12,model_disagreement_5,logistic_regression,Logistic Regression,linear_baseline,128,1a253cac8e537423675594be7ce6e3473a15a28f,low,low,supports_prediction,10,8740,text__word__services offered,services offered,text,0.12719954550266266,0.10764487832784653,0.10764487832784653
case_12,model_disagreement_5,logistic_regression,Logistic Regression,linear_baseline,128,1a253cac8e537423675594be7ce6e3473a15a28f,low,low,opposes_prediction,1,11112,text__word__work,work,text,0.11376075446605682,-0.3545815646648407,0.3545815646648407
case_12,model_disagreement_5,logistic_regression,Logistic Regression,linear_baseline,128,1a253cac8e537423675594be7ce6e3473a15a28f,low,low,opposes_prediction,2,15003,categorical__type_Request,Request,type,1.0,-0.25599104166030884,0.25599104166030884
case_12,model_disagreement_5,logistic_regression,Logistic Regression,linear_baseline,128,1a253cac8e537423675594be7ce6e3473a15a28f,low,low,opposes_prediction,3,2700,text__word__develop,develop,text,0.1369413435459137,-0.19150236248970032,0.19150236248970032
case_12,model_disagreement_5,logistic_regression,Logistic Regression,linear_baseline,128,1a253cac8e537423675594be7ce6e3473a15a28f,low,low,opposes_prediction,4,5946,text__word__marketing agency,marketing agency,text,0.1375071108341217,-0.14835596084594727,0.14835596084594727
case_12,model_disagreement_5,logistic_regression,Logistic Regression,linear_baseline,128,1a253cac8e537423675594be7ce6e3473a15a28f,low,low,opposes_prediction,5,2176,text__word__currently,currently,text,0.08535545319318771,-0.14093442261219025,0.14093442261219025
case_12,model_disagreement_5,logistic_regression,Logistic Regression,linear_baseline,128,1a253cac8e537423675594be7ce6e3473a15a28f,low,low,opposes_prediction,6,7764,text__word__reaching,reaching,text,0.07534846663475037,-0.1264767050743103,0.1264767050743103
case_12,model_disagreement_5,logistic_regression,Logistic Regression,linear_baseline,128,1a253cac8e537423675594be7ce6e3473a15a28f,low,low,opposes_prediction,7,4769,text__word__inquiry,inquiry,text,0.08564649522304535,-0.06423865258693695,0.06423865258693695
case_12,model_disagreement_5,logistic_regression,Logistic Regression,linear_baseline,128,1a253cac8e537423675594be7ce6e3473a15a28f,low,low,opposes_prediction,8,2023,text__word__could,could,text,0.046462103724479675,-0.05772458389401436,0.05772458389401436
case_12,model_disagreement_5,logistic_regression,Logistic Regression,linear_baseline,128,1a253cac8e537423675594be7ce6e3473a15a28f,low,low,opposes_prediction,9,7632,text__word__provide detailed,provide detailed,text,0.08538173139095306,-0.05463393032550812,0.05463393032550812
case_12,model_disagreement_5,logistic_regression,Logistic Regression,linear_baseline,128,1a253cac8e537423675594be7ce6e3473a15a28f,low,low,opposes_prediction,10,8739,text__word__services offer,services offer,text,0.12093156576156616,-0.05461480841040611,0.05461480841040611
case_01,unanimous_correct_low,linear_svm,Linear SVM,linear,753,15f7e749ff1aa7e7800283d66efd3a71acbcd8d0,low,low,supports_prediction,1,3273,text__word__environment could,environment could,text,0.1500382274389267,0.1395503431558609,0.1395503431558609
case_01,unanimous_correct_low,linear_svm,Linear SVM,linear,753,15f7e749ff1aa7e7800283d66efd3a71acbcd8d0,low,low,supports_prediction,2,6624,text__word__optimal,optimal,text,0.12103673815727234,0.12866342067718506,0.12866342067718506
case_01,unanimous_correct_low,linear_svm,Linear SVM,linear,753,15f7e749ff1aa7e7800283d66efd3a71acbcd8d0,low,low,supports_prediction,3,4646,text__word__information essential,information essential,text,0.16167062520980835,0.12400486320257187,0.12400486320257187
case_01,unanimous_correct_low,linear_svm,Linear SVM,linear,753,15f7e749ff1aa7e7800283d66efd3a71acbcd8d0,low,low,supports_prediction,4,15007,categorical__queue_Customer Service,Customer Service,queue,1.0,0.1054668053984642,0.1054668053984642
case_01,unanimous_correct_low,linear_svm,Linear SVM,linear,753,15f7e749ff1aa7e7800283d66efd3a71acbcd8d0,low,low,supports_prediction,5,2186,text__word__currently use,currently use,text,0.1597435623407364,0.09895181655883789,0.09895181655883789
case_01,unanimous_correct_low,linear_svm,Linear SVM,linear,753,15f7e749ff1aa7e7800283d66efd3a71acbcd8d0,low,low,supports_prediction,6,4246,text__word__hope message,hope message,text,0.10803131759166718,0.08198584616184235,0.08198584616184235
case_01,unanimous_correct_low,linear_svm,Linear SVM,linear,753,15f7e749ff1aa7e7800283d66efd3a71acbcd8d0,low,low,supports_prediction,7,11599,text__char__ oper,[char]  oper,text,0.0569751039147377,0.029111050069332123,0.029111050069332123
case_01,unanimous_correct_low,linear_svm,Linear SVM,linear,753,15f7e749ff1aa7e7800283d66efd3a71acbcd8d0,low,low,supports_prediction,8,10599,text__word__use,use,text,0.09482020884752274,0.02422359026968479,0.02422359026968479
case_01,unanimous_correct_low,linear_svm,Linear SVM,linear,753,15f7e749ff1aa7e7800283d66efd3a71acbcd8d0,low,low,supports_prediction,9,13819,text__char__opera,[char] opera,text,0.056204043328762054,0.0238985363394022,0.0238985363394022
case_01,unanimous_correct_low,linear_svm,Linear SVM,linear,753,15f7e749ff1aa7e7800283d66efd3a71acbcd8d0,low,low,supports_prediction,10,9175,text__word__specifications,specifications,text,0.12791001796722412,0.0223813708871603,0.0223813708871603
case_01,unanimous_correct_low,linear_svm,Linear SVM,linear,753,15f7e749ff1aa7e7800283d66efd3a71acbcd8d0,low,low,opposes_prediction,1,15003,categorical__type_Request,Request,type,1.0,-0.14124110341072083,0.14124110341072083
case_01,unanimous_correct_low,linear_svm,Linear SVM,linear,753,15f7e749ff1aa7e7800283d66efd3a71acbcd8d0,low,low,opposes_prediction,2,9632,text__word__system compatibility,system compatibility,text,0.14617334306240082,-0.138750359416008,0.138750359416008
case_01,unanimous_correct_low,linear_svm,Linear SVM,linear,753,15f7e749ff1aa7e7800283d66efd3a71acbcd8d0,low,low,opposes_prediction,3,9847,text__word__technical specifications,technical specifications,text,0.15800032019615173,-0.0865982174873352,0.0865982174873352
case_01,unanimous_correct_low,linear_svm,Linear SVM,linear,753,15f7e749ff1aa7e7800283d66efd3a71acbcd8d0,low,low,opposes_prediction,4,252,text__word__additionally would,additionally would,text,0.08370519429445267,-0.06151489168405533,0.06151489168405533
case_01,unanimous_correct_low,linear_svm,Linear SVM,linear,753,15f7e749ff1aa7e7800283d66efd3a71acbcd8d0,low,low,opposes_prediction,5,2176,text__word__currently,currently,text,0.08121998608112335,-0.06142650917172432,0.06142650917172432
case_01,unanimous_correct_low,linear_svm,Linear SVM,linear,753,15f7e749ff1aa7e7800283d66efd3a71acbcd8d0,low,low,opposes_prediction,6,7764,text__word__reaching,reaching,text,0.07169783860445023,-0.05393728241324425,0.05393728241324425
case_01,unanimous_correct_low,linear_svm,Linear SVM,linear,753,15f7e749ff1aa7e7800283d66efd3a71acbcd8d0,low,low,opposes_prediction,7,11145,text__word__would,would,text,0.0714634582400322,-0.048971064388751984,0.048971064388751984
case_01,unanimous_correct_low,linear_svm,Linear SVM,linear,753,15f7e749ff1aa7e7800283d66efd3a71acbcd8d0,low,low,opposes_prediction,8,13817,text__char__ope,[char] ope,text,0.07174885272979736,-0.04249683395028114,0.04249683395028114
case_01,unanimous_correct_low,linear_svm,Linear SVM,linear,753,15f7e749ff1aa7e7800283d66efd3a71acbcd8d0,low,low,opposes_prediction,9,15005,categorical__language_en,en,language,1.0,-0.03479250147938728,0.03479250147938728
case_01,unanimous_correct_low,linear_svm,Linear SVM,linear,753,15f7e749ff1aa7e7800283d66efd3a71acbcd8d0,low,low,opposes_prediction,10,13509,text__char__mpa,[char] mpa,text,0.03907870501279831,-0.03171406686306,0.03171406686306
case_02,unanimous_correct_medium,linear_svm,Linear SVM,linear,22,ee037e0444486ca7203bcbbbf5f4913dbc650aff,medium,medium,supports_prediction,1,4601,text__word__industry would,industry would,text,0.16928048431873322,0.2918601632118225,0.2918601632118225
case_02,unanimous_correct_medium,linear_svm,Linear SVM,linear,22,ee037e0444486ca7203bcbbbf5f4913dbc650aff,medium,medium,supports_prediction,2,2666,text__word__details payment,details payment,text,0.1616174429655075,0.20912767946720123,0.20912767946720123
case_02,unanimous_correct_medium,linear_svm,Linear SVM,linear,22,ee037e0444486ca7203bcbbbf5f4913dbc650aff,medium,medium,supports_prediction,3,251,text__word__additionally please,additionally please,text,0.13390468060970306,0.17682971060276031,0.17682971060276031
case_02,unanimous_correct_medium,linear_svm,Linear SVM,linear,22,ee037e0444486ca7203bcbbbf5f4913dbc650aff,medium,medium,supports_prediction,4,9459,text__word__subscription,subscription,text,0.10892438888549805,0.13979782164096832,0.13979782164096832
case_02,unanimous_correct_medium,linear_svm,Linear SVM,linear,22,ee037e0444486ca7203bcbbbf5f4913dbc650aff,medium,medium,supports_prediction,5,15006,categorical__queue_Billing and Payments,Billing and Payments,queue,1.0,0.12373394519090652,0.12373394519090652
case_02,unanimous_correct_medium,linear_svm,Linear SVM,linear,22,ee037e0444486ca7203bcbbbf5f4913dbc650aff,medium,medium,supports_prediction,6,11084,text__word__within financial,within financial,text,0.14368046820163727,0.10305000096559525,0.10305000096559525
case_02,unanimous_correct_medium,linear_svm,Linear SVM,linear,22,ee037e0444486ca7203bcbbbf5f4913dbc650aff,medium,medium,supports_prediction,7,6700,text__word__organizations,organizations,text,0.14494089782238007,0.0982205867767334,0.0982205867767334
case_02,unanimous_correct_medium,linear_svm,Linear SVM,linear,22,ee037e0444486ca7203bcbbbf5f4913dbc650aff,medium,medium,supports_prediction,8,7720,text__word__quickbooks,quickbooks,text,0.10971610248088837,0.09523157775402069,0.09523157775402069
case_02,unanimous_correct_medium,linear_svm,Linear SVM,linear,22,ee037e0444486ca7203bcbbbf5f4913dbc650aff,medium,medium,supports_prediction,9,9810,text__word__team hope,team hope,text,0.11658740043640137,0.05963971093297005,0.05963971093297005
case_02,unanimous_correct_medium,linear_svm,Linear SVM,linear,22,ee037e0444486ca7203bcbbbf5f4913dbc650aff,medium,medium,supports_prediction,10,6874,text__word__payment,payment,text,0.15703195333480835,0.041352808475494385,0.041352808475494385
case_02,unanimous_correct_medium,linear_svm,Linear SVM,linear,22,ee037e0444486ca7203bcbbbf5f4913dbc650aff,medium,medium,opposes_prediction,1,1256,text__word__billing details,billing details,text,0.13541743159294128,-0.15702472627162933,0.15702472627162933
case_02,unanimous_correct_medium,linear_svm,Linear SVM,linear,22,ee037e0444486ca7203bcbbbf5f4913dbc650aff,medium,medium,opposes_prediction,2,9159,text__word__special,special,text,0.1670544594526291,-0.12390276789665222,0.12390276789665222
case_02,unanimous_correct_medium,linear_svm,Linear SVM,linear,22,ee037e0444486ca7203bcbbbf5f4913dbc650aff,medium,medium,opposes_prediction,3,4598,text__word__industry,industry,text,0.12624166905879974,-0.0932212546467781,0.0932212546467781
case_02,unanimous_correct_medium,linear_svm,Linear SVM,linear,22,ee037e0444486ca7203bcbbbf5f4913dbc650aff,medium,medium,opposes_prediction,4,15003,categorical__type_Request,Request,type,1.0,-0.07356951385736465,0.07356951385736465
case_02,unanimous_correct_medium,linear_svm,Linear SVM,linear,22,ee037e0444486ca7203bcbbbf5f4913dbc650aff,medium,medium,opposes_prediction,5,6591,text__word__online,online,text,0.08066055923700333,-0.0461285263299942,0.0461285263299942
case_02,unanimous_correct_medium,linear_svm,Linear SVM,linear,22,ee037e0444486ca7203bcbbbf5f4913dbc650aff,medium,medium,opposes_prediction,6,5078,text__word__interested understanding,interested understanding,text,0.10195228457450867,-0.04169127345085144,0.04169127345085144
case_02,unanimous_correct_medium,linear_svm,Linear SVM,linear,22,ee037e0444486ca7203bcbbbf5f4913dbc650aff,medium,medium,opposes_prediction,7,15005,categorical__language_en,en,language,1.0,-0.039099257439374924,0.039099257439374924
case_02,unanimous_correct_medium,linear_svm,Linear SVM,linear,22,ee037e0444486ca7203bcbbbf5f4913dbc650aff,medium,medium,opposes_prediction,8,9947,text__word__timelines,timelines,text,0.14368046820163727,-0.0356404110789299,0.0356404110789299
case_02,unanimous_correct_medium,linear_svm,Linear SVM,linear,22,ee037e0444486ca7203bcbbbf5f4913dbc650aff,medium,medium,opposes_prediction,9,13463,text__char__mes,[char] mes,text,0.029829150065779686,-0.0297691710293293,0.0297691710293293
case_02,unanimous_correct_medium,linear_svm,Linear SVM,linear,22,ee037e0444486ca7203bcbbbf5f4913dbc650aff,medium,medium,opposes_prediction,10,8709,text__word__services,services,text,0.07020249962806702,-0.026786459609866142,0.026786459609866142
case_03,unanimous_correct_high,linear_svm,Linear SVM,linear,1,5c1adc7aa2813d400ebf30ac65484e8b7383ede9,high,high,supports_prediction,1,151,text__word__account management,account management,text,0.14956600964069366,0.3355247378349304,0.3355247378349304
case_03,unanimous_correct_high,linear_svm,Linear SVM,linear,1,5c1adc7aa2813d400ebf30ac65484e8b7383ede9,high,high,supports_prediction,2,15015,categorical__queue_Technical Support,Technical Support,queue,1.0,0.31910523772239685,0.31910523772239685
case_03,unanimous_correct_high,linear_svm,Linear SVM,linear,1,5c1adc7aa2813d400ebf30ac65484e8b7383ede9,high,high,supports_prediction,3,10985,text__word__ways,ways,text,0.1328556090593338,0.187156081199646,0.187156081199646
case_03,unanimous_correct_high,linear_svm,Linear SVM,linear,1,5c1adc7aa2813d400ebf30ac65484e8b7383ede9,high,high,supports_prediction,4,5758,text__word__log,log,text,0.1381816864013672,0.09106892347335815,0.09106892347335815
case_03,unanimous_correct_high,linear_svm,Linear SVM,linear,1,5c1adc7aa2813d400ebf30ac65484e8b7383ede9,high,high,supports_prediction,5,2871,text__word__disruption,disruption,text,0.10781589150428772,0.08351224660873413,0.08351224660873413
case_03,unanimous_correct_high,linear_svm,Linear SVM,linear,1,5c1adc7aa2813d400ebf30ac65484e8b7383ede9,high,high,supports_prediction,6,9477,text__word__substantial,substantial,text,0.12590444087982178,0.07454892992973328,0.07454892992973328
case_03,unanimous_correct_high,linear_svm,Linear SVM,linear,1,5c1adc7aa2813d400ebf30ac65484e8b7383ede9,high,high,supports_prediction,7,1576,text__word__centralized account,centralized account,text,0.16996510326862335,0.06971219182014465,0.06971219182014465
case_03,unanimous_correct_high,linear_svm,Linear SVM,linear,1,5c1adc7aa2813d400ebf30ac65484e8b7383ede9,high,high,supports_prediction,8,1575,text__word__centralized,centralized,text,0.1679391860961914,0.06806372851133347,0.06806372851133347
case_03,unanimous_correct_high,linear_svm,Linear SVM,linear,1,5c1adc7aa2813d400ebf30ac65484e8b7383ede9,high,high,supports_prediction,9,6704,text__word__outage,outage,text,0.16992373764514923,0.058626238256692886,0.058626238256692886
case_03,unanimous_correct_high,linear_svm,Linear SVM,linear,1,5c1adc7aa2813d400ebf30ac65484e8b7383ede9,high,high,supports_prediction,10,8910,text__word__significant,significant,text,0.08917856961488724,0.05596375837922096,0.05596375837922096
case_03,unanimous_correct_high,linear_svm,Linear SVM,linear,1,5c1adc7aa2813d400ebf30ac65484e8b7383ede9,high,high,opposes_prediction,1,149,text__word__account,account,text,0.25107795000076294,-0.23421268165111542,0.23421268165111542
case_03,unanimous_correct_high,linear_svm,Linear SVM,linear,1,5c1adc7aa2813d400ebf30ac65484e8b7383ede9,high,high,opposes_prediction,2,15001,categorical__type_Incident,Incident,type,1.0,-0.1450185626745224,0.1450185626745224
case_03,unanimous_correct_high,linear_svm,Linear SVM,linear,1,5c1adc7aa2813d400ebf30ac65484e8b7383ede9,high,high,opposes_prediction,3,458,text__word__alternative,alternative,text,0.13413800299167633,-0.05187026038765907,0.05187026038765907
case_03,unanimous_correct_high,linear_svm,Linear SVM,linear,1,5c1adc7aa2813d400ebf30ac65484e8b7383ede9,high,high,opposes_prediction,4,2717,text__word__devices,devices,text,0.07620551437139511,-0.05023295432329178,0.05023295432329178
case_03,unanimous_correct_high,linear_svm,Linear SVM,linear,1,5c1adc7aa2813d400ebf30ac65484e8b7383ede9,high,high,opposes_prediction,5,12353,text__char__date ,[char] date ,text,0.02925015054643154,-0.031992312520742416,0.031992312520742416
case_03,unanimous_correct_high,linear_svm,Linear SVM,linear,1,5c1adc7aa2813d400ebf30ac65484e8b7383ede9,high,high,opposes_prediction,6,13107,text__char__imes ,[char] imes ,text,0.045345745980739594,-0.03119439259171486,0.03119439259171486
case_03,unanimous_correct_high,linear_svm,Linear SVM,linear,1,5c1adc7aa2813d400ebf30ac65484e8b7383ede9,high,high,opposes_prediction,7,8769,text__word__settings,settings,text,0.07876382768154144,-0.02979310229420662,0.02979310229420662
case_03,unanimous_correct_high,linear_svm,Linear SVM,linear,1,5c1adc7aa2813d400ebf30ac65484e8b7383ede9,high,high,opposes_prediction,8,2039,text__word__could please,could please,text,0.07123596221208572,-0.029655328020453453,0.029655328020453453
case_03,unanimous_correct_high,linear_svm,Linear SVM,linear,1,5c1adc7aa2813d400ebf30ac65484e8b7383ede9,high,high,opposes_prediction,9,13464,text__char__mes ,[char] mes ,text,0.04013776406645775,-0.02902347780764103,0.02902347780764103
case_03,unanimous_correct_high,linear_svm,Linear SVM,linear,1,5c1adc7aa2813d400ebf30ac65484e8b7383ede9,high,high,opposes_prediction,10,2189,text__word__customer,customer,text,0.04827238991856575,-0.026806436479091644,0.026806436479091644
case_04,typical_low_to_medium,linear_svm,Linear SVM,linear,126,890270067c166c047ceda5d45e5e16ea678f5fa8,low,medium,supports_prediction,1,6082,text__word__meet expectations,meet expectations,text,0.15108585357666016,0.23770776391029358,0.23770776391029358
case_04,typical_low_to_medium,linear_svm,Linear SVM,linear,126,890270067c166c047ceda5d45e5e16ea678f5fa8,low,medium,supports_prediction,2,10594,text__word__usb,usb,text,0.13714554905891418,0.10975425690412521,0.10975425690412521
case_04,typical_low_to_medium,linear_svm,Linear SVM,linear,126,890270067c166c047ceda5d45e5e16ea678f5fa8,low,medium,supports_prediction,3,11076,text__word__wireless,wireless,text,0.14670982956886292,0.057119812816381454,0.057119812816381454
case_04,typical_low_to_medium,linear_svm,Linear SVM,linear,126,890270067c166c047ceda5d45e5e16ea678f5fa8,low,medium,supports_prediction,4,15001,categorical__type_Incident,Incident,type,1.0,0.028654715046286583,0.028654715046286583
case_04,typical_low_to_medium,linear_svm,Linear SVM,linear,126,890270067c166c047ceda5d45e5e16ea678f5fa8,low,medium,supports_prediction,5,15012,categorical__queue_Returns and Exchanges,Returns and Exchanges,queue,1.0,0.027785539627075195,0.027785539627075195
case_04,typical_low_to_medium,linear_svm,Linear SVM,linear,126,890270067c166c047ceda5d45e5e16ea678f5fa8,low,medium,supports_prediction,6,7764,text__word__reaching,reaching,text,0.07687466591596603,0.025026675313711166,0.025026675313711166
case_04,typical_low_to_medium,linear_svm,Linear SVM,linear,126,890270067c166c047ceda5d45e5e16ea678f5fa8,low,medium,supports_prediction,7,143,text__word__accessories,accessories,text,0.16940847039222717,0.021481143310666084,0.021481143310666084
case_04,typical_low_to_medium,linear_svm,Linear SVM,linear,126,890270067c166c047ceda5d45e5e16ea678f5fa8,low,medium,supports_prediction,8,12883,text__char__gin,[char] gin,text,0.04648299142718315,0.021080218255519867,0.021080218255519867
case_04,typical_low_to_medium,linear_svm,Linear SVM,linear,126,890270067c166c047ceda5d45e5e16ea678f5fa8,low,medium,supports_prediction,9,12274,text__char__cka,[char] cka,text,0.047009166330099106,0.020290065556764603,0.020290065556764603
case_04,typical_low_to_medium,linear_svm,Linear SVM,linear,126,890270067c166c047ceda5d45e5e16ea678f5fa8,low,medium,supports_prediction,10,14165,text__char__riv,[char] riv,text,0.030991794541478157,0.01942828856408596,0.01942828856408596
case_04,typical_low_to_medium,linear_svm,Linear SVM,linear,126,890270067c166c047ceda5d45e5e16ea678f5fa8,low,medium,opposes_prediction,1,3098,text__word__electronic,electronic,text,0.26092901825904846,-0.2707288861274719,0.2707288861274719
case_04,typical_low_to_medium,linear_svm,Linear SVM,linear,126,890270067c166c047ceda5d45e5e16ea678f5fa8,low,medium,opposes_prediction,2,8262,text__word__return,return,text,0.23791371285915375,-0.0717664510011673,0.0717664510011673
case_04,typical_low_to_medium,linear_svm,Linear SVM,linear,126,890270067c166c047ceda5d45e5e16ea678f5fa8,low,medium,opposes_prediction,3,1737,text__word__come,come,text,0.15672755241394043,-0.060005612671375275,0.060005612671375275
case_04,typical_low_to_medium,linear_svm,Linear SVM,linear,126,890270067c166c047ceda5d45e5e16ea678f5fa8,low,medium,opposes_prediction,4,6222,text__word__minor,minor,text,0.15494351089000702,-0.054401736706495285,0.054401736706495285
case_04,typical_low_to_medium,linear_svm,Linear SVM,linear,126,890270067c166c047ceda5d45e5e16ea678f5fa8,low,medium,opposes_prediction,5,15005,categorical__language_en,en,language,1.0,-0.039099257439374924,0.039099257439374924
case_04,typical_low_to_medium,linear_svm,Linear SVM,linear,126,890270067c166c047ceda5d45e5e16ea678f5fa8,low,medium,opposes_prediction,6,6081,text__word__meet,meet,text,0.10642670094966888,-0.01996077224612236,0.01996077224612236
case_04,typical_low_to_medium,linear_svm,Linear SVM,linear,126,890270067c166c047ceda5d45e5e16ea678f5fa8,low,medium,opposes_prediction,7,13605,text__char__nic,[char] nic,text,0.04565557837486267,-0.019829990342259407,0.019829990342259407
case_04,typical_low_to_medium,linear_svm,Linear SVM,linear,126,890270067c166c047ceda5d45e5e16ea678f5fa8,low,medium,opposes_prediction,8,11077,text__word__wireless mouse,wireless mouse,text,0.18129530549049377,-0.019076500087976456,0.019076500087976456
case_04,typical_low_to_medium,linear_svm,Linear SVM,linear,126,890270067c166c047ceda5d45e5e16ea678f5fa8,low,medium,opposes_prediction,9,14807,text__char__urn,[char] urn,text,0.06265298277139664,-0.016952460631728172,0.016952460631728172
case_04,typical_low_to_medium,linear_svm,Linear SVM,linear,126,890270067c166c047ceda5d45e5e16ea678f5fa8,low,medium,opposes_prediction,10,14068,text__char__rd ,[char] rd ,text,0.019710566848516464,-0.01283528283238411,0.01283528283238411
case_05,typical_high_to_medium,linear_svm,Linear SVM,linear,394,a290262a783ad8b4921aa46b3c337daf9f4dbeb1,high,low,supports_prediction,1,11097,text__word__wohlbehalten schreibe,wohlbehalten schreibe,text,0.15996770560741425,0.11970214545726776,0.11970214545726776
case_05,typical_high_to_medium,linear_svm,Linear SVM,linear,394,a290262a783ad8b4921aa46b3c337daf9f4dbeb1,high,low,supports_prediction,2,15007,categorical__queue_Customer Service,Customer Service,queue,1.0,0.1054668053984642,0.1054668053984642
case_05,typical_high_to_medium,linear_svm,Linear SVM,linear,394,a290262a783ad8b4921aa46b3c337daf9f4dbeb1,high,low,supports_prediction,3,10211,text__word__umfassende,umfassende,text,0.11273083090782166,0.09467855095863342,0.09467855095863342
case_05,typical_high_to_medium,linear_svm,Linear SVM,linear,394,a290262a783ad8b4921aa46b3c337daf9f4dbeb1,high,low,supports_prediction,4,2242,text__word__daran interessiert,daran interessiert,text,0.10937650501728058,0.09288187325000763,0.09288187325000763
case_05,typical_high_to_medium,linear_svm,Linear SVM,linear,394,a290262a783ad8b4921aa46b3c337daf9f4dbeb1,high,low,supports_prediction,5,4782,text__word__insbesondere möchte,insbesondere möchte,text,0.14403851330280304,0.08813638985157013,0.08813638985157013
case_05,typical_high_to_medium,linear_svm,Linear SVM,linear,394,a290262a783ad8b4921aa46b3c337daf9f4dbeb1,high,low,supports_prediction,6,5066,text__word__interessiert mehr,interessiert mehr,text,0.1118335947394371,0.08487942069768906,0.08487942069768906
case_05,typical_high_to_medium,linear_svm,Linear SVM,linear,394,a290262a783ad8b4921aa46b3c337daf9f4dbeb1,high,low,supports_prediction,7,2240,text__word__daran,daran,text,0.09621497988700867,0.06823594868183136,0.06823594868183136
case_05,typical_high_to_medium,linear_svm,Linear SVM,linear,394,a290262a783ad8b4921aa46b3c337daf9f4dbeb1,high,low,supports_prediction,8,5925,text__word__marke,marke,text,0.1155635192990303,0.05619097128510475,0.05619097128510475
case_05,typical_high_to_medium,linear_svm,Linear SVM,linear,394,a290262a783ad8b4921aa46b3c337daf9f4dbeb1,high,low,supports_prediction,9,5531,text__word__kürzlich,kürzlich,text,0.10295882076025009,0.0539071150124073,0.0539071150124073
case_05,typical_high_to_medium,linear_svm,Linear SVM,linear,394,a290262a783ad8b4921aa46b3c337daf9f4dbeb1,high,low,supports_prediction,10,13785,text__char__one,[char] one,text,0.038738273084163666,0.05345986783504486,0.05345986783504486
case_05,typical_high_to_medium,linear_svm,Linear SVM,linear,394,a290262a783ad8b4921aa46b3c337daf9f4dbeb1,high,low,opposes_prediction,1,15003,categorical__type_Request,Request,type,1.0,-0.14124110341072083,0.14124110341072083
case_05,typical_high_to_medium,linear_svm,Linear SVM,linear,394,a290262a783ad8b4921aa46b3c337daf9f4dbeb1,high,low,opposes_prediction,2,3277,text__word__erfahren,erfahren,text,0.14238125085830688,-0.11539576947689056,0.11539576947689056
case_05,typical_high_to_medium,linear_svm,Linear SVM,linear,394,a290262a783ad8b4921aa46b3c337daf9f4dbeb1,high,low,opposes_prediction,3,8505,text__word__schreibe detaillierte,schreibe detaillierte,text,0.15550187230110168,-0.0909993126988411,0.0909993126988411
case_05,typical_high_to_medium,linear_svm,Linear SVM,linear,394,a290262a783ad8b4921aa46b3c337daf9f4dbeb1,high,low,opposes_prediction,4,15004,categorical__language_de,de,language,1.0,-0.07327226549386978,0.07327226549386978
case_05,typical_high_to_medium,linear_svm,Linear SVM,linear,394,a290262a783ad8b4921aa46b3c337daf9f4dbeb1,high,low,opposes_prediction,5,3432,text__word__eventuelle,eventuelle,text,0.13085009157657623,-0.034495092928409576,0.034495092928409576
case_05,typical_high_to_medium,linear_svm,Linear SVM,linear,394,a290262a783ad8b4921aa46b3c337daf9f4dbeb1,high,low,opposes_prediction,6,12154,text__char__bot,[char] bot,text,0.032327715307474136,-0.021745845675468445,0.021745845675468445
case_05,typical_high_to_medium,linear_svm,Linear SVM,linear,394,a290262a783ad8b4921aa46b3c337daf9f4dbeb1,high,low,opposes_prediction,7,12690,text__char__err,[char] err,text,0.02102602645754814,-0.020420866087079048,0.020420866087079048
case_05,typical_high_to_medium,linear_svm,Linear SVM,linear,394,a290262a783ad8b4921aa46b3c337daf9f4dbeb1,high,low,opposes_prediction,8,12487,text__char__ebo,[char] ebo,text,0.026131734251976013,-0.016422707587480545,0.016422707587480545
case_05,typical_high_to_medium,linear_svm,Linear SVM,linear,394,a290262a783ad8b4921aa46b3c337daf9f4dbeb1,high,low,opposes_prediction,9,12659,text__char__eress,[char] eress,text,0.027048464864492416,-0.011099310591816902,0.011099310591816902
case_05,typical_high_to_medium,linear_svm,Linear SVM,linear,394,a290262a783ad8b4921aa46b3c337daf9f4dbeb1,high,low,opposes_prediction,10,13577,text__char__nfor,[char] nfor,text,0.022341864183545113,-0.009676448069512844,0.009676448069512844
case_06,critical_low_to_high,linear_svm,Linear SVM,linear,8,66db6625b564da4549986df74e6db441a323c089,low,high,supports_prediction,1,15015,categorical__queue_Technical Support,Technical Support,queue,1.0,0.31910523772239685,0.31910523772239685
case_06,critical_low_to_high,linear_svm,Linear SVM,linear,8,66db6625b564da4549986df74e6db441a323c089,low,high,supports_prediction,2,7948,text__word__reibungslose integration,reibungslose integration,text,0.16477040946483612,0.17774005234241486,0.17774005234241486
case_06,critical_low_to_high,linear_svm,Linear SVM,linear,8,66db6625b564da4549986df74e6db441a323c089,low,high,supports_prediction,3,15003,categorical__type_Request,Request,type,1.0,0.09067363291978836,0.09067363291978836
case_06,critical_low_to_high,linear_svm,Linear SVM,linear,8,66db6625b564da4549986df74e6db441a323c089,low,high,supports_prediction,4,5450,text__word__komponenten,komponenten,text,0.15320666134357452,0.06966890394687653,0.06966890394687653
case_06,critical_low_to_high,linear_svm,Linear SVM,linear,8,66db6625b564da4549986df74e6db441a323c089,low,high,supports_prediction,5,10761,text__word__verfügbaren,verfügbaren,text,0.10564883053302765,0.04269074648618698,0.04269074648618698
case_06,critical_low_to_high,linear_svm,Linear SVM,linear,8,66db6625b564da4549986df74e6db441a323c089,low,high,supports_prediction,6,3266,text__word__entscheidend,entscheidend,text,0.11758612096309662,0.041869331151247025,0.041869331151247025
case_06,critical_low_to_high,linear_svm,Linear SVM,linear,8,66db6625b564da4549986df74e6db441a323c089,low,high,supports_prediction,7,14539,text__char__tech,[char] tech,text,0.03477667272090912,0.02422202005982399,0.02422202005982399
case_06,critical_low_to_high,linear_svm,Linear SVM,linear,8,66db6625b564da4549986df74e6db441a323c089,low,high,supports_prediction,8,14659,text__char__trukt,[char] trukt,text,0.05036754161119461,0.021075023338198662,0.021075023338198662
case_06,critical_low_to_high,linear_svm,Linear SVM,linear,8,66db6625b564da4549986df74e6db441a323c089,low,high,supports_prediction,9,14751,text__char__uktur,[char] uktur,text,0.05036754161119461,0.021075023338198662,0.021075023338198662
case_06,critical_low_to_high,linear_svm,Linear SVM,linear,8,66db6625b564da4549986df74e6db441a323c089,low,high,supports_prediction,10,14279,text__char__ruktu,[char] ruktu,text,0.05036754161119461,0.021075023338198662,0.021075023338198662
case_06,critical_low_to_high,linear_svm,Linear SVM,linear,8,66db6625b564da4549986df74e6db441a323c089,low,high,opposes_prediction,1,2589,text__word__deren,deren,text,0.11867926269769669,-0.09459394961595535,0.09459394961595535
case_06,critical_low_to_high,linear_svm,Linear SVM,linear,8,66db6625b564da4549986df74e6db441a323c089,low,high,opposes_prediction,2,15004,categorical__language_de,de,language,1.0,-0.0882498174905777,0.0882498174905777
case_06,critical_low_to_high,linear_svm,Linear SVM,linear,8,66db6625b564da4549986df74e6db441a323c089,low,high,opposes_prediction,3,6385,text__word__nehme,nehme,text,0.16066551208496094,-0.07499631494283676,0.07499631494283676
case_06,critical_low_to_high,linear_svm,Linear SVM,linear,8,66db6625b564da4549986df74e6db441a323c089,low,high,opposes_prediction,4,6386,text__word__nehme kontakt,nehme kontakt,text,0.16066551208496094,-0.07499631494283676,0.07499631494283676
case_06,critical_low_to_high,linear_svm,Linear SVM,linear,8,66db6625b564da4549986df74e6db441a323c089,low,high,opposes_prediction,5,5057,text__word__interessieren,interessieren,text,0.12218400090932846,-0.06704248487949371,0.06704248487949371
case_06,critical_low_to_high,linear_svm,Linear SVM,linear,8,66db6625b564da4549986df74e6db441a323c089,low,high,opposes_prediction,6,10211,text__word__umfassende,umfassende,text,0.11198700964450836,-0.06356934458017349,0.06356934458017349
case_06,critical_low_to_high,linear_svm,Linear SVM,linear,8,66db6625b564da4549986df74e6db441a323c089,low,high,opposes_prediction,7,4689,text__word__informationen,informationen,text,0.10637269169092178,-0.06011292710900307,0.06011292710900307
case_06,critical_low_to_high,linear_svm,Linear SVM,linear,8,66db6625b564da4549986df74e6db441a323c089,low,high,opposes_prediction,8,1178,text__word__besonders,besonders,text,0.10051917284727097,-0.047576483339071274,0.047576483339071274
case_06,critical_low_to_high,linear_svm,Linear SVM,linear,8,66db6625b564da4549986df74e6db441a323c089,low,high,opposes_prediction,9,620,text__word__anpassung,anpassung,text,0.12540218234062195,-0.03512214496731758,0.03512214496731758
case_06,critical_low_to_high,linear_svm,Linear SVM,linear,8,66db6625b564da4549986df74e6db441a323c089,low,high,opposes_prediction,10,2635,text__word__details,details,text,0.057931892573833466,-0.028775565326213837,0.028775565326213837
case_07,critical_high_to_low,linear_svm,Linear SVM,linear,3081,4b2afb7f05c9cd9fd85790fdd2db112b4abbc318,high,low,supports_prediction,1,1301,text__word__bitte zusätzliche,bitte zusätzliche,text,0.35136088728904724,0.16978205740451813,0.16978205740451813
case_07,critical_high_to_low,linear_svm,Linear SVM,linear,3081,4b2afb7f05c9cd9fd85790fdd2db112b4abbc318,high,low,supports_prediction,2,15007,categorical__queue_Customer Service,Customer Service,queue,1.0,0.1054668053984642,0.1054668053984642
case_07,critical_high_to_low,linear_svm,Linear SVM,linear,3081,4b2afb7f05c9cd9fd85790fdd2db112b4abbc318,high,low,supports_prediction,3,6034,text__word__mcafee,mcafee,text,0.3354232907295227,0.1013626828789711,0.1013626828789711
case_07,critical_high_to_low,linear_svm,Linear SVM,linear,3081,4b2afb7f05c9cd9fd85790fdd2db112b4abbc318,high,low,supports_prediction,4,5514,text__word__könnten bitte,könnten bitte,text,0.19065983593463898,0.09995311498641968,0.09995311498641968
case_07,critical_high_to_low,linear_svm,Linear SVM,linear,3081,4b2afb7f05c9cd9fd85790fdd2db112b4abbc318,high,low,supports_prediction,5,12783,text__char__fee ,[char] fee ,text,0.09051930159330368,0.0669945478439331,0.0669945478439331
case_07,critical_high_to_low,linear_svm,Linear SVM,linear,3081,4b2afb7f05c9cd9fd85790fdd2db112b4abbc318,high,low,supports_prediction,6,4689,text__word__informationen,informationen,text,0.15427134931087494,0.06688068062067032,0.06688068062067032
case_07,critical_high_to_low,linear_svm,Linear SVM,linear,3081,4b2afb7f05c9cd9fd85790fdd2db112b4abbc318,high,low,supports_prediction,7,1158,text__word__bereitstellen,bereitstellen,text,0.18857869505882263,0.0538843534886837,0.0538843534886837
case_07,critical_high_to_low,linear_svm,Linear SVM,linear,3081,4b2afb7f05c9cd9fd85790fdd2db112b4abbc318,high,low,supports_prediction,8,12782,text__char__fee,[char] fee,text,0.06556061655282974,0.05274584889411926,0.05274584889411926
case_07,critical_high_to_low,linear_svm,Linear SVM,linear,3081,4b2afb7f05c9cd9fd85790fdd2db112b4abbc318,high,low,supports_prediction,9,13785,text__char__one,[char] one,text,0.03647221624851227,0.05001040920615196,0.05001040920615196
case_07,critical_high_to_low,linear_svm,Linear SVM,linear,3081,4b2afb7f05c9cd9fd85790fdd2db112b4abbc318,high,low,supports_prediction,10,11904,text__char__afee ,[char] afee ,text,0.09411002695560455,0.0427398644387722,0.0427398644387722
case_07,critical_high_to_low,linear_svm,Linear SVM,linear,3081,4b2afb7f05c9cd9fd85790fdd2db112b4abbc318,high,low,opposes_prediction,1,15003,categorical__type_Request,Request,type,1.0,-0.14124110341072083,0.14124110341072083
case_07,critical_high_to_low,linear_svm,Linear SVM,linear,3081,4b2afb7f05c9cd9fd85790fdd2db112b4abbc318,high,low,opposes_prediction,2,15004,categorical__language_de,de,language,1.0,-0.07327226549386978,0.07327226549386978
case_07,critical_high_to_low,linear_svm,Linear SVM,linear,3081,4b2afb7f05c9cd9fd85790fdd2db112b4abbc318,high,low,opposes_prediction,3,5770,text__word__logitech,logitech,text,0.3434155583381653,-0.048632510006427765,0.048632510006427765
case_07,critical_high_to_low,linear_svm,Linear SVM,linear,3081,4b2afb7f05c9cd9fd85790fdd2db112b4abbc318,high,low,opposes_prediction,4,9318,text__word__strategien,strategien,text,0.21391677856445312,-0.04711165651679039,0.04711165651679039
case_07,critical_high_to_low,linear_svm,Linear SVM,linear,3081,4b2afb7f05c9cd9fd85790fdd2db112b4abbc318,high,low,opposes_prediction,5,12858,text__char__ge ,[char] ge ,text,0.03409549966454506,-0.020579738542437553,0.020579738542437553
case_07,critical_high_to_low,linear_svm,Linear SVM,linear,3081,4b2afb7f05c9cd9fd85790fdd2db112b4abbc318,high,low,opposes_prediction,6,14056,text__char__rate,[char] rate,text,0.03098306804895401,-0.018169160932302475,0.018169160932302475
case_07,critical_high_to_low,linear_svm,Linear SVM,linear,3081,4b2afb7f05c9cd9fd85790fdd2db112b4abbc318,high,low,opposes_prediction,7,11701,text__char__ str,[char]  str,text,0.034182243049144745,-0.015139227733016014,0.015139227733016014
case_07,critical_high_to_low,linear_svm,Linear SVM,linear,3081,4b2afb7f05c9cd9fd85790fdd2db112b4abbc318,high,low,opposes_prediction,8,14636,text__char__tra,[char] tra,text,0.029526853933930397,-0.014549479819834232,0.014549479819834232
case_07,critical_high_to_low,linear_svm,Linear SVM,linear,3081,4b2afb7f05c9cd9fd85790fdd2db112b4abbc318,high,low,opposes_prediction,9,13577,text__char__nfor,[char] nfor,text,0.026072269305586815,-0.011936142109334469,0.011936142109334469
case_07,critical_high_to_low,linear_svm,Linear SVM,linear,3081,4b2afb7f05c9cd9fd85790fdd2db112b4abbc318,high,low,opposes_prediction,10,14467,text__char__stru,[char] stru,text,0.04941348731517792,-0.011887946166098118,0.011887946166098118
case_08,model_disagreement_1,linear_svm,Linear SVM,linear,13,de1f211d7fb1dd53f830f716d9499d66d3b65ee1,high,medium,supports_prediction,1,8621,text__word__send,send,text,0.1632552593946457,0.21272972226142883,0.21272972226142883
case_08,model_disagreement_1,linear_svm,Linear SVM,linear,13,de1f211d7fb1dd53f830f716d9499d66d3b65ee1,high,medium,supports_prediction,2,11112,text__word__work,work,text,0.11405495554208755,0.1316332370042801,0.1316332370042801
case_08,model_disagreement_1,linear_svm,Linear SVM,linear,13,de1f211d7fb1dd53f830f716d9499d66d3b65ee1,high,medium,supports_prediction,3,4679,text__word__information services,information services,text,0.1344352513551712,0.12184596061706543,0.12184596061706543
case_08,model_disagreement_1,linear_svm,Linear SVM,linear,13,de1f211d7fb1dd53f830f716d9499d66d3b65ee1,high,medium,supports_prediction,4,15011,categorical__queue_Product Support,Product Support,queue,1.0,0.12174424529075623,0.12174424529075623
case_08,model_disagreement_1,linear_svm,Linear SVM,linear,13,de1f211d7fb1dd53f830f716d9499d66d3b65ee1,high,medium,supports_prediction,5,2624,text__word__detailed information,detailed information,text,0.14822213351726532,0.10013178735971451,0.10013178735971451
case_08,model_disagreement_1,linear_svm,Linear SVM,linear,13,de1f211d7fb1dd53f830f716d9499d66d3b65ee1,high,medium,supports_prediction,6,6811,text__word__packages,packages,text,0.1430981606245041,0.09414522349834442,0.09414522349834442
case_08,model_disagreement_1,linear_svm,Linear SVM,linear,13,de1f211d7fb1dd53f830f716d9499d66d3b65ee1,high,medium,supports_prediction,7,9810,text__word__team hope,team hope,text,0.11888162046670914,0.060813307762145996,0.060813307762145996
case_08,model_disagreement_1,linear_svm,Linear SVM,linear,13,de1f211d7fb1dd53f830f716d9499d66d3b65ee1,high,medium,supports_prediction,8,7648,text__word__provided,provided,text,0.10839591920375824,0.05673796311020851,0.05673796311020851
case_08,model_disagreement_1,linear_svm,Linear SVM,linear,13,de1f211d7fb1dd53f830f716d9499d66d3b65ee1,high,medium,supports_prediction,9,5069,text__word__interested,interested,text,0.0743309035897255,0.03373083472251892,0.03373083472251892
case_08,model_disagreement_1,linear_svm,Linear SVM,linear,13,de1f211d7fb1dd53f830f716d9499d66d3b65ee1,high,medium,supports_prediction,10,8746,text__word__services provided,services provided,text,0.14258421957492828,0.032059431076049805,0.032059431076049805
case_08,model_disagreement_1,linear_svm,Linear SVM,linear,13,de1f211d7fb1dd53f830f716d9499d66d3b65ee1,high,medium,opposes_prediction,1,9159,text__word__special,special,text,0.17034175992012024,-0.12634092569351196,0.12634092569351196
case_08,model_disagreement_1,linear_svm,Linear SVM,linear,13,de1f211d7fb1dd53f830f716d9499d66d3b65ee1,high,medium,opposes_prediction,2,9488,text__word__success,success,text,0.10110533982515335,-0.08012379705905914,0.08012379705905914
case_08,model_disagreement_1,linear_svm,Linear SVM,linear,13,de1f211d7fb1dd53f830f716d9499d66d3b65ee1,high,medium,opposes_prediction,3,15003,categorical__type_Request,Request,type,1.0,-0.07356951385736465,0.07356951385736465
case_08,model_disagreement_1,linear_svm,Linear SVM,linear,13,de1f211d7fb1dd53f830f716d9499d66d3b65ee1,high,medium,opposes_prediction,4,1506,text__word__case studies,case studies,text,0.10368707776069641,-0.06642276793718338,0.06642276793718338
case_08,model_disagreement_1,linear_svm,Linear SVM,linear,13,de1f211d7fb1dd53f830f716d9499d66d3b65ee1,high,medium,opposes_prediction,5,9423,text__word__studies,studies,text,0.10368707776069641,-0.06642276793718338,0.06642276793718338
case_08,model_disagreement_1,linear_svm,Linear SVM,linear,13,de1f211d7fb1dd53f830f716d9499d66d3b65ee1,high,medium,opposes_prediction,6,8709,text__word__services,services,text,0.12120215594768524,-0.04860997572541237,0.04860997572541237
case_08,model_disagreement_1,linear_svm,Linear SVM,linear,13,de1f211d7fb1dd53f830f716d9499d66d3b65ee1,high,medium,opposes_prediction,7,8688,text__word__service,service,text,0.07734568417072296,-0.04827471077442169,0.04827471077442169
case_08,model_disagreement_1,linear_svm,Linear SVM,linear,13,de1f211d7fb1dd53f830f716d9499d66d3b65ee1,high,medium,opposes_prediction,8,5078,text__word__interested understanding,interested understanding,text,0.10395850986242294,-0.042516618967056274,0.042516618967056274
case_08,model_disagreement_1,linear_svm,Linear SVM,linear,13,de1f211d7fb1dd53f830f716d9499d66d3b65ee1,high,medium,opposes_prediction,9,15005,categorical__language_en,en,language,1.0,-0.039099257439374924,0.039099257439374924
case_08,model_disagreement_1,linear_svm,Linear SVM,linear,13,de1f211d7fb1dd53f830f716d9499d66d3b65ee1,high,medium,opposes_prediction,10,726,text__word__appreciate could,appreciate could,text,0.0774490162730217,-0.033063918352127075,0.033063918352127075
case_09,model_disagreement_2,linear_svm,Linear SVM,linear,59,c655267a95bf20edad8c0f0eac49d2c7984240c5,low,medium,supports_prediction,1,8895,text__word__sicherheitsvorkehrungen,sicherheitsvorkehrungen,text,0.1643756479024887,0.1617366522550583,0.1617366522550583
case_09,model_disagreement_2,linear_svm,Linear SVM,linear,59,c655267a95bf20edad8c0f0eac49d2c7984240c5,low,medium,supports_prediction,2,3245,text__word__enorm,enorm,text,0.18180273473262787,0.13749203085899353,0.13749203085899353
case_09,model_disagreement_2,linear_svm,Linear SVM,linear,59,c655267a95bf20edad8c0f0eac49d2c7984240c5,low,medium,supports_prediction,3,15007,categorical__queue_Customer Service,Customer Service,queue,1.0,0.05712874233722687,0.05712874233722687
case_09,model_disagreement_2,linear_svm,Linear SVM,linear,59,c655267a95bf20edad8c0f0eac49d2c7984240c5,low,medium,supports_prediction,4,1178,text__word__besonders,besonders,text,0.11238773167133331,0.04963718727231026,0.04963718727231026
case_09,model_disagreement_2,linear_svm,Linear SVM,linear,59,c655267a95bf20edad8c0f0eac49d2c7984240c5,low,medium,supports_prediction,5,4418,text__word__implementierung,implementierung,text,0.11973493546247482,0.0336516834795475,0.0336516834795475
case_09,model_disagreement_2,linear_svm,Linear SVM,linear,59,c655267a95bf20edad8c0f0eac49d2c7984240c5,low,medium,supports_prediction,6,586,text__word__anfrage,anfrage,text,0.09615665674209595,0.03310085088014603,0.03310085088014603
case_09,model_disagreement_2,linear_svm,Linear SVM,linear,59,c655267a95bf20edad8c0f0eac49d2c7984240c5,low,medium,supports_prediction,7,4689,text__word__informationen,informationen,text,0.07024338096380234,0.023662379011511803,0.023662379011511803
case_09,model_disagreement_2,linear_svm,Linear SVM,linear,59,c655267a95bf20edad8c0f0eac49d2c7984240c5,low,medium,supports_prediction,8,14628,text__char__ton,[char] ton,text,0.036681804805994034,0.01790756545960903,0.01790756545960903
case_09,model_disagreement_2,linear_svm,Linear SVM,linear,59,c655267a95bf20edad8c0f0eac49d2c7984240c5,low,medium,supports_prediction,9,13299,text__char__lan,[char] lan,text,0.02330658584833145,0.01697118580341339,0.01697118580341339
case_09,model_disagreement_2,linear_svm,Linear SVM,linear,59,c655267a95bf20edad8c0f0eac49d2c7984240c5,low,medium,supports_prediction,10,14349,text__char__sere,[char] sere,text,0.0353320874273777,0.012301306240260601,0.012301306240260601
case_09,model_disagreement_2,linear_svm,Linear SVM,linear,59,c655267a95bf20edad8c0f0eac49d2c7984240c5,low,medium,opposes_prediction,1,15003,categorical__type_Request,Request,type,1.0,-0.07356951385736465,0.07356951385736465
case_09,model_disagreement_2,linear_svm,Linear SVM,linear,59,c655267a95bf20edad8c0f0eac49d2c7984240c5,low,medium,opposes_prediction,2,474,text__word__analyse,analyse,text,0.1120772734284401,-0.06747777760028839,0.06747777760028839
case_09,model_disagreement_2,linear_svm,Linear SVM,linear,59,c655267a95bf20edad8c0f0eac49d2c7984240c5,low,medium,opposes_prediction,3,13785,text__char__one,[char] one,text,0.03614012897014618,-0.03302312269806862,0.03302312269806862
case_09,model_disagreement_2,linear_svm,Linear SVM,linear,59,c655267a95bf20edad8c0f0eac49d2c7984240c5,low,medium,opposes_prediction,4,13277,text__char__klar,[char] klar,text,0.04247821867465973,-0.03151772916316986,0.03151772916316986
case_09,model_disagreement_2,linear_svm,Linear SVM,linear,59,c655267a95bf20edad8c0f0eac49d2c7984240c5,low,medium,opposes_prediction,5,14539,text__char__tech,[char] tech,text,0.037832677364349365,-0.02997591160237789,0.02997591160237789
case_09,model_disagreement_2,linear_svm,Linear SVM,linear,59,c655267a95bf20edad8c0f0eac49d2c7984240c5,low,medium,opposes_prediction,6,9861,text__word__technische,technische,text,0.11864644289016724,-0.025240128859877586,0.025240128859877586
case_09,model_disagreement_2,linear_svm,Linear SVM,linear,59,c655267a95bf20edad8c0f0eac49d2c7984240c5,low,medium,opposes_prediction,7,14540,text__char__techn,[char] techn,text,0.03830671310424805,-0.024469474330544472,0.024469474330544472
case_09,model_disagreement_2,linear_svm,Linear SVM,linear,59,c655267a95bf20edad8c0f0eac49d2c7984240c5,low,medium,opposes_prediction,8,15004,categorical__language_de,de,language,1.0,-0.023141834884881973,0.023141834884881973
case_09,model_disagreement_2,linear_svm,Linear SVM,linear,59,c655267a95bf20edad8c0f0eac49d2c7984240c5,low,medium,opposes_prediction,9,12009,text__char__ares,[char] ares,text,0.04153325781226158,-0.020917482674121857,0.020917482674121857
case_09,model_disagreement_2,linear_svm,Linear SVM,linear,59,c655267a95bf20edad8c0f0eac49d2c7984240c5,low,medium,opposes_prediction,10,8382,text__word__saas,saas,text,0.10663960874080658,-0.019228214398026466,0.019228214398026466
case_10,model_disagreement_3,linear_svm,Linear SVM,linear,85,818ee361847e8677f2017325b145c997fb136ec4,low,medium,supports_prediction,1,1180,text__word__besonders interessiert,besonders interessiert,text,0.12754222750663757,0.06626543402671814,0.06626543402671814
case_10,model_disagreement_3,linear_svm,Linear SVM,linear,85,818ee361847e8677f2017325b145c997fb136ec4,low,medium,supports_prediction,2,15007,categorical__queue_Customer Service,Customer Service,queue,1.0,0.05712874233722687,0.05712874233722687
case_10,model_disagreement_3,linear_svm,Linear SVM,linear,85,818ee361847e8677f2017325b145c997fb136ec4,low,medium,supports_prediction,3,3768,text__word__firewalls,firewalls,text,0.11135546118021011,0.05088340491056442,0.05088340491056442
case_10,model_disagreement_3,linear_svm,Linear SVM,linear,85,818ee361847e8677f2017325b145c997fb136ec4,low,medium,supports_prediction,4,1178,text__word__besonders,besonders,text,0.1119694709777832,0.049451351165771484,0.049451351165771484
case_10,model_disagreement_3,linear_svm,Linear SVM,linear,85,818ee361847e8677f2017325b145c997fb136ec4,low,medium,supports_prediction,5,7989,text__word__relevante,relevante,text,0.13178421556949615,0.037829846143722534,0.037829846143722534
case_10,model_disagreement_3,linear_svm,Linear SVM,linear,85,818ee361847e8677f2017325b145c997fb136ec4,low,medium,supports_prediction,6,586,text__word__anfrage,anfrage,text,0.0957987979054451,0.03297451138496399,0.03297451138496399
case_10,model_disagreement_3,linear_svm,Linear SVM,linear,85,818ee361847e8677f2017325b145c997fb136ec4,low,medium,supports_prediction,7,14973,text__char__ähigk,[char] ähigk,text,0.027484698221087456,0.028078554198145866,0.028078554198145866
case_10,model_disagreement_3,linear_svm,Linear SVM,linear,85,818ee361847e8677f2017325b145c997fb136ec4,low,medium,supports_prediction,8,12967,text__char__higk,[char] higk,text,0.027484698221087456,0.028078554198145866,0.028078554198145866
case_10,model_disagreement_3,linear_svm,Linear SVM,linear,85,818ee361847e8677f2017325b145c997fb136ec4,low,medium,supports_prediction,9,12968,text__char__higke,[char] higke,text,0.027484698221087456,0.028078554198145866,0.028078554198145866
case_10,model_disagreement_3,linear_svm,Linear SVM,linear,85,818ee361847e8677f2017325b145c997fb136ec4,low,medium,supports_prediction,10,3898,text__word__fähigkeiten,fähigkeiten,text,0.13349281251430511,0.02518286742269993,0.02518286742269993
case_10,model_disagreement_3,linear_svm,Linear SVM,linear,85,818ee361847e8677f2017325b145c997fb136ec4,low,medium,opposes_prediction,1,11096,text__word__wohlauf,wohlauf,text,0.186275914311409,-0.1320415586233139,0.1320415586233139
case_10,model_disagreement_3,linear_svm,Linear SVM,linear,85,818ee361847e8677f2017325b145c997fb136ec4,low,medium,opposes_prediction,2,15003,categorical__type_Request,Request,type,1.0,-0.07356951385736465,0.07356951385736465
case_10,model_disagreement_3,linear_svm,Linear SVM,linear,85,818ee361847e8677f2017325b145c997fb136ec4,low,medium,opposes_prediction,3,14539,text__char__tech,[char] tech,text,0.04136372730135918,-0.03282439708709717,0.03282439708709717
case_10,model_disagreement_3,linear_svm,Linear SVM,linear,85,818ee361847e8677f2017325b145c997fb136ec4,low,medium,opposes_prediction,4,13785,text__char__one,[char] one,text,0.0318790040910244,-0.028696248307824135,0.028696248307824135
case_10,model_disagreement_3,linear_svm,Linear SVM,linear,85,818ee361847e8677f2017325b145c997fb136ec4,low,medium,opposes_prediction,5,14540,text__char__techn,[char] techn,text,0.04188200458884239,-0.02679470367729664,0.02679470367729664
case_10,model_disagreement_3,linear_svm,Linear SVM,linear,85,818ee361847e8677f2017325b145c997fb136ec4,low,medium,opposes_prediction,6,15004,categorical__language_de,de,language,1.0,-0.023141834884881973,0.023141834884881973
case_10,model_disagreement_3,linear_svm,Linear SVM,linear,85,818ee361847e8677f2017325b145c997fb136ec4,low,medium,opposes_prediction,7,5058,text__word__interessiert,interessiert,text,0.09517145901918411,-0.022397663444280624,0.022397663444280624
case_10,model_disagreement_3,linear_svm,Linear SVM,linear,85,818ee361847e8677f2017325b145c997fb136ec4,low,medium,opposes_prediction,8,14143,text__char__ric,[char] ric,text,0.03883779048919678,-0.0222474355250597,0.0222474355250597
case_10,model_disagreement_3,linear_svm,Linear SVM,linear,85,818ee361847e8677f2017325b145c997fb136ec4,low,medium,opposes_prediction,9,12252,text__char__chnik,[char] chnik,text,0.03139493986964226,-0.020554710179567337,0.020554710179567337
case_10,model_disagreement_3,linear_svm,Linear SVM,linear,85,818ee361847e8677f2017325b145c997fb136ec4,low,medium,opposes_prediction,10,12982,text__char__hnik,[char] hnik,text,0.03139493986964226,-0.020554710179567337,0.020554710179567337
case_11,model_disagreement_4,linear_svm,Linear SVM,linear,98,2b8de51a7c4e30bce5c04433674e788ab51bc409,high,low,supports_prediction,1,1142,text__word__benötigte,benötigte,text,0.14193277060985565,0.1675950437784195,0.1675950437784195
case_11,model_disagreement_4,linear_svm,Linear SVM,linear,98,2b8de51a7c4e30bce5c04433674e788ab51bc409,high,low,supports_prediction,2,6148,text__word__methoden,methoden,text,0.11785285919904709,0.15637142956256866,0.15637142956256866
case_11,model_disagreement_4,linear_svm,Linear SVM,linear,98,2b8de51a7c4e30bce5c04433674e788ab51bc409,high,low,supports_prediction,3,623,text__word__ansatz,ansatz,text,0.1411767452955246,0.12511222064495087,0.12511222064495087
case_11,model_disagreement_4,linear_svm,Linear SVM,linear,98,2b8de51a7c4e30bce5c04433674e788ab51bc409,high,low,supports_prediction,4,5986,text__word__marketingmaßnahmen,marketingmaßnahmen,text,0.16318459808826447,0.12152804434299469,0.12152804434299469
case_11,model_disagreement_4,linear_svm,Linear SVM,linear,98,2b8de51a7c4e30bce5c04433674e788ab51bc409,high,low,supports_prediction,5,9833,text__word__teams,teams,text,0.11137894541025162,0.10971159487962723,0.10971159487962723
case_11,model_disagreement_4,linear_svm,Linear SVM,linear,98,2b8de51a7c4e30bce5c04433674e788ab51bc409,high,low,supports_prediction,6,91,text__word__abteilungen,abteilungen,text,0.17305009067058563,0.05301913991570473,0.05301913991570473
case_11,model_disagreement_4,linear_svm,Linear SVM,linear,98,2b8de51a7c4e30bce5c04433674e788ab51bc409,high,low,supports_prediction,7,5438,text__word__kommunikation,kommunikation,text,0.14875032007694244,0.05081072077155113,0.05081072077155113
case_11,model_disagreement_4,linear_svm,Linear SVM,linear,98,2b8de51a7c4e30bce5c04433674e788ab51bc409,high,low,supports_prediction,8,5514,text__word__könnten bitte,könnten bitte,text,0.08455201238393784,0.043257325887680054,0.043257325887680054
case_11,model_disagreement_4,linear_svm,Linear SVM,linear,98,2b8de51a7c4e30bce5c04433674e788ab51bc409,high,low,supports_prediction,9,13119,text__char__inati,[char] inati,text,0.03978491947054863,0.0293849129229784,0.0293849129229784
case_11,model_disagreement_4,linear_svm,Linear SVM,linear,98,2b8de51a7c4e30bce5c04433674e788ab51bc409,high,low,supports_prediction,10,13118,text__char__inat,[char] inat,text,0.035377200692892075,0.025719277560710907,0.025719277560710907
case_11,model_disagreement_4,linear_svm,Linear SVM,linear,98,2b8de51a7c4e30bce5c04433674e788ab51bc409,high,low,opposes_prediction,1,15003,categorical__type_Request,Request,type,1.0,-0.14124110341072083,0.14124110341072083
case_11,model_disagreement_4,linear_svm,Linear SVM,linear,98,2b8de51a7c4e30bce5c04433674e788ab51bc409,high,low,opposes_prediction,2,15011,categorical__queue_Product Support,Product Support,queue,1.0,-0.13051581382751465,0.13051581382751465
case_11,model_disagreement_4,linear_svm,Linear SVM,linear,98,2b8de51a7c4e30bce5c04433674e788ab51bc409,high,low,opposes_prediction,3,8329,text__word__roi,roi,text,0.17942948639392853,-0.10429183393716812,0.10429183393716812
case_11,model_disagreement_4,linear_svm,Linear SVM,linear,98,2b8de51a7c4e30bce5c04433674e788ab51bc409,high,low,opposes_prediction,4,15004,categorical__language_de,de,language,1.0,-0.07327226549386978,0.07327226549386978
case_11,model_disagreement_4,linear_svm,Linear SVM,linear,98,2b8de51a7c4e30bce5c04433674e788ab51bc409,high,low,opposes_prediction,5,14815,text__char__usf,[char] usf,text,0.025822555646300316,-0.024257242679595947,0.024257242679595947
case_11,model_disagreement_4,linear_svm,Linear SVM,linear,98,2b8de51a7c4e30bce5c04433674e788ab51bc409,high,low,opposes_prediction,6,5944,text__word__marketing,marketing,text,0.10422743111848831,-0.023804115131497383,0.023804115131497383
case_11,model_disagreement_4,linear_svm,Linear SVM,linear,98,2b8de51a7c4e30bce5c04433674e788ab51bc409,high,low,opposes_prediction,7,12308,text__char__cre,[char] cre,text,0.018890302628278732,-0.023277267813682556,0.023277267813682556
case_11,model_disagreement_4,linear_svm,Linear SVM,linear,98,2b8de51a7c4e30bce5c04433674e788ab51bc409,high,low,opposes_prediction,8,12084,text__char__ausf,[char] ausf,text,0.025840554386377335,-0.022741099819540977,0.022741099819540977
case_11,model_disagreement_4,linear_svm,Linear SVM,linear,98,2b8de51a7c4e30bce5c04433674e788ab51bc409,high,low,opposes_prediction,9,6626,text__word__optimierung,optimierung,text,0.08990909904241562,-0.020764481276273727,0.020764481276273727
case_11,model_disagreement_4,linear_svm,Linear SVM,linear,98,2b8de51a7c4e30bce5c04433674e788ab51bc409,high,low,opposes_prediction,10,9318,text__word__strategien,strategien,text,0.09486577659845352,-0.020729457959532738,0.020729457959532738
case_12,model_disagreement_5,linear_svm,Linear SVM,linear,128,1a253cac8e537423675594be7ce6e3473a15a28f,low,medium,supports_prediction,1,11112,text__word__work,work,text,0.11376075446605682,0.1312887817621231,0.1312887817621231
case_12,model_disagreement_5,linear_svm,Linear SVM,linear,128,1a253cac8e537423675594be7ce6e3473a15a28f,low,medium,supports_prediction,2,6520,text__word__objectives,objectives,text,0.12839381396770477,0.11270023137331009,0.11270023137331009
case_12,model_disagreement_5,linear_svm,Linear SVM,linear,128,1a253cac8e537423675594be7ce6e3473a15a28f,low,medium,supports_prediction,3,5547,text__word__landscape,landscape,text,0.16283415257930756,0.07863037288188934,0.07863037288188934
case_12,model_disagreement_5,linear_svm,Linear SVM,linear,128,1a253cac8e537423675594be7ce6e3473a15a28f,low,medium,supports_prediction,4,15013,categorical__queue_Sales and Pre-Sales,Sales and Pre-Sales,queue,1.0,0.07012514770030975,0.07012514770030975
case_12,model_disagreement_5,linear_svm,Linear SVM,linear,128,1a253cac8e537423675594be7ce6e3473a15a28f,low,medium,supports_prediction,5,9810,text__word__team hope,team hope,text,0.11857496947050095,0.06065644323825836,0.06065644323825836
case_12,model_disagreement_5,linear_svm,Linear SVM,linear,128,1a253cac8e537423675594be7ce6e3473a15a28f,low,medium,supports_prediction,6,2624,text__word__detailed information,detailed information,text,0.08731656521558762,0.05808074399828911,0.05808074399828911
case_12,model_disagreement_5,linear_svm,Linear SVM,linear,128,1a253cac8e537423675594be7ce6e3473a15a28f,low,medium,supports_prediction,7,5946,text__word__marketing agency,marketing agency,text,0.1375071108341217,0.04732435569167137,0.04732435569167137
case_12,model_disagreement_5,linear_svm,Linear SVM,linear,128,1a253cac8e537423675594be7ce6e3473a15a28f,low,medium,supports_prediction,8,8740,text__word__services offered,services offered,text,0.12719954550266266,0.036232396960258484,0.036232396960258484
case_12,model_disagreement_5,linear_svm,Linear SVM,linear,128,1a253cac8e537423675594be7ce6e3473a15a28f,low,medium,supports_prediction,9,6558,text__word__offer,offer,text,0.08225786685943604,0.035069115459918976,0.035069115459918976
case_12,model_disagreement_5,linear_svm,Linear SVM,linear,128,1a253cac8e537423675594be7ce6e3473a15a28f,low,medium,supports_prediction,10,347,text__word__agency,agency,text,0.16193588078022003,0.03472893312573433,0.03472893312573433
case_12,model_disagreement_5,linear_svm,Linear SVM,linear,128,1a253cac8e537423675594be7ce6e3473a15a28f,low,medium,opposes_prediction,1,3031,text__word__effective marketing,effective marketing,text,0.1588430106639862,-0.1336611807346344,0.1336611807346344
case_12,model_disagreement_5,linear_svm,Linear SVM,linear,128,1a253cac8e537423675594be7ce6e3473a15a28f,low,medium,opposes_prediction,2,4598,text__word__industry,industry,text,0.12839381396770477,-0.09481047093868256,0.09481047093868256
case_12,model_disagreement_5,linear_svm,Linear SVM,linear,128,1a253cac8e537423675594be7ce6e3473a15a28f,low,medium,opposes_prediction,3,7765,text__word__reaching inquire,reaching inquire,text,0.09012991189956665,-0.08175491541624069,0.08175491541624069
case_12,model_disagreement_5,linear_svm,Linear SVM,linear,128,1a253cac8e537423675594be7ce6e3473a15a28f,low,medium,opposes_prediction,4,6567,text__word__offered,offered,text,0.10872657597064972,-0.07431205362081528,0.07431205362081528
case_12,model_disagreement_5,linear_svm,Linear SVM,linear,128,1a253cac8e537423675594be7ce6e3473a15a28f,low,medium,opposes_prediction,5,15003,categorical__type_Request,Request,type,1.0,-0.07356951385736465,0.07356951385736465
case_12,model_disagreement_5,linear_svm,Linear SVM,linear,128,1a253cac8e537423675594be7ce6e3473a15a28f,low,medium,opposes_prediction,6,4019,text__word__given,given,text,0.13772600889205933,-0.06824537366628647,0.06824537366628647
case_12,model_disagreement_5,linear_svm,Linear SVM,linear,128,1a253cac8e537423675594be7ce6e3473a15a28f,low,medium,opposes_prediction,7,8709,text__word__services,services,text,0.14983946084976196,-0.06086430326104164,0.06086430326104164
case_12,model_disagreement_5,linear_svm,Linear SVM,linear,128,1a253cac8e537423675594be7ce6e3473a15a28f,low,medium,opposes_prediction,8,9329,text__word__strategies,strategies,text,0.10959064960479736,-0.05460074543952942,0.05460074543952942
case_12,model_disagreement_5,linear_svm,Linear SVM,linear,128,1a253cac8e537423675594be7ce6e3473a15a28f,low,medium,opposes_prediction,9,15005,categorical__language_en,en,language,1.0,-0.039099257439374924,0.039099257439374924
case_12,model_disagreement_5,linear_svm,Linear SVM,linear,128,1a253cac8e537423675594be7ce6e3473a15a28f,low,medium,opposes_prediction,10,13463,text__char__mes,[char] mes,text,0.03121478110551834,-0.03124046139419079,0.03124046139419079
case_01,unanimous_correct_low,complement_naive_bayes,Complement Naive Bayes,naive_bayes,753,15f7e749ff1aa7e7800283d66efd3a71acbcd8d0,low,low,supports_prediction,1,15007,categorical__queue_Customer Service,Customer Service,queue,1.0,3.8318710327148438,3.8318710327148438
case_01,unanimous_correct_low,complement_naive_bayes,Complement Naive Bayes,naive_bayes,753,15f7e749ff1aa7e7800283d66efd3a71acbcd8d0,low,low,supports_prediction,2,15003,categorical__type_Request,Request,type,1.0,2.622065305709839,2.622065305709839
case_01,unanimous_correct_low,complement_naive_bayes,Complement Naive Bayes,naive_bayes,753,15f7e749ff1aa7e7800283d66efd3a71acbcd8d0,low,low,supports_prediction,3,4646,text__word__information essential,information essential,text,0.16167062520980835,1.9988011121749878,1.9988011121749878
case_01,unanimous_correct_low,complement_naive_bayes,Complement Naive Bayes,naive_bayes,753,15f7e749ff1aa7e7800283d66efd3a71acbcd8d0,low,low,supports_prediction,4,2186,text__word__currently use,currently use,text,0.1597435623407364,1.9933476448059082,1.9933476448059082
case_01,unanimous_correct_low,complement_naive_bayes,Complement Naive Bayes,naive_bayes,753,15f7e749ff1aa7e7800283d66efd3a71acbcd8d0,low,low,supports_prediction,5,983,text__word__aware additionally,aware additionally,text,0.15800032019615173,1.856723427772522,1.856723427772522
case_01,unanimous_correct_low,complement_naive_bayes,Complement Naive Bayes,naive_bayes,753,15f7e749ff1aa7e7800283d66efd3a71acbcd8d0,low,low,supports_prediction,6,9847,text__word__technical specifications,technical specifications,text,0.15800032019615173,1.8294705152511597,1.8294705152511597
case_01,unanimous_correct_low,complement_naive_bayes,Complement Naive Bayes,naive_bayes,753,15f7e749ff1aa7e7800283d66efd3a71acbcd8d0,low,low,supports_prediction,7,3273,text__word__environment could,environment could,text,0.1500382274389267,1.745766282081604,1.745766282081604
case_01,unanimous_correct_low,complement_naive_bayes,Complement Naive Bayes,naive_bayes,753,15f7e749ff1aa7e7800283d66efd3a71acbcd8d0,low,low,supports_prediction,8,9632,text__word__system compatibility,system compatibility,text,0.14617334306240082,1.583967924118042,1.583967924118042
case_01,unanimous_correct_low,complement_naive_bayes,Complement Naive Bayes,naive_bayes,753,15f7e749ff1aa7e7800283d66efd3a71acbcd8d0,low,low,supports_prediction,9,9175,text__word__specifications,specifications,text,0.12791001796722412,1.296725869178772,1.296725869178772
case_01,unanimous_correct_low,complement_naive_bayes,Complement Naive Bayes,naive_bayes,753,15f7e749ff1aa7e7800283d66efd3a71acbcd8d0,low,low,supports_prediction,10,6624,text__word__optimal,optimal,text,0.12103673815727234,1.211618185043335,1.211618185043335
case_02,unanimous_correct_medium,complement_naive_bayes,Complement Naive Bayes,naive_bayes,22,ee037e0444486ca7203bcbbbf5f4913dbc650aff,medium,medium,supports_prediction,1,15006,categorical__queue_Billing and Payments,Billing and Payments,queue,1.0,4.4300456047058105,4.4300456047058105
case_02,unanimous_correct_medium,complement_naive_bayes,Complement Naive Bayes,naive_bayes,22,ee037e0444486ca7203bcbbbf5f4913dbc650aff,medium,medium,supports_prediction,2,15003,categorical__type_Request,Request,type,1.0,2.632634162902832,2.632634162902832
case_02,unanimous_correct_medium,complement_naive_bayes,Complement Naive Bayes,naive_bayes,22,ee037e0444486ca7203bcbbbf5f4913dbc650aff,medium,medium,supports_prediction,3,4601,text__word__industry would,industry would,text,0.16928048431873322,2.27070951461792,2.27070951461792
case_02,unanimous_correct_medium,complement_naive_bayes,Complement Naive Bayes,naive_bayes,22,ee037e0444486ca7203bcbbbf5f4913dbc650aff,medium,medium,supports_prediction,4,2666,text__word__details payment,details payment,text,0.1616174429655075,2.1316893100738525,2.1316893100738525
case_02,unanimous_correct_medium,complement_naive_bayes,Complement Naive Bayes,naive_bayes,22,ee037e0444486ca7203bcbbbf5f4913dbc650aff,medium,medium,supports_prediction,5,9159,text__word__special,special,text,0.1670544594526291,1.934324026107788,1.934324026107788
case_02,unanimous_correct_medium,complement_naive_bayes,Complement Naive Bayes,naive_bayes,22,ee037e0444486ca7203bcbbbf5f4913dbc650aff,medium,medium,supports_prediction,6,9421,text__word__structures,structures,text,0.16010470688343048,1.8618226051330566,1.8618226051330566
case_02,unanimous_correct_medium,complement_naive_bayes,Complement Naive Bayes,naive_bayes,22,ee037e0444486ca7203bcbbbf5f4913dbc650aff,medium,medium,supports_prediction,7,6700,text__word__organizations,organizations,text,0.14494089782238007,1.6557096242904663,1.6557096242904663
case_02,unanimous_correct_medium,complement_naive_bayes,Complement Naive Bayes,naive_bayes,22,ee037e0444486ca7203bcbbbf5f4913dbc650aff,medium,medium,supports_prediction,8,11084,text__word__within financial,within financial,text,0.14368046820163727,1.6085128784179688,1.6085128784179688
case_02,unanimous_correct_medium,complement_naive_bayes,Complement Naive Bayes,naive_bayes,22,ee037e0444486ca7203bcbbbf5f4913dbc650aff,medium,medium,supports_prediction,9,9947,text__word__timelines,timelines,text,0.14368046820163727,1.5116809606552124,1.5116809606552124
case_02,unanimous_correct_medium,complement_naive_bayes,Complement Naive Bayes,naive_bayes,22,ee037e0444486ca7203bcbbbf5f4913dbc650aff,medium,medium,supports_prediction,10,251,text__word__additionally please,additionally please,text,0.13390468060970306,1.4600270986557007,1.4600270986557007
case_02,unanimous_correct_medium,complement_naive_bayes,Complement Naive Bayes,naive_bayes,22,ee037e0444486ca7203bcbbbf5f4913dbc650aff,medium,medium,opposes_prediction,1,14448,text__char__ste,[char] ste,text,0.011633984744548798,-0.02059214934706688,0.02059214934706688
case_03,unanimous_correct_high,complement_naive_bayes,Complement Naive Bayes,naive_bayes,1,5c1adc7aa2813d400ebf30ac65484e8b7383ede9,high,high,supports_prediction,1,15015,categorical__queue_Technical Support,Technical Support,queue,1.0,2.47330379486084,2.47330379486084
case_03,unanimous_correct_high,complement_naive_bayes,Complement Naive Bayes,naive_bayes,1,5c1adc7aa2813d400ebf30ac65484e8b7383ede9,high,high,supports_prediction,2,1576,text__word__centralized account,centralized account,text,0.16996510326862335,2.1675362586975098,2.1675362586975098
case_03,unanimous_correct_high,complement_naive_bayes,Complement Naive Bayes,naive_bayes,1,5c1adc7aa2813d400ebf30ac65484e8b7383ede9,high,high,supports_prediction,3,149,text__word__account,account,text,0.25107795000076294,2.1502609252929688,2.1502609252929688
case_03,unanimous_correct_high,complement_naive_bayes,Complement Naive Bayes,naive_bayes,1,5c1adc7aa2813d400ebf30ac65484e8b7383ede9,high,high,supports_prediction,4,1575,text__word__centralized,centralized,text,0.1679391860961914,2.1434481143951416,2.1434481143951416
case_03,unanimous_correct_high,complement_naive_bayes,Complement Naive Bayes,naive_bayes,1,5c1adc7aa2813d400ebf30ac65484e8b7383ede9,high,high,supports_prediction,5,8923,text__word__significant problem,significant problem,text,0.16146928071975708,2.0030517578125,2.0030517578125
case_03,unanimous_correct_high,complement_naive_bayes,Complement Naive Bayes,naive_bayes,1,5c1adc7aa2813d400ebf30ac65484e8b7383ede9,high,high,supports_prediction,6,10658,text__word__using different,using different,text,0.1679391860961914,1.9512358903884888,1.9512358903884888
case_03,unanimous_correct_high,complement_naive_bayes,Complement Naive Bayes,naive_bayes,1,5c1adc7aa2813d400ebf30ac65484e8b7383ede9,high,high,supports_prediction,7,8017,text__word__report significant,report significant,text,0.16146928071975708,1.9346065521240234,1.9346065521240234
case_03,unanimous_correct_high,complement_naive_bayes,Complement Naive Bayes,naive_bayes,1,5c1adc7aa2813d400ebf30ac65484e8b7383ede9,high,high,supports_prediction,8,15001,categorical__type_Incident,Incident,type,1.0,1.9069674015045166,1.9069674015045166
case_03,unanimous_correct_high,complement_naive_bayes,Complement Naive Bayes,naive_bayes,1,5c1adc7aa2813d400ebf30ac65484e8b7383ede9,high,high,supports_prediction,9,151,text__word__account management,account management,text,0.14956600964069366,1.7263190746307373,1.7263190746307373
case_03,unanimous_correct_high,complement_naive_bayes,Complement Naive Bayes,naive_bayes,1,5c1adc7aa2813d400ebf30ac65484e8b7383ede9,high,high,supports_prediction,10,7106,text__word__portal,portal,text,0.1577359139919281,1.69588041305542,1.69588041305542
case_04,typical_low_to_medium,complement_naive_bayes,Complement Naive Bayes,naive_bayes,126,890270067c166c047ceda5d45e5e16ea678f5fa8,low,medium,supports_prediction,1,15012,categorical__queue_Returns and Exchanges,Returns and Exchanges,queue,1.0,4.965012073516846,4.965012073516846
case_04,typical_low_to_medium,complement_naive_bayes,Complement Naive Bayes,naive_bayes,126,890270067c166c047ceda5d45e5e16ea678f5fa8,low,medium,supports_prediction,2,3098,text__word__electronic,electronic,text,0.26092901825904846,2.837714672088623,2.837714672088623
case_04,typical_low_to_medium,complement_naive_bayes,Complement Naive Bayes,naive_bayes,126,890270067c166c047ceda5d45e5e16ea678f5fa8,low,medium,supports_prediction,3,8262,text__word__return,return,text,0.23791371285915375,2.384859800338745,2.384859800338745
case_04,typical_low_to_medium,complement_naive_bayes,Complement Naive Bayes,naive_bayes,126,890270067c166c047ceda5d45e5e16ea678f5fa8,low,medium,supports_prediction,4,11077,text__word__wireless mouse,wireless mouse,text,0.18129530549049377,2.2940621376037598,2.2940621376037598
case_04,typical_low_to_medium,complement_naive_bayes,Complement Naive Bayes,naive_bayes,126,890270067c166c047ceda5d45e5e16ea678f5fa8,low,medium,supports_prediction,5,1762,text__word__compatibility concerns,compatibility concerns,text,0.166132390499115,2.0285494327545166,2.0285494327545166
case_04,typical_low_to_medium,complement_naive_bayes,Complement Naive Bayes,naive_bayes,126,890270067c166c047ceda5d45e5e16ea678f5fa8,low,medium,supports_prediction,6,143,text__word__accessories,accessories,text,0.16940847039222717,1.9833016395568848,1.9833016395568848
case_04,typical_low_to_medium,complement_naive_bayes,Complement Naive Bayes,naive_bayes,126,890270067c166c047ceda5d45e5e16ea678f5fa8,low,medium,supports_prediction,7,15001,categorical__type_Incident,Incident,type,1.0,1.8655250072479248,1.8655250072479248
case_04,typical_low_to_medium,complement_naive_bayes,Complement Naive Bayes,naive_bayes,126,890270067c166c047ceda5d45e5e16ea678f5fa8,low,medium,supports_prediction,8,6082,text__word__meet expectations,meet expectations,text,0.15108585357666016,1.7575900554656982,1.7575900554656982
case_04,typical_low_to_medium,complement_naive_bayes,Complement Naive Bayes,naive_bayes,126,890270067c166c047ceda5d45e5e16ea678f5fa8,low,medium,supports_prediction,9,6222,text__word__minor,minor,text,0.15494351089000702,1.6943963766098022,1.6943963766098022
case_04,typical_low_to_medium,complement_naive_bayes,Complement Naive Bayes,naive_bayes,126,890270067c166c047ceda5d45e5e16ea678f5fa8,low,medium,supports_prediction,10,1737,text__word__come,come,text,0.15672755241394043,1.6472176313400269,1.6472176313400269
case_05,typical_high_to_medium,complement_naive_bayes,Complement Naive Bayes,naive_bayes,394,a290262a783ad8b4921aa46b3c337daf9f4dbeb1,high,low,supports_prediction,1,15007,categorical__queue_Customer Service,Customer Service,queue,1.0,3.8318710327148438,3.8318710327148438
case_05,typical_high_to_medium,complement_naive_bayes,Complement Naive Bayes,naive_bayes,394,a290262a783ad8b4921aa46b3c337daf9f4dbeb1,high,low,supports_prediction,2,15003,categorical__type_Request,Request,type,1.0,2.622065305709839,2.622065305709839
case_05,typical_high_to_medium,complement_naive_bayes,Complement Naive Bayes,naive_bayes,394,a290262a783ad8b4921aa46b3c337daf9f4dbeb1,high,low,supports_prediction,3,15004,categorical__language_de,de,language,1.0,2.206789970397949,2.206789970397949
case_05,typical_high_to_medium,complement_naive_bayes,Complement Naive Bayes,naive_bayes,394,a290262a783ad8b4921aa46b3c337daf9f4dbeb1,high,low,supports_prediction,4,11097,text__word__wohlbehalten schreibe,wohlbehalten schreibe,text,0.15996770560741425,1.9319120645523071,1.9319120645523071
case_05,typical_high_to_medium,complement_naive_bayes,Complement Naive Bayes,naive_bayes,394,a290262a783ad8b4921aa46b3c337daf9f4dbeb1,high,low,supports_prediction,5,8505,text__word__schreibe detaillierte,schreibe detaillierte,text,0.15550187230110168,1.765939474105835,1.765939474105835
case_05,typical_high_to_medium,complement_naive_bayes,Complement Naive Bayes,naive_bayes,394,a290262a783ad8b4921aa46b3c337daf9f4dbeb1,high,low,supports_prediction,6,4782,text__word__insbesondere möchte,insbesondere möchte,text,0.14403851330280304,1.5933785438537598,1.5933785438537598
case_05,typical_high_to_medium,complement_naive_bayes,Complement Naive Bayes,naive_bayes,394,a290262a783ad8b4921aa46b3c337daf9f4dbeb1,high,low,supports_prediction,7,1299,text__word__bitte umfassende,bitte umfassende,text,0.134722039103508,1.4185330867767334,1.4185330867767334
case_05,typical_high_to_medium,complement_naive_bayes,Complement Naive Bayes,naive_bayes,394,a290262a783ad8b4921aa46b3c337daf9f4dbeb1,high,low,supports_prediction,8,3432,text__word__eventuelle,eventuelle,text,0.13085009157657623,1.3455146551132202,1.3455146551132202
case_05,typical_high_to_medium,complement_naive_bayes,Complement Naive Bayes,naive_bayes,394,a290262a783ad8b4921aa46b3c337daf9f4dbeb1,high,low,supports_prediction,9,3277,text__word__erfahren,erfahren,text,0.14238125085830688,1.1333870887756348,1.1333870887756348
case_05,typical_high_to_medium,complement_naive_bayes,Complement Naive Bayes,naive_bayes,394,a290262a783ad8b4921aa46b3c337daf9f4dbeb1,high,low,supports_prediction,10,5925,text__word__marke,marke,text,0.1155635192990303,1.0768245458602905,1.0768245458602905
case_05,typical_high_to_medium,complement_naive_bayes,Complement Naive Bayes,naive_bayes,394,a290262a783ad8b4921aa46b3c337daf9f4dbeb1,high,low,opposes_prediction,1,14840,text__char__ver,[char] ver,text,0.011038683354854584,-2.8385649784468114e-05,2.8385649784468114e-05
case_06,critical_low_to_high,complement_naive_bayes,Complement Naive Bayes,naive_bayes,8,66db6625b564da4549986df74e6db441a323c089,low,high,supports_prediction,1,15003,categorical__type_Request,Request,type,1.0,2.5288872718811035,2.5288872718811035
case_06,critical_low_to_high,complement_naive_bayes,Complement Naive Bayes,naive_bayes,8,66db6625b564da4549986df74e6db441a323c089,low,high,supports_prediction,2,15015,categorical__queue_Technical Support,Technical Support,queue,1.0,2.47330379486084,2.47330379486084
case_06,critical_low_to_high,complement_naive_bayes,Complement Naive Bayes,naive_bayes,8,66db6625b564da4549986df74e6db441a323c089,low,high,supports_prediction,3,15004,categorical__language_de,de,language,1.0,2.211880922317505,2.211880922317505
case_06,critical_low_to_high,complement_naive_bayes,Complement Naive Bayes,naive_bayes,8,66db6625b564da4549986df74e6db441a323c089,low,high,supports_prediction,4,7948,text__word__reibungslose integration,reibungslose integration,text,0.16477040946483612,2.19289493560791,2.19289493560791
case_06,critical_low_to_high,complement_naive_bayes,Complement Naive Bayes,naive_bayes,8,66db6625b564da4549986df74e6db441a323c089,low,high,supports_prediction,5,5450,text__word__komponenten,komponenten,text,0.15320666134357452,1.8266359567642212,1.8266359567642212
case_06,critical_low_to_high,complement_naive_bayes,Complement Naive Bayes,naive_bayes,8,66db6625b564da4549986df74e6db441a323c089,low,high,supports_prediction,6,6385,text__word__nehme,nehme,text,0.16066551208496094,1.8181095123291016,1.8181095123291016
case_06,critical_low_to_high,complement_naive_bayes,Complement Naive Bayes,naive_bayes,8,66db6625b564da4549986df74e6db441a323c089,low,high,supports_prediction,7,6386,text__word__nehme kontakt,nehme kontakt,text,0.16066551208496094,1.8181095123291016,1.8181095123291016
case_06,critical_low_to_high,complement_naive_bayes,Complement Naive Bayes,naive_bayes,8,66db6625b564da4549986df74e6db441a323c089,low,high,supports_prediction,8,594,text__word__angaben,angaben,text,0.1573115438222885,1.7951281070709229,1.7951281070709229
case_06,critical_low_to_high,complement_naive_bayes,Complement Naive Bayes,naive_bayes,8,66db6625b564da4549986df74e6db441a323c089,low,high,supports_prediction,9,7065,text__word__plattform,plattform,text,0.17815649509429932,1.393205165863037,1.393205165863037
case_06,critical_low_to_high,complement_naive_bayes,Complement Naive Bayes,naive_bayes,8,66db6625b564da4549986df74e6db441a323c089,low,high,supports_prediction,10,1179,text__word__besonders interessieren,besonders interessieren,text,0.133833110332489,1.3809481859207153,1.3809481859207153
case_06,critical_low_to_high,complement_naive_bayes,Complement Naive Bayes,naive_bayes,8,66db6625b564da4549986df74e6db441a323c089,low,high,opposes_prediction,1,14551,text__char__tem,[char] tem,text,0.010513980872929096,-0.015058578923344612,0.015058578923344612
case_06,critical_low_to_high,complement_naive_bayes,Complement Naive Bayes,naive_bayes,8,66db6625b564da4549986df74e6db441a323c089,low,high,opposes_prediction,2,14055,text__char__rat,[char] rat,text,0.009148944169282913,-0.004808436613529921,0.004808436613529921
case_06,critical_low_to_high,complement_naive_bayes,Complement Naive Bayes,naive_bayes,8,66db6625b564da4549986df74e6db441a323c089,low,high,opposes_prediction,3,14487,text__char__syst,[char] syst,text,0.01172039657831192,-0.0015408878680318594,0.0015408878680318594
case_06,critical_low_to_high,complement_naive_bayes,Complement Naive Bayes,naive_bayes,8,66db6625b564da4549986df74e6db441a323c089,low,high,opposes_prediction,4,14486,text__char__sys,[char] sys,text,0.01172039657831192,-0.0015408878680318594,0.0015408878680318594
case_06,critical_low_to_high,complement_naive_bayes,Complement Naive Bayes,naive_bayes,8,66db6625b564da4549986df74e6db441a323c089,low,high,opposes_prediction,5,14488,text__char__syste,[char] syste,text,0.01172039657831192,-0.0015408878680318594,0.0015408878680318594
case_06,critical_low_to_high,complement_naive_bayes,Complement Naive Bayes,naive_bayes,8,66db6625b564da4549986df74e6db441a323c089,low,high,opposes_prediction,6,14952,text__char__ystem,[char] ystem,text,0.011717361398041248,-0.0015404550358653069,0.0015404550358653069
case_06,critical_low_to_high,complement_naive_bayes,Complement Naive Bayes,naive_bayes,8,66db6625b564da4549986df74e6db441a323c089,low,high,opposes_prediction,7,14951,text__char__yste,[char] yste,text,0.011716602370142937,-0.0015403752913698554,0.0015403752913698554
case_06,critical_low_to_high,complement_naive_bayes,Complement Naive Bayes,naive_bayes,8,66db6625b564da4549986df74e6db441a323c089,low,high,opposes_prediction,8,14950,text__char__yst,[char] yst,text,0.011711294762790203,-0.001539514516480267,0.001539514516480267
case_06,critical_low_to_high,complement_naive_bayes,Complement Naive Bayes,naive_bayes,8,66db6625b564da4549986df74e6db441a323c089,low,high,opposes_prediction,9,14451,text__char__stem,[char] stem,text,0.011651750653982162,-0.0015295416815206409,0.0015295416815206409
case_07,critical_high_to_low,complement_naive_bayes,Complement Naive Bayes,naive_bayes,3081,4b2afb7f05c9cd9fd85790fdd2db112b4abbc318,high,low,supports_prediction,1,1301,text__word__bitte zusätzliche,bitte zusätzliche,text,0.35136088728904724,3.8571982383728027,3.8571982383728027
case_07,critical_high_to_low,complement_naive_bayes,Complement Naive Bayes,naive_bayes,3081,4b2afb7f05c9cd9fd85790fdd2db112b4abbc318,high,low,supports_prediction,2,15007,categorical__queue_Customer Service,Customer Service,queue,1.0,3.8318710327148438,3.8318710327148438
case_07,critical_high_to_low,complement_naive_bayes,Complement Naive Bayes,naive_bayes,3081,4b2afb7f05c9cd9fd85790fdd2db112b4abbc318,high,low,supports_prediction,3,5770,text__word__logitech,logitech,text,0.3434155583381653,3.60445237159729,3.60445237159729
case_07,critical_high_to_low,complement_naive_bayes,Complement Naive Bayes,naive_bayes,3081,4b2afb7f05c9cd9fd85790fdd2db112b4abbc318,high,low,supports_prediction,4,6034,text__word__mcafee,mcafee,text,0.3354232907295227,3.5288259983062744,3.5288259983062744
case_07,critical_high_to_low,complement_naive_bayes,Complement Naive Bayes,naive_bayes,3081,4b2afb7f05c9cd9fd85790fdd2db112b4abbc318,high,low,supports_prediction,5,15003,categorical__type_Request,Request,type,1.0,2.622065305709839,2.622065305709839
case_07,critical_high_to_low,complement_naive_bayes,Complement Naive Bayes,naive_bayes,3081,4b2afb7f05c9cd9fd85790fdd2db112b4abbc318,high,low,supports_prediction,6,15004,categorical__language_de,de,language,1.0,2.206789970397949,2.206789970397949
case_07,critical_high_to_low,complement_naive_bayes,Complement Naive Bayes,naive_bayes,3081,4b2afb7f05c9cd9fd85790fdd2db112b4abbc318,high,low,supports_prediction,7,9318,text__word__strategien,strategien,text,0.21391677856445312,1.68340003490448,1.68340003490448
case_07,critical_high_to_low,complement_naive_bayes,Complement Naive Bayes,naive_bayes,3081,4b2afb7f05c9cd9fd85790fdd2db112b4abbc318,high,low,supports_prediction,8,5514,text__word__könnten bitte,könnten bitte,text,0.19065983593463898,1.5003278255462646,1.5003278255462646
case_07,critical_high_to_low,complement_naive_bayes,Complement Naive Bayes,naive_bayes,3081,4b2afb7f05c9cd9fd85790fdd2db112b4abbc318,high,low,supports_prediction,9,1158,text__word__bereitstellen,bereitstellen,text,0.18857869505882263,1.4576432704925537,1.4576432704925537
case_07,critical_high_to_low,complement_naive_bayes,Complement Naive Bayes,naive_bayes,3081,4b2afb7f05c9cd9fd85790fdd2db112b4abbc318,high,low,supports_prediction,10,11904,text__char__afee ,[char] afee ,text,0.09411002695560455,1.092076063156128,1.092076063156128
case_08,model_disagreement_1,complement_naive_bayes,Complement Naive Bayes,naive_bayes,13,de1f211d7fb1dd53f830f716d9499d66d3b65ee1,high,low,supports_prediction,1,15011,categorical__queue_Product Support,Product Support,queue,1.0,3.260366916656494,3.260366916656494
case_08,model_disagreement_1,complement_naive_bayes,Complement Naive Bayes,naive_bayes,13,de1f211d7fb1dd53f830f716d9499d66d3b65ee1,high,low,supports_prediction,2,15003,categorical__type_Request,Request,type,1.0,2.622065305709839,2.622065305709839
case_08,model_disagreement_1,complement_naive_bayes,Complement Naive Bayes,naive_bayes,13,de1f211d7fb1dd53f830f716d9499d66d3b65ee1,high,low,supports_prediction,3,1989,text__word__contracts,contracts,text,0.16831134259700775,2.1317787170410156,2.1317787170410156
case_08,model_disagreement_1,complement_naive_bayes,Complement Naive Bayes,naive_bayes,13,de1f211d7fb1dd53f830f716d9499d66d3b65ee1,high,low,supports_prediction,4,9159,text__word__special,special,text,0.17034175992012024,2.1193971633911133,2.1193971633911133
case_08,model_disagreement_1,complement_naive_bayes,Complement Naive Bayes,naive_bayes,13,de1f211d7fb1dd53f830f716d9499d66d3b65ee1,high,low,supports_prediction,5,8621,text__word__send,send,text,0.1632552593946457,1.8336647748947144,1.8336647748947144
case_08,model_disagreement_1,complement_naive_bayes,Complement Naive Bayes,naive_bayes,13,de1f211d7fb1dd53f830f716d9499d66d3b65ee1,high,low,supports_prediction,6,6811,text__word__packages,packages,text,0.1430981606245041,1.5223126411437988,1.5223126411437988
case_08,model_disagreement_1,complement_naive_bayes,Complement Naive Bayes,naive_bayes,13,de1f211d7fb1dd53f830f716d9499d66d3b65ee1,high,low,supports_prediction,7,8746,text__word__services provided,services provided,text,0.14258421957492828,1.5176194906234741,1.5176194906234741
case_08,model_disagreement_1,complement_naive_bayes,Complement Naive Bayes,naive_bayes,13,de1f211d7fb1dd53f830f716d9499d66d3b65ee1,high,low,supports_prediction,8,11044,text__word__well writing,well writing,text,0.1351115107536316,1.4303388595581055,1.4303388595581055
case_08,model_disagreement_1,complement_naive_bayes,Complement Naive Bayes,naive_bayes,13,de1f211d7fb1dd53f830f716d9499d66d3b65ee1,high,low,supports_prediction,9,4679,text__word__information services,information services,text,0.1344352513551712,1.3618321418762207,1.3618321418762207
case_08,model_disagreement_1,complement_naive_bayes,Complement Naive Bayes,naive_bayes,13,de1f211d7fb1dd53f830f716d9499d66d3b65ee1,high,low,supports_prediction,10,7763,text__word__reaches well,reaches well,text,0.12729769945144653,1.2975432872772217,1.2975432872772217
case_08,model_disagreement_1,complement_naive_bayes,Complement Naive Bayes,naive_bayes,13,de1f211d7fb1dd53f830f716d9499d66d3b65ee1,high,low,opposes_prediction,1,14448,text__char__ste,[char] ste,text,0.012247617356479168,-0.016492946073412895,0.016492946073412895
case_09,model_disagreement_2,complement_naive_bayes,Complement Naive Bayes,naive_bayes,59,c655267a95bf20edad8c0f0eac49d2c7984240c5,low,medium,supports_prediction,1,15007,categorical__queue_Customer Service,Customer Service,queue,1.0,3.7520546913146973,3.7520546913146973
case_09,model_disagreement_2,complement_naive_bayes,Complement Naive Bayes,naive_bayes,59,c655267a95bf20edad8c0f0eac49d2c7984240c5,low,medium,supports_prediction,2,15003,categorical__type_Request,Request,type,1.0,2.632634162902832,2.632634162902832
case_09,model_disagreement_2,complement_naive_bayes,Complement Naive Bayes,naive_bayes,59,c655267a95bf20edad8c0f0eac49d2c7984240c5,low,medium,supports_prediction,3,3245,text__word__enorm,enorm,text,0.18180273473262787,2.3397552967071533,2.3397552967071533
case_09,model_disagreement_2,complement_naive_bayes,Complement Naive Bayes,naive_bayes,59,c655267a95bf20edad8c0f0eac49d2c7984240c5,low,medium,supports_prediction,4,15004,categorical__language_de,de,language,1.0,2.2110419273376465,2.2110419273376465
case_09,model_disagreement_2,complement_naive_bayes,Complement Naive Bayes,naive_bayes,59,c655267a95bf20edad8c0f0eac49d2c7984240c5,low,medium,supports_prediction,5,8895,text__word__sicherheitsvorkehrungen,sicherheitsvorkehrungen,text,0.1643756479024887,1.876952052116394,1.876952052116394
case_09,model_disagreement_2,complement_naive_bayes,Complement Naive Bayes,naive_bayes,59,c655267a95bf20edad8c0f0eac49d2c7984240c5,low,medium,supports_prediction,6,7065,text__word__plattform,plattform,text,0.1991918981075287,1.5429579019546509,1.5429579019546509
case_09,model_disagreement_2,complement_naive_bayes,Complement Naive Bayes,naive_bayes,59,c655267a95bf20edad8c0f0eac49d2c7984240c5,low,medium,supports_prediction,7,10211,text__word__umfassende,umfassende,text,0.12520961463451385,1.1692923307418823,1.1692923307418823
case_09,model_disagreement_2,complement_naive_bayes,Complement Naive Bayes,naive_bayes,59,c655267a95bf20edad8c0f0eac49d2c7984240c5,low,medium,supports_prediction,8,4418,text__word__implementierung,implementierung,text,0.11973493546247482,1.0891709327697754,1.0891709327697754
case_09,model_disagreement_2,complement_naive_bayes,Complement Naive Bayes,naive_bayes,59,c655267a95bf20edad8c0f0eac49d2c7984240c5,low,medium,supports_prediction,9,9861,text__word__technische,technische,text,0.11864644289016724,1.0251778364181519,1.0251778364181519
case_09,model_disagreement_2,complement_naive_bayes,Complement Naive Bayes,naive_bayes,59,c655267a95bf20edad8c0f0eac49d2c7984240c5,low,medium,supports_prediction,10,1178,text__word__besonders,besonders,text,0.11238773167133331,1.019860029220581,1.019860029220581
case_09,model_disagreement_2,complement_naive_bayes,Complement Naive Bayes,naive_bayes,59,c655267a95bf20edad8c0f0eac49d2c7984240c5,low,medium,opposes_prediction,1,14840,text__char__ver,[char] ver,text,0.01029832661151886,-0.005046600475907326,0.005046600475907326
case_09,model_disagreement_2,complement_naive_bayes,Complement Naive Bayes,naive_bayes,59,c655267a95bf20edad8c0f0eac49d2c7984240c5,low,medium,opposes_prediction,2,12581,text__char__em ,[char] em ,text,0.011420079506933689,-0.0024828689638525248,0.0024828689638525248
case_10,model_disagreement_3,complement_naive_bayes,Complement Naive Bayes,naive_bayes,85,818ee361847e8677f2017325b145c997fb136ec4,low,low,supports_prediction,1,15007,categorical__queue_Customer Service,Customer Service,queue,1.0,3.8318710327148438,3.8318710327148438
case_10,model_disagreement_3,complement_naive_bayes,Complement Naive Bayes,naive_bayes,85,818ee361847e8677f2017325b145c997fb136ec4,low,low,supports_prediction,2,15003,categorical__type_Request,Request,type,1.0,2.622065305709839,2.622065305709839
case_10,model_disagreement_3,complement_naive_bayes,Complement Naive Bayes,naive_bayes,85,818ee361847e8677f2017325b145c997fb136ec4,low,low,supports_prediction,3,11096,text__word__wohlauf,wohlauf,text,0.186275914311409,2.351985216140747,2.351985216140747
case_10,model_disagreement_3,complement_naive_bayes,Complement Naive Bayes,naive_bayes,85,818ee361847e8677f2017325b145c997fb136ec4,low,low,supports_prediction,4,15004,categorical__language_de,de,language,1.0,2.206789970397949,2.206789970397949
case_10,model_disagreement_3,complement_naive_bayes,Complement Naive Bayes,naive_bayes,85,818ee361847e8677f2017325b145c997fb136ec4,low,low,supports_prediction,5,5029,text__word__integrationsrichtlinien,integrationsrichtlinien,text,0.16281066834926605,1.7265467643737793,1.7265467643737793
case_10,model_disagreement_3,complement_naive_bayes,Complement Naive Bayes,naive_bayes,85,818ee361847e8677f2017325b145c997fb136ec4,low,low,supports_prediction,6,3898,text__word__fähigkeiten,fähigkeiten,text,0.13349281251430511,1.2880282402038574,1.2880282402038574
case_10,model_disagreement_3,complement_naive_bayes,Complement Naive Bayes,naive_bayes,85,818ee361847e8677f2017325b145c997fb136ec4,low,low,supports_prediction,7,7989,text__word__relevante,relevante,text,0.13178421556949615,1.2832245826721191,1.2832245826721191
case_10,model_disagreement_3,complement_naive_bayes,Complement Naive Bayes,naive_bayes,85,818ee361847e8677f2017325b145c997fb136ec4,low,low,supports_prediction,8,1180,text__word__besonders interessiert,besonders interessiert,text,0.12754222750663757,1.250953197479248,1.250953197479248
case_10,model_disagreement_3,complement_naive_bayes,Complement Naive Bayes,naive_bayes,85,818ee361847e8677f2017325b145c997fb136ec4,low,low,supports_prediction,9,947,text__word__außerdem,außerdem,text,0.1262510120868683,1.2262845039367676,1.2262845039367676
case_10,model_disagreement_3,complement_naive_bayes,Complement Naive Bayes,naive_bayes,85,818ee361847e8677f2017325b145c997fb136ec4,low,low,supports_prediction,10,1178,text__word__besonders,besonders,text,0.1119694709777832,1.010854959487915,1.010854959487915
case_10,model_disagreement_3,complement_naive_bayes,Complement Naive Bayes,naive_bayes,85,818ee361847e8677f2017325b145c997fb136ec4,low,low,opposes_prediction,1,14448,text__char__ste,[char] ste,text,0.007951250299811363,-0.04519219696521759,0.04519219696521759
case_10,model_disagreement_3,complement_naive_bayes,Complement Naive Bayes,naive_bayes,85,818ee361847e8677f2017325b145c997fb136ec4,low,low,opposes_prediction,2,14551,text__char__tem,[char] tem,text,0.01008930616080761,-0.017694704234600067,0.017694704234600067
case_10,model_disagreement_3,complement_naive_bayes,Complement Naive Bayes,naive_bayes,85,818ee361847e8677f2017325b145c997fb136ec4,low,low,opposes_prediction,3,12581,text__char__em ,[char] em ,text,0.01007358729839325,-0.011799328960478306,0.011799328960478306
case_10,model_disagreement_3,complement_naive_bayes,Complement Naive Bayes,naive_bayes,85,818ee361847e8677f2017325b145c997fb136ec4,low,low,opposes_prediction,4,14487,text__char__syst,[char] syst,text,0.011246993206441402,-0.004828297067433596,0.004828297067433596
case_10,model_disagreement_3,complement_naive_bayes,Complement Naive Bayes,naive_bayes,85,818ee361847e8677f2017325b145c997fb136ec4,low,low,opposes_prediction,5,14488,text__char__syste,[char] syste,text,0.011246993206441402,-0.004828297067433596,0.004828297067433596
case_10,model_disagreement_3,complement_naive_bayes,Complement Naive Bayes,naive_bayes,85,818ee361847e8677f2017325b145c997fb136ec4,low,low,opposes_prediction,6,14486,text__char__sys,[char] sys,text,0.011246993206441402,-0.004828297067433596,0.004828297067433596
case_10,model_disagreement_3,complement_naive_bayes,Complement Naive Bayes,naive_bayes,85,818ee361847e8677f2017325b145c997fb136ec4,low,low,opposes_prediction,7,14952,text__char__ystem,[char] ystem,text,0.01124408096075058,-0.004826680291444063,0.004826680291444063
case_10,model_disagreement_3,complement_naive_bayes,Complement Naive Bayes,naive_bayes,85,818ee361847e8677f2017325b145c997fb136ec4,low,low,opposes_prediction,8,14951,text__char__yste,[char] yste,text,0.011243351735174656,-0.00482633663341403,0.00482633663341403
case_10,model_disagreement_3,complement_naive_bayes,Complement Naive Bayes,naive_bayes,85,818ee361847e8677f2017325b145c997fb136ec4,low,low,opposes_prediction,9,14950,text__char__yst,[char] yst,text,0.011238259263336658,-0.004823891445994377,0.004823891445994377
case_10,model_disagreement_3,complement_naive_bayes,Complement Naive Bayes,naive_bayes,85,818ee361847e8677f2017325b145c997fb136ec4,low,low,opposes_prediction,10,14451,text__char__stem,[char] stem,text,0.01118112076073885,-0.004794768523424864,0.004794768523424864
case_11,model_disagreement_4,complement_naive_bayes,Complement Naive Bayes,naive_bayes,98,2b8de51a7c4e30bce5c04433674e788ab51bc409,high,low,supports_prediction,1,15011,categorical__queue_Product Support,Product Support,queue,1.0,3.260366916656494,3.260366916656494
case_11,model_disagreement_4,complement_naive_bayes,Complement Naive Bayes,naive_bayes,98,2b8de51a7c4e30bce5c04433674e788ab51bc409,high,low,supports_prediction,2,15003,categorical__type_Request,Request,type,1.0,2.622065305709839,2.622065305709839
case_11,model_disagreement_4,complement_naive_bayes,Complement Naive Bayes,naive_bayes,98,2b8de51a7c4e30bce5c04433674e788ab51bc409,high,low,supports_prediction,3,15004,categorical__language_de,de,language,1.0,2.206789970397949,2.206789970397949
case_11,model_disagreement_4,complement_naive_bayes,Complement Naive Bayes,naive_bayes,98,2b8de51a7c4e30bce5c04433674e788ab51bc409,high,low,supports_prediction,4,8329,text__word__roi,roi,text,0.17942948639392853,2.096245527267456,2.096245527267456
case_11,model_disagreement_4,complement_naive_bayes,Complement Naive Bayes,naive_bayes,98,2b8de51a7c4e30bce5c04433674e788ab51bc409,high,low,supports_prediction,5,91,text__word__abteilungen,abteilungen,text,0.17305009067058563,2.027649164199829,2.027649164199829
case_11,model_disagreement_4,complement_naive_bayes,Complement Naive Bayes,naive_bayes,98,2b8de51a7c4e30bce5c04433674e788ab51bc409,high,low,supports_prediction,6,5986,text__word__marketingmaßnahmen,marketingmaßnahmen,text,0.16318459808826447,1.8960447311401367,1.8960447311401367
case_11,model_disagreement_4,complement_naive_bayes,Complement Naive Bayes,naive_bayes,98,2b8de51a7c4e30bce5c04433674e788ab51bc409,high,low,supports_prediction,7,5438,text__word__kommunikation,kommunikation,text,0.14875032007694244,1.5735058784484863,1.5735058784484863
case_11,model_disagreement_4,complement_naive_bayes,Complement Naive Bayes,naive_bayes,98,2b8de51a7c4e30bce5c04433674e788ab51bc409,high,low,supports_prediction,8,623,text__word__ansatz,ansatz,text,0.1411767452955246,1.4856804609298706,1.4856804609298706
case_11,model_disagreement_4,complement_naive_bayes,Complement Naive Bayes,naive_bayes,98,2b8de51a7c4e30bce5c04433674e788ab51bc409,high,low,supports_prediction,9,1142,text__word__benötigte,benötigte,text,0.14193277060985565,1.4741140604019165,1.4741140604019165
case_11,model_disagreement_4,complement_naive_bayes,Complement Naive Bayes,naive_bayes,98,2b8de51a7c4e30bce5c04433674e788ab51bc409,high,low,supports_prediction,10,2099,text__word__creative,creative,text,0.13050338625907898,1.259788990020752,1.259788990020752
case_11,model_disagreement_4,complement_naive_bayes,Complement Naive Bayes,naive_bayes,98,2b8de51a7c4e30bce5c04433674e788ab51bc409,high,low,opposes_prediction,1,12581,text__char__em ,[char] em ,text,0.010881082154810429,-0.006214704364538193,0.006214704364538193
case_12,model_disagreement_5,complement_naive_bayes,Complement Naive Bayes,naive_bayes,128,1a253cac8e537423675594be7ce6e3473a15a28f,low,medium,supports_prediction,1,15013,categorical__queue_Sales and Pre-Sales,Sales and Pre-Sales,queue,1.0,5.5755391120910645,5.5755391120910645
case_12,model_disagreement_5,complement_naive_bayes,Complement Naive Bayes,naive_bayes,128,1a253cac8e537423675594be7ce6e3473a15a28f,low,medium,supports_prediction,2,15003,categorical__type_Request,Request,type,1.0,2.632634162902832,2.632634162902832
case_12,model_disagreement_5,complement_naive_bayes,Complement Naive Bayes,naive_bayes,128,1a253cac8e537423675594be7ce6e3473a15a28f,low,medium,supports_prediction,3,7744,text__word__range services,range services,text,0.17473304271697998,2.1184329986572266,2.1184329986572266
case_12,model_disagreement_5,complement_naive_bayes,Complement Naive Bayes,naive_bayes,128,1a253cac8e537423675594be7ce6e3473a15a28f,low,medium,supports_prediction,4,5547,text__word__landscape,landscape,text,0.16283415257930756,2.0990874767303467,2.0990874767303467
case_12,model_disagreement_5,complement_naive_bayes,Complement Naive Bayes,naive_bayes,128,1a253cac8e537423675594be7ce6e3473a15a28f,low,medium,supports_prediction,5,3414,text__word__essential us,essential us,text,0.1588430106639862,1.8185865879058838,1.8185865879058838
case_12,model_disagreement_5,complement_naive_bayes,Complement Naive Bayes,naive_bayes,128,1a253cac8e537423675594be7ce6e3473a15a28f,low,medium,supports_prediction,6,3031,text__word__effective marketing,effective marketing,text,0.1588430106639862,1.745681881904602,1.745681881904602
case_12,model_disagreement_5,complement_naive_bayes,Complement Naive Bayes,naive_bayes,128,1a253cac8e537423675594be7ce6e3473a15a28f,low,medium,supports_prediction,7,2700,text__word__develop,develop,text,0.1369413435459137,1.4548392295837402,1.4548392295837402
case_12,model_disagreement_5,complement_naive_bayes,Complement Naive Bayes,naive_bayes,128,1a253cac8e537423675594be7ce6e3473a15a28f,low,medium,supports_prediction,8,4019,text__word__given,given,text,0.13772600889205933,1.445055365562439,1.445055365562439
case_12,model_disagreement_5,complement_naive_bayes,Complement Naive Bayes,naive_bayes,128,1a253cac8e537423675594be7ce6e3473a15a28f,low,medium,supports_prediction,9,6520,text__word__objectives,objectives,text,0.12839381396770477,1.3315093517303467,1.3315093517303467
case_12,model_disagreement_5,complement_naive_bayes,Complement Naive Bayes,naive_bayes,128,1a253cac8e537423675594be7ce6e3473a15a28f,low,medium,supports_prediction,10,4598,text__word__industry,industry,text,0.12839381396770477,1.2681394815444946,1.2681394815444946
case_01,unanimous_correct_low,knn_cosine,kNN (cosine),instance_based,753,15f7e749ff1aa7e7800283d66efd3a71acbcd8d0,low,low,supports_prediction,1,15007,categorical__queue_Customer Service,Customer Service,queue,1.0,0.13219624757766724,0.13219624757766724
case_01,unanimous_correct_low,knn_cosine,kNN (cosine),instance_based,753,15f7e749ff1aa7e7800283d66efd3a71acbcd8d0,low,low,supports_prediction,2,4646,text__word__information essential,information essential,text,0.16167062520980835,0.029466770589351654,0.029466770589351654
case_01,unanimous_correct_low,knn_cosine,kNN (cosine),instance_based,753,15f7e749ff1aa7e7800283d66efd3a71acbcd8d0,low,low,supports_prediction,3,15005,categorical__language_en,en,language,1.0,0.024617668241262436,0.024617668241262436
case_01,unanimous_correct_low,knn_cosine,kNN (cosine),instance_based,753,15f7e749ff1aa7e7800283d66efd3a71acbcd8d0,low,low,supports_prediction,4,13041,text__char__ical ,[char] ical ,text,0.023128492757678032,0.020817028358578682,0.020817028358578682
case_01,unanimous_correct_low,knn_cosine,kNN (cosine),instance_based,753,15f7e749ff1aa7e7800283d66efd3a71acbcd8d0,low,low,supports_prediction,5,3273,text__word__environment could,environment could,text,0.1500382274389267,0.010918570682406425,0.010918570682406425
case_01,unanimous_correct_low,knn_cosine,kNN (cosine),instance_based,753,15f7e749ff1aa7e7800283d66efd3a71acbcd8d0,low,low,supports_prediction,6,9847,text__word__technical specifications,technical specifications,text,0.15800032019615173,0.010506648570299149,0.010506648570299149
case_01,unanimous_correct_low,knn_cosine,kNN (cosine),instance_based,753,15f7e749ff1aa7e7800283d66efd3a71acbcd8d0,low,low,supports_prediction,7,11676,text__char__ sh,[char]  sh,text,0.052656080573797226,0.00786048173904419,0.00786048173904419
case_01,unanimous_correct_low,knn_cosine,kNN (cosine),instance_based,753,15f7e749ff1aa7e7800283d66efd3a71acbcd8d0,low,low,supports_prediction,8,9175,text__word__specifications,specifications,text,0.12791001796722412,0.007653538137674332,0.007653538137674332
case_01,unanimous_correct_low,knn_cosine,kNN (cosine),instance_based,753,15f7e749ff1aa7e7800283d66efd3a71acbcd8d0,low,low,supports_prediction,9,8181,text__word__response,response,text,0.0746738463640213,0.0066894409246742725,0.0066894409246742725
case_01,unanimous_correct_low,knn_cosine,kNN (cosine),instance_based,753,15f7e749ff1aa7e7800283d66efd3a71acbcd8d0,low,low,supports_prediction,10,983,text__word__aware additionally,aware additionally,text,0.15800032019615173,0.006213733926415443,0.006213733926415443
case_01,unanimous_correct_low,knn_cosine,kNN (cosine),instance_based,753,15f7e749ff1aa7e7800283d66efd3a71acbcd8d0,low,low,opposes_prediction,1,10599,text__word__use,use,text,0.09482020884752274,-0.03088616207242012,0.03088616207242012
case_01,unanimous_correct_low,knn_cosine,kNN (cosine),instance_based,753,15f7e749ff1aa7e7800283d66efd3a71acbcd8d0,low,low,opposes_prediction,2,4630,text__word__information,information,text,0.04930509626865387,-0.021728506311774254,0.021728506311774254
case_01,unanimous_correct_low,knn_cosine,kNN (cosine),instance_based,753,15f7e749ff1aa7e7800283d66efd3a71acbcd8d0,low,low,opposes_prediction,3,13862,text__char__oul,[char] oul,text,0.03893585503101349,-0.019814155995845795,0.019814155995845795
case_01,unanimous_correct_low,knn_cosine,kNN (cosine),instance_based,753,15f7e749ff1aa7e7800283d66efd3a71acbcd8d0,low,low,opposes_prediction,4,14755,text__char__uld,[char] uld,text,0.03879741206765175,-0.019236402586102486,0.019236402586102486
case_01,unanimous_correct_low,knn_cosine,kNN (cosine),instance_based,753,15f7e749ff1aa7e7800283d66efd3a71acbcd8d0,low,low,opposes_prediction,5,2023,text__word__could,could,text,0.044211018830537796,-0.018939819186925888,0.018939819186925888
case_01,unanimous_correct_low,knn_cosine,kNN (cosine),instance_based,753,15f7e749ff1aa7e7800283d66efd3a71acbcd8d0,low,low,opposes_prediction,6,13126,text__char__info,[char] info,text,0.016815826296806335,-0.014970308169722557,0.014970308169722557
case_01,unanimous_correct_low,knn_cosine,kNN (cosine),instance_based,753,15f7e749ff1aa7e7800283d66efd3a71acbcd8d0,low,low,opposes_prediction,7,9632,text__word__system compatibility,system compatibility,text,0.14617334306240082,-0.01370201911777258,0.01370201911777258
case_01,unanimous_correct_low,knn_cosine,kNN (cosine),instance_based,753,15f7e749ff1aa7e7800283d66efd3a71acbcd8d0,low,low,opposes_prediction,8,15003,categorical__type_Request,Request,type,1.0,-0.008093252778053284,0.008093252778053284
case_01,unanimous_correct_low,knn_cosine,kNN (cosine),instance_based,753,15f7e749ff1aa7e7800283d66efd3a71acbcd8d0,low,low,opposes_prediction,9,11317,text__char__ a ,[char]  a ,text,0.017360374331474304,-0.007331520318984985,0.007331520318984985
case_01,unanimous_correct_low,knn_cosine,kNN (cosine),instance_based,753,15f7e749ff1aa7e7800283d66efd3a71acbcd8d0,low,low,opposes_prediction,10,11769,text__char__ you ,[char]  you ,text,0.030886368826031685,-0.006995885167270899,0.006995885167270899
case_02,unanimous_correct_medium,knn_cosine,kNN (cosine),instance_based,22,ee037e0444486ca7203bcbbbf5f4913dbc650aff,medium,medium,supports_prediction,1,6677,text__word__options,options,text,0.1497662514448166,0.08075558394193649,0.08075558394193649
case_02,unanimous_correct_medium,knn_cosine,kNN (cosine),instance_based,22,ee037e0444486ca7203bcbbbf5f4913dbc650aff,medium,medium,supports_prediction,2,7720,text__word__quickbooks,quickbooks,text,0.10971610248088837,0.06887072324752808,0.06887072324752808
case_02,unanimous_correct_medium,knn_cosine,kNN (cosine),instance_based,22,ee037e0444486ca7203bcbbbf5f4913dbc650aff,medium,medium,supports_prediction,3,5078,text__word__interested understanding,interested understanding,text,0.10195228457450867,0.048257604241371155,0.048257604241371155
case_02,unanimous_correct_medium,knn_cosine,kNN (cosine),instance_based,22,ee037e0444486ca7203bcbbbf5f4913dbc650aff,medium,medium,supports_prediction,4,6989,text__word__plans,plans,text,0.1040031909942627,0.0426669605076313,0.0426669605076313
case_02,unanimous_correct_medium,knn_cosine,kNN (cosine),instance_based,22,ee037e0444486ca7203bcbbbf5f4913dbc650aff,medium,medium,supports_prediction,5,4598,text__word__industry,industry,text,0.12624166905879974,0.0370953194797039,0.0370953194797039
case_02,unanimous_correct_medium,knn_cosine,kNN (cosine),instance_based,22,ee037e0444486ca7203bcbbbf5f4913dbc650aff,medium,medium,supports_prediction,6,13169,text__char__ipti,[char] ipti,text,0.041032202541828156,0.036477237939834595,0.036477237939834595
case_02,unanimous_correct_medium,knn_cosine,kNN (cosine),instance_based,22,ee037e0444486ca7203bcbbbf5f4913dbc650aff,medium,medium,supports_prediction,7,14339,text__char__scoun,[char] scoun,text,0.04432132840156555,0.03261055797338486,0.03261055797338486
case_02,unanimous_correct_medium,knn_cosine,kNN (cosine),instance_based,22,ee037e0444486ca7203bcbbbf5f4913dbc650aff,medium,medium,supports_prediction,8,2828,text__word__discounts,discounts,text,0.1103324294090271,0.025673450902104378,0.025673450902104378
case_02,unanimous_correct_medium,knn_cosine,kNN (cosine),instance_based,22,ee037e0444486ca7203bcbbbf5f4913dbc650aff,medium,medium,supports_prediction,9,5691,text__word__like,like,text,0.07399365305900574,0.025323664769530296,0.025323664769530296
case_02,unanimous_correct_medium,knn_cosine,kNN (cosine),instance_based,22,ee037e0444486ca7203bcbbbf5f4913dbc650aff,medium,medium,supports_prediction,10,13168,text__char__ipt,[char] ipt,text,0.040336724370718,0.025139562785625458,0.025139562785625458
case_02,unanimous_correct_medium,knn_cosine,kNN (cosine),instance_based,22,ee037e0444486ca7203bcbbbf5f4913dbc650aff,medium,medium,opposes_prediction,1,15003,categorical__type_Request,Request,type,1.0,-0.23203174769878387,0.23203174769878387
case_02,unanimous_correct_medium,knn_cosine,kNN (cosine),instance_based,22,ee037e0444486ca7203bcbbbf5f4913dbc650aff,medium,medium,opposes_prediction,2,15006,categorical__queue_Billing and Payments,Billing and Payments,queue,1.0,-0.13487058877944946,0.13487058877944946
case_02,unanimous_correct_medium,knn_cosine,kNN (cosine),instance_based,22,ee037e0444486ca7203bcbbbf5f4913dbc650aff,medium,medium,opposes_prediction,3,15005,categorical__language_en,en,language,1.0,-0.03253408521413803,0.03253408521413803
case_02,unanimous_correct_medium,knn_cosine,kNN (cosine),instance_based,22,ee037e0444486ca7203bcbbbf5f4913dbc650aff,medium,medium,opposes_prediction,4,1250,text__word__billing,billing,text,0.08157289028167725,-0.014430375769734383,0.014430375769734383
case_02,unanimous_correct_medium,knn_cosine,kNN (cosine),instance_based,22,ee037e0444486ca7203bcbbbf5f4913dbc650aff,medium,medium,opposes_prediction,5,11520,text__char__ invo,[char]  invo,text,0.03179391846060753,-0.013776306062936783,0.013776306062936783
case_02,unanimous_correct_medium,knn_cosine,kNN (cosine),instance_based,22,ee037e0444486ca7203bcbbbf5f4913dbc650aff,medium,medium,opposes_prediction,6,7764,text__word__reaching,reaching,text,0.07408546656370163,-0.01101757399737835,0.01101757399737835
case_02,unanimous_correct_medium,knn_cosine,kNN (cosine),instance_based,22,ee037e0444486ca7203bcbbbf5f4913dbc650aff,medium,medium,opposes_prediction,7,13913,text__char__payme,[char] payme,text,0.06233188882470131,-0.01019925344735384,0.01019925344735384
case_02,unanimous_correct_medium,knn_cosine,kNN (cosine),instance_based,22,ee037e0444486ca7203bcbbbf5f4913dbc650aff,medium,medium,opposes_prediction,8,13966,text__char__ppl,[char] ppl,text,0.026606159284710884,-0.007057436276227236,0.007057436276227236
case_02,unanimous_correct_medium,knn_cosine,kNN (cosine),instance_based,22,ee037e0444486ca7203bcbbbf5f4913dbc650aff,medium,medium,opposes_prediction,9,12231,text__char__ced,[char] ced,text,0.026390647515654564,-0.006810201331973076,0.006810201331973076
case_02,unanimous_correct_medium,knn_cosine,kNN (cosine),instance_based,22,ee037e0444486ca7203bcbbbf5f4913dbc650aff,medium,medium,opposes_prediction,10,12139,text__char__billi,[char] billi,text,0.03283021226525307,-0.006797877140343189,0.006797877140343189
case_03,unanimous_correct_high,knn_cosine,kNN (cosine),instance_based,1,5c1adc7aa2813d400ebf30ac65484e8b7383ede9,high,high,supports_prediction,1,15015,categorical__queue_Technical Support,Technical Support,queue,1.0,0.07471205294132233,0.07471205294132233
case_03,unanimous_correct_high,knn_cosine,kNN (cosine),instance_based,1,5c1adc7aa2813d400ebf30ac65484e8b7383ede9,high,high,supports_prediction,2,149,text__word__account,account,text,0.25107795000076294,0.0435064360499382,0.0435064360499382
case_03,unanimous_correct_high,knn_cosine,kNN (cosine),instance_based,1,5c1adc7aa2813d400ebf30ac65484e8b7383ede9,high,high,supports_prediction,3,151,text__word__account management,account management,text,0.14956600964069366,0.03759007900953293,0.03759007900953293
case_03,unanimous_correct_high,knn_cosine,kNN (cosine),instance_based,1,5c1adc7aa2813d400ebf30ac65484e8b7383ede9,high,high,supports_prediction,4,11868,text__char__accou,[char] accou,text,0.09549210965633392,0.029254401102662086,0.029254401102662086
case_03,unanimous_correct_high,knn_cosine,kNN (cosine),instance_based,1,5c1adc7aa2813d400ebf30ac65484e8b7383ede9,high,high,supports_prediction,5,12225,text__char__cco,[char] cco,text,0.09154581278562546,0.022079072892665863,0.022079072892665863
case_03,unanimous_correct_high,knn_cosine,kNN (cosine),instance_based,1,5c1adc7aa2813d400ebf30ac65484e8b7383ede9,high,high,supports_prediction,6,10658,text__word__using different,using different,text,0.1679391860961914,0.01497207023203373,0.01497207023203373
case_03,unanimous_correct_high,knn_cosine,kNN (cosine),instance_based,1,5c1adc7aa2813d400ebf30ac65484e8b7383ede9,high,high,supports_prediction,7,1576,text__word__centralized account,centralized account,text,0.16996510326862335,0.014124195091426373,0.014124195091426373
case_03,unanimous_correct_high,knn_cosine,kNN (cosine),instance_based,1,5c1adc7aa2813d400ebf30ac65484e8b7383ede9,high,high,supports_prediction,8,12226,text__char__ccou,[char] ccou,text,0.09549210965633392,0.011663507670164108,0.011663507670164108
case_03,unanimous_correct_high,knn_cosine,kNN (cosine),instance_based,1,5c1adc7aa2813d400ebf30ac65484e8b7383ede9,high,high,supports_prediction,9,11323,text__char__ acco,[char]  acco,text,0.09154581278562546,0.01150042936205864,0.01150042936205864
case_03,unanimous_correct_high,knn_cosine,kNN (cosine),instance_based,1,5c1adc7aa2813d400ebf30ac65484e8b7383ede9,high,high,supports_prediction,10,12227,text__char__ccoun,[char] ccoun,text,0.09549210965633392,0.007916254922747612,0.007916254922747612
case_03,unanimous_correct_high,knn_cosine,kNN (cosine),instance_based,1,5c1adc7aa2813d400ebf30ac65484e8b7383ede9,high,high,opposes_prediction,1,15005,categorical__language_en,en,language,1.0,-0.079803965985775,0.079803965985775
case_03,unanimous_correct_high,knn_cosine,kNN (cosine),instance_based,1,5c1adc7aa2813d400ebf30ac65484e8b7383ede9,high,high,opposes_prediction,2,15001,categorical__type_Incident,Incident,type,1.0,-0.05371611565351486,0.05371611565351486
case_03,unanimous_correct_high,knn_cosine,kNN (cosine),instance_based,1,5c1adc7aa2813d400ebf30ac65484e8b7383ede9,high,high,opposes_prediction,3,14104,text__char__rentl,[char] rentl,text,0.03508875146508217,-0.003612775355577469,0.003612775355577469
case_03,unanimous_correct_high,knn_cosine,kNN (cosine),instance_based,1,5c1adc7aa2813d400ebf30ac65484e8b7383ede9,high,high,opposes_prediction,4,12459,text__char__eadi,[char] eadi,text,0.03854365646839142,-0.003609736217185855,0.003609736217185855
case_03,unanimous_correct_high,knn_cosine,kNN (cosine),instance_based,1,5c1adc7aa2813d400ebf30ac65484e8b7383ede9,high,high,opposes_prediction,5,14240,text__char__rows,[char] rows,text,0.04770190268754959,-0.003589593805372715,0.003589593805372715
case_03,unanimous_correct_high,knn_cosine,kNN (cosine),instance_based,1,5c1adc7aa2813d400ebf30ac65484e8b7383ede9,high,high,opposes_prediction,6,1377,text__word__browsers,browsers,text,0.14176948368549347,-0.0005075738299638033,0.0005075738299638033
case_03,unanimous_correct_high,knn_cosine,kNN (cosine),instance_based,1,5c1adc7aa2813d400ebf30ac65484e8b7383ede9,high,high,opposes_prediction,7,6704,text__word__outage,outage,text,0.16992373764514923,-0.0004471908905543387,0.0004471908905543387
case_03,unanimous_correct_high,knn_cosine,kNN (cosine),instance_based,1,5c1adc7aa2813d400ebf30ac65484e8b7383ede9,high,high,opposes_prediction,8,6284,text__word__multiple,multiple,text,0.0778549313545227,-0.0004118954238947481,0.0004118954238947481
case_03,unanimous_correct_high,knn_cosine,kNN (cosine),instance_based,1,5c1adc7aa2813d400ebf30ac65484e8b7383ede9,high,high,opposes_prediction,9,14506,text__char__tage ,[char] tage ,text,0.07134237140417099,-0.0002423505502520129,0.0002423505502520129
case_03,unanimous_correct_high,knn_cosine,kNN (cosine),instance_based,1,5c1adc7aa2813d400ebf30ac65484e8b7383ede9,high,high,opposes_prediction,10,14439,text__char__sta,[char] sta,text,0.023082837462425232,-0.0001407166855642572,0.0001407166855642572
case_04,typical_low_to_medium,knn_cosine,kNN (cosine),instance_based,126,890270067c166c047ceda5d45e5e16ea678f5fa8,low,high,supports_prediction,1,15012,categorical__queue_Returns and Exchanges,Returns and Exchanges,queue,1.0,0.04771753028035164,0.04771753028035164
case_04,typical_low_to_medium,knn_cosine,kNN (cosine),instance_based,126,890270067c166c047ceda5d45e5e16ea678f5fa8,low,high,supports_prediction,2,15005,categorical__language_en,en,language,1.0,0.020870033651590347,0.020870033651590347
case_04,typical_low_to_medium,knn_cosine,kNN (cosine),instance_based,126,890270067c166c047ceda5d45e5e16ea678f5fa8,low,high,supports_prediction,3,15001,categorical__type_Incident,Incident,type,1.0,0.010100355371832848,0.010100355371832848
case_04,typical_low_to_medium,knn_cosine,kNN (cosine),instance_based,126,890270067c166c047ceda5d45e5e16ea678f5fa8,low,high,supports_prediction,4,14807,text__char__urn,[char] urn,text,0.06265298277139664,0.003878728486597538,0.003878728486597538
case_04,typical_low_to_medium,knn_cosine,kNN (cosine),instance_based,126,890270067c166c047ceda5d45e5e16ea678f5fa8,low,high,supports_prediction,5,12632,text__char__ently,[char] ently,text,0.02338235266506672,0.003675861982628703,0.003675861982628703
case_04,typical_low_to_medium,knn_cosine,kNN (cosine),instance_based,126,890270067c166c047ceda5d45e5e16ea678f5fa8,low,high,supports_prediction,6,2189,text__word__customer,customer,text,0.04923197999596596,0.0036286069080233574,0.0036286069080233574
case_04,typical_low_to_medium,knn_cosine,kNN (cosine),instance_based,126,890270067c166c047ceda5d45e5e16ea678f5fa8,low,high,supports_prediction,7,12631,text__char__entl,[char] entl,text,0.023000087589025497,0.0036097054835408926,0.0036097054835408926
case_04,typical_low_to_medium,knn_cosine,kNN (cosine),instance_based,126,890270067c166c047ceda5d45e5e16ea678f5fa8,low,high,supports_prediction,8,12247,text__char__ching,[char] ching,text,0.025774307548999786,0.0035566920414566994,0.0035566920414566994
case_04,typical_low_to_medium,knn_cosine,kNN (cosine),instance_based,126,890270067c166c047ceda5d45e5e16ea678f5fa8,low,high,supports_prediction,9,7764,text__word__reaching,reaching,text,0.07687466591596603,0.003506497712805867,0.003506497712805867
case_04,typical_low_to_medium,knn_cosine,kNN (cosine),instance_based,126,890270067c166c047ceda5d45e5e16ea678f5fa8,low,high,supports_prediction,10,11768,text__char__ you,[char]  you,text,0.023032698780298233,0.0034151982981711626,0.0034151982981711626
case_04,typical_low_to_medium,knn_cosine,kNN (cosine),instance_based,126,890270067c166c047ceda5d45e5e16ea678f5fa8,low,high,opposes_prediction,1,8262,text__word__return,return,text,0.23791371285915375,-0.010864593088626862,0.010864593088626862
case_04,typical_low_to_medium,knn_cosine,kNN (cosine),instance_based,126,890270067c166c047ceda5d45e5e16ea678f5fa8,low,high,opposes_prediction,2,11077,text__word__wireless mouse,wireless mouse,text,0.18129530549049377,-0.008174465037882328,0.008174465037882328
case_04,typical_low_to_medium,knn_cosine,kNN (cosine),instance_based,126,890270067c166c047ceda5d45e5e16ea678f5fa8,low,high,opposes_prediction,3,14165,text__char__riv,[char] riv,text,0.030991794541478157,-0.003703136695548892,0.003703136695548892
case_04,typical_low_to_medium,knn_cosine,kNN (cosine),instance_based,126,890270067c166c047ceda5d45e5e16ea678f5fa8,low,high,opposes_prediction,4,12446,text__char__durin,[char] durin,text,0.027020225301384926,-0.0036462999414652586,0.0036462999414652586
case_04,typical_low_to_medium,knn_cosine,kNN (cosine),instance_based,126,890270067c166c047ceda5d45e5e16ea678f5fa8,low,high,opposes_prediction,5,14938,text__char__you,[char] you,text,0.022999195381999016,-0.0035971004981547594,0.0035971004981547594
case_04,typical_low_to_medium,knn_cosine,kNN (cosine),instance_based,126,890270067c166c047ceda5d45e5e16ea678f5fa8,low,high,opposes_prediction,6,1762,text__word__compatibility concerns,compatibility concerns,text,0.166132390499115,-0.0005356196779757738,0.0005356196779757738
case_04,typical_low_to_medium,knn_cosine,kNN (cosine),instance_based,126,890270067c166c047ceda5d45e5e16ea678f5fa8,low,high,opposes_prediction,7,143,text__word__accessories,accessories,text,0.16940847039222717,-0.000348334142472595,0.000348334142472595
case_04,typical_low_to_medium,knn_cosine,kNN (cosine),instance_based,126,890270067c166c047ceda5d45e5e16ea678f5fa8,low,high,opposes_prediction,8,4284,text__word__hub,hub,text,0.14360691606998444,-0.00022365045151673257,0.00022365045151673257
case_04,typical_low_to_medium,knn_cosine,kNN (cosine),instance_based,126,890270067c166c047ceda5d45e5e16ea678f5fa8,low,high,opposes_prediction,9,1737,text__word__come,come,text,0.15672755241394043,-0.00018443378212396055,0.00018443378212396055
case_04,typical_low_to_medium,knn_cosine,kNN (cosine),instance_based,126,890270067c166c047ceda5d45e5e16ea678f5fa8,low,high,opposes_prediction,10,14597,text__char__they ,[char] they ,text,0.03410010784864426,-0.00013897809549234807,0.00013897809549234807
case_05,typical_high_to_medium,knn_cosine,kNN (cosine),instance_based,394,a290262a783ad8b4921aa46b3c337daf9f4dbeb1,high,medium,supports_prediction,1,6098,text__word__mehr,mehr,text,0.13069546222686768,0.04221301153302193,0.04221301153302193
case_05,typical_high_to_medium,knn_cosine,kNN (cosine),instance_based,394,a290262a783ad8b4921aa46b3c337daf9f4dbeb1,high,medium,supports_prediction,2,1158,text__word__bereitstellen,bereitstellen,text,0.07730682939291,0.040696386247873306,0.040696386247873306
case_05,typical_high_to_medium,knn_cosine,kNN (cosine),instance_based,394,a290262a783ad8b4921aa46b3c337daf9f4dbeb1,high,medium,supports_prediction,3,15007,categorical__queue_Customer Service,Customer Service,queue,1.0,0.03451760485768318,0.03451760485768318
case_05,typical_high_to_medium,knn_cosine,kNN (cosine),instance_based,394,a290262a783ad8b4921aa46b3c337daf9f4dbeb1,high,medium,supports_prediction,4,2240,text__word__daran,daran,text,0.09621497988700867,0.0331013947725296,0.0331013947725296
case_05,typical_high_to_medium,knn_cosine,kNN (cosine),instance_based,394,a290262a783ad8b4921aa46b3c337daf9f4dbeb1,high,medium,supports_prediction,5,2242,text__word__daran interessiert,daran interessiert,text,0.10937650501728058,0.024644900113344193,0.024644900113344193
case_05,typical_high_to_medium,knn_cosine,kNN (cosine),instance_based,394,a290262a783ad8b4921aa46b3c337daf9f4dbeb1,high,medium,supports_prediction,6,10211,text__word__umfassende,umfassende,text,0.11273083090782166,0.023123929277062416,0.023123929277062416
case_05,typical_high_to_medium,knn_cosine,kNN (cosine),instance_based,394,a290262a783ad8b4921aa46b3c337daf9f4dbeb1,high,medium,supports_prediction,7,12140,text__char__bin ,[char] bin ,text,0.031210031360387802,0.014131150208413601,0.014131150208413601
case_05,typical_high_to_medium,knn_cosine,kNN (cosine),instance_based,394,a290262a783ad8b4921aa46b3c337daf9f4dbeb1,high,medium,supports_prediction,8,5925,text__word__marke,marke,text,0.1155635192990303,0.012573146261274815,0.012573146261274815
case_05,typical_high_to_medium,knn_cosine,kNN (cosine),instance_based,394,a290262a783ad8b4921aa46b3c337daf9f4dbeb1,high,medium,supports_prediction,9,11429,text__char__ dien,[char]  dien,text,0.028920000419020653,0.011405269615352154,0.011405269615352154
case_05,typical_high_to_medium,knn_cosine,kNN (cosine),instance_based,394,a290262a783ad8b4921aa46b3c337daf9f4dbeb1,high,medium,supports_prediction,10,586,text__word__anfrage,anfrage,text,0.08657338470220566,0.010761972516775131,0.010761972516775131
case_05,typical_high_to_medium,knn_cosine,kNN (cosine),instance_based,394,a290262a783ad8b4921aa46b3c337daf9f4dbeb1,high,medium,opposes_prediction,1,15003,categorical__type_Request,Request,type,1.0,-0.08222264796495438,0.08222264796495438
case_05,typical_high_to_medium,knn_cosine,kNN (cosine),instance_based,394,a290262a783ad8b4921aa46b3c337daf9f4dbeb1,high,medium,opposes_prediction,2,2752,text__word__dienstleistungen,dienstleistungen,text,0.09850405901670456,-0.04335245490074158,0.04335245490074158
case_05,typical_high_to_medium,knn_cosine,kNN (cosine),instance_based,394,a290262a783ad8b4921aa46b3c337daf9f4dbeb1,high,medium,opposes_prediction,3,5514,text__word__könnten bitte,könnten bitte,text,0.07815998047590256,-0.01404055766761303,0.01404055766761303
case_05,typical_high_to_medium,knn_cosine,kNN (cosine),instance_based,394,a290262a783ad8b4921aa46b3c337daf9f4dbeb1,high,medium,opposes_prediction,4,5058,text__word__interessiert,interessiert,text,0.08600646257400513,-0.011285745538771152,0.011285745538771152
case_05,typical_high_to_medium,knn_cosine,kNN (cosine),instance_based,394,a290262a783ad8b4921aa46b3c337daf9f4dbeb1,high,medium,opposes_prediction,5,11519,text__char__ inte,[char]  inte,text,0.012583606876432896,-0.010612419806420803,0.010612419806420803
case_05,typical_high_to_medium,knn_cosine,kNN (cosine),instance_based,394,a290262a783ad8b4921aa46b3c337daf9f4dbeb1,high,medium,opposes_prediction,6,4689,text__word__informationen,informationen,text,0.10707922279834747,-0.009471150115132332,0.009471150115132332
case_05,typical_high_to_medium,knn_cosine,kNN (cosine),instance_based,394,a290262a783ad8b4921aa46b3c337daf9f4dbeb1,high,medium,opposes_prediction,7,14434,text__char__ssie,[char] ssie,text,0.02717488445341587,-0.007414575200527906,0.007414575200527906
case_05,typical_high_to_medium,knn_cosine,kNN (cosine),instance_based,394,a290262a783ad8b4921aa46b3c337daf9f4dbeb1,high,medium,opposes_prediction,8,12737,text__char__etai,[char] etai,text,0.016300881281495094,-0.007152356207370758,0.007152356207370758
case_05,typical_high_to_medium,knn_cosine,kNN (cosine),instance_based,394,a290262a783ad8b4921aa46b3c337daf9f4dbeb1,high,medium,opposes_prediction,9,3277,text__word__erfahren,erfahren,text,0.14238125085830688,-0.0040013971738517284,0.0040013971738517284
case_05,typical_high_to_medium,knn_cosine,kNN (cosine),instance_based,394,a290262a783ad8b4921aa46b3c337daf9f4dbeb1,high,medium,opposes_prediction,10,14115,text__char__ressi,[char] ressi,text,0.025949712842702866,-0.0037157677579671144,0.0037157677579671144
case_06,critical_low_to_high,knn_cosine,kNN (cosine),instance_based,8,66db6625b564da4549986df74e6db441a323c089,low,high,supports_prediction,1,15015,categorical__queue_Technical Support,Technical Support,queue,1.0,0.3237530589103699,0.3237530589103699
case_06,critical_low_to_high,knn_cosine,kNN (cosine),instance_based,8,66db6625b564da4549986df74e6db441a323c089,low,high,supports_prediction,2,15003,categorical__type_Request,Request,type,1.0,0.10446923226118088,0.10446923226118088
case_06,critical_low_to_high,knn_cosine,kNN (cosine),instance_based,8,66db6625b564da4549986df74e6db441a323c089,low,high,supports_prediction,3,10211,text__word__umfassende,umfassende,text,0.11198700964450836,0.029794445261359215,0.029794445261359215
case_06,critical_low_to_high,knn_cosine,kNN (cosine),instance_based,8,66db6625b564da4549986df74e6db441a323c089,low,high,supports_prediction,4,12736,text__char__eta,[char] eta,text,0.023604659363627434,0.022165339440107346,0.022165339440107346
case_06,critical_low_to_high,knn_cosine,kNN (cosine),instance_based,8,66db6625b564da4549986df74e6db441a323c089,low,high,supports_prediction,5,4689,text__word__informationen,informationen,text,0.10637269169092178,0.01125609502196312,0.01125609502196312
case_06,critical_low_to_high,knn_cosine,kNN (cosine),instance_based,8,66db6625b564da4549986df74e6db441a323c089,low,high,supports_prediction,6,2589,text__word__deren,deren,text,0.11867926269769669,0.010944307781755924,0.010944307781755924
case_06,critical_low_to_high,knn_cosine,kNN (cosine),instance_based,8,66db6625b564da4549986df74e6db441a323c089,low,high,supports_prediction,7,3266,text__word__entscheidend,entscheidend,text,0.11758612096309662,0.010719607584178448,0.010719607584178448
case_06,critical_low_to_high,knn_cosine,kNN (cosine),instance_based,8,66db6625b564da4549986df74e6db441a323c089,low,high,supports_prediction,8,13577,text__char__nfor,[char] nfor,text,0.019159745424985886,0.007377648260444403,0.007377648260444403
case_06,critical_low_to_high,knn_cosine,kNN (cosine),instance_based,8,66db6625b564da4549986df74e6db441a323c089,low,high,supports_prediction,9,13576,text__char__nfo,[char] nfo,text,0.019083717837929726,0.00703808106482029,0.00703808106482029
case_06,critical_low_to_high,knn_cosine,kNN (cosine),instance_based,8,66db6625b564da4549986df74e6db441a323c089,low,high,supports_prediction,10,15004,categorical__language_de,de,language,1.0,0.004142650403082371,0.004142650403082371
case_06,critical_low_to_high,knn_cosine,kNN (cosine),instance_based,8,66db6625b564da4549986df74e6db441a323c089,low,high,opposes_prediction,1,2635,text__word__details,details,text,0.057931892573833466,-0.025907324627041817,0.025907324627041817
case_06,critical_low_to_high,knn_cosine,kNN (cosine),instance_based,8,66db6625b564da4549986df74e6db441a323c089,low,high,opposes_prediction,2,586,text__word__anfrage,anfrage,text,0.0860021561384201,-0.022372066974639893,0.022372066974639893
case_06,critical_low_to_high,knn_cosine,kNN (cosine),instance_based,8,66db6625b564da4549986df74e6db441a323c089,low,high,opposes_prediction,3,13314,text__char__latt,[char] latt,text,0.04603172838687897,-0.022123469039797783,0.022123469039797783
case_06,critical_low_to_high,knn_cosine,kNN (cosine),instance_based,8,66db6625b564da4549986df74e6db441a323c089,low,high,opposes_prediction,4,13677,text__char__ntere,[char] ntere,text,0.015977798029780388,-0.022110244259238243,0.022110244259238243
case_06,critical_low_to_high,knn_cosine,kNN (cosine),instance_based,8,66db6625b564da4549986df74e6db441a323c089,low,high,opposes_prediction,5,14586,text__char__tfor,[char] tfor,text,0.03207004442811012,-0.022100916132330894,0.022100916132330894
case_06,critical_low_to_high,knn_cosine,kNN (cosine),instance_based,8,66db6625b564da4549986df74e6db441a323c089,low,high,opposes_prediction,6,13836,text__char__orm ,[char] orm ,text,0.029527494683861732,-0.018421247601509094,0.018421247601509094
case_06,critical_low_to_high,knn_cosine,kNN (cosine),instance_based,8,66db6625b564da4549986df74e6db441a323c089,low,high,opposes_prediction,7,11620,text__char__ plat,[char]  plat,text,0.03362598642706871,-0.007406095042824745,0.007406095042824745
case_06,critical_low_to_high,knn_cosine,kNN (cosine),instance_based,8,66db6625b564da4549986df74e6db441a323c089,low,high,opposes_prediction,8,13554,text__char__nders,[char] nders,text,0.02126249484717846,-0.0073740119114518166,0.0073740119114518166
case_06,critical_low_to_high,knn_cosine,kNN (cosine),instance_based,8,66db6625b564da4549986df74e6db441a323c089,low,high,opposes_prediction,9,13839,text__char__ormat,[char] ormat,text,0.020891668274998665,-0.007166668307036161,0.007166668307036161
case_06,critical_low_to_high,knn_cosine,kNN (cosine),instance_based,8,66db6625b564da4549986df74e6db441a323c089,low,high,opposes_prediction,10,1178,text__word__besonders,besonders,text,0.10051917284727097,-0.006860606372356415,0.006860606372356415
case_07,critical_high_to_low,knn_cosine,kNN (cosine),instance_based,3081,4b2afb7f05c9cd9fd85790fdd2db112b4abbc318,high,medium,supports_prediction,1,1158,text__word__bereitstellen,bereitstellen,text,0.18857869505882263,0.07629519701004028,0.07629519701004028
case_07,critical_high_to_low,knn_cosine,kNN (cosine),instance_based,3081,4b2afb7f05c9cd9fd85790fdd2db112b4abbc318,high,medium,supports_prediction,2,13527,text__char__n? ,[char] n? ,text,0.039500657469034195,0.058945149183273315,0.058945149183273315
case_07,critical_high_to_low,knn_cosine,kNN (cosine),instance_based,3081,4b2afb7f05c9cd9fd85790fdd2db112b4abbc318,high,medium,supports_prediction,3,15007,categorical__queue_Customer Service,Customer Service,queue,1.0,0.04004959017038345,0.04004959017038345
case_07,critical_high_to_low,knn_cosine,kNN (cosine),instance_based,3081,4b2afb7f05c9cd9fd85790fdd2db112b4abbc318,high,medium,supports_prediction,4,5514,text__word__könnten bitte,könnten bitte,text,0.19065983593463898,0.0398879200220108,0.0398879200220108
case_07,critical_high_to_low,knn_cosine,kNN (cosine),instance_based,3081,4b2afb7f05c9cd9fd85790fdd2db112b4abbc318,high,medium,supports_prediction,5,11513,text__char__ info,[char]  info,text,0.026883771643042564,0.014549138024449348,0.014549138024449348
case_07,critical_high_to_low,knn_cosine,kNN (cosine),instance_based,3081,4b2afb7f05c9cd9fd85790fdd2db112b4abbc318,high,medium,supports_prediction,6,9318,text__word__strategien,strategien,text,0.21391677856445312,0.009427523240447044,0.009427523240447044
case_07,critical_high_to_low,knn_cosine,kNN (cosine),instance_based,3081,4b2afb7f05c9cd9fd85790fdd2db112b4abbc318,high,medium,supports_prediction,7,12605,text__char__en?,[char] en?,text,0.04494582116603851,0.007830378599464893,0.007830378599464893
case_07,critical_high_to_low,knn_cosine,kNN (cosine),instance_based,3081,4b2afb7f05c9cd9fd85790fdd2db112b4abbc318,high,medium,supports_prediction,8,12606,text__char__en? ,[char] en? ,text,0.04495318606495857,0.007690806407481432,0.007690806407481432
case_07,critical_high_to_low,knn_cosine,kNN (cosine),instance_based,3081,4b2afb7f05c9cd9fd85790fdd2db112b4abbc318,high,medium,supports_prediction,9,14197,text__char__rmati,[char] rmati,text,0.02850969135761261,0.007493981625884771,0.007493981625884771
case_07,critical_high_to_low,knn_cosine,kNN (cosine),instance_based,3081,4b2afb7f05c9cd9fd85790fdd2db112b4abbc318,high,medium,supports_prediction,10,12549,text__char__egie,[char] egie,text,0.03647968918085098,0.007171951700001955,0.007171951700001955
case_07,critical_high_to_low,knn_cosine,kNN (cosine),instance_based,3081,4b2afb7f05c9cd9fd85790fdd2db112b4abbc318,high,medium,opposes_prediction,1,1301,text__word__bitte zusätzliche,bitte zusätzliche,text,0.35136088728904724,-0.03515821695327759,0.03515821695327759
case_07,critical_high_to_low,knn_cosine,kNN (cosine),instance_based,3081,4b2afb7f05c9cd9fd85790fdd2db112b4abbc318,high,medium,opposes_prediction,2,15004,categorical__language_de,de,language,1.0,-0.014229942113161087,0.014229942113161087
case_07,critical_high_to_low,knn_cosine,kNN (cosine),instance_based,3081,4b2afb7f05c9cd9fd85790fdd2db112b4abbc318,high,medium,opposes_prediction,3,4689,text__word__informationen,informationen,text,0.15427134931087494,-0.007486211135983467,0.007486211135983467
case_07,critical_high_to_low,knn_cosine,kNN (cosine),instance_based,3081,4b2afb7f05c9cd9fd85790fdd2db112b4abbc318,high,medium,opposes_prediction,4,11565,text__char__ mcaf,[char]  mcaf,text,0.09268201142549515,-0.007371366489678621,0.007371366489678621
case_07,critical_high_to_low,knn_cosine,kNN (cosine),instance_based,3081,4b2afb7f05c9cd9fd85790fdd2db112b4abbc318,high,medium,opposes_prediction,5,13442,text__char__mati,[char] mati,text,0.028138352558016777,-0.0035893977619707584,0.0035893977619707584
case_07,critical_high_to_low,knn_cosine,kNN (cosine),instance_based,3081,4b2afb7f05c9cd9fd85790fdd2db112b4abbc318,high,medium,opposes_prediction,6,11563,text__char__ mc,[char]  mc,text,0.09268201142549515,-0.0035675663966685534,0.0035675663966685534
case_07,critical_high_to_low,knn_cosine,kNN (cosine),instance_based,3081,4b2afb7f05c9cd9fd85790fdd2db112b4abbc318,high,medium,opposes_prediction,7,13127,text__char__infor,[char] infor,text,0.026684416458010674,-0.0034821094013750553,0.0034821094013750553
case_07,critical_high_to_low,knn_cosine,kNN (cosine),instance_based,3081,4b2afb7f05c9cd9fd85790fdd2db112b4abbc318,high,medium,opposes_prediction,8,14543,text__char__tegi,[char] tegi,text,0.036375489085912704,-0.003443645080551505,0.003443645080551505
case_07,critical_high_to_low,knn_cosine,kNN (cosine),instance_based,3081,4b2afb7f05c9cd9fd85790fdd2db112b4abbc318,high,medium,opposes_prediction,9,12058,text__char__ateg,[char] ateg,text,0.03461557626724243,-0.0033547719940543175,0.0033547719940543175
case_07,critical_high_to_low,knn_cosine,kNN (cosine),instance_based,3081,4b2afb7f05c9cd9fd85790fdd2db112b4abbc318,high,medium,opposes_prediction,10,13577,text__char__nfor,[char] nfor,text,0.026072269305586815,-0.0032489956356585026,0.0032489956356585026
case_08,model_disagreement_1,knn_cosine,kNN (cosine),instance_based,13,de1f211d7fb1dd53f830f716d9499d66d3b65ee1,high,high,supports_prediction,1,15011,categorical__queue_Product Support,Product Support,queue,1.0,0.1251097172498703,0.1251097172498703
case_08,model_disagreement_1,knn_cosine,kNN (cosine),instance_based,13,de1f211d7fb1dd53f830f716d9499d66d3b65ee1,high,high,supports_prediction,2,15003,categorical__type_Request,Request,type,1.0,0.07219412922859192,0.07219412922859192
case_08,model_disagreement_1,knn_cosine,kNN (cosine),instance_based,13,de1f211d7fb1dd53f830f716d9499d66d3b65ee1,high,high,supports_prediction,3,10253,text__word__understanding,understanding,text,0.09307664632797241,0.06479763984680176,0.06479763984680176
case_08,model_disagreement_1,knn_cosine,kNN (cosine),instance_based,13,de1f211d7fb1dd53f830f716d9499d66d3b65ee1,high,high,supports_prediction,4,15005,categorical__language_en,en,language,1.0,0.041536588221788406,0.041536588221788406
case_08,model_disagreement_1,knn_cosine,kNN (cosine),instance_based,13,de1f211d7fb1dd53f830f716d9499d66d3b65ee1,high,high,supports_prediction,5,2624,text__word__detailed information,detailed information,text,0.14822213351726532,0.03873104602098465,0.03873104602098465
case_08,model_disagreement_1,knn_cosine,kNN (cosine),instance_based,13,de1f211d7fb1dd53f830f716d9499d66d3b65ee1,high,high,supports_prediction,6,1688,text__word__client,client,text,0.12192655354738235,0.03685580939054489,0.03685580939054489
case_08,model_disagreement_1,knn_cosine,kNN (cosine),instance_based,13,de1f211d7fb1dd53f830f716d9499d66d3b65ee1,high,high,supports_prediction,7,6141,text__word__message reaches,message reaches,text,0.12336806207895279,0.029694098979234695,0.029694098979234695
case_08,model_disagreement_1,knn_cosine,kNN (cosine),instance_based,13,de1f211d7fb1dd53f830f716d9499d66d3b65ee1,high,high,supports_prediction,8,13351,text__char__lient,[char] lient,text,0.04272770881652832,0.024977020919322968,0.024977020919322968
case_08,model_disagreement_1,knn_cosine,kNN (cosine),instance_based,13,de1f211d7fb1dd53f830f716d9499d66d3b65ee1,high,high,supports_prediction,9,7762,text__word__reaches,reaches,text,0.12336806207895279,0.021099841222167015,0.021099841222167015
case_08,model_disagreement_1,knn_cosine,kNN (cosine),instance_based,13,de1f211d7fb1dd53f830f716d9499d66d3b65ee1,high,high,supports_prediction,10,12658,text__char__eres,[char] eres,text,0.02600657194852829,0.0180966779589653,0.0180966779589653
case_08,model_disagreement_1,knn_cosine,kNN (cosine),instance_based,13,de1f211d7fb1dd53f830f716d9499d66d3b65ee1,high,high,opposes_prediction,1,5078,text__word__interested understanding,interested understanding,text,0.10395850986242294,-0.029490748420357704,0.029490748420357704
case_08,model_disagreement_1,knn_cosine,kNN (cosine),instance_based,13,de1f211d7fb1dd53f830f716d9499d66d3b65ee1,high,high,opposes_prediction,2,14750,text__char__uiry ,[char] uiry ,text,0.035342443734407425,-0.028567953035235405,0.028567953035235405
case_08,model_disagreement_1,knn_cosine,kNN (cosine),instance_based,13,de1f211d7fb1dd53f830f716d9499d66d3b65ee1,high,high,opposes_prediction,3,7245,text__word__pricing,pricing,text,0.10805482417345047,-0.022356906905770302,0.022356906905770302
case_08,model_disagreement_1,knn_cosine,kNN (cosine),instance_based,13,de1f211d7fb1dd53f830f716d9499d66d3b65ee1,high,high,opposes_prediction,4,14016,text__char__quiry,[char] quiry,text,0.03516343608498573,-0.018261147662997246,0.018261147662997246
case_08,model_disagreement_1,knn_cosine,kNN (cosine),instance_based,13,de1f211d7fb1dd53f830f716d9499d66d3b65ee1,high,high,opposes_prediction,5,12393,text__char__deta,[char] deta,text,0.03498825058341026,-0.017502188682556152,0.017502188682556152
case_08,model_disagreement_1,knn_cosine,kNN (cosine),instance_based,13,de1f211d7fb1dd53f830f716d9499d66d3b65ee1,high,high,opposes_prediction,6,8746,text__word__services provided,services provided,text,0.14258421957492828,-0.01477064099162817,0.01477064099162817
case_08,model_disagreement_1,knn_cosine,kNN (cosine),instance_based,13,de1f211d7fb1dd53f830f716d9499d66d3b65ee1,high,high,opposes_prediction,7,4769,text__word__inquiry,inquiry,text,0.0858679860830307,-0.011558291502296925,0.011558291502296925
case_08,model_disagreement_1,knn_cosine,kNN (cosine),instance_based,13,de1f211d7fb1dd53f830f716d9499d66d3b65ee1,high,high,opposes_prediction,8,13048,text__char__icing,[char] icing,text,0.04198645055294037,-0.01106884516775608,0.01106884516775608
case_08,model_disagreement_1,knn_cosine,kNN (cosine),instance_based,13,de1f211d7fb1dd53f830f716d9499d66d3b65ee1,high,high,opposes_prediction,9,13703,text__char__ny ,[char] ny ,text,0.02335314266383648,-0.011050271801650524,0.011050271801650524
case_08,model_disagreement_1,knn_cosine,kNN (cosine),instance_based,13,de1f211d7fb1dd53f830f716d9499d66d3b65ee1,high,high,opposes_prediction,10,7763,text__word__reaches well,reaches well,text,0.12729769945144653,-0.008087818510830402,0.008087818510830402
case_09,model_disagreement_2,knn_cosine,kNN (cosine),instance_based,59,c655267a95bf20edad8c0f0eac49d2c7984240c5,low,high,supports_prediction,1,7065,text__word__plattform,plattform,text,0.1991918981075287,0.06664221733808517,0.06664221733808517
case_09,model_disagreement_2,knn_cosine,kNN (cosine),instance_based,59,c655267a95bf20edad8c0f0eac49d2c7984240c5,low,high,supports_prediction,2,12979,text__char__hni,[char] hni,text,0.039254020899534225,0.034344155341386795,0.034344155341386795
case_09,model_disagreement_2,knn_cosine,kNN (cosine),instance_based,59,c655267a95bf20edad8c0f0eac49d2c7984240c5,low,high,supports_prediction,3,12074,text__char__attf,[char] attf,text,0.050342265516519547,0.03267326205968857,0.03267326205968857
case_09,model_disagreement_2,knn_cosine,kNN (cosine),instance_based,59,c655267a95bf20edad8c0f0eac49d2c7984240c5,low,high,supports_prediction,4,14580,text__char__tes,[char] tes,text,0.015240265987813473,0.023930640891194344,0.023930640891194344
case_09,model_disagreement_2,knn_cosine,kNN (cosine),instance_based,59,c655267a95bf20edad8c0f0eac49d2c7984240c5,low,high,supports_prediction,5,586,text__word__anfrage,anfrage,text,0.09615665674209595,0.02167745679616928,0.02167745679616928
case_09,model_disagreement_2,knn_cosine,kNN (cosine),instance_based,59,c655267a95bf20edad8c0f0eac49d2c7984240c5,low,high,supports_prediction,6,12555,text__char__egrat,[char] egrat,text,0.01438659243285656,0.020568164065480232,0.020568164065480232
case_09,model_disagreement_2,knn_cosine,kNN (cosine),instance_based,59,c655267a95bf20edad8c0f0eac49d2c7984240c5,low,high,supports_prediction,7,14512,text__char__tai,[char] tai,text,0.014777563512325287,0.020544035360217094,0.020544035360217094
case_09,model_disagreement_2,knn_cosine,kNN (cosine),instance_based,59,c655267a95bf20edad8c0f0eac49d2c7984240c5,low,high,supports_prediction,8,4418,text__word__implementierung,implementierung,text,0.11973493546247482,0.01863059587776661,0.01863059587776661
case_09,model_disagreement_2,knn_cosine,kNN (cosine),instance_based,59,c655267a95bf20edad8c0f0eac49d2c7984240c5,low,high,supports_prediction,9,14779,text__char__unse,[char] unse,text,0.03517806529998779,0.017941398546099663,0.017941398546099663
case_09,model_disagreement_2,knn_cosine,kNN (cosine),instance_based,59,c655267a95bf20edad8c0f0eac49d2c7984240c5,low,high,supports_prediction,10,4895,text__word__integration,integration,text,0.056450553238391876,0.015142795629799366,0.015142795629799366
case_09,model_disagreement_2,knn_cosine,kNN (cosine),instance_based,59,c655267a95bf20edad8c0f0eac49d2c7984240c5,low,high,opposes_prediction,1,15007,categorical__queue_Customer Service,Customer Service,queue,1.0,-0.028341855853796005,0.028341855853796005
case_09,model_disagreement_2,knn_cosine,kNN (cosine),instance_based,59,c655267a95bf20edad8c0f0eac49d2c7984240c5,low,high,opposes_prediction,2,4689,text__word__informationen,informationen,text,0.07024338096380234,-0.027225486934185028,0.027225486934185028
case_09,model_disagreement_2,knn_cosine,kNN (cosine),instance_based,59,c655267a95bf20edad8c0f0eac49d2c7984240c5,low,high,opposes_prediction,3,13578,text__char__nform,[char] nform,text,0.01262288261204958,-0.02502671256661415,0.02502671256661415
case_09,model_disagreement_2,knn_cosine,kNN (cosine),instance_based,59,c655267a95bf20edad8c0f0eac49d2c7984240c5,low,high,opposes_prediction,4,4160,text__word__helfen,helfen,text,0.09361995756626129,-0.018451986834406853,0.018451986834406853
case_09,model_disagreement_2,knn_cosine,kNN (cosine),instance_based,59,c655267a95bf20edad8c0f0eac49d2c7984240c5,low,high,opposes_prediction,5,14196,text__char__rmat,[char] rmat,text,0.01341769378632307,-0.007227407302707434,0.007227407302707434
case_09,model_disagreement_2,knn_cosine,kNN (cosine),instance_based,59,c655267a95bf20edad8c0f0eac49d2c7984240c5,low,high,opposes_prediction,6,14197,text__char__rmati,[char] rmati,text,0.013461325317621231,-0.006947011686861515,0.006947011686861515
case_09,model_disagreement_2,knn_cosine,kNN (cosine),instance_based,59,c655267a95bf20edad8c0f0eac49d2c7984240c5,low,high,opposes_prediction,7,14542,text__char__teg,[char] teg,text,0.010966785252094269,-0.006826913915574551,0.006826913915574551
case_09,model_disagreement_2,knn_cosine,kNN (cosine),instance_based,59,c655267a95bf20edad8c0f0eac49d2c7984240c5,low,high,opposes_prediction,8,8895,text__word__sicherheitsvorkehrungen,sicherheitsvorkehrungen,text,0.1643756479024887,-0.004259072709828615,0.004259072709828615
case_09,model_disagreement_2,knn_cosine,kNN (cosine),instance_based,59,c655267a95bf20edad8c0f0eac49d2c7984240c5,low,high,opposes_prediction,9,14055,text__char__rat,[char] rat,text,0.009952910244464874,-0.003661581315100193,0.003661581315100193
case_09,model_disagreement_2,knn_cosine,kNN (cosine),instance_based,59,c655267a95bf20edad8c0f0eac49d2c7984240c5,low,high,opposes_prediction,10,13785,text__char__one,[char] one,text,0.03614012897014618,-0.0036374730989336967,0.0036374730989336967
case_10,model_disagreement_3,knn_cosine,kNN (cosine),instance_based,85,818ee361847e8677f2017325b145c997fb136ec4,low,high,supports_prediction,1,15003,categorical__type_Request,Request,type,1.0,0.05516361445188522,0.05516361445188522
case_10,model_disagreement_3,knn_cosine,kNN (cosine),instance_based,85,818ee361847e8677f2017325b145c997fb136ec4,low,high,supports_prediction,2,586,text__word__anfrage,anfrage,text,0.0957987979054451,0.03856460005044937,0.03856460005044937
case_10,model_disagreement_3,knn_cosine,kNN (cosine),instance_based,85,818ee361847e8677f2017325b145c997fb136ec4,low,high,supports_prediction,3,6626,text__word__optimierung,optimierung,text,0.09196864068508148,0.030025413259863853,0.030025413259863853
case_10,model_disagreement_3,knn_cosine,kNN (cosine),instance_based,85,818ee361847e8677f2017325b145c997fb136ec4,low,high,supports_prediction,4,1178,text__word__besonders,besonders,text,0.1119694709777832,0.029246557503938675,0.029246557503938675
case_10,model_disagreement_3,knn_cosine,kNN (cosine),instance_based,85,818ee361847e8677f2017325b145c997fb136ec4,low,high,supports_prediction,5,3898,text__word__fähigkeiten,fähigkeiten,text,0.13349281251430511,0.01284155622124672,0.01284155622124672
case_10,model_disagreement_3,knn_cosine,kNN (cosine),instance_based,85,818ee361847e8677f2017325b145c997fb136ec4,low,high,supports_prediction,6,12394,text__char__detai,[char] detai,text,0.022714650258421898,0.010813090018928051,0.010813090018928051
case_10,model_disagreement_3,knn_cosine,kNN (cosine),instance_based,85,818ee361847e8677f2017325b145c997fb136ec4,low,high,supports_prediction,7,11518,text__char__ int,[char]  int,text,0.02093391679227352,0.01050106342881918,0.01050106342881918
case_10,model_disagreement_3,knn_cosine,kNN (cosine),instance_based,85,818ee361847e8677f2017325b145c997fb136ec4,low,high,supports_prediction,8,11351,text__char__ ausf,[char]  ausf,text,0.02643849514424801,0.007707430515438318,0.007707430515438318
case_10,model_disagreement_3,knn_cosine,kNN (cosine),instance_based,85,818ee361847e8677f2017325b145c997fb136ec4,low,high,supports_prediction,9,13238,text__char__ität,[char] ität,text,0.019351622089743614,0.007367896381765604,0.007367896381765604
case_10,model_disagreement_3,knn_cosine,kNN (cosine),instance_based,85,818ee361847e8677f2017325b145c997fb136ec4,low,high,supports_prediction,10,13127,text__char__infor,[char] infor,text,0.011113939806818962,0.007311487104743719,0.007311487104743719
case_10,model_disagreement_3,knn_cosine,kNN (cosine),instance_based,85,818ee361847e8677f2017325b145c997fb136ec4,low,high,opposes_prediction,1,15007,categorical__queue_Customer Service,Customer Service,queue,1.0,-0.02010110765695572,0.02010110765695572
case_10,model_disagreement_3,knn_cosine,kNN (cosine),instance_based,85,818ee361847e8677f2017325b145c997fb136ec4,low,high,opposes_prediction,2,1180,text__word__besonders interessiert,besonders interessiert,text,0.12754222750663757,-0.01299235038459301,0.01299235038459301
case_10,model_disagreement_3,knn_cosine,kNN (cosine),instance_based,85,818ee361847e8677f2017325b145c997fb136ec4,low,high,opposes_prediction,3,5058,text__word__interessiert,interessiert,text,0.09517145901918411,-0.009999996982514858,0.009999996982514858
case_10,model_disagreement_3,knn_cosine,kNN (cosine),instance_based,85,818ee361847e8677f2017325b145c997fb136ec4,low,high,opposes_prediction,4,4895,text__word__integration,integration,text,0.05624046549201012,-0.009625877253711224,0.009625877253711224
case_10,model_disagreement_3,knn_cosine,kNN (cosine),instance_based,85,818ee361847e8677f2017325b145c997fb136ec4,low,high,opposes_prediction,5,12723,text__char__essie,[char] essie,text,0.022425293922424316,-0.007369582075625658,0.007369582075625658
case_10,model_disagreement_3,knn_cosine,kNN (cosine),instance_based,85,818ee361847e8677f2017325b145c997fb136ec4,low,high,opposes_prediction,6,14540,text__char__techn,[char] techn,text,0.04188200458884239,-0.006920540705323219,0.006920540705323219
case_10,model_disagreement_3,knn_cosine,kNN (cosine),instance_based,85,818ee361847e8677f2017325b145c997fb136ec4,low,high,opposes_prediction,7,14434,text__char__ssie,[char] ssie,text,0.03786403313279152,-0.0039018895477056503,0.0039018895477056503
case_10,model_disagreement_3,knn_cosine,kNN (cosine),instance_based,85,818ee361847e8677f2017325b145c997fb136ec4,low,high,opposes_prediction,8,12082,text__char__aus,[char] aus,text,0.021852290257811546,-0.003818577155470848,0.003818577155470848
case_10,model_disagreement_3,knn_cosine,kNN (cosine),instance_based,85,818ee361847e8677f2017325b145c997fb136ec4,low,high,opposes_prediction,9,12384,text__char__ders,[char] ders,text,0.019937578588724136,-0.003715966595336795,0.003715966595336795
case_10,model_disagreement_3,knn_cosine,kNN (cosine),instance_based,85,818ee361847e8677f2017325b145c997fb136ec4,low,high,opposes_prediction,10,14196,text__char__rmat,[char] rmat,text,0.011835671961307526,-0.003708604723215103,0.003708604723215103
case_11,model_disagreement_4,knn_cosine,kNN (cosine),instance_based,98,2b8de51a7c4e30bce5c04433674e788ab51bc409,high,high,supports_prediction,1,15003,categorical__type_Request,Request,type,1.0,0.16373637318611145,0.16373637318611145
case_11,model_disagreement_4,knn_cosine,kNN (cosine),instance_based,98,2b8de51a7c4e30bce5c04433674e788ab51bc409,high,high,supports_prediction,2,623,text__word__ansatz,ansatz,text,0.1411767452955246,0.05763780325651169,0.05763780325651169
case_11,model_disagreement_4,knn_cosine,kNN (cosine),instance_based,98,2b8de51a7c4e30bce5c04433674e788ab51bc409,high,high,supports_prediction,3,6626,text__word__optimierung,optimierung,text,0.08990909904241562,0.054604243487119675,0.054604243487119675
case_11,model_disagreement_4,knn_cosine,kNN (cosine),instance_based,98,2b8de51a7c4e30bce5c04433674e788ab51bc409,high,high,supports_prediction,4,1158,text__word__bereitstellen,bereitstellen,text,0.08362908661365509,0.05266648903489113,0.05266648903489113
case_11,model_disagreement_4,knn_cosine,kNN (cosine),instance_based,98,2b8de51a7c4e30bce5c04433674e788ab51bc409,high,high,supports_prediction,5,1178,text__word__besonders,besonders,text,0.10946202278137207,0.009842176921665668,0.009842176921665668
case_11,model_disagreement_4,knn_cosine,kNN (cosine),instance_based,98,2b8de51a7c4e30bce5c04433674e788ab51bc409,high,high,supports_prediction,6,12385,text__char__ders ,[char] ders ,text,0.029191825538873672,0.00733482651412487,0.00733482651412487
case_11,model_disagreement_4,knn_cosine,kNN (cosine),instance_based,98,2b8de51a7c4e30bce5c04433674e788ab51bc409,high,high,supports_prediction,7,12743,text__char__ethod,[char] ethod,text,0.02311638928949833,0.007328567560762167,0.007328567560762167
case_11,model_disagreement_4,knn_cosine,kNN (cosine),instance_based,98,2b8de51a7c4e30bce5c04433674e788ab51bc409,high,high,supports_prediction,8,12552,text__char__egr,[char] egr,text,0.012601485475897789,0.007315092720091343,0.007315092720091343
case_11,model_disagreement_4,knn_cosine,kNN (cosine),instance_based,98,2b8de51a7c4e30bce5c04433674e788ab51bc409,high,high,supports_prediction,9,12082,text__char__aus,[char] aus,text,0.02925650030374527,0.00392010435461998,0.00392010435461998
case_11,model_disagreement_4,knn_cosine,kNN (cosine),instance_based,98,2b8de51a7c4e30bce5c04433674e788ab51bc409,high,high,supports_prediction,10,6148,text__word__methoden,methoden,text,0.11785285919904709,0.003708579344674945,0.003708579344674945
case_11,model_disagreement_4,knn_cosine,kNN (cosine),instance_based,98,2b8de51a7c4e30bce5c04433674e788ab51bc409,high,high,opposes_prediction,1,9318,text__word__strategien,strategien,text,0.09486577659845352,-0.005040319636464119,0.005040319636464119
case_11,model_disagreement_4,knn_cosine,kNN (cosine),instance_based,98,2b8de51a7c4e30bce5c04433674e788ab51bc409,high,high,opposes_prediction,2,14055,text__char__rat,[char] rat,text,0.02262961119413376,-0.0036938341800123453,0.0036938341800123453
case_11,model_disagreement_4,knn_cosine,kNN (cosine),instance_based,98,2b8de51a7c4e30bce5c04433674e788ab51bc409,high,high,opposes_prediction,3,14612,text__char__tigt,[char] tigt,text,0.023436041548848152,-0.0036579363513737917,0.0036579363513737917
case_11,model_disagreement_4,knn_cosine,kNN (cosine),instance_based,98,2b8de51a7c4e30bce5c04433674e788ab51bc409,high,high,opposes_prediction,4,11318,text__char__ ab,[char]  ab,text,0.01469285599887371,-0.0036475483793765306,0.0036475483793765306
case_11,model_disagreement_4,knn_cosine,kNN (cosine),instance_based,98,2b8de51a7c4e30bce5c04433674e788ab51bc409,high,high,opposes_prediction,5,15004,categorical__language_de,de,language,1.0,-0.003562791272997856,0.003562791272997856
case_11,model_disagreement_4,knn_cosine,kNN (cosine),instance_based,98,2b8de51a7c4e30bce5c04433674e788ab51bc409,high,high,opposes_prediction,6,15011,categorical__queue_Product Support,Product Support,queue,1.0,-0.0026071800384670496,0.0026071800384670496
case_11,model_disagreement_4,knn_cosine,kNN (cosine),instance_based,98,2b8de51a7c4e30bce5c04433674e788ab51bc409,high,high,opposes_prediction,7,5438,text__word__kommunikation,kommunikation,text,0.14875032007694244,-0.0021142687182873487,0.0021142687182873487
case_11,model_disagreement_4,knn_cosine,kNN (cosine),instance_based,98,2b8de51a7c4e30bce5c04433674e788ab51bc409,high,high,opposes_prediction,8,5944,text__word__marketing,marketing,text,0.10422743111848831,-0.0019466071389615536,0.0019466071389615536
case_11,model_disagreement_4,knn_cosine,kNN (cosine),instance_based,98,2b8de51a7c4e30bce5c04433674e788ab51bc409,high,high,opposes_prediction,9,5513,text__word__könnten,könnten,text,0.06373573839664459,-0.0005193533725105226,0.0005193533725105226
case_11,model_disagreement_4,knn_cosine,kNN (cosine),instance_based,98,2b8de51a7c4e30bce5c04433674e788ab51bc409,high,high,opposes_prediction,10,9833,text__word__teams,teams,text,0.11137894541025162,-0.00038105191197246313,0.00038105191197246313
case_12,model_disagreement_5,knn_cosine,kNN (cosine),instance_based,128,1a253cac8e537423675594be7ce6e3473a15a28f,low,high,supports_prediction,1,15003,categorical__type_Request,Request,type,1.0,0.08662223815917969,0.08662223815917969
case_12,model_disagreement_5,knn_cosine,kNN (cosine),instance_based,128,1a253cac8e537423675594be7ce6e3473a15a28f,low,high,supports_prediction,2,15013,categorical__queue_Sales and Pre-Sales,Sales and Pre-Sales,queue,1.0,0.0805692970752716,0.0805692970752716
case_12,model_disagreement_5,knn_cosine,kNN (cosine),instance_based,128,1a253cac8e537423675594be7ce6e3473a15a28f,low,high,supports_prediction,3,9329,text__word__strategies,strategies,text,0.10959064960479736,0.04391324147582054,0.04391324147582054
case_12,model_disagreement_5,knn_cosine,kNN (cosine),instance_based,128,1a253cac8e537423675594be7ce6e3473a15a28f,low,high,supports_prediction,4,1330,text__word__brand,brand,text,0.06883420795202255,0.022177496924996376,0.022177496924996376
case_12,model_disagreement_5,knn_cosine,kNN (cosine),instance_based,128,1a253cac8e537423675594be7ce6e3473a15a28f,low,high,supports_prediction,5,2023,text__word__could,could,text,0.046462103724479675,0.02174302004277706,0.02174302004277706
case_12,model_disagreement_5,knn_cosine,kNN (cosine),instance_based,128,1a253cac8e537423675594be7ce6e3473a15a28f,low,high,supports_prediction,6,12157,text__char__bou,[char] bou,text,0.050912030041217804,0.018391743302345276,0.018391743302345276
case_12,model_disagreement_5,knn_cosine,kNN (cosine),instance_based,128,1a253cac8e537423675594be7ce6e3473a15a28f,low,high,supports_prediction,7,13649,text__char__nqu,[char] nqu,text,0.048083867877721786,0.014733741991221905,0.014733741991221905
case_12,model_disagreement_5,knn_cosine,kNN (cosine),instance_based,128,1a253cac8e537423675594be7ce6e3473a15a28f,low,high,supports_prediction,8,4246,text__word__hope message,hope message,text,0.1135319322347641,0.013782595284283161,0.013782595284283161
case_12,model_disagreement_5,knn_cosine,kNN (cosine),instance_based,128,1a253cac8e537423675594be7ce6e3473a15a28f,low,high,supports_prediction,9,7632,text__word__provide detailed,provide detailed,text,0.08538173139095306,0.010736948810517788,0.010736948810517788
case_12,model_disagreement_5,knn_cosine,kNN (cosine),instance_based,128,1a253cac8e537423675594be7ce6e3473a15a28f,low,high,supports_prediction,10,4752,text__word__inquire,inquire,text,0.08388976752758026,0.007465539965778589,0.007465539965778589
case_12,model_disagreement_5,knn_cosine,kNN (cosine),instance_based,128,1a253cac8e537423675594be7ce6e3473a15a28f,low,high,opposes_prediction,1,5944,text__word__marketing,marketing,text,0.12395783513784409,-0.02954740822315216,0.02954740822315216
case_12,model_disagreement_5,knn_cosine,kNN (cosine),instance_based,128,1a253cac8e537423675594be7ce6e3473a15a28f,low,high,opposes_prediction,2,5946,text__word__marketing agency,marketing agency,text,0.1375071108341217,-0.02654452435672283,0.02654452435672283
case_12,model_disagreement_5,knn_cosine,kNN (cosine),instance_based,128,1a253cac8e537423675594be7ce6e3473a15a28f,low,high,opposes_prediction,3,11333,text__char__ age,[char]  age,text,0.0656852126121521,-0.018739458173513412,0.018739458173513412
case_12,model_disagreement_5,knn_cosine,kNN (cosine),instance_based,128,1a253cac8e537423675594be7ce6e3473a15a28f,low,high,opposes_prediction,4,13486,text__char__mize,[char] mize,text,0.030841851606965065,-0.018312731757760048,0.018312731757760048
case_12,model_disagreement_5,knn_cosine,kNN (cosine),instance_based,128,1a253cac8e537423675594be7ce6e3473a15a28f,low,high,opposes_prediction,5,7765,text__word__reaching inquire,reaching inquire,text,0.09012991189956665,-0.011254399083554745,0.011254399083554745
case_12,model_disagreement_5,knn_cosine,kNN (cosine),instance_based,128,1a253cac8e537423675594be7ce6e3473a15a28f,low,high,opposes_prediction,6,347,text__word__agency,agency,text,0.16193588078022003,-0.00866487342864275,0.00866487342864275
case_12,model_disagreement_5,knn_cosine,kNN (cosine),instance_based,128,1a253cac8e537423675594be7ce6e3473a15a28f,low,high,opposes_prediction,7,9810,text__word__team hope,team hope,text,0.11857496947050095,-0.007703111972659826,0.007703111972659826
case_12,model_disagreement_5,knn_cosine,kNN (cosine),instance_based,128,1a253cac8e537423675594be7ce6e3473a15a28f,low,high,opposes_prediction,8,5976,text__word__marketing strategies,marketing strategies,text,0.09706767648458481,-0.007445458322763443,0.007445458322763443
case_12,model_disagreement_5,knn_cosine,kNN (cosine),instance_based,128,1a253cac8e537423675594be7ce6e3473a15a28f,low,high,opposes_prediction,9,6081,text__word__meet,meet,text,0.10431380569934845,-0.0069283233024179935,0.0069283233024179935
case_12,model_disagreement_5,knn_cosine,kNN (cosine),instance_based,128,1a253cac8e537423675594be7ce6e3473a15a28f,low,high,opposes_prediction,10,13615,text__char__niq,[char] niq,text,0.04159119725227356,-0.003865595441311598,0.003865595441311598
case_01,unanimous_correct_low,random_forest,Random Forest,bagging_ensemble,753,15f7e749ff1aa7e7800283d66efd3a71acbcd8d0,low,low,supports_prediction,1,15007,categorical__queue_Customer Service,Customer Service,queue,1.0,0.03219754248857498,0.03219754248857498
case_01,unanimous_correct_low,random_forest,Random Forest,bagging_ensemble,753,15f7e749ff1aa7e7800283d66efd3a71acbcd8d0,low,low,supports_prediction,2,13097,text__char__ils,[char] ils,text,0.02444840781390667,0.005968743469566107,0.005968743469566107
case_01,unanimous_correct_low,random_forest,Random Forest,bagging_ensemble,753,15f7e749ff1aa7e7800283d66efd3a71acbcd8d0,low,low,supports_prediction,3,13689,text__char__ntl,[char] ntl,text,0.02606853097677231,0.0058492557145655155,0.0058492557145655155
case_01,unanimous_correct_low,random_forest,Random Forest,bagging_ensemble,753,15f7e749ff1aa7e7800283d66efd3a71acbcd8d0,low,low,supports_prediction,4,12934,text__char__hare ,[char] hare ,text,0.037412792444229126,0.005346368998289108,0.005346368998289108
case_01,unanimous_correct_low,random_forest,Random Forest,bagging_ensemble,753,15f7e749ff1aa7e7800283d66efd3a71acbcd8d0,low,low,supports_prediction,5,12393,text__char__deta,[char] deta,text,0.020380070433020592,0.0049376217648386955,0.0049376217648386955
case_01,unanimous_correct_low,random_forest,Random Forest,bagging_ensemble,753,15f7e749ff1aa7e7800283d66efd3a71acbcd8d0,low,low,supports_prediction,6,14370,text__char__share,[char] share,text,0.03627881780266762,0.004675665404647589,0.004675665404647589
case_01,unanimous_correct_low,random_forest,Random Forest,bagging_ensemble,753,15f7e749ff1aa7e7800283d66efd3a71acbcd8d0,low,low,supports_prediction,7,12737,text__char__etai,[char] etai,text,0.020378390327095985,0.0037037075962871313,0.0037037075962871313
case_01,unanimous_correct_low,random_forest,Random Forest,bagging_ensemble,753,15f7e749ff1aa7e7800283d66efd3a71acbcd8d0,low,low,supports_prediction,8,14755,text__char__uld,[char] uld,text,0.03879741206765175,0.0036978190764784813,0.0036978190764784813
case_01,unanimous_correct_low,random_forest,Random Forest,bagging_ensemble,753,15f7e749ff1aa7e7800283d66efd3a71acbcd8d0,low,low,supports_prediction,9,9810,text__word__team hope,team hope,text,0.1128300204873085,0.0036627864465117455,0.0036627864465117455
case_01,unanimous_correct_low,random_forest,Random Forest,bagging_ensemble,753,15f7e749ff1aa7e7800283d66efd3a71acbcd8d0,low,low,supports_prediction,10,8823,text__word__share,share,text,0.08488752692937851,0.003603400196880102,0.003603400196880102
case_01,unanimous_correct_low,random_forest,Random Forest,bagging_ensemble,753,15f7e749ff1aa7e7800283d66efd3a71acbcd8d0,low,low,opposes_prediction,1,12674,text__char__erl,[char] erl,text,0.023219404742121696,-0.00668225297704339,0.00668225297704339
case_01,unanimous_correct_low,random_forest,Random Forest,bagging_ensemble,753,15f7e749ff1aa7e7800283d66efd3a71acbcd8d0,low,low,opposes_prediction,2,14951,text__char__yste,[char] yste,text,0.028919104486703873,-0.005995082203298807,0.005995082203298807
case_01,unanimous_correct_low,random_forest,Random Forest,bagging_ensemble,753,15f7e749ff1aa7e7800283d66efd3a71acbcd8d0,low,low,opposes_prediction,3,14950,text__char__yst,[char] yst,text,0.02890600450336933,-0.005329822655767202,0.005329822655767202
case_01,unanimous_correct_low,random_forest,Random Forest,bagging_ensemble,753,15f7e749ff1aa7e7800283d66efd3a71acbcd8d0,low,low,opposes_prediction,4,12244,text__char__chi,[char] chi,text,0.025368735194206238,-0.005081396084278822,0.005081396084278822
case_01,unanimous_correct_low,random_forest,Random Forest,bagging_ensemble,753,15f7e749ff1aa7e7800283d66efd3a71acbcd8d0,low,low,opposes_prediction,5,13312,text__char__latf,[char] latf,text,0.024896658957004547,-0.0050239418633282185,0.0050239418633282185
case_01,unanimous_correct_low,random_forest,Random Forest,bagging_ensemble,753,15f7e749ff1aa7e7800283d66efd3a71acbcd8d0,low,low,opposes_prediction,6,13509,text__char__mpa,[char] mpa,text,0.03907870501279831,-0.004866935778409243,0.004866935778409243
case_01,unanimous_correct_low,random_forest,Random Forest,bagging_ensemble,753,15f7e749ff1aa7e7800283d66efd3a71acbcd8d0,low,low,opposes_prediction,7,11338,text__char__ am,[char]  am,text,0.02190365456044674,-0.004508399870246649,0.004508399870246649
case_01,unanimous_correct_low,random_forest,Random Forest,bagging_ensemble,753,15f7e749ff1aa7e7800283d66efd3a71acbcd8d0,low,low,opposes_prediction,8,14487,text__char__syst,[char] syst,text,0.028928469866514206,-0.004319228697568178,0.004319228697568178
case_01,unanimous_correct_low,random_forest,Random Forest,bagging_ensemble,753,15f7e749ff1aa7e7800283d66efd3a71acbcd8d0,low,low,opposes_prediction,9,13923,text__char__per,[char] per,text,0.03670423477888107,-0.004239449743181467,0.004239449743181467
case_01,unanimous_correct_low,random_forest,Random Forest,bagging_ensemble,753,15f7e749ff1aa7e7800283d66efd3a71acbcd8d0,low,low,opposes_prediction,10,13864,text__char__ould ,[char] ould ,text,0.0389382541179657,-0.004080996848642826,0.004080996848642826
case_02,unanimous_correct_medium,random_forest,Random Forest,bagging_ensemble,22,ee037e0444486ca7203bcbbbf5f4913dbc650aff,medium,medium,supports_prediction,1,13047,text__char__icin,[char] icin,text,0.0669141337275505,0.008185247890651226,0.008185247890651226
case_02,unanimous_correct_medium,random_forest,Random Forest,bagging_ensemble,22,ee037e0444486ca7203bcbbbf5f4913dbc650aff,medium,medium,supports_prediction,2,11339,text__char__ am ,[char]  am ,text,0.036207329481840134,0.006076904013752937,0.006076904013752937
case_02,unanimous_correct_medium,random_forest,Random Forest,bagging_ensemble,22,ee037e0444486ca7203bcbbbf5f4913dbc650aff,medium,medium,supports_prediction,3,12737,text__char__etai,[char] etai,text,0.03323252499103546,0.005673144944012165,0.005673144944012165
case_02,unanimous_correct_medium,random_forest,Random Forest,bagging_ensemble,22,ee037e0444486ca7203bcbbbf5f4913dbc650aff,medium,medium,supports_prediction,4,15006,categorical__queue_Billing and Payments,Billing and Payments,queue,1.0,0.005498658865690231,0.005498658865690231
case_02,unanimous_correct_medium,random_forest,Random Forest,bagging_ensemble,22,ee037e0444486ca7203bcbbbf5f4913dbc650aff,medium,medium,supports_prediction,5,14468,text__char__struc,[char] struc,text,0.03258642926812172,0.003485832130536437,0.003485832130536437
case_02,unanimous_correct_medium,random_forest,Random Forest,bagging_ensemble,22,ee037e0444486ca7203bcbbbf5f4913dbc650aff,medium,medium,supports_prediction,6,12393,text__char__deta,[char] deta,text,0.03323526307940483,0.00345250079408288,0.00345250079408288
case_02,unanimous_correct_medium,random_forest,Random Forest,bagging_ensemble,22,ee037e0444486ca7203bcbbbf5f4913dbc650aff,medium,medium,supports_prediction,7,11433,text__char__ disc,[char]  disc,text,0.029309315606951714,0.003254503011703491,0.003254503011703491
case_02,unanimous_correct_medium,random_forest,Random Forest,bagging_ensemble,22,ee037e0444486ca7203bcbbbf5f4913dbc650aff,medium,medium,supports_prediction,8,12138,text__char__bill,[char] bill,text,0.03276626020669937,0.0030025243759155273,0.0030025243759155273
case_02,unanimous_correct_medium,random_forest,Random Forest,bagging_ensemble,22,ee037e0444486ca7203bcbbbf5f4913dbc650aff,medium,medium,supports_prediction,9,13299,text__char__lan,[char] lan,text,0.03008062019944191,0.0028992993757128716,0.0028992993757128716
case_02,unanimous_correct_medium,random_forest,Random Forest,bagging_ensemble,22,ee037e0444486ca7203bcbbbf5f4913dbc650aff,medium,medium,supports_prediction,10,5069,text__word__interested,interested,text,0.07289644330739975,0.0027828142046928406,0.0027828142046928406
case_02,unanimous_correct_medium,random_forest,Random Forest,bagging_ensemble,22,ee037e0444486ca7203bcbbbf5f4913dbc650aff,medium,medium,opposes_prediction,1,14518,text__char__tand,[char] tand,text,0.0287795327603817,-0.004373161122202873,0.004373161122202873
case_02,unanimous_correct_medium,random_forest,Random Forest,bagging_ensemble,22,ee037e0444486ca7203bcbbbf5f4913dbc650aff,medium,medium,opposes_prediction,2,11341,text__char__ any,[char]  any,text,0.03869621828198433,-0.003937318455427885,0.003937318455427885
case_02,unanimous_correct_medium,random_forest,Random Forest,bagging_ensemble,22,ee037e0444486ca7203bcbbbf5f4913dbc650aff,medium,medium,opposes_prediction,3,11342,text__char__ any ,[char]  any ,text,0.03870877996087074,-0.0034350024070590734,0.0034350024070590734
case_02,unanimous_correct_medium,random_forest,Random Forest,bagging_ensemble,22,ee037e0444486ca7203bcbbbf5f4913dbc650aff,medium,medium,opposes_prediction,4,11644,text__char__ reac,[char]  reac,text,0.047627173364162445,-0.00335709098726511,0.00335709098726511
case_02,unanimous_correct_medium,random_forest,Random Forest,bagging_ensemble,22,ee037e0444486ca7203bcbbbf5f4913dbc650aff,medium,medium,opposes_prediction,5,11933,text__char__ails ,[char] ails ,text,0.0239110104739666,-0.003090938087552786,0.003090938087552786
case_02,unanimous_correct_medium,random_forest,Random Forest,bagging_ensemble,22,ee037e0444486ca7203bcbbbf5f4913dbc650aff,medium,medium,opposes_prediction,6,11643,text__char__ rea,[char]  rea,text,0.04371457174420357,-0.0028320804703980684,0.0028320804703980684
case_02,unanimous_correct_medium,random_forest,Random Forest,bagging_ensemble,22,ee037e0444486ca7203bcbbbf5f4913dbc650aff,medium,medium,opposes_prediction,7,11984,text__char__any ,[char] any ,text,0.03759762644767761,-0.002782009541988373,0.002782009541988373
case_02,unanimous_correct_medium,random_forest,Random Forest,bagging_ensemble,22,ee037e0444486ca7203bcbbbf5f4913dbc650aff,medium,medium,opposes_prediction,8,6874,text__word__payment,payment,text,0.15703195333480835,-0.0027777296490967274,0.0027777296490967274
case_02,unanimous_correct_medium,random_forest,Random Forest,bagging_ensemble,22,ee037e0444486ca7203bcbbbf5f4913dbc650aff,medium,medium,opposes_prediction,9,13463,text__char__mes,[char] mes,text,0.029829150065779686,-0.0026968861930072308,0.0026968861930072308
case_02,unanimous_correct_medium,random_forest,Random Forest,bagging_ensemble,22,ee037e0444486ca7203bcbbbf5f4913dbc650aff,medium,medium,opposes_prediction,10,13913,text__char__payme,[char] payme,text,0.06233188882470131,-0.0026771211996674538,0.0026771211996674538
case_03,unanimous_correct_high,random_forest,Random Forest,bagging_ensemble,1,5c1adc7aa2813d400ebf30ac65484e8b7383ede9,high,high,supports_prediction,1,15015,categorical__queue_Technical Support,Technical Support,queue,1.0,0.02685377560555935,0.02685377560555935
case_03,unanimous_correct_high,random_forest,Random Forest,bagging_ensemble,1,5c1adc7aa2813d400ebf30ac65484e8b7383ede9,high,high,supports_prediction,2,14825,text__char__utage,[char] utage,text,0.06068610027432442,0.017820127308368683,0.017820127308368683
case_03,unanimous_correct_high,random_forest,Random Forest,bagging_ensemble,1,5c1adc7aa2813d400ebf30ac65484e8b7383ede9,high,high,supports_prediction,3,14824,text__char__utag,[char] utag,text,0.06068610027432442,0.01665296033024788,0.01665296033024788
case_03,unanimous_correct_high,random_forest,Random Forest,bagging_ensemble,1,5c1adc7aa2813d400ebf30ac65484e8b7383ede9,high,high,supports_prediction,4,13869,text__char__outag,[char] outag,text,0.0607261098921299,0.012383801862597466,0.012383801862597466
case_03,unanimous_correct_high,random_forest,Random Forest,bagging_ensemble,1,5c1adc7aa2813d400ebf30ac65484e8b7383ede9,high,high,supports_prediction,5,14505,text__char__tage,[char] tage,text,0.05891130492091179,0.011597988195717335,0.011597988195717335
case_03,unanimous_correct_high,random_forest,Random Forest,bagging_ensemble,1,5c1adc7aa2813d400ebf30ac65484e8b7383ede9,high,high,supports_prediction,6,13868,text__char__outa,[char] outa,text,0.0607261098921299,0.011564889922738075,0.011564889922738075
case_03,unanimous_correct_high,random_forest,Random Forest,bagging_ensemble,1,5c1adc7aa2813d400ebf30ac65484e8b7383ede9,high,high,supports_prediction,7,14823,text__char__uta,[char] uta,text,0.06019579991698265,0.009373304434120655,0.009373304434120655
case_03,unanimous_correct_high,random_forest,Random Forest,bagging_ensemble,1,5c1adc7aa2813d400ebf30ac65484e8b7383ede9,high,high,supports_prediction,8,11604,text__char__ outa,[char]  outa,text,0.0607261098921299,0.008954009972512722,0.008954009972512722
case_03,unanimous_correct_high,random_forest,Random Forest,bagging_ensemble,1,5c1adc7aa2813d400ebf30ac65484e8b7383ede9,high,high,supports_prediction,9,13882,text__char__ownti,[char] ownti,text,0.04150833934545517,0.008626054041087627,0.008626054041087627
case_03,unanimous_correct_high,random_forest,Random Forest,bagging_ensemble,1,5c1adc7aa2813d400ebf30ac65484e8b7383ede9,high,high,supports_prediction,10,12175,text__char__bst,[char] bst,text,0.0433475561439991,0.00729539105668664,0.00729539105668664
case_03,unanimous_correct_high,random_forest,Random Forest,bagging_ensemble,1,5c1adc7aa2813d400ebf30ac65484e8b7383ede9,high,high,opposes_prediction,1,11894,text__char__adi,[char] adi,text,0.032373201102018356,-0.005238623358309269,0.005238623358309269
case_03,unanimous_correct_high,random_forest,Random Forest,bagging_ensemble,1,5c1adc7aa2813d400ebf30ac65484e8b7383ede9,high,high,opposes_prediction,2,11597,text__char__ on ,[char]  on ,text,0.017988629639148712,-0.005086340941488743,0.005086340941488743
case_03,unanimous_correct_high,random_forest,Random Forest,bagging_ensemble,1,5c1adc7aa2813d400ebf30ac65484e8b7383ede9,high,high,opposes_prediction,3,13082,text__char__ign,[char] ign,text,0.02396826632320881,-0.004651058930903673,0.004651058930903673
case_03,unanimous_correct_high,random_forest,Random Forest,bagging_ensemble,1,5c1adc7aa2813d400ebf30ac65484e8b7383ede9,high,high,opposes_prediction,4,12797,text__char__ffer,[char] ffer,text,0.029199009761214256,-0.004049722105264664,0.004049722105264664
case_03,unanimous_correct_high,random_forest,Random Forest,bagging_ensemble,1,5c1adc7aa2813d400ebf30ac65484e8b7383ede9,high,high,opposes_prediction,5,8769,text__word__settings,settings,text,0.07876382768154144,-0.003861267352476716,0.003861267352476716
case_03,unanimous_correct_high,random_forest,Random Forest,bagging_ensemble,1,5c1adc7aa2813d400ebf30ac65484e8b7383ede9,high,high,opposes_prediction,6,13122,text__char__incon,[char] incon,text,0.036391731351614,-0.0034866579808294773,0.0034866579808294773
case_03,unanimous_correct_high,random_forest,Random Forest,bagging_ensemble,1,5c1adc7aa2813d400ebf30ac65484e8b7383ede9,high,high,opposes_prediction,7,2717,text__word__devices,devices,text,0.07620551437139511,-0.002951251110062003,0.002951251110062003
case_03,unanimous_correct_high,random_forest,Random Forest,bagging_ensemble,1,5c1adc7aa2813d400ebf30ac65484e8b7383ede9,high,high,opposes_prediction,8,12200,text__char__cant,[char] cant,text,0.032388437539339066,-0.002777994843199849,0.002777994843199849
case_03,unanimous_correct_high,random_forest,Random Forest,bagging_ensemble,1,5c1adc7aa2813d400ebf30ac65484e8b7383ede9,high,high,opposes_prediction,9,11593,text__char__ off,[char]  off,text,0.029980579391121864,-0.00266043609008193,0.00266043609008193
case_03,unanimous_correct_high,random_forest,Random Forest,bagging_ensemble,1,5c1adc7aa2813d400ebf30ac65484e8b7383ede9,high,high,opposes_prediction,10,13592,"text__char__ngs, ","[char] ngs, ",text,0.03940172865986824,-0.00251605361700058,0.00251605361700058
case_04,typical_low_to_medium,random_forest,Random Forest,bagging_ensemble,126,890270067c166c047ceda5d45e5e16ea678f5fa8,low,medium,supports_prediction,1,14551,text__char__tem,[char] tem,text,0.027168462052941322,0.007504804525524378,0.007504804525524378
case_04,typical_low_to_medium,random_forest,Random Forest,bagging_ensemble,126,890270067c166c047ceda5d45e5e16ea678f5fa8,low,medium,supports_prediction,2,13220,text__char__itio,[char] itio,text,0.018956607207655907,0.007040858268737793,0.007040858268737793
case_04,typical_low_to_medium,random_forest,Random Forest,bagging_ensemble,126,890270067c166c047ceda5d45e5e16ea678f5fa8,low,medium,supports_prediction,3,12647,text__char__era,[char] era,text,0.0172724612057209,0.005000825505703688,0.005000825505703688
case_04,typical_low_to_medium,random_forest,Random Forest,bagging_ensemble,126,890270067c166c047ceda5d45e5e16ea678f5fa8,low,medium,supports_prediction,4,14165,text__char__riv,[char] riv,text,0.030991794541478157,0.004720781464129686,0.004720781464129686
case_04,typical_low_to_medium,random_forest,Random Forest,bagging_ensemble,126,890270067c166c047ceda5d45e5e16ea678f5fa8,low,medium,supports_prediction,5,12883,text__char__gin,[char] gin,text,0.04648299142718315,0.004559284076094627,0.004559284076094627
case_04,typical_low_to_medium,random_forest,Random Forest,bagging_ensemble,126,890270067c166c047ceda5d45e5e16ea678f5fa8,low,medium,supports_prediction,6,14763,text__char__una,[char] una,text,0.024067290127277374,0.00434165308251977,0.00434165308251977
case_04,typical_low_to_medium,random_forest,Random Forest,bagging_ensemble,126,890270067c166c047ceda5d45e5e16ea678f5fa8,low,medium,supports_prediction,7,11644,text__char__ reac,[char]  reac,text,0.024668261408805847,0.004086860455572605,0.004086860455572605
case_04,typical_low_to_medium,random_forest,Random Forest,bagging_ensemble,126,890270067c166c047ceda5d45e5e16ea678f5fa8,low,medium,supports_prediction,8,11443,text__char__ driv,[char]  driv,text,0.03375260904431343,0.0038628100883215666,0.0038628100883215666
case_04,typical_low_to_medium,random_forest,Random Forest,bagging_ensemble,126,890270067c166c047ceda5d45e5e16ea678f5fa8,low,medium,supports_prediction,9,12001,text__char__ard,[char] ard,text,0.03570910170674324,0.003778402926400304,0.003778402926400304
case_04,typical_low_to_medium,random_forest,Random Forest,bagging_ensemble,126,890270067c166c047ceda5d45e5e16ea678f5fa8,low,medium,supports_prediction,10,11339,text__char__ am ,[char]  am ,text,0.0187534112483263,0.0036928264889866114,0.0036928264889866114
case_04,typical_low_to_medium,random_forest,Random Forest,bagging_ensemble,126,890270067c166c047ceda5d45e5e16ea678f5fa8,low,medium,opposes_prediction,1,14807,text__char__urn,[char] urn,text,0.06265298277139664,-0.005946217104792595,0.005946217104792595
case_04,typical_low_to_medium,random_forest,Random Forest,bagging_ensemble,126,890270067c166c047ceda5d45e5e16ea678f5fa8,low,medium,opposes_prediction,2,15012,categorical__queue_Returns and Exchanges,Returns and Exchanges,queue,1.0,-0.005704068578779697,0.005704068578779697
case_04,typical_low_to_medium,random_forest,Random Forest,bagging_ensemble,126,890270067c166c047ceda5d45e5e16ea678f5fa8,low,medium,opposes_prediction,3,2189,text__word__customer,customer,text,0.04923197999596596,-0.004845291376113892,0.004845291376113892
case_04,typical_low_to_medium,random_forest,Random Forest,bagging_ensemble,126,890270067c166c047ceda5d45e5e16ea678f5fa8,low,medium,opposes_prediction,4,12246,text__char__chin,[char] chin,text,0.024795236065983772,-0.004829192068427801,0.004829192068427801
case_04,typical_low_to_medium,random_forest,Random Forest,bagging_ensemble,126,890270067c166c047ceda5d45e5e16ea678f5fa8,low,medium,opposes_prediction,5,11504,text__char__ i ,[char]  i ,text,0.028111480176448822,-0.0035857446491718292,0.0035857446491718292
case_04,typical_low_to_medium,random_forest,Random Forest,bagging_ensemble,126,890270067c166c047ceda5d45e5e16ea678f5fa8,low,medium,opposes_prediction,6,12446,text__char__durin,[char] durin,text,0.027020225301384926,-0.0033945508766919374,0.0033945508766919374
case_04,typical_low_to_medium,random_forest,Random Forest,bagging_ensemble,126,890270067c166c047ceda5d45e5e16ea678f5fa8,low,medium,opposes_prediction,7,11873,text__char__achi,[char] achi,text,0.024252144619822502,-0.0032044837716966867,0.0032044837716966867
case_04,typical_low_to_medium,random_forest,Random Forest,bagging_ensemble,126,890270067c166c047ceda5d45e5e16ea678f5fa8,low,medium,opposes_prediction,8,11643,text__char__ rea,[char]  rea,text,0.022641748189926147,-0.0029648549389094114,0.0029648549389094114
case_04,typical_low_to_medium,random_forest,Random Forest,bagging_ensemble,126,890270067c166c047ceda5d45e5e16ea678f5fa8,low,medium,opposes_prediction,9,14356,text__char__sev,[char] sev,text,0.027903003618121147,-0.0029275373090058565,0.0029275373090058565
case_04,typical_low_to_medium,random_forest,Random Forest,bagging_ensemble,126,890270067c166c047ceda5d45e5e16ea678f5fa8,low,medium,opposes_prediction,10,14463,text__char__store,[char] store,text,0.03652529790997505,-0.0028852103278040886,0.0028852103278040886
case_05,typical_high_to_medium,random_forest,Random Forest,bagging_ensemble,394,a290262a783ad8b4921aa46b3c337daf9f4dbeb1,high,low,supports_prediction,1,15007,categorical__queue_Customer Service,Customer Service,queue,1.0,0.062281470745801926,0.062281470745801926
case_05,typical_high_to_medium,random_forest,Random Forest,bagging_ensemble,394,a290262a783ad8b4921aa46b3c337daf9f4dbeb1,high,low,supports_prediction,2,13457,text__char__mehr ,[char] mehr ,text,0.04461789131164551,0.008998390287160873,0.008998390287160873
case_05,typical_high_to_medium,random_forest,Random Forest,bagging_ensemble,394,a290262a783ad8b4921aa46b3c337daf9f4dbeb1,high,low,supports_prediction,3,12140,text__char__bin ,[char] bin ,text,0.031210031360387802,0.0071227396838366985,0.0071227396838366985
case_05,typical_high_to_medium,random_forest,Random Forest,bagging_ensemble,394,a290262a783ad8b4921aa46b3c337daf9f4dbeb1,high,low,supports_prediction,4,2240,text__word__daran,daran,text,0.09621497988700867,0.005734928417950869,0.005734928417950869
case_05,typical_high_to_medium,random_forest,Random Forest,bagging_ensemble,394,a290262a783ad8b4921aa46b3c337daf9f4dbeb1,high,low,supports_prediction,5,11998,text__char__aran ,[char] aran ,text,0.03691352158784866,0.004423646721988916,0.004423646721988916
case_05,typical_high_to_medium,random_forest,Random Forest,bagging_ensemble,394,a290262a783ad8b4921aa46b3c337daf9f4dbeb1,high,low,supports_prediction,6,5514,text__word__könnten bitte,könnten bitte,text,0.07815998047590256,0.0041711339727044106,0.0041711339727044106
case_05,typical_high_to_medium,random_forest,Random Forest,bagging_ensemble,394,a290262a783ad8b4921aa46b3c337daf9f4dbeb1,high,low,supports_prediction,7,6098,text__word__mehr,mehr,text,0.13069546222686768,0.003851810935884714,0.003851810935884714
case_05,typical_high_to_medium,random_forest,Random Forest,bagging_ensemble,394,a290262a783ad8b4921aa46b3c337daf9f4dbeb1,high,low,supports_prediction,8,13071,text__char__ies,[char] ies,text,0.013371240347623825,0.0038486309349536896,0.0038486309349536896
case_05,typical_high_to_medium,random_forest,Random Forest,bagging_ensemble,394,a290262a783ad8b4921aa46b3c337daf9f4dbeb1,high,low,supports_prediction,9,11366,text__char__ bin,[char]  bin,text,0.031069330871105194,0.003500382648780942,0.003500382648780942
case_05,typical_high_to_medium,random_forest,Random Forest,bagging_ensemble,394,a290262a783ad8b4921aa46b3c337daf9f4dbeb1,high,low,supports_prediction,10,14037,text__char__ran ,[char] ran ,text,0.036878522485494614,0.0030629003886133432,0.0030629003886133432
case_05,typical_high_to_medium,random_forest,Random Forest,bagging_ensemble,394,a290262a783ad8b4921aa46b3c337daf9f4dbeb1,high,low,opposes_prediction,1,14545,text__char__tego,[char] tego,text,0.05079357326030731,-0.010481871664524078,0.010481871664524078
case_05,typical_high_to_medium,random_forest,Random Forest,bagging_ensemble,394,a290262a783ad8b4921aa46b3c337daf9f4dbeb1,high,low,opposes_prediction,2,12259,text__char__chti,[char] chti,text,0.02499806322157383,-0.008255568332970142,0.008255568332970142
case_05,typical_high_to_medium,random_forest,Random Forest,bagging_ensemble,394,a290262a783ad8b4921aa46b3c337daf9f4dbeb1,high,low,opposes_prediction,3,13018,text__char__htig,[char] htig,text,0.02499806322157383,-0.006542582530528307,0.006542582530528307
case_05,typical_high_to_medium,random_forest,Random Forest,bagging_ensemble,394,a290262a783ad8b4921aa46b3c337daf9f4dbeb1,high,low,opposes_prediction,4,13017,text__char__hti,[char] hti,text,0.02489251270890236,-0.006484861485660076,0.006484861485660076
case_05,typical_high_to_medium,random_forest,Random Forest,bagging_ensemble,394,a290262a783ad8b4921aa46b3c337daf9f4dbeb1,high,low,opposes_prediction,5,14546,text__char__tegor,[char] tegor,text,0.05079357326030731,-0.006206763442605734,0.006206763442605734
case_05,typical_high_to_medium,random_forest,Random Forest,bagging_ensemble,394,a290262a783ad8b4921aa46b3c337daf9f4dbeb1,high,low,opposes_prediction,6,12060,text__char__atego,[char] atego,text,0.05079357326030731,-0.0060618361458182335,0.0060618361458182335
case_05,typical_high_to_medium,random_forest,Random Forest,bagging_ensemble,394,a290262a783ad8b4921aa46b3c337daf9f4dbeb1,high,low,opposes_prediction,7,12551,text__char__egor,[char] egor,text,0.050485361367464066,-0.0054376996122300625,0.0054376996122300625
case_05,typical_high_to_medium,random_forest,Random Forest,bagging_ensemble,394,a290262a783ad8b4921aa46b3c337daf9f4dbeb1,high,low,opposes_prediction,8,13785,text__char__one,[char] one,text,0.038738273084163666,-0.005346938502043486,0.005346938502043486
case_05,typical_high_to_medium,random_forest,Random Forest,bagging_ensemble,394,a290262a783ad8b4921aa46b3c337daf9f4dbeb1,high,low,opposes_prediction,9,12722,text__char__essi,[char] essi,text,0.02116953767836094,-0.004769481718540192,0.004769481718540192
case_05,typical_high_to_medium,random_forest,Random Forest,bagging_ensemble,394,a290262a783ad8b4921aa46b3c337daf9f4dbeb1,high,low,opposes_prediction,10,12260,text__char__chtig,[char] chtig,text,0.02499806322157383,-0.0040007890202105045,0.0040007890202105045
case_06,critical_low_to_high,random_forest,Random Forest,bagging_ensemble,8,66db6625b564da4549986df74e6db441a323c089,low,high,supports_prediction,1,15015,categorical__queue_Technical Support,Technical Support,queue,1.0,0.0631721243262291,0.0631721243262291
case_06,critical_low_to_high,random_forest,Random Forest,bagging_ensemble,8,66db6625b564da4549986df74e6db441a323c089,low,high,supports_prediction,2,14048,text__char__ras,[char] ras,text,0.020462872460484505,0.010058127343654633,0.010058127343654633
case_06,critical_low_to_high,random_forest,Random Forest,bagging_ensemble,8,66db6625b564da4549986df74e6db441a323c089,low,high,supports_prediction,3,13946,text__char__plat,[char] plat,text,0.031972091645002365,0.006244436372071505,0.006244436372071505
case_06,critical_low_to_high,random_forest,Random Forest,bagging_ensemble,8,66db6625b564da4549986df74e6db441a323c089,low,high,supports_prediction,4,14448,text__char__ste,[char] ste,text,0.02313232421875,0.005301445256918669,0.005301445256918669
case_06,critical_low_to_high,random_forest,Random Forest,bagging_ensemble,8,66db6625b564da4549986df74e6db441a323c089,low,high,supports_prediction,5,12737,text__char__etai,[char] etai,text,0.023668793961405754,0.005241589155048132,0.005241589155048132
case_06,critical_low_to_high,random_forest,Random Forest,bagging_ensemble,8,66db6625b564da4549986df74e6db441a323c089,low,high,supports_prediction,6,12828,text__char__fras,[char] fras,text,0.025411512702703476,0.005015192087739706,0.005015192087739706
case_06,critical_low_to_high,random_forest,Random Forest,bagging_ensemble,8,66db6625b564da4549986df74e6db441a323c089,low,high,supports_prediction,7,14587,text__char__tform,[char] tform,text,0.03208234906196594,0.004787504207342863,0.004787504207342863
case_06,critical_low_to_high,random_forest,Random Forest,bagging_ensemble,8,66db6625b564da4549986df74e6db441a323c089,low,high,supports_prediction,8,13836,text__char__orm ,[char] orm ,text,0.029527494683861732,0.004703350365161896,0.004703350365161896
case_06,critical_low_to_high,random_forest,Random Forest,bagging_ensemble,8,66db6625b564da4549986df74e6db441a323c089,low,high,supports_prediction,9,14539,text__char__tech,[char] tech,text,0.03477667272090912,0.003866808023303747,0.003866808023303747
case_06,critical_low_to_high,random_forest,Random Forest,bagging_ensemble,8,66db6625b564da4549986df74e6db441a323c089,low,high,supports_prediction,10,14054,text__char__rastr,[char] rastr,text,0.025411512702703476,0.0037572255823761225,0.0037572255823761225
case_06,critical_low_to_high,random_forest,Random Forest,bagging_ensemble,8,66db6625b564da4549986df74e6db441a323c089,low,high,opposes_prediction,1,13785,text__char__one,[char] one,text,0.033220838755369186,-0.009072799235582352,0.009072799235582352
case_06,critical_low_to_high,random_forest,Random Forest,bagging_ensemble,8,66db6625b564da4549986df74e6db441a323c089,low,high,opposes_prediction,2,12581,text__char__em ,[char] em ,text,0.017773982137441635,-0.0054065268486738205,0.0054065268486738205
case_06,critical_low_to_high,random_forest,Random Forest,bagging_ensemble,8,66db6625b564da4549986df74e6db441a323c089,low,high,opposes_prediction,3,12244,text__char__chi,[char] chi,text,0.029464907944202423,-0.00438105221837759,0.00438105221837759
case_06,critical_low_to_high,random_forest,Random Forest,bagging_ensemble,8,66db6625b564da4549986df74e6db441a323c089,low,high,opposes_prediction,4,12074,text__char__attf,[char] attf,text,0.04627577215433121,-0.004207737278193235,0.004207737278193235
case_06,critical_low_to_high,random_forest,Random Forest,bagging_ensemble,8,66db6625b564da4549986df74e6db441a323c089,low,high,opposes_prediction,5,13442,text__char__mati,[char] mati,text,0.020678050816059113,-0.0040736934170126915,0.0040736934170126915
case_06,critical_low_to_high,random_forest,Random Forest,bagging_ensemble,8,66db6625b564da4549986df74e6db441a323c089,low,high,opposes_prediction,6,12736,text__char__eta,[char] eta,text,0.023604659363627434,-0.003982222639024258,0.003982222639024258
case_06,critical_low_to_high,random_forest,Random Forest,bagging_ensemble,8,66db6625b564da4549986df74e6db441a323c089,low,high,opposes_prediction,7,12495,text__char__echni,[char] echni,text,0.02169943042099476,-0.003791309427469969,0.003791309427469969
case_06,critical_low_to_high,random_forest,Random Forest,bagging_ensemble,8,66db6625b564da4549986df74e6db441a323c089,low,high,opposes_prediction,8,586,text__word__anfrage,anfrage,text,0.0860021561384201,-0.003544080536812544,0.003544080536812544
case_06,critical_low_to_high,random_forest,Random Forest,bagging_ensemble,8,66db6625b564da4549986df74e6db441a323c089,low,high,opposes_prediction,9,7065,text__word__plattform,plattform,text,0.17815649509429932,-0.0025540266651660204,0.0025540266651660204
case_06,critical_low_to_high,random_forest,Random Forest,bagging_ensemble,8,66db6625b564da4549986df74e6db441a323c089,low,high,opposes_prediction,10,14580,text__char__tes,[char] tes,text,0.014009203761816025,-0.002450494794175029,0.002450494794175029
case_07,critical_high_to_low,random_forest,Random Forest,bagging_ensemble,3081,4b2afb7f05c9cd9fd85790fdd2db112b4abbc318,high,low,supports_prediction,1,15007,categorical__queue_Customer Service,Customer Service,queue,1.0,0.05403423309326172,0.05403423309326172
case_07,critical_high_to_low,random_forest,Random Forest,bagging_ensemble,3081,4b2afb7f05c9cd9fd85790fdd2db112b4abbc318,high,low,supports_prediction,2,12782,text__char__fee,[char] fee,text,0.06556061655282974,0.012612411752343178,0.012612411752343178
case_07,critical_high_to_low,random_forest,Random Forest,bagging_ensemble,3081,4b2afb7f05c9cd9fd85790fdd2db112b4abbc318,high,low,supports_prediction,3,12606,text__char__en? ,[char] en? ,text,0.04495318606495857,0.010535153560340405,0.010535153560340405
case_07,critical_high_to_low,random_forest,Random Forest,bagging_ensemble,3081,4b2afb7f05c9cd9fd85790fdd2db112b4abbc318,high,low,supports_prediction,4,5514,text__word__könnten bitte,könnten bitte,text,0.19065983593463898,0.00663693668320775,0.00663693668320775
case_07,critical_high_to_low,random_forest,Random Forest,bagging_ensemble,3081,4b2afb7f05c9cd9fd85790fdd2db112b4abbc318,high,low,supports_prediction,5,12605,text__char__en?,[char] en?,text,0.04494582116603851,0.004835185594856739,0.004835185594856739
case_07,critical_high_to_low,random_forest,Random Forest,bagging_ensemble,3081,4b2afb7f05c9cd9fd85790fdd2db112b4abbc318,high,low,supports_prediction,6,12526,text__char__ee ,[char] ee ,text,0.06681184470653534,0.003297391813248396,0.003297391813248396
case_07,critical_high_to_low,random_forest,Random Forest,bagging_ensemble,3081,4b2afb7f05c9cd9fd85790fdd2db112b4abbc318,high,low,supports_prediction,7,12783,text__char__fee ,[char] fee ,text,0.09051930159330368,0.003034309484064579,0.003034309484064579
case_07,critical_high_to_low,random_forest,Random Forest,bagging_ensemble,3081,4b2afb7f05c9cd9fd85790fdd2db112b4abbc318,high,low,supports_prediction,8,1301,text__word__bitte zusätzliche,bitte zusätzliche,text,0.35136088728904724,0.00272122910246253,0.00272122910246253
case_07,critical_high_to_low,random_forest,Random Forest,bagging_ensemble,3081,4b2afb7f05c9cd9fd85790fdd2db112b4abbc318,high,low,supports_prediction,9,13442,text__char__mati,[char] mati,text,0.028138352558016777,0.0027131149545311928,0.0027131149545311928
case_07,critical_high_to_low,random_forest,Random Forest,bagging_ensemble,3081,4b2afb7f05c9cd9fd85790fdd2db112b4abbc318,high,low,supports_prediction,10,13439,text__char__mat,[char] mat,text,0.02460665814578533,0.002157574985176325,0.002157574985176325
case_07,critical_high_to_low,random_forest,Random Forest,bagging_ensemble,3081,4b2afb7f05c9cd9fd85790fdd2db112b4abbc318,high,low,opposes_prediction,1,14539,text__char__tech,[char] tech,text,0.047323524951934814,-0.01359517965465784,0.01359517965465784
case_07,critical_high_to_low,random_forest,Random Forest,bagging_ensemble,3081,4b2afb7f05c9cd9fd85790fdd2db112b4abbc318,high,low,opposes_prediction,2,12858,text__char__ge ,[char] ge ,text,0.03409549966454506,-0.009684829041361809,0.009684829041361809
case_07,critical_high_to_low,random_forest,Random Forest,bagging_ensemble,3081,4b2afb7f05c9cd9fd85790fdd2db112b4abbc318,high,low,opposes_prediction,3,11701,text__char__ str,[char]  str,text,0.034182243049144745,-0.00705724535509944,0.00705724535509944
case_07,critical_high_to_low,random_forest,Random Forest,bagging_ensemble,3081,4b2afb7f05c9cd9fd85790fdd2db112b4abbc318,high,low,opposes_prediction,4,14655,text__char__tru,[char] tru,text,0.0484606958925724,-0.006799719296395779,0.006799719296395779
case_07,critical_high_to_low,random_forest,Random Forest,bagging_ensemble,3081,4b2afb7f05c9cd9fd85790fdd2db112b4abbc318,high,low,opposes_prediction,5,14056,text__char__rate,[char] rate,text,0.03098306804895401,-0.005849345121532679,0.005849345121532679
case_07,critical_high_to_low,random_forest,Random Forest,bagging_ensemble,3081,4b2afb7f05c9cd9fd85790fdd2db112b4abbc318,high,low,opposes_prediction,6,14057,text__char__rateg,[char] rateg,text,0.03464135155081749,-0.00534225394949317,0.00534225394949317
case_07,critical_high_to_low,random_forest,Random Forest,bagging_ensemble,3081,4b2afb7f05c9cd9fd85790fdd2db112b4abbc318,high,low,opposes_prediction,7,12624,text__char__ensta,[char] ensta,text,0.09051930159330368,-0.005120389629155397,0.005120389629155397
case_07,critical_high_to_low,random_forest,Random Forest,bagging_ensemble,3081,4b2afb7f05c9cd9fd85790fdd2db112b4abbc318,high,low,opposes_prediction,8,13785,text__char__one,[char] one,text,0.03647221624851227,-0.0038447759579867125,0.0038447759579867125
case_07,critical_high_to_low,random_forest,Random Forest,bagging_ensemble,3081,4b2afb7f05c9cd9fd85790fdd2db112b4abbc318,high,low,opposes_prediction,9,9318,text__word__strategien,strategien,text,0.21391677856445312,-0.003663118463009596,0.003663118463009596
case_07,critical_high_to_low,random_forest,Random Forest,bagging_ensemble,3081,4b2afb7f05c9cd9fd85790fdd2db112b4abbc318,high,low,opposes_prediction,10,13578,text__char__nform,[char] nform,text,0.02673395723104477,-0.0036489192862063646,0.0036489192862063646
case_08,model_disagreement_1,random_forest,Random Forest,bagging_ensemble,13,de1f211d7fb1dd53f830f716d9499d66d3b65ee1,high,medium,supports_prediction,1,15011,categorical__queue_Product Support,Product Support,queue,1.0,0.012699604965746403,0.012699604965746403
case_08,model_disagreement_1,random_forest,Random Forest,bagging_ensemble,13,de1f211d7fb1dd53f830f716d9499d66d3b65ee1,high,medium,supports_prediction,2,11425,text__char__ det,[char]  det,text,0.033116716891527176,0.006180955562740564,0.006180955562740564
case_08,model_disagreement_1,random_forest,Random Forest,bagging_ensemble,13,de1f211d7fb1dd53f830f716d9499d66d3b65ee1,high,medium,supports_prediction,3,9423,text__word__studies,studies,text,0.10368707776069641,0.005039257928729057,0.005039257928729057
case_08,model_disagreement_1,random_forest,Random Forest,bagging_ensemble,13,de1f211d7fb1dd53f830f716d9499d66d3b65ee1,high,medium,supports_prediction,4,13741,text__char__offer,[char] offer,text,0.053004685789346695,0.004741278011351824,0.004741278011351824
case_08,model_disagreement_1,random_forest,Random Forest,bagging_ensemble,13,de1f211d7fb1dd53f830f716d9499d66d3b65ee1,high,medium,supports_prediction,5,12392,text__char__det,[char] det,text,0.0316922664642334,0.004673302173614502,0.004673302173614502
case_08,model_disagreement_1,random_forest,Random Forest,bagging_ensemble,13,de1f211d7fb1dd53f830f716d9499d66d3b65ee1,high,medium,supports_prediction,6,252,text__word__additionally would,additionally would,text,0.08819469064474106,0.004593393765389919,0.004593393765389919
case_08,model_disagreement_1,random_forest,Random Forest,bagging_ensemble,13,de1f211d7fb1dd53f830f716d9499d66d3b65ee1,high,medium,supports_prediction,7,1506,text__word__case studies,case studies,text,0.10368707776069641,0.0037547219544649124,0.0037547219544649124
case_08,model_disagreement_1,random_forest,Random Forest,bagging_ensemble,13,de1f211d7fb1dd53f830f716d9499d66d3b65ee1,high,medium,supports_prediction,8,13577,text__char__nfor,[char] nfor,text,0.03991438075900078,0.0035164845176041126,0.0035164845176041126
case_08,model_disagreement_1,random_forest,Random Forest,bagging_ensemble,13,de1f211d7fb1dd53f830f716d9499d66d3b65ee1,high,medium,supports_prediction,9,14162,text__char__riti,[char] riti,text,0.02939731813967228,0.0033787486609071493,0.0033787486609071493
case_08,model_disagreement_1,random_forest,Random Forest,bagging_ensemble,13,de1f211d7fb1dd53f830f716d9499d66d3b65ee1,high,medium,supports_prediction,10,14570,text__char__teres,[char] teres,text,0.026713881641626358,0.0032399105839431286,0.0032399105839431286
case_08,model_disagreement_1,random_forest,Random Forest,bagging_ensemble,13,de1f211d7fb1dd53f830f716d9499d66d3b65ee1,high,medium,opposes_prediction,1,13839,text__char__ormat,[char] ormat,text,0.03827550634741783,-0.005276763811707497,0.005276763811707497
case_08,model_disagreement_1,random_forest,Random Forest,bagging_ensemble,13,de1f211d7fb1dd53f830f716d9499d66d3b65ee1,high,medium,opposes_prediction,2,12386,text__char__derst,[char] derst,text,0.03355561941862106,-0.005062959156930447,0.005062959156930447
case_08,model_disagreement_1,random_forest,Random Forest,bagging_ensemble,13,de1f211d7fb1dd53f830f716d9499d66d3b65ee1,high,medium,opposes_prediction,3,13904,text__char__packa,[char] packa,text,0.05737537890672684,-0.004238278139382601,0.004238278139382601
case_08,model_disagreement_1,random_forest,Random Forest,bagging_ensemble,13,de1f211d7fb1dd53f830f716d9499d66d3b65ee1,high,medium,opposes_prediction,4,11919,text__char__ages,[char] ages,text,0.03701823204755783,-0.004191786516457796,0.004191786516457796
case_08,model_disagreement_1,random_forest,Random Forest,bagging_ensemble,13,de1f211d7fb1dd53f830f716d9499d66d3b65ee1,high,medium,opposes_prediction,5,12789,text__char__fer,[char] fer,text,0.04630296304821968,-0.00379201490432024,0.00379201490432024
case_08,model_disagreement_1,random_forest,Random Forest,bagging_ensemble,13,de1f211d7fb1dd53f830f716d9499d66d3b65ee1,high,medium,opposes_prediction,6,13089,text__char__ilab,[char] ilab,text,0.030965428799390793,-0.003430428681895137,0.003430428681895137
case_08,model_disagreement_1,random_forest,Random Forest,bagging_ensemble,13,de1f211d7fb1dd53f830f716d9499d66d3b65ee1,high,medium,opposes_prediction,7,13047,text__char__icin,[char] icin,text,0.04160507023334503,-0.003250222885981202,0.003250222885981202
case_08,model_disagreement_1,random_forest,Random Forest,bagging_ensemble,13,de1f211d7fb1dd53f830f716d9499d66d3b65ee1,high,medium,opposes_prediction,8,14938,text__char__you,[char] you,text,0.03891227766871452,-0.003212503157556057,0.003212503157556057
case_08,model_disagreement_1,random_forest,Random Forest,bagging_ensemble,13,de1f211d7fb1dd53f830f716d9499d66d3b65ee1,high,medium,opposes_prediction,9,4769,text__word__inquiry,inquiry,text,0.0858679860830307,-0.002993582747876644,0.002993582747876644
case_08,model_disagreement_1,random_forest,Random Forest,bagging_ensemble,13,de1f211d7fb1dd53f830f716d9499d66d3b65ee1,high,medium,opposes_prediction,10,13192,text__char__iry,[char] iry,text,0.03516343608498573,-0.0028734838124364614,0.0028734838124364614
case_09,model_disagreement_2,random_forest,Random Forest,bagging_ensemble,59,c655267a95bf20edad8c0f0eac49d2c7984240c5,low,medium,supports_prediction,1,1178,text__word__besonders,besonders,text,0.11238773167133331,0.005516224540770054,0.005516224540770054
case_09,model_disagreement_2,random_forest,Random Forest,bagging_ensemble,59,c655267a95bf20edad8c0f0eac49d2c7984240c5,low,medium,supports_prediction,2,11620,text__char__ plat,[char]  plat,text,0.029513221234083176,0.005042038857936859,0.005042038857936859
case_09,model_disagreement_2,random_forest,Random Forest,bagging_ensemble,59,c655267a95bf20edad8c0f0eac49d2c7984240c5,low,medium,supports_prediction,3,14679,text__char__ttfo,[char] ttfo,text,0.050353944301605225,0.004965420812368393,0.004965420812368393
case_09,model_disagreement_2,random_forest,Random Forest,bagging_ensemble,59,c655267a95bf20edad8c0f0eac49d2c7984240c5,low,medium,supports_prediction,4,13677,text__char__ntere,[char] ntere,text,0.017381850630044937,0.004192722495645285,0.004192722495645285
case_09,model_disagreement_2,random_forest,Random Forest,bagging_ensemble,59,c655267a95bf20edad8c0f0eac49d2c7984240c5,low,medium,supports_prediction,5,586,text__word__anfrage,anfrage,text,0.09615665674209595,0.0041450499556958675,0.0041450499556958675
case_09,model_disagreement_2,random_forest,Random Forest,bagging_ensemble,59,c655267a95bf20edad8c0f0eac49d2c7984240c5,low,medium,supports_prediction,6,14513,text__char__tail,[char] tail,text,0.015176349319517612,0.0036800140514969826,0.0036800140514969826
case_09,model_disagreement_2,random_forest,Random Forest,bagging_ensemble,59,c655267a95bf20edad8c0f0eac49d2c7984240c5,low,medium,supports_prediction,7,11662,text__char__ saas,[char]  saas,text,0.030901944264769554,0.0036036414094269276,0.0036036414094269276
case_09,model_disagreement_2,random_forest,Random Forest,bagging_ensemble,59,c655267a95bf20edad8c0f0eac49d2c7984240c5,low,medium,supports_prediction,8,13653,text__char__nsere,[char] nsere,text,0.03589656949043274,0.0036020681727677584,0.0036020681727677584
case_09,model_disagreement_2,random_forest,Random Forest,bagging_ensemble,59,c655267a95bf20edad8c0f0eac49d2c7984240c5,low,medium,supports_prediction,9,12384,text__char__ders,[char] ders,text,0.022602546960115433,0.003542195772752166,0.003542195772752166
case_09,model_disagreement_2,random_forest,Random Forest,bagging_ensemble,59,c655267a95bf20edad8c0f0eac49d2c7984240c5,low,medium,supports_prediction,10,13554,text__char__nders,[char] nders,text,0.02313094213604927,0.003105904906988144,0.003105904906988144
case_09,model_disagreement_2,random_forest,Random Forest,bagging_ensemble,59,c655267a95bf20edad8c0f0eac49d2c7984240c5,low,medium,opposes_prediction,1,14540,text__char__techn,[char] techn,text,0.03830671310424805,-0.007496832869946957,0.007496832869946957
case_09,model_disagreement_2,random_forest,Random Forest,bagging_ensemble,59,c655267a95bf20edad8c0f0eac49d2c7984240c5,low,medium,opposes_prediction,2,12495,text__char__echni,[char] echni,text,0.03996889665722847,-0.007151562720537186,0.007151562720537186
case_09,model_disagreement_2,random_forest,Random Forest,bagging_ensemble,59,c655267a95bf20edad8c0f0eac49d2c7984240c5,low,medium,opposes_prediction,3,11717,text__char__ tec,[char]  tec,text,0.03845721855759621,-0.006417142692953348,0.006417142692953348
case_09,model_disagreement_2,random_forest,Random Forest,bagging_ensemble,59,c655267a95bf20edad8c0f0eac49d2c7984240c5,low,medium,opposes_prediction,4,14680,text__char__ttfor,[char] ttfor,text,0.0503656305372715,-0.006378741003572941,0.006378741003572941
case_09,model_disagreement_2,random_forest,Random Forest,bagging_ensemble,59,c655267a95bf20edad8c0f0eac49d2c7984240c5,low,medium,opposes_prediction,5,11533,text__char__ kla,[char]  kla,text,0.044259682297706604,-0.0045579951256513596,0.0045579951256513596
case_09,model_disagreement_2,random_forest,Random Forest,bagging_ensemble,59,c655267a95bf20edad8c0f0eac49d2c7984240c5,low,medium,opposes_prediction,6,13957,text__char__pone,[char] pone,text,0.03480938449501991,-0.004269184544682503,0.004269184544682503
case_09,model_disagreement_2,random_forest,Random Forest,bagging_ensemble,59,c655267a95bf20edad8c0f0eac49d2c7984240c5,low,medium,opposes_prediction,7,13277,text__char__klar,[char] klar,text,0.04247821867465973,-0.0033954503014683723,0.0033954503014683723
case_09,model_disagreement_2,random_forest,Random Forest,bagging_ensemble,59,c655267a95bf20edad8c0f0eac49d2c7984240c5,low,medium,opposes_prediction,8,11718,text__char__ tech,[char]  tech,text,0.03845721855759621,-0.0030358002986758947,0.0030358002986758947
case_09,model_disagreement_2,random_forest,Random Forest,bagging_ensemble,59,c655267a95bf20edad8c0f0eac49d2c7984240c5,low,medium,opposes_prediction,9,12979,text__char__hni,[char] hni,text,0.039254020899534225,-0.0028942744247615337,0.0028942744247615337
case_09,model_disagreement_2,random_forest,Random Forest,bagging_ensemble,59,c655267a95bf20edad8c0f0eac49d2c7984240c5,low,medium,opposes_prediction,10,11660,text__char__ sa,[char]  sa,text,0.027701683342456818,-0.0027290633879601955,0.0027290633879601955
case_10,model_disagreement_3,random_forest,Random Forest,bagging_ensemble,85,818ee361847e8677f2017325b145c997fb136ec4,low,medium,supports_prediction,1,12967,text__char__higk,[char] higk,text,0.027484698221087456,0.006519252434372902,0.006519252434372902
case_10,model_disagreement_3,random_forest,Random Forest,bagging_ensemble,85,818ee361847e8677f2017325b145c997fb136ec4,low,medium,supports_prediction,2,14780,text__char__unser,[char] unser,text,0.04384960979223251,0.006282680667936802,0.006282680667936802
case_10,model_disagreement_3,random_forest,Random Forest,bagging_ensemble,85,818ee361847e8677f2017325b145c997fb136ec4,low,medium,supports_prediction,3,4895,text__word__integration,integration,text,0.05624046549201012,0.006070021539926529,0.006070021539926529
case_10,model_disagreement_3,random_forest,Random Forest,bagging_ensemble,85,818ee361847e8677f2017325b145c997fb136ec4,low,medium,supports_prediction,4,14973,text__char__ähigk,[char] ähigk,text,0.027484698221087456,0.005750713869929314,0.005750713869929314
case_10,model_disagreement_3,random_forest,Random Forest,bagging_ensemble,85,818ee361847e8677f2017325b145c997fb136ec4,low,medium,supports_prediction,5,14349,text__char__sere,[char] sere,text,0.038629744201898575,0.005252230446785688,0.005252230446785688
case_10,model_disagreement_3,random_forest,Random Forest,bagging_ensemble,85,818ee361847e8677f2017325b145c997fb136ec4,low,medium,supports_prediction,6,586,text__word__anfrage,anfrage,text,0.0957987979054451,0.004998105112463236,0.004998105112463236
case_10,model_disagreement_3,random_forest,Random Forest,bagging_ensemble,85,818ee361847e8677f2017325b145c997fb136ec4,low,medium,supports_prediction,7,13672,text__char__ntegr,[char] ntegr,text,0.024816250428557396,0.00447201170027256,0.00447201170027256
case_10,model_disagreement_3,random_forest,Random Forest,bagging_ensemble,85,818ee361847e8677f2017325b145c997fb136ec4,low,medium,supports_prediction,8,12555,text__char__egrat,[char] egrat,text,0.02663208730518818,0.0035477224737405777,0.0035477224737405777
case_10,model_disagreement_3,random_forest,Random Forest,bagging_ensemble,85,818ee361847e8677f2017325b145c997fb136ec4,low,medium,supports_prediction,9,13653,text__char__nsere,[char] nsere,text,0.03924690932035446,0.0034306275192648172,0.0034306275192648172
case_10,model_disagreement_3,random_forest,Random Forest,bagging_ensemble,85,818ee361847e8677f2017325b145c997fb136ec4,low,medium,supports_prediction,10,12071,text__char__att,[char] att,text,0.011922878213226795,0.0033654849976301193,0.0033654849976301193
case_10,model_disagreement_3,random_forest,Random Forest,bagging_ensemble,85,818ee361847e8677f2017325b145c997fb136ec4,low,medium,opposes_prediction,1,12252,text__char__chnik,[char] chnik,text,0.03139493986964226,-0.005545885767787695,0.005545885767787695
case_10,model_disagreement_3,random_forest,Random Forest,bagging_ensemble,85,818ee361847e8677f2017325b145c997fb136ec4,low,medium,opposes_prediction,2,14540,text__char__techn,[char] techn,text,0.04188200458884239,-0.004576083272695541,0.004576083272695541
case_10,model_disagreement_3,random_forest,Random Forest,bagging_ensemble,85,818ee361847e8677f2017325b145c997fb136ec4,low,medium,opposes_prediction,3,13957,text__char__pone,[char] pone,text,0.0307051632553339,-0.004392147529870272,0.004392147529870272
case_10,model_disagreement_3,random_forest,Random Forest,bagging_ensemble,85,818ee361847e8677f2017325b145c997fb136ec4,low,medium,opposes_prediction,4,11446,text__char__ emp,[char]  emp,text,0.03891908377408981,-0.0038697756826877594,0.0038697756826877594
case_10,model_disagreement_3,random_forest,Random Forest,bagging_ensemble,85,818ee361847e8677f2017325b145c997fb136ec4,low,medium,opposes_prediction,5,14055,text__char__rat,[char] rat,text,0.018424568697810173,-0.003733063582330942,0.003733063582330942
case_10,model_disagreement_3,random_forest,Random Forest,bagging_ensemble,85,818ee361847e8677f2017325b145c997fb136ec4,low,medium,opposes_prediction,6,11425,text__char__ det,[char]  det,text,0.012698030099272728,-0.0037114459555596113,0.0037114459555596113
case_10,model_disagreement_3,random_forest,Random Forest,bagging_ensemble,85,818ee361847e8677f2017325b145c997fb136ec4,low,medium,opposes_prediction,7,12495,text__char__echni,[char] echni,text,0.035256337374448776,-0.003628708887845278,0.003628708887845278
case_10,model_disagreement_3,random_forest,Random Forest,bagging_ensemble,85,818ee361847e8677f2017325b145c997fb136ec4,low,medium,opposes_prediction,8,12973,text__char__hle,[char] hle,text,0.03258521109819412,-0.0036179283633828163,0.0036179283633828163
case_10,model_disagreement_3,random_forest,Random Forest,bagging_ensemble,85,818ee361847e8677f2017325b145c997fb136ec4,low,medium,opposes_prediction,9,12986,text__char__hnisc,[char] hnisc,text,0.02802506648004055,-0.0032490899320691824,0.0032490899320691824
case_10,model_disagreement_3,random_forest,Random Forest,bagging_ensemble,85,818ee361847e8677f2017325b145c997fb136ec4,low,medium,opposes_prediction,10,11718,text__char__ tech,[char]  tech,text,0.020035408437252045,-0.003081702394410968,0.003081702394410968
case_11,model_disagreement_4,random_forest,Random Forest,bagging_ensemble,98,2b8de51a7c4e30bce5c04433674e788ab51bc409,high,medium,supports_prediction,1,15011,categorical__queue_Product Support,Product Support,queue,1.0,0.028316233307123184,0.028316233307123184
case_11,model_disagreement_4,random_forest,Random Forest,bagging_ensemble,98,2b8de51a7c4e30bce5c04433674e788ab51bc409,high,medium,supports_prediction,2,13467,text__char__metho,[char] metho,text,0.02311638928949833,0.006875528488308191,0.006875528488308191
case_11,model_disagreement_4,random_forest,Random Forest,bagging_ensemble,98,2b8de51a7c4e30bce5c04433674e788ab51bc409,high,medium,supports_prediction,3,14636,text__char__tra,[char] tra,text,0.02249107137322426,0.005023281555622816,0.005023281555622816
case_11,model_disagreement_4,random_forest,Random Forest,bagging_ensemble,98,2b8de51a7c4e30bce5c04433674e788ab51bc409,high,medium,supports_prediction,4,14055,text__char__rat,[char] rat,text,0.02262961119413376,0.003807145170867443,0.003807145170867443
case_11,model_disagreement_4,random_forest,Random Forest,bagging_ensemble,98,2b8de51a7c4e30bce5c04433674e788ab51bc409,high,medium,supports_prediction,5,12647,text__char__era,[char] era,text,0.024618713185191154,0.0035746879875659943,0.0035746879875659943
case_11,model_disagreement_4,random_forest,Random Forest,bagging_ensemble,98,2b8de51a7c4e30bce5c04433674e788ab51bc409,high,medium,supports_prediction,6,5944,text__word__marketing,marketing,text,0.10422743111848831,0.0033583680633455515,0.0033583680633455515
case_11,model_disagreement_4,random_forest,Random Forest,bagging_ensemble,98,2b8de51a7c4e30bce5c04433674e788ab51bc409,high,medium,supports_prediction,7,9318,text__word__strategien,strategien,text,0.09486577659845352,0.0029146894812583923,0.0029146894812583923
case_11,model_disagreement_4,random_forest,Random Forest,bagging_ensemble,98,2b8de51a7c4e30bce5c04433674e788ab51bc409,high,medium,supports_prediction,8,12911,text__char__grat,[char] grat,text,0.013453732244670391,0.002891014562919736,0.002891014562919736
case_11,model_disagreement_4,random_forest,Random Forest,bagging_ensemble,98,2b8de51a7c4e30bce5c04433674e788ab51bc409,high,medium,supports_prediction,9,9833,text__word__teams,teams,text,0.11137894541025162,0.0027314822655171156,0.0027314822655171156
case_11,model_disagreement_4,random_forest,Random Forest,bagging_ensemble,98,2b8de51a7c4e30bce5c04433674e788ab51bc409,high,medium,supports_prediction,10,13876,text__char__over,[char] over,text,0.020102284848690033,0.0024618341121822596,0.0024618341121822596
case_11,model_disagreement_4,random_forest,Random Forest,bagging_ensemble,98,2b8de51a7c4e30bce5c04433674e788ab51bc409,high,medium,opposes_prediction,1,1158,text__word__bereitstellen,bereitstellen,text,0.08362908661365509,-0.004663283471018076,0.004663283471018076
case_11,model_disagreement_4,random_forest,Random Forest,bagging_ensemble,98,2b8de51a7c4e30bce5c04433674e788ab51bc409,high,medium,opposes_prediction,2,12082,text__char__aus,[char] aus,text,0.02925650030374527,-0.004275735002011061,0.004275735002011061
case_11,model_disagreement_4,random_forest,Random Forest,bagging_ensemble,98,2b8de51a7c4e30bce5c04433674e788ab51bc409,high,medium,opposes_prediction,3,13099,text__char__ilu,[char] ilu,text,0.024889346212148666,-0.004177836235612631,0.004177836235612631
case_11,model_disagreement_4,random_forest,Random Forest,bagging_ensemble,98,2b8de51a7c4e30bce5c04433674e788ab51bc409,high,medium,opposes_prediction,4,5986,text__word__marketingmaßnahmen,marketingmaßnahmen,text,0.16318459808826447,-0.003985081799328327,0.003985081799328327
case_11,model_disagreement_4,random_forest,Random Forest,bagging_ensemble,98,2b8de51a7c4e30bce5c04433674e788ab51bc409,high,medium,opposes_prediction,5,12409,text__char__dina,[char] dina,text,0.04200797155499458,-0.003541923826560378,0.003541923826560378
case_11,model_disagreement_4,random_forest,Random Forest,bagging_ensemble,98,2b8de51a7c4e30bce5c04433674e788ab51bc409,high,medium,opposes_prediction,6,6626,text__word__optimierung,optimierung,text,0.08990909904241562,-0.003286300925537944,0.003286300925537944
case_11,model_disagreement_4,random_forest,Random Forest,bagging_ensemble,98,2b8de51a7c4e30bce5c04433674e788ab51bc409,high,medium,opposes_prediction,7,13291,text__char__kundi,[char] kundi,text,0.030095750465989113,-0.003222316736355424,0.003222316736355424
case_11,model_disagreement_4,random_forest,Random Forest,bagging_ensemble,98,2b8de51a7c4e30bce5c04433674e788ab51bc409,high,medium,opposes_prediction,8,5514,text__word__könnten bitte,könnten bitte,text,0.08455201238393784,-0.00302586006000638,0.00302586006000638
case_11,model_disagreement_4,random_forest,Random Forest,bagging_ensemble,98,2b8de51a7c4e30bce5c04433674e788ab51bc409,high,medium,opposes_prediction,9,1187,text__word__bestehen,bestehen,text,0.08636706322431564,-0.0029803127981722355,0.0029803127981722355
case_11,model_disagreement_4,random_forest,Random Forest,bagging_ensemble,98,2b8de51a7c4e30bce5c04433674e788ab51bc409,high,medium,opposes_prediction,10,13535,text__char__nati,[char] nati,text,0.03150968998670578,-0.0028634846676141024,0.0028634846676141024
case_12,model_disagreement_5,random_forest,Random Forest,bagging_ensemble,128,1a253cac8e537423675594be7ce6e3473a15a28f,low,medium,supports_prediction,1,11917,text__char__agen,[char] agen,text,0.05437655374407768,0.008618521504104137,0.008618521504104137
case_12,model_disagreement_5,random_forest,Random Forest,bagging_ensemble,128,1a253cac8e537423675594be7ce6e3473a15a28f,low,medium,supports_prediction,2,11332,text__char__ ag,[char]  ag,text,0.06380489468574524,0.005598998628556728,0.005598998628556728
case_12,model_disagreement_5,random_forest,Random Forest,bagging_ensemble,128,1a253cac8e537423675594be7ce6e3473a15a28f,low,medium,supports_prediction,3,13551,text__char__ncy,[char] ncy,text,0.05935264006257057,0.004400366451591253,0.004400366451591253
case_12,model_disagreement_5,random_forest,Random Forest,bagging_ensemble,128,1a253cac8e537423675594be7ce6e3473a15a28f,low,medium,supports_prediction,4,5944,text__word__marketing,marketing,text,0.12395783513784409,0.004345249384641647,0.004345249384641647
case_12,model_disagreement_5,random_forest,Random Forest,bagging_ensemble,128,1a253cac8e537423675594be7ce6e3473a15a28f,low,medium,supports_prediction,5,12867,text__char__gency,[char] gency,text,0.06664564460515976,0.0043438696302473545,0.0043438696302473545
case_12,model_disagreement_5,random_forest,Random Forest,bagging_ensemble,128,1a253cac8e537423675594be7ce6e3473a15a28f,low,medium,supports_prediction,6,12325,text__char__cti,[char] cti,text,0.029229016974568367,0.004155629314482212,0.004155629314482212
case_12,model_disagreement_5,random_forest,Random Forest,bagging_ensemble,128,1a253cac8e537423675594be7ce6e3473a15a28f,low,medium,supports_prediction,7,13142,text__char__inq,[char] inq,text,0.048867762088775635,0.0035602827556431293,0.0035602827556431293
case_12,model_disagreement_5,random_forest,Random Forest,bagging_ensemble,128,1a253cac8e537423675594be7ce6e3473a15a28f,low,medium,supports_prediction,8,12160,text__char__bran,[char] bran,text,0.028144268319010735,0.0033971304073929787,0.0033971304073929787
case_12,model_disagreement_5,random_forest,Random Forest,bagging_ensemble,128,1a253cac8e537423675594be7ce6e3473a15a28f,low,medium,supports_prediction,9,13198,text__char__isibi,[char] isibi,text,0.04171125590801239,0.003389818361029029,0.003389818361029029
case_12,model_disagreement_5,random_forest,Random Forest,bagging_ensemble,128,1a253cac8e537423675594be7ce6e3473a15a28f,low,medium,supports_prediction,10,11873,text__char__achi,[char] achi,text,0.02893950790166855,0.003242222825065255,0.003242222825065255
case_12,model_disagreement_5,random_forest,Random Forest,bagging_ensemble,128,1a253cac8e537423675594be7ce6e3473a15a28f,low,medium,opposes_prediction,1,11768,text__char__ you,[char]  you,text,0.03873603045940399,-0.007599863223731518,0.007599863223731518
case_12,model_disagreement_5,random_forest,Random Forest,bagging_ensemble,128,1a253cac8e537423675594be7ce6e3473a15a28f,low,medium,opposes_prediction,2,13552,text__char__ncy ,[char] ncy ,text,0.05325154960155487,-0.005341742187738419,0.005341742187738419
case_12,model_disagreement_5,random_forest,Random Forest,bagging_ensemble,128,1a253cac8e537423675594be7ce6e3473a15a28f,low,medium,opposes_prediction,3,13143,text__char__inqu,[char] inqu,text,0.048867762088775635,-0.004853855352848768,0.004853855352848768
case_12,model_disagreement_5,random_forest,Random Forest,bagging_ensemble,128,1a253cac8e537423675594be7ce6e3473a15a28f,low,medium,opposes_prediction,4,13651,text__char__nquir,[char] nquir,text,0.0485614575445652,-0.004735824652016163,0.004735824652016163
case_12,model_disagreement_5,random_forest,Random Forest,bagging_ensemble,128,1a253cac8e537423675594be7ce6e3473a15a28f,low,medium,opposes_prediction,5,13299,text__char__lan,[char] lan,text,0.03147793188691139,-0.0034344675950706005,0.0034344675950706005
case_12,model_disagreement_5,random_forest,Random Forest,bagging_ensemble,128,1a253cac8e537423675594be7ce6e3473a15a28f,low,medium,opposes_prediction,6,13864,text__char__ould ,[char] ould ,text,0.016446391120553017,-0.0033527235500514507,0.0033527235500514507
case_12,model_disagreement_5,random_forest,Random Forest,bagging_ensemble,128,1a253cac8e537423675594be7ce6e3473a15a28f,low,medium,opposes_prediction,7,13577,text__char__nfor,[char] nfor,text,0.01662653125822544,-0.003295202273875475,0.003295202273875475
case_12,model_disagreement_5,random_forest,Random Forest,bagging_ensemble,128,1a253cac8e537423675594be7ce6e3473a15a28f,low,medium,opposes_prediction,8,6081,text__word__meet,meet,text,0.10431380569934845,-0.0032022898085415363,0.0032022898085415363
case_12,model_disagreement_5,random_forest,Random Forest,bagging_ensemble,128,1a253cac8e537423675594be7ce6e3473a15a28f,low,medium,opposes_prediction,9,13817,text__char__ope,[char] ope,text,0.030304638668894768,-0.0031975875608623028,0.0031975875608623028
case_12,model_disagreement_5,random_forest,Random Forest,bagging_ensemble,128,1a253cac8e537423675594be7ce6e3473a15a28f,low,medium,opposes_prediction,10,11767,text__char__ yo,[char]  yo,text,0.03873603045940399,-0.003033157205209136,0.003033157205209136
case_01,unanimous_correct_low,xgboost,XGBoost,gradient_boosting,753,15f7e749ff1aa7e7800283d66efd3a71acbcd8d0,low,low,supports_prediction,1,15007,categorical__queue_Customer Service,Customer Service,queue,1.0,0.20419533550739288,0.20419533550739288
case_01,unanimous_correct_low,xgboost,XGBoost,gradient_boosting,753,15f7e749ff1aa7e7800283d66efd3a71acbcd8d0,low,low,supports_prediction,2,12250,text__char__chni,[char] chni,text,0.031073465943336487,0.1558331698179245,0.1558331698179245
case_01,unanimous_correct_low,xgboost,XGBoost,gradient_boosting,753,15f7e749ff1aa7e7800283d66efd3a71acbcd8d0,low,low,supports_prediction,3,8823,text__word__share,share,text,0.08488752692937851,0.0936194434762001,0.0936194434762001
case_01,unanimous_correct_low,xgboost,XGBoost,gradient_boosting,753,15f7e749ff1aa7e7800283d66efd3a71acbcd8d0,low,low,supports_prediction,4,12933,text__char__hare,[char] hare,text,0.03627881780266762,0.06785224378108978,0.06785224378108978
case_01,unanimous_correct_low,xgboost,XGBoost,gradient_boosting,753,15f7e749ff1aa7e7800283d66efd3a71acbcd8d0,low,low,supports_prediction,5,11597,text__char__ on ,[char]  on ,text,0.017945270985364914,0.059292349964380264,0.059292349964380264
case_01,unanimous_correct_low,xgboost,XGBoost,gradient_boosting,753,15f7e749ff1aa7e7800283d66efd3a71acbcd8d0,low,low,supports_prediction,6,13038,text__char__ic ,[char] ic ,text,0.029719747602939606,0.050071824342012405,0.050071824342012405
case_01,unanimous_correct_low,xgboost,XGBoost,gradient_boosting,753,15f7e749ff1aa7e7800283d66efd3a71acbcd8d0,low,low,supports_prediction,7,11769,text__char__ you ,[char]  you ,text,0.030886368826031685,0.04920724406838417,0.04920724406838417
case_01,unanimous_correct_low,xgboost,XGBoost,gradient_boosting,753,15f7e749ff1aa7e7800283d66efd3a71acbcd8d0,low,low,supports_prediction,8,11678,text__char__ shar,[char]  shar,text,0.0359947606921196,0.04583863168954849,0.04583863168954849
case_01,unanimous_correct_low,xgboost,XGBoost,gradient_boosting,753,15f7e749ff1aa7e7800283d66efd3a71acbcd8d0,low,low,supports_prediction,9,11677,text__char__ sha,[char]  sha,text,0.0359705351293087,0.04453936219215393,0.04453936219215393
case_01,unanimous_correct_low,xgboost,XGBoost,gradient_boosting,753,15f7e749ff1aa7e7800283d66efd3a71acbcd8d0,low,low,supports_prediction,10,2717,text__word__devices,devices,text,0.07248659431934357,0.0408695749938488,0.0408695749938488
case_01,unanimous_correct_low,xgboost,XGBoost,gradient_boosting,753,15f7e749ff1aa7e7800283d66efd3a71acbcd8d0,low,low,opposes_prediction,1,14585,text__char__tfo,[char] tfo,text,0.0218853447586298,-0.15764525532722473,0.15764525532722473
case_01,unanimous_correct_low,xgboost,XGBoost,gradient_boosting,753,15f7e749ff1aa7e7800283d66efd3a71acbcd8d0,low,low,opposes_prediction,2,11620,text__char__ plat,[char]  plat,text,0.02335776388645172,-0.12674570083618164,0.12674570083618164
case_01,unanimous_correct_low,xgboost,XGBoost,gradient_boosting,753,15f7e749ff1aa7e7800283d66efd3a71acbcd8d0,low,low,opposes_prediction,3,12065,text__char__atf,[char] atf,text,0.024896658957004547,-0.08421722054481506,0.08421722054481506
case_01,unanimous_correct_low,xgboost,XGBoost,gradient_boosting,753,15f7e749ff1aa7e7800283d66efd3a71acbcd8d0,low,low,opposes_prediction,4,13489,text__char__mme,[char] mme,text,0.024968400597572327,-0.07026401907205582,0.07026401907205582
case_01,unanimous_correct_low,xgboost,XGBoost,gradient_boosting,753,15f7e749ff1aa7e7800283d66efd3a71acbcd8d0,low,low,opposes_prediction,5,11400,text__char__ cou,[char]  cou,text,0.019056411460042,-0.04921034723520279,0.04921034723520279
case_01,unanimous_correct_low,xgboost,XGBoost,gradient_boosting,753,15f7e749ff1aa7e7800283d66efd3a71acbcd8d0,low,low,opposes_prediction,6,13946,text__char__plat,[char] plat,text,0.022208910435438156,-0.04623938351869583,0.04623938351869583
case_01,unanimous_correct_low,xgboost,XGBoost,gradient_boosting,753,15f7e749ff1aa7e7800283d66efd3a71acbcd8d0,low,low,opposes_prediction,7,12066,text__char__atfo,[char] atfo,text,0.024896658957004547,-0.03646687790751457,0.03646687790751457
case_01,unanimous_correct_low,xgboost,XGBoost,gradient_boosting,753,15f7e749ff1aa7e7800283d66efd3a71acbcd8d0,low,low,opposes_prediction,8,14755,text__char__uld,[char] uld,text,0.03879741206765175,-0.03153596073389053,0.03153596073389053
case_01,unanimous_correct_low,xgboost,XGBoost,gradient_boosting,753,15f7e749ff1aa7e7800283d66efd3a71acbcd8d0,low,low,opposes_prediction,9,14586,text__char__tfor,[char] tfor,text,0.022276952862739563,-0.030956299975514412,0.030956299975514412
case_01,unanimous_correct_low,xgboost,XGBoost,gradient_boosting,753,15f7e749ff1aa7e7800283d66efd3a71acbcd8d0,low,low,opposes_prediction,10,14448,text__char__ste,[char] ste,text,0.020451465621590614,-0.028220752254128456,0.028220752254128456
case_02,unanimous_correct_medium,xgboost,XGBoost,gradient_boosting,22,ee037e0444486ca7203bcbbbf5f4913dbc650aff,medium,medium,supports_prediction,1,13155,text__char__invo,[char] invo,text,0.03179391846060753,0.04896590858697891,0.04896590858697891
case_02,unanimous_correct_medium,xgboost,XGBoost,gradient_boosting,22,ee037e0444486ca7203bcbbbf5f4913dbc650aff,medium,medium,supports_prediction,2,11721,text__char__ thei,[char]  thei,text,0.03558657318353653,0.03158250451087952,0.03158250451087952
case_02,unanimous_correct_medium,xgboost,XGBoost,gradient_boosting,22,ee037e0444486ca7203bcbbbf5f4913dbc650aff,medium,medium,supports_prediction,3,14594,text__char__thei,[char] thei,text,0.034703876823186874,0.027791470289230347,0.027791470289230347
case_02,unanimous_correct_medium,xgboost,XGBoost,gradient_boosting,22,ee037e0444486ca7203bcbbbf5f4913dbc650aff,medium,medium,supports_prediction,4,13463,text__char__mes,[char] mes,text,0.029829150065779686,0.02442992851138115,0.02442992851138115
case_02,unanimous_correct_medium,xgboost,XGBoost,gradient_boosting,22,ee037e0444486ca7203bcbbbf5f4913dbc650aff,medium,medium,supports_prediction,5,11364,text__char__ bil,[char]  bil,text,0.032577548176050186,0.019589368253946304,0.019589368253946304
case_02,unanimous_correct_medium,xgboost,XGBoost,gradient_boosting,22,ee037e0444486ca7203bcbbbf5f4913dbc650aff,medium,medium,supports_prediction,6,13677,text__char__ntere,[char] ntere,text,0.022433865815401077,0.01860547810792923,0.01860547810792923
case_02,unanimous_correct_medium,xgboost,XGBoost,gradient_boosting,22,ee037e0444486ca7203bcbbbf5f4913dbc650aff,medium,medium,supports_prediction,7,11769,text__char__ you ,[char]  you ,text,0.01756996661424637,0.01809590309858322,0.01809590309858322
case_02,unanimous_correct_medium,xgboost,XGBoost,gradient_boosting,22,ee037e0444486ca7203bcbbbf5f4913dbc650aff,medium,medium,supports_prediction,8,11520,text__char__ invo,[char]  invo,text,0.03179391846060753,0.01669573225080967,0.01669573225080967
case_02,unanimous_correct_medium,xgboost,XGBoost,gradient_boosting,22,ee037e0444486ca7203bcbbbf5f4913dbc650aff,medium,medium,supports_prediction,9,12561,text__char__eir,[char] eir,text,0.03558657318353653,0.01530175656080246,0.01530175656080246
case_02,unanimous_correct_medium,xgboost,XGBoost,gradient_boosting,22,ee037e0444486ca7203bcbbbf5f4913dbc650aff,medium,medium,supports_prediction,10,1250,text__word__billing,billing,text,0.08157289028167725,0.013104095123708248,0.013104095123708248
case_02,unanimous_correct_medium,xgboost,XGBoost,gradient_boosting,22,ee037e0444486ca7203bcbbbf5f4913dbc650aff,medium,medium,opposes_prediction,1,11613,text__char__ pay,[char]  pay,text,0.0620209202170372,-0.0509268194437027,0.0509268194437027
case_02,unanimous_correct_medium,xgboost,XGBoost,gradient_boosting,22,ee037e0444486ca7203bcbbbf5f4913dbc650aff,medium,medium,opposes_prediction,2,11701,text__char__ str,[char]  str,text,0.020830703899264336,-0.026224855333566666,0.026224855333566666
case_02,unanimous_correct_medium,xgboost,XGBoost,gradient_boosting,22,ee037e0444486ca7203bcbbbf5f4913dbc650aff,medium,medium,opposes_prediction,3,6141,text__word__message reaches,message reaches,text,0.12098726630210876,-0.021614525467157364,0.021614525467157364
case_02,unanimous_correct_medium,xgboost,XGBoost,gradient_boosting,22,ee037e0444486ca7203bcbbbf5f4913dbc650aff,medium,medium,opposes_prediction,4,12956,text__char__hes ,[char] hes ,text,0.02801159955561161,-0.0160826425999403,0.0160826425999403
case_02,unanimous_correct_medium,xgboost,XGBoost,gradient_boosting,22,ee037e0444486ca7203bcbbbf5f4913dbc650aff,medium,medium,opposes_prediction,5,12101,text__char__ayme,[char] ayme,text,0.06233188882470131,-0.014182260259985924,0.014182260259985924
case_02,unanimous_correct_medium,xgboost,XGBoost,gradient_boosting,22,ee037e0444486ca7203bcbbbf5f4913dbc650aff,medium,medium,opposes_prediction,6,2189,text__word__customer,customer,text,0.04744572564959526,-0.013832032680511475,0.013832032680511475
case_02,unanimous_correct_medium,xgboost,XGBoost,gradient_boosting,22,ee037e0444486ca7203bcbbbf5f4913dbc650aff,medium,medium,opposes_prediction,7,7245,text__word__pricing,pricing,text,0.10596954822540283,-0.009750724770128727,0.009750724770128727
case_02,unanimous_correct_medium,xgboost,XGBoost,gradient_boosting,22,ee037e0444486ca7203bcbbbf5f4913dbc650aff,medium,medium,opposes_prediction,8,11670,text__char__ ser,[char]  ser,text,0.0203090813010931,-0.008095802739262581,0.008095802739262581
case_02,unanimous_correct_medium,xgboost,XGBoost,gradient_boosting,22,ee037e0444486ca7203bcbbbf5f4913dbc650aff,medium,medium,opposes_prediction,9,13817,text__char__ope,[char] ope,text,0.028959408402442932,-0.005698523949831724,0.005698523949831724
case_02,unanimous_correct_medium,xgboost,XGBoost,gradient_boosting,22,ee037e0444486ca7203bcbbbf5f4913dbc650aff,medium,medium,opposes_prediction,10,8709,text__word__services,services,text,0.07020249962806702,-0.005585924722254276,0.005585924722254276
case_03,unanimous_correct_high,xgboost,XGBoost,gradient_boosting,1,5c1adc7aa2813d400ebf30ac65484e8b7383ede9,high,high,supports_prediction,1,15015,categorical__queue_Technical Support,Technical Support,queue,1.0,0.4527181386947632,0.4527181386947632
case_03,unanimous_correct_high,xgboost,XGBoost,gradient_boosting,1,5c1adc7aa2813d400ebf30ac65484e8b7383ede9,high,high,supports_prediction,2,12175,text__char__bst,[char] bst,text,0.0433475561439991,0.20668263733386993,0.20668263733386993
case_03,unanimous_correct_high,xgboost,XGBoost,gradient_boosting,1,5c1adc7aa2813d400ebf30ac65484e8b7383ede9,high,high,supports_prediction,3,8910,text__word__significant,significant,text,0.08917856961488724,0.12540511786937714,0.12540511786937714
case_03,unanimous_correct_high,xgboost,XGBoost,gradient_boosting,1,5c1adc7aa2813d400ebf30ac65484e8b7383ede9,high,high,supports_prediction,4,12432,text__char__dow,[char] dow,text,0.03583039715886116,0.12195147573947906,0.12195147573947906
case_03,unanimous_correct_high,xgboost,XGBoost,gradient_boosting,1,5c1adc7aa2813d400ebf30ac65484e8b7383ede9,high,high,supports_prediction,5,13329,text__char__leadi,[char] leadi,text,0.038576915860176086,0.06331077963113785,0.06331077963113785
case_03,unanimous_correct_high,xgboost,XGBoost,gradient_boosting,1,5c1adc7aa2813d400ebf30ac65484e8b7383ede9,high,high,supports_prediction,6,13082,text__char__ign,[char] ign,text,0.02396826632320881,0.06278713792562485,0.06278713792562485
case_03,unanimous_correct_high,xgboost,XGBoost,gradient_boosting,1,5c1adc7aa2813d400ebf30ac65484e8b7383ede9,high,high,supports_prediction,7,11604,text__char__ outa,[char]  outa,text,0.0607261098921299,0.049455344676971436,0.049455344676971436
case_03,unanimous_correct_high,xgboost,XGBoost,gradient_boosting,1,5c1adc7aa2813d400ebf30ac65484e8b7383ede9,high,high,supports_prediction,8,14162,text__char__riti,[char] riti,text,0.029062561690807343,0.046436406672000885,0.046436406672000885
case_03,unanimous_correct_high,xgboost,XGBoost,gradient_boosting,1,5c1adc7aa2813d400ebf30ac65484e8b7383ede9,high,high,supports_prediction,9,14824,text__char__utag,[char] utag,text,0.06068610027432442,0.042520713061094284,0.042520713061094284
case_03,unanimous_correct_high,xgboost,XGBoost,gradient_boosting,1,5c1adc7aa2813d400ebf30ac65484e8b7383ede9,high,high,supports_prediction,10,14620,text__char__tip,[char] tip,text,0.030810272321105003,0.036211803555488586,0.036211803555488586
case_03,unanimous_correct_high,xgboost,XGBoost,gradient_boosting,1,5c1adc7aa2813d400ebf30ac65484e8b7383ede9,high,high,opposes_prediction,1,2189,text__word__customer,customer,text,0.04827238991856575,-0.08631421625614166,0.08631421625614166
case_03,unanimous_correct_high,xgboost,XGBoost,gradient_boosting,1,5c1adc7aa2813d400ebf30ac65484e8b7383ede9,high,high,opposes_prediction,2,12353,text__char__date ,[char] date ,text,0.02925015054643154,-0.08045369386672974,0.08045369386672974
case_03,unanimous_correct_high,xgboost,XGBoost,gradient_boosting,1,5c1adc7aa2813d400ebf30ac65484e8b7383ede9,high,high,opposes_prediction,3,13535,text__char__nati,[char] nati,text,0.044422052800655365,-0.07538798451423645,0.07538798451423645
case_03,unanimous_correct_high,xgboost,XGBoost,gradient_boosting,1,5c1adc7aa2813d400ebf30ac65484e8b7383ede9,high,high,opposes_prediction,4,13517,text__char__mpt,[char] mpt,text,0.021948417648673058,-0.06746096909046173,0.06746096909046173
case_03,unanimous_correct_high,xgboost,XGBoost,gradient_boosting,1,5c1adc7aa2813d400ebf30ac65484e8b7383ede9,high,high,opposes_prediction,5,13326,text__char__ld ,[char] ld ,text,0.01581708900630474,-0.0547950342297554,0.0547950342297554
case_03,unanimous_correct_high,xgboost,XGBoost,gradient_boosting,1,5c1adc7aa2813d400ebf30ac65484e8b7383ede9,high,high,opposes_prediction,6,11348,text__char__ att,[char]  att,text,0.022761885076761246,-0.05135048180818558,0.05135048180818558
case_03,unanimous_correct_high,xgboost,XGBoost,gradient_boosting,1,5c1adc7aa2813d400ebf30ac65484e8b7383ede9,high,high,opposes_prediction,7,11769,text__char__ you ,[char]  you ,text,0.01828606426715851,-0.02757902443408966,0.02757902443408966
case_03,unanimous_correct_high,xgboost,XGBoost,gradient_boosting,1,5c1adc7aa2813d400ebf30ac65484e8b7383ede9,high,high,opposes_prediction,8,15001,categorical__type_Incident,Incident,type,1.0,-0.026130300015211105,0.026130300015211105
case_03,unanimous_correct_high,xgboost,XGBoost,gradient_boosting,1,5c1adc7aa2813d400ebf30ac65484e8b7383ede9,high,high,opposes_prediction,9,11597,text__char__ on ,[char]  on ,text,0.017988629639148712,-0.022584769874811172,0.022584769874811172
case_03,unanimous_correct_high,xgboost,XGBoost,gradient_boosting,1,5c1adc7aa2813d400ebf30ac65484e8b7383ede9,high,high,opposes_prediction,10,13122,text__char__incon,[char] incon,text,0.036391731351614,-0.019795401021838188,0.019795401021838188
case_04,typical_low_to_medium,xgboost,XGBoost,gradient_boosting,126,890270067c166c047ceda5d45e5e16ea678f5fa8,low,medium,supports_prediction,1,12883,text__char__gin,[char] gin,text,0.04648299142718315,0.10943830013275146,0.10943830013275146
case_04,typical_low_to_medium,xgboost,XGBoost,gradient_boosting,126,890270067c166c047ceda5d45e5e16ea678f5fa8,low,medium,supports_prediction,2,13326,text__char__ld ,[char] ld ,text,0.013327715918421745,0.08359037339687347,0.08359037339687347
case_04,typical_low_to_medium,xgboost,XGBoost,gradient_boosting,126,890270067c166c047ceda5d45e5e16ea678f5fa8,low,medium,supports_prediction,3,13691,text__char__ntly ,[char] ntly ,text,0.0237160325050354,0.07786422967910767,0.07786422967910767
case_04,typical_low_to_medium,xgboost,XGBoost,gradient_boosting,126,890270067c166c047ceda5d45e5e16ea678f5fa8,low,medium,supports_prediction,4,10594,text__word__usb,usb,text,0.13714554905891418,0.04035402834415436,0.04035402834415436
case_04,typical_low_to_medium,xgboost,XGBoost,gradient_boosting,126,890270067c166c047ceda5d45e5e16ea678f5fa8,low,medium,supports_prediction,5,12444,text__char__dur,[char] dur,text,0.01960822381079197,0.01629284769296646,0.01629284769296646
case_04,typical_low_to_medium,xgboost,XGBoost,gradient_boosting,126,890270067c166c047ceda5d45e5e16ea678f5fa8,low,medium,supports_prediction,6,11444,text__char__ dur,[char]  dur,text,0.02049313485622406,0.01397840864956379,0.01397840864956379
case_04,typical_low_to_medium,xgboost,XGBoost,gradient_boosting,126,890270067c166c047ceda5d45e5e16ea678f5fa8,low,medium,supports_prediction,7,13577,text__char__nfor,[char] nfor,text,0.013933515176177025,0.011351451277732849,0.011351451277732849
case_04,typical_low_to_medium,xgboost,XGBoost,gradient_boosting,126,890270067c166c047ceda5d45e5e16ea678f5fa8,low,medium,supports_prediction,8,11768,text__char__ you,[char]  you,text,0.023032698780298233,0.01121293194591999,0.01121293194591999
case_04,typical_low_to_medium,xgboost,XGBoost,gradient_boosting,126,890270067c166c047ceda5d45e5e16ea678f5fa8,low,medium,supports_prediction,9,12417,text__char__diti,[char] diti,text,0.020838212221860886,0.010380839928984642,0.010380839928984642
case_04,typical_low_to_medium,xgboost,XGBoost,gradient_boosting,126,890270067c166c047ceda5d45e5e16ea678f5fa8,low,medium,supports_prediction,10,11603,text__char__ out ,[char]  out ,text,0.025934923440217972,0.00906398892402649,0.00906398892402649
case_04,typical_low_to_medium,xgboost,XGBoost,gradient_boosting,126,890270067c166c047ceda5d45e5e16ea678f5fa8,low,medium,opposes_prediction,1,14807,text__char__urn,[char] urn,text,0.06265298277139664,-0.05224387347698212,0.05224387347698212
case_04,typical_low_to_medium,xgboost,XGBoost,gradient_boosting,126,890270067c166c047ceda5d45e5e16ea678f5fa8,low,medium,opposes_prediction,2,13863,text__char__ould,[char] ould,text,0.01378170307725668,-0.03582285717129707,0.03582285717129707
case_04,typical_low_to_medium,xgboost,XGBoost,gradient_boosting,126,890270067c166c047ceda5d45e5e16ea678f5fa8,low,medium,opposes_prediction,3,12755,text__char__eve,[char] eve,text,0.018042221665382385,-0.028365863487124443,0.028365863487124443
case_04,typical_low_to_medium,xgboost,XGBoost,gradient_boosting,126,890270067c166c047ceda5d45e5e16ea678f5fa8,low,medium,opposes_prediction,4,11357,text__char__ bee,[char]  bee,text,0.018843360245227814,-0.025186879560351372,0.025186879560351372
case_04,typical_low_to_medium,xgboost,XGBoost,gradient_boosting,126,890270067c166c047ceda5d45e5e16ea678f5fa8,low,medium,opposes_prediction,5,14056,text__char__rate,[char] rate,text,0.01655793935060501,-0.02293853461742401,0.02293853461742401
case_04,typical_low_to_medium,xgboost,XGBoost,gradient_boosting,126,890270067c166c047ceda5d45e5e16ea678f5fa8,low,medium,opposes_prediction,6,11873,text__char__achi,[char] achi,text,0.024252144619822502,-0.01576508767902851,0.01576508767902851
case_04,typical_low_to_medium,xgboost,XGBoost,gradient_boosting,126,890270067c166c047ceda5d45e5e16ea678f5fa8,low,medium,opposes_prediction,7,11573,text__char__ min,[char]  min,text,0.03131277114152908,-0.015268135815858841,0.015268135815858841
case_04,typical_low_to_medium,xgboost,XGBoost,gradient_boosting,126,890270067c166c047ceda5d45e5e16ea678f5fa8,low,medium,opposes_prediction,8,14551,text__char__tem,[char] tem,text,0.027168462052941322,-0.004476360511034727,0.004476360511034727
case_04,typical_low_to_medium,xgboost,XGBoost,gradient_boosting,126,890270067c166c047ceda5d45e5e16ea678f5fa8,low,medium,opposes_prediction,9,12632,text__char__ently,[char] ently,text,0.02338235266506672,-0.003801714163273573,0.003801714163273573
case_04,typical_low_to_medium,xgboost,XGBoost,gradient_boosting,126,890270067c166c047ceda5d45e5e16ea678f5fa8,low,medium,opposes_prediction,10,14165,text__char__riv,[char] riv,text,0.030991794541478157,-0.0010857708984985948,0.0010857708984985948
case_05,typical_high_to_medium,xgboost,XGBoost,gradient_boosting,394,a290262a783ad8b4921aa46b3c337daf9f4dbeb1,high,medium,supports_prediction,1,14262,text__char__rteil,[char] rteil,text,0.03570355847477913,0.10949569940567017,0.10949569940567017
case_05,typical_high_to_medium,xgboost,XGBoost,gradient_boosting,394,a290262a783ad8b4921aa46b3c337daf9f4dbeb1,high,medium,supports_prediction,2,14261,text__char__rtei,[char] rtei,text,0.03550390526652336,0.05655926465988159,0.05655926465988159
case_05,typical_high_to_medium,xgboost,XGBoost,gradient_boosting,394,a290262a783ad8b4921aa46b3c337daf9f4dbeb1,high,medium,supports_prediction,3,11917,text__char__agen,[char] agen,text,0.02056376077234745,0.012515893206000328,0.012515893206000328
case_05,typical_high_to_medium,xgboost,XGBoost,gradient_boosting,394,a290262a783ad8b4921aa46b3c337daf9f4dbeb1,high,medium,supports_prediction,4,12154,text__char__bot,[char] bot,text,0.032327715307474136,0.01052846573293209,0.01052846573293209
case_05,typical_high_to_medium,xgboost,XGBoost,gradient_boosting,394,a290262a783ad8b4921aa46b3c337daf9f4dbeb1,high,medium,supports_prediction,5,15007,categorical__queue_Customer Service,Customer Service,queue,1.0,0.007821701467037201,0.007821701467037201
case_05,typical_high_to_medium,xgboost,XGBoost,gradient_boosting,394,a290262a783ad8b4921aa46b3c337daf9f4dbeb1,high,medium,supports_prediction,6,12658,text__char__eres,[char] eres,text,0.02051646076142788,0.007152922917157412,0.007152922917157412
case_05,typical_high_to_medium,xgboost,XGBoost,gradient_boosting,394,a290262a783ad8b4921aa46b3c337daf9f4dbeb1,high,medium,supports_prediction,7,12757,text__char__event,[char] event,text,0.024747643619775772,0.007038690149784088,0.007038690149784088
case_05,typical_high_to_medium,xgboost,XGBoost,gradient_boosting,394,a290262a783ad8b4921aa46b3c337daf9f4dbeb1,high,medium,supports_prediction,8,14435,text__char__ssier,[char] ssier,text,0.02717488445341587,0.006029530894011259,0.006029530894011259
case_05,typical_high_to_medium,xgboost,XGBoost,gradient_boosting,394,a290262a783ad8b4921aa46b3c337daf9f4dbeb1,high,medium,supports_prediction,9,12690,text__char__err,[char] err,text,0.02102602645754814,0.005651087965816259,0.005651087965816259
case_05,typical_high_to_medium,xgboost,XGBoost,gradient_boosting,394,a290262a783ad8b4921aa46b3c337daf9f4dbeb1,high,medium,supports_prediction,10,13785,text__char__one,[char] one,text,0.038738273084163666,0.005180190782994032,0.005180190782994032
case_05,typical_high_to_medium,xgboost,XGBoost,gradient_boosting,394,a290262a783ad8b4921aa46b3c337daf9f4dbeb1,high,medium,opposes_prediction,1,2240,text__word__daran,daran,text,0.09621497988700867,-0.045676618814468384,0.045676618814468384
case_05,typical_high_to_medium,xgboost,XGBoost,gradient_boosting,394,a290262a783ad8b4921aa46b3c337daf9f4dbeb1,high,medium,opposes_prediction,2,5531,text__word__kürzlich,kürzlich,text,0.10295882076025009,-0.04485533386468887,0.04485533386468887
case_05,typical_high_to_medium,xgboost,XGBoost,gradient_boosting,394,a290262a783ad8b4921aa46b3c337daf9f4dbeb1,high,medium,opposes_prediction,3,5066,text__word__interessiert mehr,interessiert mehr,text,0.1118335947394371,-0.027171265333890915,0.027171265333890915
case_05,typical_high_to_medium,xgboost,XGBoost,gradient_boosting,394,a290262a783ad8b4921aa46b3c337daf9f4dbeb1,high,medium,opposes_prediction,4,14542,text__char__teg,[char] teg,text,0.011755197308957577,-0.025673404335975647,0.025673404335975647
case_05,typical_high_to_medium,xgboost,XGBoost,gradient_boosting,394,a290262a783ad8b4921aa46b3c337daf9f4dbeb1,high,medium,opposes_prediction,5,11425,text__char__ det,[char]  det,text,0.015430212020874023,-0.008878784254193306,0.008878784254193306
case_05,typical_high_to_medium,xgboost,XGBoost,gradient_boosting,394,a290262a783ad8b4921aa46b3c337daf9f4dbeb1,high,medium,opposes_prediction,6,12605,text__char__en?,[char] en?,text,0.022747579962015152,-0.008877409622073174,0.008877409622073174
case_05,typical_high_to_medium,xgboost,XGBoost,gradient_boosting,394,a290262a783ad8b4921aa46b3c337daf9f4dbeb1,high,medium,opposes_prediction,7,14995,text__char__ürz,[char] ürz,text,0.029371414333581924,-0.008019148372113705,0.008019148372113705
case_05,typical_high_to_medium,xgboost,XGBoost,gradient_boosting,394,a290262a783ad8b4921aa46b3c337daf9f4dbeb1,high,medium,opposes_prediction,8,14840,text__char__ver,[char] ver,text,0.011038683354854584,-0.001126222312450409,0.001126222312450409
case_05,typical_high_to_medium,xgboost,XGBoost,gradient_boosting,394,a290262a783ad8b4921aa46b3c337daf9f4dbeb1,high,medium,opposes_prediction,9,12858,text__char__ge ,[char] ge ,text,0.017256110906600952,-0.0008003500406630337,0.0008003500406630337
case_05,typical_high_to_medium,xgboost,XGBoost,gradient_boosting,394,a290262a783ad8b4921aa46b3c337daf9f4dbeb1,high,medium,opposes_prediction,10,14448,text__char__ste,[char] ste,text,0.01635933667421341,-0.0006333314813673496,0.0006333314813673496
case_06,critical_low_to_high,xgboost,XGBoost,gradient_boosting,8,66db6625b564da4549986df74e6db441a323c089,low,high,supports_prediction,1,15015,categorical__queue_Technical Support,Technical Support,queue,1.0,0.4567655026912689,0.4567655026912689
case_06,critical_low_to_high,xgboost,XGBoost,gradient_boosting,8,66db6625b564da4549986df74e6db441a323c089,low,high,supports_prediction,2,13384,text__char__los,[char] los,text,0.024666786193847656,0.05897598713636398,0.05897598713636398
case_06,critical_low_to_high,xgboost,XGBoost,gradient_boosting,8,66db6625b564da4549986df74e6db441a323c089,low,high,supports_prediction,3,13209,text__char__isten,[char] isten,text,0.021511144936084747,0.05661828815937042,0.05661828815937042
case_06,critical_low_to_high,xgboost,XGBoost,gradient_boosting,8,66db6625b564da4549986df74e6db441a323c089,low,high,supports_prediction,4,12048,text__char__ast,[char] ast,text,0.020087335258722305,0.05272482708096504,0.05272482708096504
case_06,critical_low_to_high,xgboost,XGBoost,gradient_boosting,8,66db6625b564da4549986df74e6db441a323c089,low,high,supports_prediction,5,12250,text__char__chni,[char] chni,text,0.036090753972530365,0.034369148313999176,0.034369148313999176
case_06,critical_low_to_high,xgboost,XGBoost,gradient_boosting,8,66db6625b564da4549986df74e6db441a323c089,low,high,supports_prediction,6,14467,text__char__stru,[char] stru,text,0.0363125242292881,0.030779626220464706,0.030779626220464706
case_06,critical_low_to_high,xgboost,XGBoost,gradient_boosting,8,66db6625b564da4549986df74e6db441a323c089,low,high,supports_prediction,7,13314,text__char__latt,[char] latt,text,0.04603172838687897,0.029002618044614792,0.029002618044614792
case_06,critical_low_to_high,xgboost,XGBoost,gradient_boosting,8,66db6625b564da4549986df74e6db441a323c089,low,high,supports_prediction,8,11710,text__char__ sy,[char]  sy,text,0.011983268894255161,0.02761019580066204,0.02761019580066204
case_06,critical_low_to_high,xgboost,XGBoost,gradient_boosting,8,66db6625b564da4549986df74e6db441a323c089,low,high,supports_prediction,9,12979,text__char__hni,[char] hni,text,0.03608320280909538,0.02655167132616043,0.02655167132616043
case_06,critical_low_to_high,xgboost,XGBoost,gradient_boosting,8,66db6625b564da4549986df74e6db441a323c089,low,high,supports_prediction,10,14655,text__char__tru,[char] tru,text,0.03561234474182129,0.02304275892674923,0.02304275892674923
case_06,critical_low_to_high,xgboost,XGBoost,gradient_boosting,8,66db6625b564da4549986df74e6db441a323c089,low,high,opposes_prediction,1,1178,text__word__besonders,besonders,text,0.10051917284727097,-0.06920083612203598,0.06920083612203598
case_06,critical_low_to_high,xgboost,XGBoost,gradient_boosting,8,66db6625b564da4549986df74e6db441a323c089,low,high,opposes_prediction,2,12877,text__char__gie,[char] gie,text,0.01555649284273386,-0.05122091621160507,0.05122091621160507
case_06,critical_low_to_high,xgboost,XGBoost,gradient_boosting,8,66db6625b564da4549986df74e6db441a323c089,low,high,opposes_prediction,3,12244,text__char__chi,[char] chi,text,0.029464907944202423,-0.04312145709991455,0.04312145709991455
case_06,critical_low_to_high,xgboost,XGBoost,gradient_boosting,8,66db6625b564da4549986df74e6db441a323c089,low,high,opposes_prediction,4,4895,text__word__integration,integration,text,0.050489164888858795,-0.03846007585525513,0.03846007585525513
case_06,critical_low_to_high,xgboost,XGBoost,gradient_boosting,8,66db6625b564da4549986df74e6db441a323c089,low,high,opposes_prediction,5,12581,text__char__em ,[char] em ,text,0.017773982137441635,-0.03812294453382492,0.03812294453382492
case_06,critical_low_to_high,xgboost,XGBoost,gradient_boosting,8,66db6625b564da4549986df74e6db441a323c089,low,high,opposes_prediction,6,13299,text__char__lan,[char] lan,text,0.021423952654004097,-0.03537961468100548,0.03537961468100548
case_06,critical_low_to_high,xgboost,XGBoost,gradient_boosting,8,66db6625b564da4549986df74e6db441a323c089,low,high,opposes_prediction,7,14143,text__char__ric,[char] ric,text,0.019285378977656364,-0.0313490629196167,0.0313490629196167
case_06,critical_low_to_high,xgboost,XGBoost,gradient_boosting,8,66db6625b564da4549986df74e6db441a323c089,low,high,opposes_prediction,8,12911,text__char__grat,[char] grat,text,0.012979582883417606,-0.02865074947476387,0.02865074947476387
case_06,critical_low_to_high,xgboost,XGBoost,gradient_boosting,8,66db6625b564da4549986df74e6db441a323c089,low,high,opposes_prediction,9,12878,text__char__gies,[char] gies,text,0.018050825223326683,-0.02846132591366768,0.02846132591366768
case_06,critical_low_to_high,xgboost,XGBoost,gradient_boosting,8,66db6625b564da4549986df74e6db441a323c089,low,high,opposes_prediction,10,14439,text__char__sta,[char] sta,text,0.009329491294920444,-0.02340879663825035,0.02340879663825035
case_07,critical_high_to_low,xgboost,XGBoost,gradient_boosting,3081,4b2afb7f05c9cd9fd85790fdd2db112b4abbc318,high,low,supports_prediction,1,15007,categorical__queue_Customer Service,Customer Service,queue,1.0,0.20419533550739288,0.20419533550739288
case_07,critical_high_to_low,xgboost,XGBoost,gradient_boosting,3081,4b2afb7f05c9cd9fd85790fdd2db112b4abbc318,high,low,supports_prediction,2,12782,text__char__fee,[char] fee,text,0.06556061655282974,0.19184377789497375,0.19184377789497375
case_07,critical_high_to_low,xgboost,XGBoost,gradient_boosting,3081,4b2afb7f05c9cd9fd85790fdd2db112b4abbc318,high,low,supports_prediction,3,12783,text__char__fee ,[char] fee ,text,0.09051930159330368,0.12853431701660156,0.12853431701660156
case_07,critical_high_to_low,xgboost,XGBoost,gradient_boosting,3081,4b2afb7f05c9cd9fd85790fdd2db112b4abbc318,high,low,supports_prediction,4,5514,text__word__könnten bitte,könnten bitte,text,0.19065983593463898,0.08260359615087509,0.08260359615087509
case_07,critical_high_to_low,xgboost,XGBoost,gradient_boosting,3081,4b2afb7f05c9cd9fd85790fdd2db112b4abbc318,high,low,supports_prediction,5,12605,text__char__en?,[char] en?,text,0.04494582116603851,0.03402017429471016,0.03402017429471016
case_07,critical_high_to_low,xgboost,XGBoost,gradient_boosting,3081,4b2afb7f05c9cd9fd85790fdd2db112b4abbc318,high,low,supports_prediction,6,12606,text__char__en? ,[char] en? ,text,0.04495318606495857,0.03323950618505478,0.03323950618505478
case_07,critical_high_to_low,xgboost,XGBoost,gradient_boosting,3081,4b2afb7f05c9cd9fd85790fdd2db112b4abbc318,high,low,supports_prediction,7,11702,text__char__ stra,[char]  stra,text,0.03625379130244255,0.02381119690835476,0.02381119690835476
case_07,critical_high_to_low,xgboost,XGBoost,gradient_boosting,3081,4b2afb7f05c9cd9fd85790fdd2db112b4abbc318,high,low,supports_prediction,8,1158,text__word__bereitstellen,bereitstellen,text,0.18857869505882263,0.01632966287434101,0.01632966287434101
case_07,critical_high_to_low,xgboost,XGBoost,gradient_boosting,3081,4b2afb7f05c9cd9fd85790fdd2db112b4abbc318,high,low,supports_prediction,9,5513,text__word__könnten,könnten,text,0.1437203735113144,0.013108095154166222,0.013108095154166222
case_07,critical_high_to_low,xgboost,XGBoost,gradient_boosting,3081,4b2afb7f05c9cd9fd85790fdd2db112b4abbc318,high,low,supports_prediction,10,13439,text__char__mat,[char] mat,text,0.02460665814578533,0.006024193949997425,0.006024193949997425
case_07,critical_high_to_low,xgboost,XGBoost,gradient_boosting,3081,4b2afb7f05c9cd9fd85790fdd2db112b4abbc318,high,low,opposes_prediction,1,14439,text__char__sta,[char] sta,text,0.021495213732123375,-0.05793607980012894,0.05793607980012894
case_07,critical_high_to_low,xgboost,XGBoost,gradient_boosting,3081,4b2afb7f05c9cd9fd85790fdd2db112b4abbc318,high,low,opposes_prediction,2,14057,text__char__rateg,[char] rateg,text,0.03464135155081749,-0.04339892044663429,0.04339892044663429
case_07,critical_high_to_low,xgboost,XGBoost,gradient_boosting,3081,4b2afb7f05c9cd9fd85790fdd2db112b4abbc318,high,low,opposes_prediction,3,14539,text__char__tech,[char] tech,text,0.047323524951934814,-0.03223723918199539,0.03223723918199539
case_07,critical_high_to_low,xgboost,XGBoost,gradient_boosting,3081,4b2afb7f05c9cd9fd85790fdd2db112b4abbc318,high,low,opposes_prediction,4,14542,text__char__teg,[char] teg,text,0.02322651445865631,-0.03142610937356949,0.03142610937356949
case_07,critical_high_to_low,xgboost,XGBoost,gradient_boosting,3081,4b2afb7f05c9cd9fd85790fdd2db112b4abbc318,high,low,opposes_prediction,5,11701,text__char__ str,[char]  str,text,0.034182243049144745,-0.02820710651576519,0.02820710651576519
case_07,critical_high_to_low,xgboost,XGBoost,gradient_boosting,3081,4b2afb7f05c9cd9fd85790fdd2db112b4abbc318,high,low,opposes_prediction,6,13577,text__char__nfor,[char] nfor,text,0.026072269305586815,-0.026891222223639488,0.026891222223639488
case_07,critical_high_to_low,xgboost,XGBoost,gradient_boosting,3081,4b2afb7f05c9cd9fd85790fdd2db112b4abbc318,high,low,opposes_prediction,7,12058,text__char__ateg,[char] ateg,text,0.03461557626724243,-0.026433030143380165,0.026433030143380165
case_07,critical_high_to_low,xgboost,XGBoost,gradient_boosting,3081,4b2afb7f05c9cd9fd85790fdd2db112b4abbc318,high,low,opposes_prediction,8,14056,text__char__rate,[char] rate,text,0.03098306804895401,-0.02620948664844036,0.02620948664844036
case_07,critical_high_to_low,xgboost,XGBoost,gradient_boosting,3081,4b2afb7f05c9cd9fd85790fdd2db112b4abbc318,high,low,opposes_prediction,9,14055,text__char__rat,[char] rat,text,0.021079231053590775,-0.025557171553373337,0.025557171553373337
case_07,critical_high_to_low,xgboost,XGBoost,gradient_boosting,3081,4b2afb7f05c9cd9fd85790fdd2db112b4abbc318,high,low,opposes_prediction,10,14448,text__char__ste,[char] ste,text,0.019090840592980385,-0.02453744411468506,0.02453744411468506
case_08,model_disagreement_1,xgboost,XGBoost,gradient_boosting,13,de1f211d7fb1dd53f830f716d9499d66d3b65ee1,high,medium,supports_prediction,1,15011,categorical__queue_Product Support,Product Support,queue,1.0,0.07482543587684631,0.07482543587684631
case_08,model_disagreement_1,xgboost,XGBoost,gradient_boosting,13,de1f211d7fb1dd53f830f716d9499d66d3b65ee1,high,medium,supports_prediction,2,11917,text__char__agen,[char] agen,text,0.0441344678401947,0.05052785575389862,0.05052785575389862
case_08,model_disagreement_1,xgboost,XGBoost,gradient_boosting,13,de1f211d7fb1dd53f830f716d9499d66d3b65ee1,high,medium,supports_prediction,3,13072,text__char__ies ,[char] ies ,text,0.020927758887410164,0.03456701710820198,0.03456701710820198
case_08,model_disagreement_1,xgboost,XGBoost,gradient_boosting,13,de1f211d7fb1dd53f830f716d9499d66d3b65ee1,high,medium,supports_prediction,4,13071,text__char__ies,[char] ies,text,0.028697699308395386,0.024175291880965233,0.024175291880965233
case_08,model_disagreement_1,xgboost,XGBoost,gradient_boosting,13,de1f211d7fb1dd53f830f716d9499d66d3b65ee1,high,medium,supports_prediction,5,13967,text__char__pplic,[char] pplic,text,0.030291834846138954,0.01567520759999752,0.01567520759999752
case_08,model_disagreement_1,xgboost,XGBoost,gradient_boosting,13,de1f211d7fb1dd53f830f716d9499d66d3b65ee1,high,medium,supports_prediction,6,14391,text__char__sion,[char] sion,text,0.025624264031648636,0.013823729008436203,0.013823729008436203
case_08,model_disagreement_1,xgboost,XGBoost,gradient_boosting,13,de1f211d7fb1dd53f830f716d9499d66d3b65ee1,high,medium,supports_prediction,7,14439,text__char__sta,[char] sta,text,0.013790128752589226,0.012619111686944962,0.012619111686944962
case_08,model_disagreement_1,xgboost,XGBoost,gradient_boosting,13,de1f211d7fb1dd53f830f716d9499d66d3b65ee1,high,medium,supports_prediction,8,243,text__word__additionally,additionally,text,0.07470165938138962,0.009032085537910461,0.009032085537910461
case_08,model_disagreement_1,xgboost,XGBoost,gradient_boosting,13,de1f211d7fb1dd53f830f716d9499d66d3b65ee1,high,medium,supports_prediction,9,14196,text__char__rmat,[char] rmat,text,0.03825967758893967,0.008278962224721909,0.008278962224721909
case_08,model_disagreement_1,xgboost,XGBoost,gradient_boosting,13,de1f211d7fb1dd53f830f716d9499d66d3b65ee1,high,medium,supports_prediction,10,13554,text__char__nders,[char] nders,text,0.03142856806516647,0.007986266165971756,0.007986266165971756
case_08,model_disagreement_1,xgboost,XGBoost,gradient_boosting,13,de1f211d7fb1dd53f830f716d9499d66d3b65ee1,high,medium,opposes_prediction,1,12789,text__char__fer,[char] fer,text,0.04630296304821968,-0.05432242900133133,0.05432242900133133
case_08,model_disagreement_1,xgboost,XGBoost,gradient_boosting,13,de1f211d7fb1dd53f830f716d9499d66d3b65ee1,high,medium,opposes_prediction,2,726,text__word__appreciate could,appreciate could,text,0.0774490162730217,-0.046255044639110565,0.046255044639110565
case_08,model_disagreement_1,xgboost,XGBoost,gradient_boosting,13,de1f211d7fb1dd53f830f716d9499d66d3b65ee1,high,medium,opposes_prediction,3,14450,text__char__sted ,[char] sted ,text,0.02937707118690014,-0.04219454154372215,0.04219454154372215
case_08,model_disagreement_1,xgboost,XGBoost,gradient_boosting,13,de1f211d7fb1dd53f830f716d9499d66d3b65ee1,high,medium,opposes_prediction,4,14729,text__char__udie,[char] udie,text,0.033797767013311386,-0.028695527464151382,0.028695527464151382
case_08,model_disagreement_1,xgboost,XGBoost,gradient_boosting,13,de1f211d7fb1dd53f830f716d9499d66d3b65ee1,high,medium,opposes_prediction,5,11983,text__char__any,[char] any,text,0.02310911938548088,-0.01876801624894142,0.01876801624894142
case_08,model_disagreement_1,xgboost,XGBoost,gradient_boosting,13,de1f211d7fb1dd53f830f716d9499d66d3b65ee1,high,medium,opposes_prediction,6,14353,text__char__serv,[char] serv,text,0.03927614912390709,-0.015440830960869789,0.015440830960869789
case_08,model_disagreement_1,xgboost,XGBoost,gradient_boosting,13,de1f211d7fb1dd53f830f716d9499d66d3b65ee1,high,medium,opposes_prediction,7,11627,text__char__ pric,[char]  pric,text,0.04416091367602348,-0.012728651985526085,0.012728651985526085
case_08,model_disagreement_1,xgboost,XGBoost,gradient_boosting,13,de1f211d7fb1dd53f830f716d9499d66d3b65ee1,high,medium,opposes_prediction,8,4769,text__word__inquiry,inquiry,text,0.0858679860830307,-0.009883521124720573,0.009883521124720573
case_08,model_disagreement_1,xgboost,XGBoost,gradient_boosting,13,de1f211d7fb1dd53f830f716d9499d66d3b65ee1,high,medium,opposes_prediction,9,7245,text__word__pricing,pricing,text,0.10805482417345047,-0.009750724770128727,0.009750724770128727
case_08,model_disagreement_1,xgboost,XGBoost,gradient_boosting,13,de1f211d7fb1dd53f830f716d9499d66d3b65ee1,high,medium,opposes_prediction,10,9488,text__word__success,success,text,0.10110533982515335,-0.009585834108293056,0.009585834108293056
case_09,model_disagreement_2,xgboost,XGBoost,gradient_boosting,59,c655267a95bf20edad8c0f0eac49d2c7984240c5,low,medium,supports_prediction,1,14262,text__char__rteil,[char] rteil,text,0.03330894932150841,0.10949569940567017,0.10949569940567017
case_09,model_disagreement_2,xgboost,XGBoost,gradient_boosting,59,c655267a95bf20edad8c0f0eac49d2c7984240c5,low,medium,supports_prediction,2,14261,text__char__rtei,[char] rtei,text,0.03312268480658531,0.10407097637653351,0.10407097637653351
case_09,model_disagreement_2,xgboost,XGBoost,gradient_boosting,59,c655267a95bf20edad8c0f0eac49d2c7984240c5,low,medium,supports_prediction,3,12384,text__char__ders,[char] ders,text,0.022602546960115433,0.02241899073123932,0.02241899073123932
case_09,model_disagreement_2,xgboost,XGBoost,gradient_boosting,59,c655267a95bf20edad8c0f0eac49d2c7984240c5,low,medium,supports_prediction,4,12824,text__char__form ,[char] form ,text,0.03215442970395088,0.020821327343583107,0.020821327343583107
case_09,model_disagreement_2,xgboost,XGBoost,gradient_boosting,59,c655267a95bf20edad8c0f0eac49d2c7984240c5,low,medium,supports_prediction,5,12394,text__char__detai,[char] detai,text,0.01520884782075882,0.019445214420557022,0.019445214420557022
case_09,model_disagreement_2,xgboost,XGBoost,gradient_boosting,59,c655267a95bf20edad8c0f0eac49d2c7984240c5,low,medium,supports_prediction,6,12736,text__char__eta,[char] eta,text,0.015166386030614376,0.01872461661696434,0.01872461661696434
case_09,model_disagreement_2,xgboost,XGBoost,gradient_boosting,59,c655267a95bf20edad8c0f0eac49d2c7984240c5,low,medium,supports_prediction,7,12774,text__char__fall,[char] fall,text,0.023007266223430634,0.01775870844721794,0.01775870844721794
case_09,model_disagreement_2,xgboost,XGBoost,gradient_boosting,59,c655267a95bf20edad8c0f0eac49d2c7984240c5,low,medium,supports_prediction,8,13944,text__char__plan,[char] plan,text,0.026798447594046593,0.01665853150188923,0.01665853150188923
case_09,model_disagreement_2,xgboost,XGBoost,gradient_boosting,59,c655267a95bf20edad8c0f0eac49d2c7984240c5,low,medium,supports_prediction,9,14143,text__char__ric,[char] ric,text,0.02098008431494236,0.015869688242673874,0.015869688242673874
case_09,model_disagreement_2,xgboost,XGBoost,gradient_boosting,59,c655267a95bf20edad8c0f0eac49d2c7984240c5,low,medium,supports_prediction,10,12658,text__char__eres,[char] eres,text,0.019140437245368958,0.015704840421676636,0.015704840421676636
case_09,model_disagreement_2,xgboost,XGBoost,gradient_boosting,59,c655267a95bf20edad8c0f0eac49d2c7984240c5,low,medium,opposes_prediction,1,14539,text__char__tech,[char] tech,text,0.037832677364349365,-0.11101417243480682,0.11101417243480682
case_09,model_disagreement_2,xgboost,XGBoost,gradient_boosting,59,c655267a95bf20edad8c0f0eac49d2c7984240c5,low,medium,opposes_prediction,2,13146,text__char__integ,[char] integ,text,0.01340568158775568,-0.08894939720630646,0.08894939720630646
case_09,model_disagreement_2,xgboost,XGBoost,gradient_boosting,59,c655267a95bf20edad8c0f0eac49d2c7984240c5,low,medium,opposes_prediction,3,14540,text__char__techn,[char] techn,text,0.03830671310424805,-0.06353651732206345,0.06353651732206345
case_09,model_disagreement_2,xgboost,XGBoost,gradient_boosting,59,c655267a95bf20edad8c0f0eac49d2c7984240c5,low,medium,opposes_prediction,4,13384,text__char__los,[char] los,text,0.026834383606910706,-0.0501074343919754,0.0501074343919754
case_09,model_disagreement_2,xgboost,XGBoost,gradient_boosting,59,c655267a95bf20edad8c0f0eac49d2c7984240c5,low,medium,opposes_prediction,5,13671,text__char__nteg,[char] nteg,text,0.01340568158775568,-0.033001527190208435,0.033001527190208435
case_09,model_disagreement_2,xgboost,XGBoost,gradient_boosting,59,c655267a95bf20edad8c0f0eac49d2c7984240c5,low,medium,opposes_prediction,6,11701,text__char__ str,[char]  str,text,0.016139714047312737,-0.026224855333566666,0.026224855333566666
case_09,model_disagreement_2,xgboost,XGBoost,gradient_boosting,59,c655267a95bf20edad8c0f0eac49d2c7984240c5,low,medium,opposes_prediction,7,14542,text__char__teg,[char] teg,text,0.010966785252094269,-0.025673404335975647,0.025673404335975647
case_09,model_disagreement_2,xgboost,XGBoost,gradient_boosting,59,c655267a95bf20edad8c0f0eac49d2c7984240c5,low,medium,opposes_prediction,8,12662,text__char__erhe,[char] erhe,text,0.019834274426102638,-0.022519277408719063,0.022519277408719063
case_09,model_disagreement_2,xgboost,XGBoost,gradient_boosting,59,c655267a95bf20edad8c0f0eac49d2c7984240c5,low,medium,opposes_prediction,9,11852,text__char__aas,[char] aas,text,0.030531946569681168,-0.020836064592003822,0.020836064592003822
case_09,model_disagreement_2,xgboost,XGBoost,gradient_boosting,59,c655267a95bf20edad8c0f0eac49d2c7984240c5,low,medium,opposes_prediction,10,11620,text__char__ plat,[char]  plat,text,0.029513221234083176,-0.019481081515550613,0.019481081515550613
case_10,model_disagreement_3,xgboost,XGBoost,gradient_boosting,85,818ee361847e8677f2017325b145c997fb136ec4,low,medium,supports_prediction,1,12967,text__char__higk,[char] higk,text,0.027484698221087456,0.12267319113016129,0.12267319113016129
case_10,model_disagreement_3,xgboost,XGBoost,gradient_boosting,85,818ee361847e8677f2017325b145c997fb136ec4,low,medium,supports_prediction,2,14434,text__char__ssie,[char] ssie,text,0.03786403313279152,0.06129922717809677,0.06129922717809677
case_10,model_disagreement_3,xgboost,XGBoost,gradient_boosting,85,818ee361847e8677f2017325b145c997fb136ec4,low,medium,supports_prediction,3,12763,text__char__ewa,[char] ewa,text,0.02070031501352787,0.05478318780660629,0.05478318780660629
case_10,model_disagreement_3,xgboost,XGBoost,gradient_boosting,85,818ee361847e8677f2017325b145c997fb136ec4,low,medium,supports_prediction,4,12766,text__char__ewall,[char] ewall,text,0.021504666656255722,0.046736933290958405,0.046736933290958405
case_10,model_disagreement_3,xgboost,XGBoost,gradient_boosting,85,818ee361847e8677f2017325b145c997fb136ec4,low,medium,supports_prediction,5,12385,text__char__ders ,[char] ders ,text,0.02702547423541546,0.04553098976612091,0.04553098976612091
case_10,model_disagreement_3,xgboost,XGBoost,gradient_boosting,85,818ee361847e8677f2017325b145c997fb136ec4,low,medium,supports_prediction,6,12968,text__char__higke,[char] higke,text,0.027484698221087456,0.04380952566862106,0.04380952566862106
case_10,model_disagreement_3,xgboost,XGBoost,gradient_boosting,85,818ee361847e8677f2017325b145c997fb136ec4,low,medium,supports_prediction,7,12813,text__char__firew,[char] firew,text,0.021504666656255722,0.033031217753887177,0.033031217753887177
case_10,model_disagreement_3,xgboost,XGBoost,gradient_boosting,85,818ee361847e8677f2017325b145c997fb136ec4,low,medium,supports_prediction,8,11446,text__char__ emp,[char]  emp,text,0.03891908377408981,0.02891693264245987,0.02891693264245987
case_10,model_disagreement_3,xgboost,XGBoost,gradient_boosting,85,818ee361847e8677f2017325b145c997fb136ec4,low,medium,supports_prediction,9,14833,text__char__vant,[char] vant,text,0.02359940856695175,0.028708769008517265,0.028708769008517265
case_10,model_disagreement_3,xgboost,XGBoost,gradient_boosting,85,818ee361847e8677f2017325b145c997fb136ec4,low,medium,supports_prediction,10,12384,text__char__ders,[char] ders,text,0.019937578588724136,0.02241899073123932,0.02241899073123932
case_10,model_disagreement_3,xgboost,XGBoost,gradient_boosting,85,818ee361847e8677f2017325b145c997fb136ec4,low,medium,opposes_prediction,1,14539,text__char__tech,[char] tech,text,0.04136372730135918,-0.08840576559305191,0.08840576559305191
case_10,model_disagreement_3,xgboost,XGBoost,gradient_boosting,85,818ee361847e8677f2017325b145c997fb136ec4,low,medium,opposes_prediction,2,14540,text__char__techn,[char] techn,text,0.04188200458884239,-0.06342869251966476,0.06342869251966476
case_10,model_disagreement_3,xgboost,XGBoost,gradient_boosting,85,818ee361847e8677f2017325b145c997fb136ec4,low,medium,opposes_prediction,3,13237,text__char__itä,[char] itä,text,0.019348159432411194,-0.0516885370016098,0.0516885370016098
case_10,model_disagreement_3,xgboost,XGBoost,gradient_boosting,85,818ee361847e8677f2017325b145c997fb136ec4,low,medium,opposes_prediction,4,12071,text__char__att,[char] att,text,0.011922878213226795,-0.04552321881055832,0.04552321881055832
case_10,model_disagreement_3,xgboost,XGBoost,gradient_boosting,85,818ee361847e8677f2017325b145c997fb136ec4,low,medium,opposes_prediction,5,13465,text__char__met,[char] met,text,0.018913451582193375,-0.04118292033672333,0.04118292033672333
case_10,model_disagreement_3,xgboost,XGBoost,gradient_boosting,85,818ee361847e8677f2017325b145c997fb136ec4,low,medium,opposes_prediction,6,13238,text__char__ität,[char] ität,text,0.019351622089743614,-0.03706716001033783,0.03706716001033783
case_10,model_disagreement_3,xgboost,XGBoost,gradient_boosting,85,818ee361847e8677f2017325b145c997fb136ec4,low,medium,opposes_prediction,7,586,text__word__anfrage,anfrage,text,0.0957987979054451,-0.03539149463176727,0.03539149463176727
case_10,model_disagreement_3,xgboost,XGBoost,gradient_boosting,85,818ee361847e8677f2017325b145c997fb136ec4,low,medium,opposes_prediction,8,14143,text__char__ric,[char] ric,text,0.03883779048919678,-0.029149524867534637,0.029149524867534637
case_10,model_disagreement_3,xgboost,XGBoost,gradient_boosting,85,818ee361847e8677f2017325b145c997fb136ec4,low,medium,opposes_prediction,9,14055,text__char__rat,[char] rat,text,0.018424568697810173,-0.024687031283974648,0.024687031283974648
case_10,model_disagreement_3,xgboost,XGBoost,gradient_boosting,85,818ee361847e8677f2017325b145c997fb136ec4,low,medium,opposes_prediction,10,12392,text__char__det,[char] det,text,0.020574871450662613,-0.024017872288823128,0.024017872288823128
case_11,model_disagreement_4,xgboost,XGBoost,gradient_boosting,98,2b8de51a7c4e30bce5c04433674e788ab51bc409,high,medium,supports_prediction,1,15011,categorical__queue_Product Support,Product Support,queue,1.0,0.07482543587684631,0.07482543587684631
case_11,model_disagreement_4,xgboost,XGBoost,gradient_boosting,98,2b8de51a7c4e30bce5c04433674e788ab51bc409,high,medium,supports_prediction,2,13123,text__char__inde,[char] inde,text,0.022007253021001816,0.057701822370290756,0.057701822370290756
case_11,model_disagreement_4,xgboost,XGBoost,gradient_boosting,98,2b8de51a7c4e30bce5c04433674e788ab51bc409,high,medium,supports_prediction,3,12385,text__char__ders ,[char] ders ,text,0.029191825538873672,0.04641202092170715,0.04641202092170715
case_11,model_disagreement_4,xgboost,XGBoost,gradient_boosting,98,2b8de51a7c4e30bce5c04433674e788ab51bc409,high,medium,supports_prediction,4,11407,text__char__ crea,[char]  crea,text,0.028646226972341537,0.01493183895945549,0.01493183895945549
case_11,model_disagreement_4,xgboost,XGBoost,gradient_boosting,98,2b8de51a7c4e30bce5c04433674e788ab51bc409,high,medium,supports_prediction,5,11570,text__char__ met,[char]  met,text,0.02162865363061428,0.014889595098793507,0.014889595098793507
case_11,model_disagreement_4,xgboost,XGBoost,gradient_boosting,98,2b8de51a7c4e30bce5c04433674e788ab51bc409,high,medium,supports_prediction,6,11350,text__char__ aus,[char]  aus,text,0.02373768389225006,0.012432216666638851,0.012432216666638851
case_11,model_disagreement_4,xgboost,XGBoost,gradient_boosting,98,2b8de51a7c4e30bce5c04433674e788ab51bc409,high,medium,supports_prediction,7,14448,text__char__ste,[char] ste,text,0.020494971424341202,0.01199678797274828,0.01199678797274828
case_11,model_disagreement_4,xgboost,XGBoost,gradient_boosting,98,2b8de51a7c4e30bce5c04433674e788ab51bc409,high,medium,supports_prediction,8,5944,text__word__marketing,marketing,text,0.10422743111848831,0.011493215337395668,0.011493215337395668
case_11,model_disagreement_4,xgboost,XGBoost,gradient_boosting,98,2b8de51a7c4e30bce5c04433674e788ab51bc409,high,medium,supports_prediction,9,12082,text__char__aus,[char] aus,text,0.02925650030374527,0.008660823106765747,0.008660823106765747
case_11,model_disagreement_4,xgboost,XGBoost,gradient_boosting,98,2b8de51a7c4e30bce5c04433674e788ab51bc409,high,medium,supports_prediction,10,4895,text__word__integration,integration,text,0.05498101934790611,0.008593874052166939,0.008593874052166939
case_11,model_disagreement_4,xgboost,XGBoost,gradient_boosting,98,2b8de51a7c4e30bce5c04433674e788ab51bc409,high,medium,opposes_prediction,1,13146,text__char__integ,[char] integ,text,0.012772969901561737,-0.09539534151554108,0.09539534151554108
case_11,model_disagreement_4,xgboost,XGBoost,gradient_boosting,98,2b8de51a7c4e30bce5c04433674e788ab51bc409,high,medium,opposes_prediction,2,13465,text__char__met,[char] met,text,0.020429546013474464,-0.036553747951984406,0.036553747951984406
case_11,model_disagreement_4,xgboost,XGBoost,gradient_boosting,98,2b8de51a7c4e30bce5c04433674e788ab51bc409,high,medium,opposes_prediction,3,13671,text__char__nteg,[char] nteg,text,0.012772969901561737,-0.033001527190208435,0.033001527190208435
case_11,model_disagreement_4,xgboost,XGBoost,gradient_boosting,98,2b8de51a7c4e30bce5c04433674e788ab51bc409,high,medium,opposes_prediction,4,12548,text__char__egi,[char] egi,text,0.01621820777654648,-0.026407824829220772,0.026407824829220772
case_11,model_disagreement_4,xgboost,XGBoost,gradient_boosting,98,2b8de51a7c4e30bce5c04433674e788ab51bc409,high,medium,opposes_prediction,5,11701,text__char__ str,[char]  str,text,0.015377962961792946,-0.026224855333566666,0.026224855333566666
case_11,model_disagreement_4,xgboost,XGBoost,gradient_boosting,98,2b8de51a7c4e30bce5c04433674e788ab51bc409,high,medium,opposes_prediction,6,13384,text__char__los,[char] los,text,0.025567874312400818,-0.025849036872386932,0.025849036872386932
case_11,model_disagreement_4,xgboost,XGBoost,gradient_boosting,98,2b8de51a7c4e30bce5c04433674e788ab51bc409,high,medium,opposes_prediction,7,14056,text__char__rate,[char] rate,text,0.013938713818788528,-0.02503926306962967,0.02503926306962967
case_11,model_disagreement_4,xgboost,XGBoost,gradient_boosting,98,2b8de51a7c4e30bce5c04433674e788ab51bc409,high,medium,opposes_prediction,8,12552,text__char__egr,[char] egr,text,0.012601485475897789,-0.024353599175810814,0.024353599175810814
case_11,model_disagreement_4,xgboost,XGBoost,gradient_boosting,98,2b8de51a7c4e30bce5c04433674e788ab51bc409,high,medium,opposes_prediction,9,12059,text__char__ategi,[char] ategi,text,0.01636466570198536,-0.02385733276605606,0.02385733276605606
case_11,model_disagreement_4,xgboost,XGBoost,gradient_boosting,98,2b8de51a7c4e30bce5c04433674e788ab51bc409,high,medium,opposes_prediction,10,1158,text__word__bereitstellen,bereitstellen,text,0.08362908661365509,-0.018995005637407303,0.018995005637407303
case_12,model_disagreement_5,xgboost,XGBoost,gradient_boosting,128,1a253cac8e537423675594be7ce6e3473a15a28f,low,medium,supports_prediction,1,11917,text__char__agen,[char] agen,text,0.05437655374407768,0.06078209728002548,0.06078209728002548
case_12,model_disagreement_5,xgboost,XGBoost,gradient_boosting,128,1a253cac8e537423675594be7ce6e3473a15a28f,low,medium,supports_prediction,2,11386,text__char__ can ,[char]  can ,text,0.02786753512918949,0.01899084821343422,0.01899084821343422
case_12,model_disagreement_5,xgboost,XGBoost,gradient_boosting,128,1a253cac8e537423675594be7ce6e3473a15a28f,low,medium,supports_prediction,3,1330,text__word__brand,brand,text,0.06883420795202255,0.017764637246727943,0.017764637246727943
case_12,model_disagreement_5,xgboost,XGBoost,gradient_boosting,128,1a253cac8e537423675594be7ce6e3473a15a28f,low,medium,supports_prediction,4,11333,text__char__ age,[char]  age,text,0.0656852126121521,0.016202431172132492,0.016202431172132492
case_12,model_disagreement_5,xgboost,XGBoost,gradient_boosting,128,1a253cac8e537423675594be7ce6e3473a15a28f,low,medium,supports_prediction,5,13773,text__char__omiz,[char] omiz,text,0.04502374678850174,0.015730950981378555,0.015730950981378555
case_12,model_disagreement_5,xgboost,XGBoost,gradient_boosting,128,1a253cac8e537423675594be7ce6e3473a15a28f,low,medium,supports_prediction,6,5944,text__word__marketing,marketing,text,0.12395783513784409,0.014420593157410622,0.014420593157410622
case_12,model_disagreement_5,xgboost,XGBoost,gradient_boosting,128,1a253cac8e537423675594be7ce6e3473a15a28f,low,medium,supports_prediction,7,14055,text__char__rat,[char] rat,text,0.022760003805160522,0.013112019747495651,0.013112019747495651
case_12,model_disagreement_5,xgboost,XGBoost,gradient_boosting,128,1a253cac8e537423675594be7ce6e3473a15a28f,low,medium,supports_prediction,8,13299,text__char__lan,[char] lan,text,0.03147793188691139,0.012494539842009544,0.012494539842009544
case_12,model_disagreement_5,xgboost,XGBoost,gradient_boosting,128,1a253cac8e537423675594be7ce6e3473a15a28f,low,medium,supports_prediction,9,13326,text__char__ld ,[char] ld ,text,0.015903646126389503,0.011932188645005226,0.011932188645005226
case_12,model_disagreement_5,xgboost,XGBoost,gradient_boosting,128,1a253cac8e537423675594be7ce6e3473a15a28f,low,medium,supports_prediction,10,14756,text__char__uld ,[char] uld ,text,0.016421131789684296,0.010804695077240467,0.010804695077240467
case_12,model_disagreement_5,xgboost,XGBoost,gradient_boosting,128,1a253cac8e537423675594be7ce6e3473a15a28f,low,medium,opposes_prediction,1,12789,text__char__fer,[char] fer,text,0.04602619633078575,-0.05432242900133133,0.05432242900133133
case_12,model_disagreement_5,xgboost,XGBoost,gradient_boosting,128,1a253cac8e537423675594be7ce6e3473a15a28f,low,medium,opposes_prediction,2,11539,text__char__ lan,[char]  lan,text,0.04603958502411842,-0.02438465505838394,0.02438465505838394
case_12,model_disagreement_5,xgboost,XGBoost,gradient_boosting,128,1a253cac8e537423675594be7ce6e3473a15a28f,low,medium,opposes_prediction,3,6558,text__word__offer,offer,text,0.08225786685943604,-0.021445872262120247,0.021445872262120247
case_12,model_disagreement_5,xgboost,XGBoost,gradient_boosting,128,1a253cac8e537423675594be7ce6e3473a15a28f,low,medium,opposes_prediction,4,11385,text__char__ can,[char]  can,text,0.027695177122950554,-0.016681065782904625,0.016681065782904625
case_12,model_disagreement_5,xgboost,XGBoost,gradient_boosting,128,1a253cac8e537423675594be7ce6e3473a15a28f,low,medium,opposes_prediction,5,11601,text__char__ our,[char]  our,text,0.051730845123529434,-0.016302943229675293,0.016302943229675293
case_12,model_disagreement_5,xgboost,XGBoost,gradient_boosting,128,1a253cac8e537423675594be7ce6e3473a15a28f,low,medium,opposes_prediction,6,14513,text__char__tail,[char] tail,text,0.020497215911746025,-0.014620617032051086,0.014620617032051086
case_12,model_disagreement_5,xgboost,XGBoost,gradient_boosting,128,1a253cac8e537423675594be7ce6e3473a15a28f,low,medium,opposes_prediction,7,12021,text__char__art,[char] art,text,0.01813572272658348,-0.01260228268802166,0.01260228268802166
case_12,model_disagreement_5,xgboost,XGBoost,gradient_boosting,128,1a253cac8e537423675594be7ce6e3473a15a28f,low,medium,opposes_prediction,8,12755,text__char__eve,[char] eve,text,0.02152935229241848,-0.010541966184973717,0.010541966184973717
case_12,model_disagreement_5,xgboost,XGBoost,gradient_boosting,128,1a253cac8e537423675594be7ce6e3473a15a28f,low,medium,opposes_prediction,9,11769,text__char__ you ,[char]  you ,text,0.0385853610932827,-0.010307942517101765,0.010307942517101765
case_12,model_disagreement_5,xgboost,XGBoost,gradient_boosting,128,1a253cac8e537423675594be7ce6e3473a15a28f,low,medium,opposes_prediction,10,4769,text__word__inquiry,inquiry,text,0.08564649522304535,-0.009883521124720573,0.009883521124720573
case_01,unanimous_correct_low,lightgbm,LightGBM,gradient_boosting,753,15f7e749ff1aa7e7800283d66efd3a71acbcd8d0,low,low,supports_prediction,1,15007,categorical__queue_Customer Service,Customer Service,queue,1.0,0.2455257922410965,0.2455257922410965
case_01,unanimous_correct_low,lightgbm,LightGBM,gradient_boosting,753,15f7e749ff1aa7e7800283d66efd3a71acbcd8d0,low,low,supports_prediction,2,6624,text__word__optimal,optimal,text,0.12103673815727234,0.16969521343708038,0.16969521343708038
case_01,unanimous_correct_low,lightgbm,LightGBM,gradient_boosting,753,15f7e749ff1aa7e7800283d66efd3a71acbcd8d0,low,low,supports_prediction,3,11676,text__char__ sh,[char]  sh,text,0.052656080573797226,0.0848526880145073,0.0848526880145073
case_01,unanimous_correct_low,lightgbm,LightGBM,gradient_boosting,753,15f7e749ff1aa7e7800283d66efd3a71acbcd8d0,low,low,supports_prediction,4,12933,text__char__hare,[char] hare,text,0.03627881780266762,0.07074779272079468,0.07074779272079468
case_01,unanimous_correct_low,lightgbm,LightGBM,gradient_boosting,753,15f7e749ff1aa7e7800283d66efd3a71acbcd8d0,low,low,supports_prediction,5,13463,text__char__mes,[char] mes,text,0.03097006492316723,0.051708996295928955,0.051708996295928955
case_01,unanimous_correct_low,lightgbm,LightGBM,gradient_boosting,753,15f7e749ff1aa7e7800283d66efd3a71acbcd8d0,low,low,supports_prediction,6,2717,text__word__devices,devices,text,0.07248659431934357,0.04892367497086525,0.04892367497086525
case_01,unanimous_correct_low,lightgbm,LightGBM,gradient_boosting,753,15f7e749ff1aa7e7800283d66efd3a71acbcd8d0,low,low,supports_prediction,7,13439,text__char__mat,[char] mat,text,0.015568877570331097,0.041935067623853683,0.041935067623853683
case_01,unanimous_correct_low,lightgbm,LightGBM,gradient_boosting,753,15f7e749ff1aa7e7800283d66efd3a71acbcd8d0,low,low,supports_prediction,8,11342,text__char__ any ,[char]  any ,text,0.023736461997032166,0.04003717005252838,0.04003717005252838
case_01,unanimous_correct_low,lightgbm,LightGBM,gradient_boosting,753,15f7e749ff1aa7e7800283d66efd3a71acbcd8d0,low,low,supports_prediction,9,14451,text__char__stem,[char] stem,text,0.02875903807580471,0.033602457493543625,0.033602457493543625
case_01,unanimous_correct_low,lightgbm,LightGBM,gradient_boosting,753,15f7e749ff1aa7e7800283d66efd3a71acbcd8d0,low,low,supports_prediction,10,14370,text__char__share,[char] share,text,0.03627881780266762,0.03136201202869415,0.03136201202869415
case_01,unanimous_correct_low,lightgbm,LightGBM,gradient_boosting,753,15f7e749ff1aa7e7800283d66efd3a71acbcd8d0,low,low,opposes_prediction,1,14587,text__char__tform,[char] tform,text,0.022285502403974533,-0.06744507700204849,0.06744507700204849
case_01,unanimous_correct_low,lightgbm,LightGBM,gradient_boosting,753,15f7e749ff1aa7e7800283d66efd3a71acbcd8d0,low,low,opposes_prediction,2,11711,text__char__ sys,[char]  sys,text,0.030752545222640038,-0.052828118205070496,0.052828118205070496
case_01,unanimous_correct_low,lightgbm,LightGBM,gradient_boosting,753,15f7e749ff1aa7e7800283d66efd3a71acbcd8d0,low,low,opposes_prediction,3,14585,text__char__tfo,[char] tfo,text,0.0218853447586298,-0.05170239508152008,0.05170239508152008
case_01,unanimous_correct_low,lightgbm,LightGBM,gradient_boosting,753,15f7e749ff1aa7e7800283d66efd3a71acbcd8d0,low,low,opposes_prediction,4,13946,text__char__plat,[char] plat,text,0.022208910435438156,-0.04004986211657524,0.04004986211657524
case_01,unanimous_correct_low,lightgbm,LightGBM,gradient_boosting,753,15f7e749ff1aa7e7800283d66efd3a71acbcd8d0,low,low,opposes_prediction,5,13923,text__char__per,[char] per,text,0.03670423477888107,-0.03746639937162399,0.03746639937162399
case_01,unanimous_correct_low,lightgbm,LightGBM,gradient_boosting,753,15f7e749ff1aa7e7800283d66efd3a71acbcd8d0,low,low,opposes_prediction,6,13864,text__char__ould ,[char] ould ,text,0.0389382541179657,-0.03193885460495949,0.03193885460495949
case_01,unanimous_correct_low,lightgbm,LightGBM,gradient_boosting,753,15f7e749ff1aa7e7800283d66efd3a71acbcd8d0,low,low,opposes_prediction,7,252,text__word__additionally would,additionally would,text,0.08370519429445267,-0.02805975265800953,0.02805975265800953
case_01,unanimous_correct_low,lightgbm,LightGBM,gradient_boosting,753,15f7e749ff1aa7e7800283d66efd3a71acbcd8d0,low,low,opposes_prediction,8,13607,text__char__nical,[char] nical,text,0.04016345366835594,-0.02558581531047821,0.02558581531047821
case_01,unanimous_correct_low,lightgbm,LightGBM,gradient_boosting,753,15f7e749ff1aa7e7800283d66efd3a71acbcd8d0,low,low,opposes_prediction,9,11145,text__word__would,would,text,0.0714634582400322,-0.01634077914059162,0.01634077914059162
case_01,unanimous_correct_low,lightgbm,LightGBM,gradient_boosting,753,15f7e749ff1aa7e7800283d66efd3a71acbcd8d0,low,low,opposes_prediction,10,11769,text__char__ you ,[char]  you ,text,0.030886368826031685,-0.013056096620857716,0.013056096620857716
case_02,unanimous_correct_medium,lightgbm,LightGBM,gradient_boosting,22,ee037e0444486ca7203bcbbbf5f4913dbc650aff,medium,medium,supports_prediction,1,2666,text__word__details payment,details payment,text,0.1616174429655075,0.6735368371009827,0.6735368371009827
case_02,unanimous_correct_medium,lightgbm,LightGBM,gradient_boosting,22,ee037e0444486ca7203bcbbbf5f4913dbc650aff,medium,medium,supports_prediction,2,251,text__word__additionally please,additionally please,text,0.13390468060970306,0.5611021518707275,0.5611021518707275
case_02,unanimous_correct_medium,lightgbm,LightGBM,gradient_boosting,22,ee037e0444486ca7203bcbbbf5f4913dbc650aff,medium,medium,supports_prediction,3,11721,text__char__ thei,[char]  thei,text,0.03558657318353653,0.06809169799089432,0.06809169799089432
case_02,unanimous_correct_medium,lightgbm,LightGBM,gradient_boosting,22,ee037e0444486ca7203bcbbbf5f4913dbc650aff,medium,medium,supports_prediction,4,15006,categorical__queue_Billing and Payments,Billing and Payments,queue,1.0,0.06505963951349258,0.06505963951349258
case_02,unanimous_correct_medium,lightgbm,LightGBM,gradient_boosting,22,ee037e0444486ca7203bcbbbf5f4913dbc650aff,medium,medium,supports_prediction,5,11597,text__char__ on ,[char]  on ,text,0.017284180968999863,0.05302643030881882,0.05302643030881882
case_02,unanimous_correct_medium,lightgbm,LightGBM,gradient_boosting,22,ee037e0444486ca7203bcbbbf5f4913dbc650aff,medium,medium,supports_prediction,6,11084,text__word__within financial,within financial,text,0.14368046820163727,0.03750746324658394,0.03750746324658394
case_02,unanimous_correct_medium,lightgbm,LightGBM,gradient_boosting,22,ee037e0444486ca7203bcbbbf5f4913dbc650aff,medium,medium,supports_prediction,7,7245,text__word__pricing,pricing,text,0.10596954822540283,0.03307419270277023,0.03307419270277023
case_02,unanimous_correct_medium,lightgbm,LightGBM,gradient_boosting,22,ee037e0444486ca7203bcbbbf5f4913dbc650aff,medium,medium,supports_prediction,8,11426,text__char__ deta,[char]  deta,text,0.03327367082238197,0.01600533165037632,0.01600533165037632
case_02,unanimous_correct_medium,lightgbm,LightGBM,gradient_boosting,22,ee037e0444486ca7203bcbbbf5f4913dbc650aff,medium,medium,supports_prediction,9,11626,text__char__ pri,[char]  pri,text,0.0358276404440403,0.014447329565882683,0.014447329565882683
case_02,unanimous_correct_medium,lightgbm,LightGBM,gradient_boosting,22,ee037e0444486ca7203bcbbbf5f4913dbc650aff,medium,medium,supports_prediction,10,11338,text__char__ am,[char]  am,text,0.03571988269686699,0.011642901226878166,0.011642901226878166
case_02,unanimous_correct_medium,lightgbm,LightGBM,gradient_boosting,22,ee037e0444486ca7203bcbbbf5f4913dbc650aff,medium,medium,opposes_prediction,1,1256,text__word__billing details,billing details,text,0.13541743159294128,-0.052223704755306244,0.052223704755306244
case_02,unanimous_correct_medium,lightgbm,LightGBM,gradient_boosting,22,ee037e0444486ca7203bcbbbf5f4913dbc650aff,medium,medium,opposes_prediction,2,8709,text__word__services,services,text,0.07020249962806702,-0.030538540333509445,0.030538540333509445
case_02,unanimous_correct_medium,lightgbm,LightGBM,gradient_boosting,22,ee037e0444486ca7203bcbbbf5f4913dbc650aff,medium,medium,opposes_prediction,3,4246,text__word__hope message,hope message,text,0.11162889003753662,-0.026842720806598663,0.026842720806598663
case_02,unanimous_correct_medium,lightgbm,LightGBM,gradient_boosting,22,ee037e0444486ca7203bcbbbf5f4913dbc650aff,medium,medium,opposes_prediction,4,14339,text__char__scoun,[char] scoun,text,0.04432132840156555,-0.02435210905969143,0.02435210905969143
case_02,unanimous_correct_medium,lightgbm,LightGBM,gradient_boosting,22,ee037e0444486ca7203bcbbbf5f4913dbc650aff,medium,medium,opposes_prediction,5,12414,text__char__disco,[char] disco,text,0.04016633331775665,-0.02147907391190529,0.02147907391190529
case_02,unanimous_correct_medium,lightgbm,LightGBM,gradient_boosting,22,ee037e0444486ca7203bcbbbf5f4913dbc650aff,medium,medium,opposes_prediction,6,14143,text__char__ric,[char] ric,text,0.027077924460172653,-0.014639567583799362,0.014639567583799362
case_02,unanimous_correct_medium,lightgbm,LightGBM,gradient_boosting,22,ee037e0444486ca7203bcbbbf5f4913dbc650aff,medium,medium,opposes_prediction,7,12392,text__char__det,[char] det,text,0.030104415491223335,-0.010924085043370724,0.010924085043370724
case_02,unanimous_correct_medium,lightgbm,LightGBM,gradient_boosting,22,ee037e0444486ca7203bcbbbf5f4913dbc650aff,medium,medium,opposes_prediction,8,6591,text__word__online,online,text,0.08066055923700333,-0.010050655342638493,0.010050655342638493
case_02,unanimous_correct_medium,lightgbm,LightGBM,gradient_boosting,22,ee037e0444486ca7203bcbbbf5f4913dbc650aff,medium,medium,opposes_prediction,9,13822,text__char__optio,[char] optio,text,0.05635453015565872,-0.009879820048809052,0.009879820048809052
case_02,unanimous_correct_medium,lightgbm,LightGBM,gradient_boosting,22,ee037e0444486ca7203bcbbbf5f4913dbc650aff,medium,medium,opposes_prediction,10,12858,text__char__ge ,[char] ge ,text,0.02077784389257431,-0.007942085154354572,0.007942085154354572
case_03,unanimous_correct_high,lightgbm,LightGBM,gradient_boosting,1,5c1adc7aa2813d400ebf30ac65484e8b7383ede9,high,high,supports_prediction,1,151,text__word__account management,account management,text,0.14956600964069366,0.7607303261756897,0.7607303261756897
case_03,unanimous_correct_high,lightgbm,LightGBM,gradient_boosting,1,5c1adc7aa2813d400ebf30ac65484e8b7383ede9,high,high,supports_prediction,2,15015,categorical__queue_Technical Support,Technical Support,queue,1.0,0.4364795684814453,0.4364795684814453
case_03,unanimous_correct_high,lightgbm,LightGBM,gradient_boosting,1,5c1adc7aa2813d400ebf30ac65484e8b7383ede9,high,high,supports_prediction,3,10985,text__word__ways,ways,text,0.1328556090593338,0.2137749195098877,0.2137749195098877
case_03,unanimous_correct_high,lightgbm,LightGBM,gradient_boosting,1,5c1adc7aa2813d400ebf30ac65484e8b7383ede9,high,high,supports_prediction,4,8910,text__word__significant,significant,text,0.08917856961488724,0.13634543120861053,0.13634543120861053
case_03,unanimous_correct_high,lightgbm,LightGBM,gradient_boosting,1,5c1adc7aa2813d400ebf30ac65484e8b7383ede9,high,high,supports_prediction,5,12432,text__char__dow,[char] dow,text,0.03583039715886116,0.12753251194953918,0.12753251194953918
case_03,unanimous_correct_high,lightgbm,LightGBM,gradient_boosting,1,5c1adc7aa2813d400ebf30ac65484e8b7383ede9,high,high,supports_prediction,6,14824,text__char__utag,[char] utag,text,0.06068610027432442,0.12297413498163223,0.12297413498163223
case_03,unanimous_correct_high,lightgbm,LightGBM,gradient_boosting,1,5c1adc7aa2813d400ebf30ac65484e8b7383ede9,high,high,supports_prediction,7,12175,text__char__bst,[char] bst,text,0.0433475561439991,0.10107044875621796,0.10107044875621796
case_03,unanimous_correct_high,lightgbm,LightGBM,gradient_boosting,1,5c1adc7aa2813d400ebf30ac65484e8b7383ede9,high,high,supports_prediction,8,12177,text__char__bstan,[char] bstan,text,0.05075492709875107,0.05529293417930603,0.05529293417930603
case_03,unanimous_correct_high,lightgbm,LightGBM,gradient_boosting,1,5c1adc7aa2813d400ebf30ac65484e8b7383ede9,high,high,supports_prediction,9,2937,text__word__downtime,downtime,text,0.10129786282777786,0.0440082848072052,0.0440082848072052
case_03,unanimous_correct_high,lightgbm,LightGBM,gradient_boosting,1,5c1adc7aa2813d400ebf30ac65484e8b7383ede9,high,high,supports_prediction,10,11604,text__char__ outa,[char]  outa,text,0.0607261098921299,0.043408166617155075,0.043408166617155075
case_03,unanimous_correct_high,lightgbm,LightGBM,gradient_boosting,1,5c1adc7aa2813d400ebf30ac65484e8b7383ede9,high,high,opposes_prediction,1,13535,text__char__nati,[char] nati,text,0.044422052800655365,-0.28033286333084106,0.28033286333084106
case_03,unanimous_correct_high,lightgbm,LightGBM,gradient_boosting,1,5c1adc7aa2813d400ebf30ac65484e8b7383ede9,high,high,opposes_prediction,2,2189,text__word__customer,customer,text,0.04827238991856575,-0.10180393606424332,0.10180393606424332
case_03,unanimous_correct_high,lightgbm,LightGBM,gradient_boosting,1,5c1adc7aa2813d400ebf30ac65484e8b7383ede9,high,high,opposes_prediction,3,12353,text__char__date ,[char] date ,text,0.02925015054643154,-0.03600902482867241,0.03600902482867241
case_03,unanimous_correct_high,lightgbm,LightGBM,gradient_boosting,1,5c1adc7aa2813d400ebf30ac65484e8b7383ede9,high,high,opposes_prediction,4,14789,text__char__upt,[char] upt,text,0.028958037495613098,-0.025594469159841537,0.025594469159841537
case_03,unanimous_correct_high,lightgbm,LightGBM,gradient_boosting,1,5c1adc7aa2813d400ebf30ac65484e8b7383ede9,high,high,opposes_prediction,5,14439,text__char__sta,[char] sta,text,0.023082837462425232,-0.01538847852498293,0.01538847852498293
case_03,unanimous_correct_high,lightgbm,LightGBM,gradient_boosting,1,5c1adc7aa2813d400ebf30ac65484e8b7383ede9,high,high,opposes_prediction,6,12820,text__char__fli,[char] fli,text,0.030220486223697662,-0.014597727917134762,0.014597727917134762
case_03,unanimous_correct_high,lightgbm,LightGBM,gradient_boosting,1,5c1adc7aa2813d400ebf30ac65484e8b7383ede9,high,high,opposes_prediction,7,8769,text__word__settings,settings,text,0.07876382768154144,-0.013359397649765015,0.013359397649765015
case_03,unanimous_correct_high,lightgbm,LightGBM,gradient_boosting,1,5c1adc7aa2813d400ebf30ac65484e8b7383ede9,high,high,opposes_prediction,8,14459,text__char__stim,[char] stim,text,0.040618956089019775,-0.01139653567224741,0.01139653567224741
case_03,unanimous_correct_high,lightgbm,LightGBM,gradient_boosting,1,5c1adc7aa2813d400ebf30ac65484e8b7383ede9,high,high,opposes_prediction,9,11375,text__char__ bro,[char]  bro,text,0.04511403292417526,-0.011125370860099792,0.011125370860099792
case_03,unanimous_correct_high,lightgbm,LightGBM,gradient_boosting,1,5c1adc7aa2813d400ebf30ac65484e8b7383ede9,high,high,opposes_prediction,10,11597,text__char__ on ,[char]  on ,text,0.017988629639148712,-0.010016360320150852,0.010016360320150852
case_04,typical_low_to_medium,lightgbm,LightGBM,gradient_boosting,126,890270067c166c047ceda5d45e5e16ea678f5fa8,low,medium,supports_prediction,1,6082,text__word__meet expectations,meet expectations,text,0.15108585357666016,0.4338459074497223,0.4338459074497223
case_04,typical_low_to_medium,lightgbm,LightGBM,gradient_boosting,126,890270067c166c047ceda5d45e5e16ea678f5fa8,low,medium,supports_prediction,2,12883,text__char__gin,[char] gin,text,0.04648299142718315,0.15484260022640228,0.15484260022640228
case_04,typical_low_to_medium,lightgbm,LightGBM,gradient_boosting,126,890270067c166c047ceda5d45e5e16ea678f5fa8,low,medium,supports_prediction,3,15012,categorical__queue_Returns and Exchanges,Returns and Exchanges,queue,1.0,0.034421708434820175,0.034421708434820175
case_04,typical_low_to_medium,lightgbm,LightGBM,gradient_boosting,126,890270067c166c047ceda5d45e5e16ea678f5fa8,low,medium,supports_prediction,4,10594,text__word__usb,usb,text,0.13714554905891418,0.029645171016454697,0.029645171016454697
case_04,typical_low_to_medium,lightgbm,LightGBM,gradient_boosting,126,890270067c166c047ceda5d45e5e16ea678f5fa8,low,medium,supports_prediction,5,15001,categorical__type_Incident,Incident,type,1.0,0.010399910621345043,0.010399910621345043
case_04,typical_low_to_medium,lightgbm,LightGBM,gradient_boosting,126,890270067c166c047ceda5d45e5e16ea678f5fa8,low,medium,supports_prediction,6,14165,text__char__riv,[char] riv,text,0.030991794541478157,0.008003618568181992,0.008003618568181992
case_04,typical_low_to_medium,lightgbm,LightGBM,gradient_boosting,126,890270067c166c047ceda5d45e5e16ea678f5fa8,low,medium,supports_prediction,7,14580,text__char__tes,[char] tes,text,0.01724960282444954,0.007443467620760202,0.007443467620760202
case_04,typical_low_to_medium,lightgbm,LightGBM,gradient_boosting,126,890270067c166c047ceda5d45e5e16ea678f5fa8,low,medium,supports_prediction,8,12001,text__char__ard,[char] ard,text,0.03570910170674324,0.006619539577513933,0.006619539577513933
case_04,typical_low_to_medium,lightgbm,LightGBM,gradient_boosting,126,890270067c166c047ceda5d45e5e16ea678f5fa8,low,medium,supports_prediction,9,13220,text__char__itio,[char] itio,text,0.018956607207655907,0.005926902871578932,0.005926902871578932
case_04,typical_low_to_medium,lightgbm,LightGBM,gradient_boosting,126,890270067c166c047ceda5d45e5e16ea678f5fa8,low,medium,supports_prediction,10,13691,text__char__ntly ,[char] ntly ,text,0.0237160325050354,0.005902763921767473,0.005902763921767473
case_04,typical_low_to_medium,lightgbm,LightGBM,gradient_boosting,126,890270067c166c047ceda5d45e5e16ea678f5fa8,low,medium,opposes_prediction,1,14807,text__char__urn,[char] urn,text,0.06265298277139664,-0.09677597135305405,0.09677597135305405
case_04,typical_low_to_medium,lightgbm,LightGBM,gradient_boosting,126,890270067c166c047ceda5d45e5e16ea678f5fa8,low,medium,opposes_prediction,2,3098,text__word__electronic,electronic,text,0.26092901825904846,-0.08008433878421783,0.08008433878421783
case_04,typical_low_to_medium,lightgbm,LightGBM,gradient_boosting,126,890270067c166c047ceda5d45e5e16ea678f5fa8,low,medium,opposes_prediction,3,13509,text__char__mpa,[char] mpa,text,0.0157284215092659,-0.0038798139430582523,0.0038798139430582523
case_04,typical_low_to_medium,lightgbm,LightGBM,gradient_boosting,126,890270067c166c047ceda5d45e5e16ea678f5fa8,low,medium,opposes_prediction,4,12955,text__char__hes,[char] hes,text,0.01767810620367527,-0.0037650081794708967,0.0037650081794708967
case_04,typical_low_to_medium,lightgbm,LightGBM,gradient_boosting,126,890270067c166c047ceda5d45e5e16ea678f5fa8,low,medium,opposes_prediction,5,14840,text__char__ver,[char] ver,text,0.011656098999083042,-0.0037043350748717785,0.0037043350748717785
case_04,typical_low_to_medium,lightgbm,LightGBM,gradient_boosting,126,890270067c166c047ceda5d45e5e16ea678f5fa8,low,medium,opposes_prediction,6,13038,text__char__ic ,[char] ic ,text,0.0425027497112751,-0.003440778935328126,0.003440778935328126
case_04,typical_low_to_medium,lightgbm,LightGBM,gradient_boosting,126,890270067c166c047ceda5d45e5e16ea678f5fa8,low,medium,opposes_prediction,7,12118,text__char__bee,[char] bee,text,0.0188343096524477,-0.0032588369213044643,0.0032588369213044643
case_04,typical_low_to_medium,lightgbm,LightGBM,gradient_boosting,126,890270067c166c047ceda5d45e5e16ea678f5fa8,low,medium,opposes_prediction,8,13605,text__char__nic,[char] nic,text,0.04565557837486267,-0.001419637817889452,0.001419637817889452
case_04,typical_low_to_medium,lightgbm,LightGBM,gradient_boosting,126,890270067c166c047ceda5d45e5e16ea678f5fa8,low,medium,opposes_prediction,9,11317,text__char__ a ,[char]  a ,text,0.024827387183904648,-0.0011034534545615315,0.0011034534545615315
case_04,typical_low_to_medium,lightgbm,LightGBM,gradient_boosting,126,890270067c166c047ceda5d45e5e16ea678f5fa8,low,medium,opposes_prediction,10,12417,text__char__diti,[char] diti,text,0.020838212221860886,-0.0011021486716344953,0.0011021486716344953
case_05,typical_high_to_medium,lightgbm,LightGBM,gradient_boosting,394,a290262a783ad8b4921aa46b3c337daf9f4dbeb1,high,low,supports_prediction,1,15007,categorical__queue_Customer Service,Customer Service,queue,1.0,0.3964228928089142,0.3964228928089142
case_05,typical_high_to_medium,lightgbm,LightGBM,gradient_boosting,394,a290262a783ad8b4921aa46b3c337daf9f4dbeb1,high,low,supports_prediction,2,11998,text__char__aran ,[char] aran ,text,0.03691352158784866,0.0973159670829773,0.0973159670829773
case_05,typical_high_to_medium,lightgbm,LightGBM,gradient_boosting,394,a290262a783ad8b4921aa46b3c337daf9f4dbeb1,high,low,supports_prediction,3,5514,text__word__könnten bitte,könnten bitte,text,0.07815998047590256,0.09090874344110489,0.09090874344110489
case_05,typical_high_to_medium,lightgbm,LightGBM,gradient_boosting,394,a290262a783ad8b4921aa46b3c337daf9f4dbeb1,high,low,supports_prediction,4,2240,text__word__daran,daran,text,0.09621497988700867,0.0810026302933693,0.0810026302933693
case_05,typical_high_to_medium,lightgbm,LightGBM,gradient_boosting,394,a290262a783ad8b4921aa46b3c337daf9f4dbeb1,high,low,supports_prediction,5,2242,text__word__daran interessiert,daran interessiert,text,0.10937650501728058,0.06221197918057442,0.06221197918057442
case_05,typical_high_to_medium,lightgbm,LightGBM,gradient_boosting,394,a290262a783ad8b4921aa46b3c337daf9f4dbeb1,high,low,supports_prediction,6,10211,text__word__umfassende,umfassende,text,0.11273083090782166,0.037755101919174194,0.037755101919174194
case_05,typical_high_to_medium,lightgbm,LightGBM,gradient_boosting,394,a290262a783ad8b4921aa46b3c337daf9f4dbeb1,high,low,supports_prediction,7,14037,text__char__ran ,[char] ran ,text,0.036878522485494614,0.03278658166527748,0.03278658166527748
case_05,typical_high_to_medium,lightgbm,LightGBM,gradient_boosting,394,a290262a783ad8b4921aa46b3c337daf9f4dbeb1,high,low,supports_prediction,8,13839,text__char__ormat,[char] ormat,text,0.02436142973601818,0.019314488396048546,0.019314488396048546
case_05,typical_high_to_medium,lightgbm,LightGBM,gradient_boosting,394,a290262a783ad8b4921aa46b3c337daf9f4dbeb1,high,low,supports_prediction,9,11366,text__char__ bin,[char]  bin,text,0.031069330871105194,0.016708774492144585,0.016708774492144585
case_05,typical_high_to_medium,lightgbm,LightGBM,gradient_boosting,394,a290262a783ad8b4921aa46b3c337daf9f4dbeb1,high,low,supports_prediction,10,12487,text__char__ebo,[char] ebo,text,0.026131734251976013,0.016181351616978645,0.016181351616978645
case_05,typical_high_to_medium,lightgbm,LightGBM,gradient_boosting,394,a290262a783ad8b4921aa46b3c337daf9f4dbeb1,high,low,opposes_prediction,1,3277,text__word__erfahren,erfahren,text,0.14238125085830688,-0.05866109952330589,0.05866109952330589
case_05,typical_high_to_medium,lightgbm,LightGBM,gradient_boosting,394,a290262a783ad8b4921aa46b3c337daf9f4dbeb1,high,low,opposes_prediction,2,12690,text__char__err,[char] err,text,0.02102602645754814,-0.03929080069065094,0.03929080069065094
case_05,typical_high_to_medium,lightgbm,LightGBM,gradient_boosting,394,a290262a783ad8b4921aa46b3c337daf9f4dbeb1,high,low,opposes_prediction,3,13125,text__char__inen ,[char] inen ,text,0.025513464584946632,-0.023810436949133873,0.023810436949133873
case_05,typical_high_to_medium,lightgbm,LightGBM,gradient_boosting,394,a290262a783ad8b4921aa46b3c337daf9f4dbeb1,high,low,opposes_prediction,4,13577,text__char__nfor,[char] nfor,text,0.022341864183545113,-0.012931865639984608,0.012931865639984608
case_05,typical_high_to_medium,lightgbm,LightGBM,gradient_boosting,394,a290262a783ad8b4921aa46b3c337daf9f4dbeb1,high,low,opposes_prediction,5,14435,text__char__ssier,[char] ssier,text,0.02717488445341587,-0.007630541455000639,0.007630541455000639
case_05,typical_high_to_medium,lightgbm,LightGBM,gradient_boosting,394,a290262a783ad8b4921aa46b3c337daf9f4dbeb1,high,low,opposes_prediction,6,15003,categorical__type_Request,Request,type,1.0,-0.0065148151479661465,0.0065148151479661465
case_05,typical_high_to_medium,lightgbm,LightGBM,gradient_boosting,394,a290262a783ad8b4921aa46b3c337daf9f4dbeb1,high,low,opposes_prediction,7,12154,text__char__bot,[char] bot,text,0.032327715307474136,-0.00588527275249362,0.00588527275249362
case_05,typical_high_to_medium,lightgbm,LightGBM,gradient_boosting,394,a290262a783ad8b4921aa46b3c337daf9f4dbeb1,high,low,opposes_prediction,8,13578,text__char__nform,[char] nform,text,0.022908879444003105,-0.005701442714780569,0.005701442714780569
case_05,typical_high_to_medium,lightgbm,LightGBM,gradient_boosting,394,a290262a783ad8b4921aa46b3c337daf9f4dbeb1,high,low,opposes_prediction,9,12581,text__char__em ,[char] em ,text,0.012241079472005367,-0.005642759148031473,0.005642759148031473
case_05,typical_high_to_medium,lightgbm,LightGBM,gradient_boosting,394,a290262a783ad8b4921aa46b3c337daf9f4dbeb1,high,low,opposes_prediction,10,13785,text__char__one,[char] one,text,0.038738273084163666,-0.0038598913233727217,0.0038598913233727217
case_06,critical_low_to_high,lightgbm,LightGBM,gradient_boosting,8,66db6625b564da4549986df74e6db441a323c089,low,high,supports_prediction,1,15015,categorical__queue_Technical Support,Technical Support,queue,1.0,0.6334582567214966,0.6334582567214966
case_06,critical_low_to_high,lightgbm,LightGBM,gradient_boosting,8,66db6625b564da4549986df74e6db441a323c089,low,high,supports_prediction,2,13384,text__char__los,[char] los,text,0.024666786193847656,0.11532851308584213,0.11532851308584213
case_06,critical_low_to_high,lightgbm,LightGBM,gradient_boosting,8,66db6625b564da4549986df74e6db441a323c089,low,high,supports_prediction,3,13314,text__char__latt,[char] latt,text,0.04603172838687897,0.08146160840988159,0.08146160840988159
case_06,critical_low_to_high,lightgbm,LightGBM,gradient_boosting,8,66db6625b564da4549986df74e6db441a323c089,low,high,supports_prediction,4,15003,categorical__type_Request,Request,type,1.0,0.05445902794599533,0.05445902794599533
case_06,critical_low_to_high,lightgbm,LightGBM,gradient_boosting,8,66db6625b564da4549986df74e6db441a323c089,low,high,supports_prediction,5,14467,text__char__stru,[char] stru,text,0.0363125242292881,0.04180227965116501,0.04180227965116501
case_06,critical_low_to_high,lightgbm,LightGBM,gradient_boosting,8,66db6625b564da4549986df74e6db441a323c089,low,high,supports_prediction,6,14539,text__char__tech,[char] tech,text,0.03477667272090912,0.03540230169892311,0.03540230169892311
case_06,critical_low_to_high,lightgbm,LightGBM,gradient_boosting,8,66db6625b564da4549986df74e6db441a323c089,low,high,supports_prediction,7,14655,text__char__tru,[char] tru,text,0.03561234474182129,0.02393944002687931,0.02393944002687931
case_06,critical_low_to_high,lightgbm,LightGBM,gradient_boosting,8,66db6625b564da4549986df74e6db441a323c089,low,high,supports_prediction,8,13577,text__char__nfor,[char] nfor,text,0.019159745424985886,0.0233345627784729,0.0233345627784729
case_06,critical_low_to_high,lightgbm,LightGBM,gradient_boosting,8,66db6625b564da4549986df74e6db441a323c089,low,high,supports_prediction,9,11717,text__char__ tec,[char]  tec,text,0.03535076230764389,0.02055000327527523,0.02055000327527523
case_06,critical_low_to_high,lightgbm,LightGBM,gradient_boosting,8,66db6625b564da4549986df74e6db441a323c089,low,high,supports_prediction,10,14277,text__char__ruk,[char] ruk,text,0.05036754161119461,0.01731686294078827,0.01731686294078827
case_06,critical_low_to_high,lightgbm,LightGBM,gradient_boosting,8,66db6625b564da4549986df74e6db441a323c089,low,high,opposes_prediction,1,1178,text__word__besonders,besonders,text,0.10051917284727097,-0.26354262232780457,0.26354262232780457
case_06,critical_low_to_high,lightgbm,LightGBM,gradient_boosting,8,66db6625b564da4549986df74e6db441a323c089,low,high,opposes_prediction,2,10211,text__word__umfassende,umfassende,text,0.11198700964450836,-0.050851937383413315,0.050851937383413315
case_06,critical_low_to_high,lightgbm,LightGBM,gradient_boosting,8,66db6625b564da4549986df74e6db441a323c089,low,high,opposes_prediction,3,12244,text__char__chi,[char] chi,text,0.029464907944202423,-0.043761156499385834,0.043761156499385834
case_06,critical_low_to_high,lightgbm,LightGBM,gradient_boosting,8,66db6625b564da4549986df74e6db441a323c089,low,high,opposes_prediction,4,1179,text__word__besonders interessieren,besonders interessieren,text,0.133833110332489,-0.03257293626666069,0.03257293626666069
case_06,critical_low_to_high,lightgbm,LightGBM,gradient_boosting,8,66db6625b564da4549986df74e6db441a323c089,low,high,opposes_prediction,5,12581,text__char__em ,[char] em ,text,0.017773982137441635,-0.03124147281050682,0.03124147281050682
case_06,critical_low_to_high,lightgbm,LightGBM,gradient_boosting,8,66db6625b564da4549986df74e6db441a323c089,low,high,opposes_prediction,6,14585,text__char__tfo,[char] tfo,text,0.03150628134608269,-0.0264949481934309,0.0264949481934309
case_06,critical_low_to_high,lightgbm,LightGBM,gradient_boosting,8,66db6625b564da4549986df74e6db441a323c089,low,high,opposes_prediction,7,11701,text__char__ str,[char]  str,text,0.014835997484624386,-0.02125302329659462,0.02125302329659462
case_06,critical_low_to_high,lightgbm,LightGBM,gradient_boosting,8,66db6625b564da4549986df74e6db441a323c089,low,high,opposes_prediction,8,13439,text__char__mat,[char] mat,text,0.018082711845636368,-0.017379242926836014,0.017379242926836014
case_06,critical_low_to_high,lightgbm,LightGBM,gradient_boosting,8,66db6625b564da4549986df74e6db441a323c089,low,high,opposes_prediction,9,14950,text__char__yst,[char] yst,text,0.011711294762790203,-0.0168300773948431,0.0168300773948431
case_06,critical_low_to_high,lightgbm,LightGBM,gradient_boosting,8,66db6625b564da4549986df74e6db441a323c089,low,high,opposes_prediction,10,13299,text__char__lan,[char] lan,text,0.021423952654004097,-0.013124391436576843,0.013124391436576843
case_07,critical_high_to_low,lightgbm,LightGBM,gradient_boosting,3081,4b2afb7f05c9cd9fd85790fdd2db112b4abbc318,high,low,supports_prediction,1,12782,text__char__fee,[char] fee,text,0.06556061655282974,0.35401415824890137,0.35401415824890137
case_07,critical_high_to_low,lightgbm,LightGBM,gradient_boosting,3081,4b2afb7f05c9cd9fd85790fdd2db112b4abbc318,high,low,supports_prediction,2,5514,text__word__könnten bitte,könnten bitte,text,0.19065983593463898,0.3480963408946991,0.3480963408946991
case_07,critical_high_to_low,lightgbm,LightGBM,gradient_boosting,3081,4b2afb7f05c9cd9fd85790fdd2db112b4abbc318,high,low,supports_prediction,3,15007,categorical__queue_Customer Service,Customer Service,queue,1.0,0.22870846092700958,0.22870846092700958
case_07,critical_high_to_low,lightgbm,LightGBM,gradient_boosting,3081,4b2afb7f05c9cd9fd85790fdd2db112b4abbc318,high,low,supports_prediction,4,12526,text__char__ee ,[char] ee ,text,0.06681184470653534,0.1168593317270279,0.1168593317270279
case_07,critical_high_to_low,lightgbm,LightGBM,gradient_boosting,3081,4b2afb7f05c9cd9fd85790fdd2db112b4abbc318,high,low,supports_prediction,5,12783,text__char__fee ,[char] fee ,text,0.09051930159330368,0.08816616237163544,0.08816616237163544
case_07,critical_high_to_low,lightgbm,LightGBM,gradient_boosting,3081,4b2afb7f05c9cd9fd85790fdd2db112b4abbc318,high,low,supports_prediction,6,6034,text__word__mcafee,mcafee,text,0.3354232907295227,0.0703965499997139,0.0703965499997139
case_07,critical_high_to_low,lightgbm,LightGBM,gradient_boosting,3081,4b2afb7f05c9cd9fd85790fdd2db112b4abbc318,high,low,supports_prediction,7,12605,text__char__en?,[char] en?,text,0.04494582116603851,0.04967493563890457,0.04967493563890457
case_07,critical_high_to_low,lightgbm,LightGBM,gradient_boosting,3081,4b2afb7f05c9cd9fd85790fdd2db112b4abbc318,high,low,supports_prediction,8,11904,text__char__afee ,[char] afee ,text,0.09411002695560455,0.04473121091723442,0.04473121091723442
case_07,critical_high_to_low,lightgbm,LightGBM,gradient_boosting,3081,4b2afb7f05c9cd9fd85790fdd2db112b4abbc318,high,low,supports_prediction,9,1301,text__word__bitte zusätzliche,bitte zusätzliche,text,0.35136088728904724,0.03643490746617317,0.03643490746617317
case_07,critical_high_to_low,lightgbm,LightGBM,gradient_boosting,3081,4b2afb7f05c9cd9fd85790fdd2db112b4abbc318,high,low,supports_prediction,10,11702,text__char__ stra,[char]  stra,text,0.03625379130244255,0.03512971103191376,0.03512971103191376
case_07,critical_high_to_low,lightgbm,LightGBM,gradient_boosting,3081,4b2afb7f05c9cd9fd85790fdd2db112b4abbc318,high,low,opposes_prediction,1,11549,text__char__ logi,[char]  logi,text,0.07060229033231735,-0.025946537032723427,0.025946537032723427
case_07,critical_high_to_low,lightgbm,LightGBM,gradient_boosting,3081,4b2afb7f05c9cd9fd85790fdd2db112b4abbc318,high,low,opposes_prediction,2,9318,text__word__strategien,strategien,text,0.21391677856445312,-0.01996227167546749,0.01996227167546749
case_07,critical_high_to_low,lightgbm,LightGBM,gradient_boosting,3081,4b2afb7f05c9cd9fd85790fdd2db112b4abbc318,high,low,opposes_prediction,3,15003,categorical__type_Request,Request,type,1.0,-0.015630243346095085,0.015630243346095085
case_07,critical_high_to_low,lightgbm,LightGBM,gradient_boosting,3081,4b2afb7f05c9cd9fd85790fdd2db112b4abbc318,high,low,opposes_prediction,4,14655,text__char__tru,[char] tru,text,0.0484606958925724,-0.013994649052619934,0.013994649052619934
case_07,critical_high_to_low,lightgbm,LightGBM,gradient_boosting,3081,4b2afb7f05c9cd9fd85790fdd2db112b4abbc318,high,low,opposes_prediction,5,13577,text__char__nfor,[char] nfor,text,0.026072269305586815,-0.013207931071519852,0.013207931071519852
case_07,critical_high_to_low,lightgbm,LightGBM,gradient_boosting,3081,4b2afb7f05c9cd9fd85790fdd2db112b4abbc318,high,low,opposes_prediction,6,4689,text__word__informationen,informationen,text,0.15427134931087494,-0.012594842351973057,0.012594842351973057
case_07,critical_high_to_low,lightgbm,LightGBM,gradient_boosting,3081,4b2afb7f05c9cd9fd85790fdd2db112b4abbc318,high,low,opposes_prediction,7,14056,text__char__rate,[char] rate,text,0.03098306804895401,-0.011551881209015846,0.011551881209015846
case_07,critical_high_to_low,lightgbm,LightGBM,gradient_boosting,3081,4b2afb7f05c9cd9fd85790fdd2db112b4abbc318,high,low,opposes_prediction,8,13127,text__char__infor,[char] infor,text,0.026684416458010674,-0.005904051009565592,0.005904051009565592
case_07,critical_high_to_low,lightgbm,LightGBM,gradient_boosting,3081,4b2afb7f05c9cd9fd85790fdd2db112b4abbc318,high,low,opposes_prediction,9,14448,text__char__ste,[char] ste,text,0.019090840592980385,-0.00580731313675642,0.00580731313675642
case_07,critical_high_to_low,lightgbm,LightGBM,gradient_boosting,3081,4b2afb7f05c9cd9fd85790fdd2db112b4abbc318,high,low,opposes_prediction,10,13839,text__char__ormat,[char] ormat,text,0.02842904068529606,-0.001025245408527553,0.001025245408527553
case_08,model_disagreement_1,lightgbm,LightGBM,gradient_boosting,13,de1f211d7fb1dd53f830f716d9499d66d3b65ee1,high,medium,supports_prediction,1,13017,text__char__hti,[char] hti,text,0.03155363351106644,0.054972995072603226,0.054972995072603226
case_08,model_disagreement_1,lightgbm,LightGBM,gradient_boosting,13,de1f211d7fb1dd53f830f716d9499d66d3b65ee1,high,medium,supports_prediction,2,15011,categorical__queue_Product Support,Product Support,queue,1.0,0.05426064506173134,0.05426064506173134
case_08,model_disagreement_1,lightgbm,LightGBM,gradient_boosting,13,de1f211d7fb1dd53f830f716d9499d66d3b65ee1,high,medium,supports_prediction,3,11918,text__char__agenc,[char] agenc,text,0.054306697100400925,0.03150591626763344,0.03150591626763344
case_08,model_disagreement_1,lightgbm,LightGBM,gradient_boosting,13,de1f211d7fb1dd53f830f716d9499d66d3b65ee1,high,medium,supports_prediction,4,11338,text__char__ am,[char]  am,text,0.03760392591357231,0.02081616409122944,0.02081616409122944
case_08,model_disagreement_1,lightgbm,LightGBM,gradient_boosting,13,de1f211d7fb1dd53f830f716d9499d66d3b65ee1,high,medium,supports_prediction,5,11504,text__char__ i ,[char]  i ,text,0.04756173491477966,0.016398895531892776,0.016398895531892776
case_08,model_disagreement_1,lightgbm,LightGBM,gradient_boosting,13,de1f211d7fb1dd53f830f716d9499d66d3b65ee1,high,medium,supports_prediction,6,4630,text__word__information,information,text,0.10902196913957596,0.01604866050183773,0.01604866050183773
case_08,model_disagreement_1,lightgbm,LightGBM,gradient_boosting,13,de1f211d7fb1dd53f830f716d9499d66d3b65ee1,high,medium,supports_prediction,7,7245,text__word__pricing,pricing,text,0.10805482417345047,0.015571029856801033,0.015571029856801033
case_08,model_disagreement_1,lightgbm,LightGBM,gradient_boosting,13,de1f211d7fb1dd53f830f716d9499d66d3b65ee1,high,medium,supports_prediction,8,347,text__word__agency,agency,text,0.13098672032356262,0.015164067037403584,0.015164067037403584
case_08,model_disagreement_1,lightgbm,LightGBM,gradient_boosting,13,de1f211d7fb1dd53f830f716d9499d66d3b65ee1,high,medium,supports_prediction,9,13551,text__char__ncy,[char] ncy,text,0.04817328602075577,0.014301635324954987,0.014301635324954987
case_08,model_disagreement_1,lightgbm,LightGBM,gradient_boosting,13,de1f211d7fb1dd53f830f716d9499d66d3b65ee1,high,medium,supports_prediction,10,13072,text__char__ies ,[char] ies ,text,0.020927758887410164,0.013504879549145699,0.013504879549145699
case_08,model_disagreement_1,lightgbm,LightGBM,gradient_boosting,13,de1f211d7fb1dd53f830f716d9499d66d3b65ee1,high,medium,opposes_prediction,1,12789,text__char__fer,[char] fer,text,0.04630296304821968,-0.1173570454120636,0.1173570454120636
case_08,model_disagreement_1,lightgbm,LightGBM,gradient_boosting,13,de1f211d7fb1dd53f830f716d9499d66d3b65ee1,high,medium,opposes_prediction,2,243,text__word__additionally,additionally,text,0.07470165938138962,-0.0611669197678566,0.0611669197678566
case_08,model_disagreement_1,lightgbm,LightGBM,gradient_boosting,13,de1f211d7fb1dd53f830f716d9499d66d3b65ee1,high,medium,opposes_prediction,3,14729,text__char__udie,[char] udie,text,0.033797767013311386,-0.05740704759955406,0.05740704759955406
case_08,model_disagreement_1,lightgbm,LightGBM,gradient_boosting,13,de1f211d7fb1dd53f830f716d9499d66d3b65ee1,high,medium,opposes_prediction,4,726,text__word__appreciate could,appreciate could,text,0.0774490162730217,-0.0429222472012043,0.0429222472012043
case_08,model_disagreement_1,lightgbm,LightGBM,gradient_boosting,13,de1f211d7fb1dd53f830f716d9499d66d3b65ee1,high,medium,opposes_prediction,5,12858,text__char__ge ,[char] ge ,text,0.02187376841902733,-0.03464152663946152,0.03464152663946152
case_08,model_disagreement_1,lightgbm,LightGBM,gradient_boosting,13,de1f211d7fb1dd53f830f716d9499d66d3b65ee1,high,medium,opposes_prediction,6,13292,text__char__labl,[char] labl,text,0.031286150217056274,-0.033217016607522964,0.033217016607522964
case_08,model_disagreement_1,lightgbm,LightGBM,gradient_boosting,13,de1f211d7fb1dd53f830f716d9499d66d3b65ee1,high,medium,opposes_prediction,7,11917,text__char__agen,[char] agen,text,0.0441344678401947,-0.03277241811156273,0.03277241811156273
case_08,model_disagreement_1,lightgbm,LightGBM,gradient_boosting,13,de1f211d7fb1dd53f830f716d9499d66d3b65ee1,high,medium,opposes_prediction,8,8709,text__word__services,services,text,0.12120215594768524,-0.03243390843272209,0.03243390843272209
case_08,model_disagreement_1,lightgbm,LightGBM,gradient_boosting,13,de1f211d7fb1dd53f830f716d9499d66d3b65ee1,high,medium,opposes_prediction,9,11513,text__char__ info,[char]  info,text,0.041156720370054245,-0.029488112777471542,0.029488112777471542
case_08,model_disagreement_1,lightgbm,LightGBM,gradient_boosting,13,de1f211d7fb1dd53f830f716d9499d66d3b65ee1,high,medium,opposes_prediction,10,11593,text__char__ off,[char]  off,text,0.051346227526664734,-0.028231551870703697,0.028231551870703697
case_09,model_disagreement_2,lightgbm,LightGBM,gradient_boosting,59,c655267a95bf20edad8c0f0eac49d2c7984240c5,low,low,supports_prediction,1,13277,text__char__klar,[char] klar,text,0.04247821867465973,0.8423973321914673,0.8423973321914673
case_09,model_disagreement_2,lightgbm,LightGBM,gradient_boosting,59,c655267a95bf20edad8c0f0eac49d2c7984240c5,low,low,supports_prediction,2,15007,categorical__queue_Customer Service,Customer Service,queue,1.0,0.45880022644996643,0.45880022644996643
case_09,model_disagreement_2,lightgbm,LightGBM,gradient_boosting,59,c655267a95bf20edad8c0f0eac49d2c7984240c5,low,low,supports_prediction,3,13957,text__char__pone,[char] pone,text,0.03480938449501991,0.1980525702238083,0.1980525702238083
case_09,model_disagreement_2,lightgbm,LightGBM,gradient_boosting,59,c655267a95bf20edad8c0f0eac49d2c7984240c5,low,low,supports_prediction,4,14628,text__char__ton,[char] ton,text,0.036681804805994034,0.06671857088804245,0.06671857088804245
case_09,model_disagreement_2,lightgbm,LightGBM,gradient_boosting,59,c655267a95bf20edad8c0f0eac49d2c7984240c5,low,low,supports_prediction,5,11533,text__char__ kla,[char]  kla,text,0.044259682297706604,0.06506216526031494,0.06506216526031494
case_09,model_disagreement_2,lightgbm,LightGBM,gradient_boosting,59,c655267a95bf20edad8c0f0eac49d2c7984240c5,low,low,supports_prediction,6,8382,text__word__saas,saas,text,0.10663960874080658,0.04729561135172844,0.04729561135172844
case_09,model_disagreement_2,lightgbm,LightGBM,gradient_boosting,59,c655267a95bf20edad8c0f0eac49d2c7984240c5,low,low,supports_prediction,7,4160,text__word__helfen,helfen,text,0.09361995756626129,0.038552816957235336,0.038552816957235336
case_09,model_disagreement_2,lightgbm,LightGBM,gradient_boosting,59,c655267a95bf20edad8c0f0eac49d2c7984240c5,low,low,supports_prediction,8,12495,text__char__echni,[char] echni,text,0.03996889665722847,0.03673534467816353,0.03673534467816353
case_09,model_disagreement_2,lightgbm,LightGBM,gradient_boosting,59,c655267a95bf20edad8c0f0eac49d2c7984240c5,low,low,supports_prediction,9,13785,text__char__one,[char] one,text,0.03614012897014618,0.02689945138990879,0.02689945138990879
case_09,model_disagreement_2,lightgbm,LightGBM,gradient_boosting,59,c655267a95bf20edad8c0f0eac49d2c7984240c5,low,low,supports_prediction,10,474,text__word__analyse,analyse,text,0.1120772734284401,0.018227435648441315,0.018227435648441315
case_09,model_disagreement_2,lightgbm,LightGBM,gradient_boosting,59,c655267a95bf20edad8c0f0eac49d2c7984240c5,low,low,opposes_prediction,1,14349,text__char__sere,[char] sere,text,0.0353320874273777,-0.21362869441509247,0.21362869441509247
case_09,model_disagreement_2,lightgbm,LightGBM,gradient_boosting,59,c655267a95bf20edad8c0f0eac49d2c7984240c5,low,low,opposes_prediction,2,13946,text__char__plat,[char] plat,text,0.034781645983457565,-0.09053117781877518,0.09053117781877518
case_09,model_disagreement_2,lightgbm,LightGBM,gradient_boosting,59,c655267a95bf20edad8c0f0eac49d2c7984240c5,low,low,opposes_prediction,3,14587,text__char__tform,[char] tform,text,0.03490159288048744,-0.047492194920778275,0.047492194920778275
case_09,model_disagreement_2,lightgbm,LightGBM,gradient_boosting,59,c655267a95bf20edad8c0f0eac49d2c7984240c5,low,low,opposes_prediction,4,14403,text__char__slo,[char] slo,text,0.027930544689297676,-0.044008634984493256,0.044008634984493256
case_09,model_disagreement_2,lightgbm,LightGBM,gradient_boosting,59,c655267a95bf20edad8c0f0eac49d2c7984240c5,low,low,opposes_prediction,5,14585,text__char__tfo,[char] tfo,text,0.034274905920028687,-0.041540589183568954,0.041540589183568954
case_09,model_disagreement_2,lightgbm,LightGBM,gradient_boosting,59,c655267a95bf20edad8c0f0eac49d2c7984240c5,low,low,opposes_prediction,6,13237,text__char__itä,[char] itä,text,0.02193434163928032,-0.033929578959941864,0.033929578959941864
case_09,model_disagreement_2,lightgbm,LightGBM,gradient_boosting,59,c655267a95bf20edad8c0f0eac49d2c7984240c5,low,low,opposes_prediction,7,12690,text__char__err,[char] err,text,0.01961582526564598,-0.03177512437105179,0.03177512437105179
case_09,model_disagreement_2,lightgbm,LightGBM,gradient_boosting,59,c655267a95bf20edad8c0f0eac49d2c7984240c5,low,low,opposes_prediction,8,13836,text__char__orm ,[char] orm ,text,0.039814673364162445,-0.024925487115979195,0.024925487115979195
case_09,model_disagreement_2,lightgbm,LightGBM,gradient_boosting,59,c655267a95bf20edad8c0f0eac49d2c7984240c5,low,low,opposes_prediction,9,12074,text__char__attf,[char] attf,text,0.050342265516519547,-0.02446705847978592,0.02446705847978592
case_09,model_disagreement_2,lightgbm,LightGBM,gradient_boosting,59,c655267a95bf20edad8c0f0eac49d2c7984240c5,low,low,opposes_prediction,10,11741,text__char__ unse,[char]  unse,text,0.03518352285027504,-0.01881738379597664,0.01881738379597664
case_10,model_disagreement_3,lightgbm,LightGBM,gradient_boosting,85,818ee361847e8677f2017325b145c997fb136ec4,low,medium,supports_prediction,1,12763,text__char__ewa,[char] ewa,text,0.02070031501352787,0.12484369426965714,0.12484369426965714
case_10,model_disagreement_3,lightgbm,LightGBM,gradient_boosting,85,818ee361847e8677f2017325b145c997fb136ec4,low,medium,supports_prediction,2,12764,text__char__ewal,[char] ewal,text,0.02128407172858715,0.041665755212306976,0.041665755212306976
case_10,model_disagreement_3,lightgbm,LightGBM,gradient_boosting,85,818ee361847e8677f2017325b145c997fb136ec4,low,medium,supports_prediction,3,15007,categorical__queue_Customer Service,Customer Service,queue,1.0,0.03891891613602638,0.03891891613602638
case_10,model_disagreement_3,lightgbm,LightGBM,gradient_boosting,85,818ee361847e8677f2017325b145c997fb136ec4,low,medium,supports_prediction,4,13785,text__char__one,[char] one,text,0.0318790040910244,0.023320933803915977,0.023320933803915977
case_10,model_disagreement_3,lightgbm,LightGBM,gradient_boosting,85,818ee361847e8677f2017325b145c997fb136ec4,low,medium,supports_prediction,5,13071,text__char__ies,[char] ies,text,0.018630772829055786,0.02185644954442978,0.02185644954442978
case_10,model_disagreement_3,lightgbm,LightGBM,gradient_boosting,85,818ee361847e8677f2017325b145c997fb136ec4,low,medium,supports_prediction,6,11519,text__char__ inte,[char]  inte,text,0.021732106804847717,0.020785437896847725,0.020785437896847725
case_10,model_disagreement_3,lightgbm,LightGBM,gradient_boosting,85,818ee361847e8677f2017325b145c997fb136ec4,low,medium,supports_prediction,7,12967,text__char__higk,[char] higk,text,0.027484698221087456,0.01776409149169922,0.01776409149169922
case_10,model_disagreement_3,lightgbm,LightGBM,gradient_boosting,85,818ee361847e8677f2017325b145c997fb136ec4,low,medium,supports_prediction,8,12968,text__char__higke,[char] higke,text,0.027484698221087456,0.01576293259859085,0.01576293259859085
case_10,model_disagreement_3,lightgbm,LightGBM,gradient_boosting,85,818ee361847e8677f2017325b145c997fb136ec4,low,medium,supports_prediction,9,12858,text__char__ge ,[char] ge ,text,0.024043744429945946,0.01475523877888918,0.01475523877888918
case_10,model_disagreement_3,lightgbm,LightGBM,gradient_boosting,85,818ee361847e8677f2017325b145c997fb136ec4,low,medium,supports_prediction,10,14434,text__char__ssie,[char] ssie,text,0.03786403313279152,0.013064553961157799,0.013064553961157799
case_10,model_disagreement_3,lightgbm,LightGBM,gradient_boosting,85,818ee361847e8677f2017325b145c997fb136ec4,low,medium,opposes_prediction,1,14540,text__char__techn,[char] techn,text,0.04188200458884239,-0.23042944073677063,0.23042944073677063
case_10,model_disagreement_3,lightgbm,LightGBM,gradient_boosting,85,818ee361847e8677f2017325b145c997fb136ec4,low,medium,opposes_prediction,2,11446,text__char__ emp,[char]  emp,text,0.03891908377408981,-0.0758247822523117,0.0758247822523117
case_10,model_disagreement_3,lightgbm,LightGBM,gradient_boosting,85,818ee361847e8677f2017325b145c997fb136ec4,low,medium,opposes_prediction,3,14539,text__char__tech,[char] tech,text,0.04136372730135918,-0.022319341078400612,0.022319341078400612
case_10,model_disagreement_3,lightgbm,LightGBM,gradient_boosting,85,818ee361847e8677f2017325b145c997fb136ec4,low,medium,opposes_prediction,4,5058,text__word__interessiert,interessiert,text,0.09517145901918411,-0.012228530831634998,0.012228530831634998
case_10,model_disagreement_3,lightgbm,LightGBM,gradient_boosting,85,818ee361847e8677f2017325b145c997fb136ec4,low,medium,opposes_prediction,5,14143,text__char__ric,[char] ric,text,0.03883779048919678,-0.011626826599240303,0.011626826599240303
case_10,model_disagreement_3,lightgbm,LightGBM,gradient_boosting,85,818ee361847e8677f2017325b145c997fb136ec4,low,medium,opposes_prediction,6,12368,text__char__del,[char] del,text,0.03237515687942505,-0.010784897021949291,0.010784897021949291
case_10,model_disagreement_3,lightgbm,LightGBM,gradient_boosting,85,818ee361847e8677f2017325b145c997fb136ec4,low,medium,opposes_prediction,7,14055,text__char__rat,[char] rat,text,0.018424568697810173,-0.009881475009024143,0.009881475009024143
case_10,model_disagreement_3,lightgbm,LightGBM,gradient_boosting,85,818ee361847e8677f2017325b145c997fb136ec4,low,medium,opposes_prediction,8,14512,text__char__tai,[char] tai,text,0.022070521488785744,-0.007962637580931187,0.007962637580931187
case_10,model_disagreement_3,lightgbm,LightGBM,gradient_boosting,85,818ee361847e8677f2017325b145c997fb136ec4,low,medium,opposes_prediction,9,12392,text__char__det,[char] det,text,0.020574871450662613,-0.006263953633606434,0.006263953633606434
case_10,model_disagreement_3,lightgbm,LightGBM,gradient_boosting,85,818ee361847e8677f2017325b145c997fb136ec4,low,medium,opposes_prediction,10,12973,text__char__hle,[char] hle,text,0.03258521109819412,-0.005829839035868645,0.005829839035868645
case_11,model_disagreement_4,lightgbm,LightGBM,gradient_boosting,98,2b8de51a7c4e30bce5c04433674e788ab51bc409,high,medium,supports_prediction,1,5438,text__word__kommunikation,kommunikation,text,0.14875032007694244,0.3307582139968872,0.3307582139968872
case_11,model_disagreement_4,lightgbm,LightGBM,gradient_boosting,98,2b8de51a7c4e30bce5c04433674e788ab51bc409,high,medium,supports_prediction,2,2099,text__word__creative,creative,text,0.13050338625907898,0.12131437659263611,0.12131437659263611
case_11,model_disagreement_4,lightgbm,LightGBM,gradient_boosting,98,2b8de51a7c4e30bce5c04433674e788ab51bc409,high,medium,supports_prediction,3,15011,categorical__queue_Product Support,Product Support,queue,1.0,0.060490407049655914,0.060490407049655914
case_11,model_disagreement_4,lightgbm,LightGBM,gradient_boosting,98,2b8de51a7c4e30bce5c04433674e788ab51bc409,high,medium,supports_prediction,4,14771,text__char__undi,[char] undi,text,0.02858711965382099,0.04580895975232124,0.04580895975232124
case_11,model_disagreement_4,lightgbm,LightGBM,gradient_boosting,98,2b8de51a7c4e30bce5c04433674e788ab51bc409,high,medium,supports_prediction,5,1178,text__word__besonders,besonders,text,0.10946202278137207,0.02073400281369686,0.02073400281369686
case_11,model_disagreement_4,lightgbm,LightGBM,gradient_boosting,98,2b8de51a7c4e30bce5c04433674e788ab51bc409,high,medium,supports_prediction,6,14641,text__char__trate,[char] trate,text,0.015500975772738457,0.008691828697919846,0.008691828697919846
case_11,model_disagreement_4,lightgbm,LightGBM,gradient_boosting,98,2b8de51a7c4e30bce5c04433674e788ab51bc409,high,medium,supports_prediction,7,5944,text__word__marketing,marketing,text,0.10422743111848831,0.007990261539816856,0.007990261539816856
case_11,model_disagreement_4,lightgbm,LightGBM,gradient_boosting,98,2b8de51a7c4e30bce5c04433674e788ab51bc409,high,medium,supports_prediction,8,14580,text__char__tes,[char] tes,text,0.014520966447889805,0.006205223500728607,0.006205223500728607
case_11,model_disagreement_4,lightgbm,LightGBM,gradient_boosting,98,2b8de51a7c4e30bce5c04433674e788ab51bc409,high,medium,supports_prediction,9,12858,text__char__ge ,[char] ge ,text,0.015338938683271408,0.004553504753857851,0.004553504753857851
case_11,model_disagreement_4,lightgbm,LightGBM,gradient_boosting,98,2b8de51a7c4e30bce5c04433674e788ab51bc409,high,medium,supports_prediction,10,14542,text__char__teg,[char] teg,text,0.017692003399133682,0.0037566598039120436,0.0037566598039120436
case_11,model_disagreement_4,lightgbm,LightGBM,gradient_boosting,98,2b8de51a7c4e30bce5c04433674e788ab51bc409,high,medium,opposes_prediction,1,91,text__word__abteilungen,abteilungen,text,0.17305009067058563,-0.13698463141918182,0.13698463141918182
case_11,model_disagreement_4,lightgbm,LightGBM,gradient_boosting,98,2b8de51a7c4e30bce5c04433674e788ab51bc409,high,medium,opposes_prediction,2,12409,text__char__dina,[char] dina,text,0.04200797155499458,-0.1306191235780716,0.1306191235780716
case_11,model_disagreement_4,lightgbm,LightGBM,gradient_boosting,98,2b8de51a7c4e30bce5c04433674e788ab51bc409,high,medium,opposes_prediction,3,14071,text__char__rdina,[char] rdina,text,0.04200797155499458,-0.029721416532993317,0.029721416532993317
case_11,model_disagreement_4,lightgbm,LightGBM,gradient_boosting,98,2b8de51a7c4e30bce5c04433674e788ab51bc409,high,medium,opposes_prediction,4,12469,text__char__eat,[char] eat,text,0.02578248642385006,-0.025532230734825134,0.025532230734825134
case_11,model_disagreement_4,lightgbm,LightGBM,gradient_boosting,98,2b8de51a7c4e30bce5c04433674e788ab51bc409,high,medium,opposes_prediction,5,13535,text__char__nati,[char] nati,text,0.03150968998670578,-0.014019792899489403,0.014019792899489403
case_11,model_disagreement_4,lightgbm,LightGBM,gradient_boosting,98,2b8de51a7c4e30bce5c04433674e788ab51bc409,high,medium,opposes_prediction,6,13828,text__char__ora,[char] ora,text,0.02041923813521862,-0.0068309251219034195,0.0068309251219034195
case_11,model_disagreement_4,lightgbm,LightGBM,gradient_boosting,98,2b8de51a7c4e30bce5c04433674e788ab51bc409,high,medium,opposes_prediction,7,5514,text__word__könnten bitte,könnten bitte,text,0.08455201238393784,-0.0031224163249135017,0.0031224163249135017
case_11,model_disagreement_4,lightgbm,LightGBM,gradient_boosting,98,2b8de51a7c4e30bce5c04433674e788ab51bc409,high,medium,opposes_prediction,8,14581,text__char__tes ,[char] tes ,text,0.017033135518431664,-0.0026550611946731806,0.0026550611946731806
case_11,model_disagreement_4,lightgbm,LightGBM,gradient_boosting,98,2b8de51a7c4e30bce5c04433674e788ab51bc409,high,medium,opposes_prediction,9,14056,text__char__rate,[char] rate,text,0.013938713818788528,-0.0023160194978117943,0.0023160194978117943
case_11,model_disagreement_4,lightgbm,LightGBM,gradient_boosting,98,2b8de51a7c4e30bce5c04433674e788ab51bc409,high,medium,opposes_prediction,10,6626,text__word__optimierung,optimierung,text,0.08990909904241562,-0.002094857394695282,0.002094857394695282
case_12,model_disagreement_5,lightgbm,LightGBM,gradient_boosting,128,1a253cac8e537423675594be7ce6e3473a15a28f,low,medium,supports_prediction,1,11917,text__char__agen,[char] agen,text,0.05437655374407768,0.09883593767881393,0.09883593767881393
case_12,model_disagreement_5,lightgbm,LightGBM,gradient_boosting,128,1a253cac8e537423675594be7ce6e3473a15a28f,low,medium,supports_prediction,2,6520,text__word__objectives,objectives,text,0.12839381396770477,0.07044016569852829,0.07044016569852829
case_12,model_disagreement_5,lightgbm,LightGBM,gradient_boosting,128,1a253cac8e537423675594be7ce6e3473a15a28f,low,medium,supports_prediction,3,11332,text__char__ ag,[char]  ag,text,0.06380489468574524,0.05048898980021477,0.05048898980021477
case_12,model_disagreement_5,lightgbm,LightGBM,gradient_boosting,128,1a253cac8e537423675594be7ce6e3473a15a28f,low,medium,supports_prediction,4,5946,text__word__marketing agency,marketing agency,text,0.1375071108341217,0.0352429635822773,0.0352429635822773
case_12,model_disagreement_5,lightgbm,LightGBM,gradient_boosting,128,1a253cac8e537423675594be7ce6e3473a15a28f,low,medium,supports_prediction,5,15013,categorical__queue_Sales and Pre-Sales,Sales and Pre-Sales,queue,1.0,0.032295793294906616,0.032295793294906616
case_12,model_disagreement_5,lightgbm,LightGBM,gradient_boosting,128,1a253cac8e537423675594be7ce6e3473a15a28f,low,medium,supports_prediction,6,11918,text__char__agenc,[char] agenc,text,0.06690941005945206,0.03150591626763344,0.03150591626763344
case_12,model_disagreement_5,lightgbm,LightGBM,gradient_boosting,128,1a253cac8e537423675594be7ce6e3473a15a28f,low,medium,supports_prediction,7,2039,text__word__could please,could please,text,0.07120967656373978,0.021538367494940758,0.021538367494940758
case_12,model_disagreement_5,lightgbm,LightGBM,gradient_boosting,128,1a253cac8e537423675594be7ce6e3473a15a28f,low,medium,supports_prediction,8,347,text__word__agency,agency,text,0.16193588078022003,0.014847595244646072,0.014847595244646072
case_12,model_disagreement_5,lightgbm,LightGBM,gradient_boosting,128,1a253cac8e537423675594be7ce6e3473a15a28f,low,medium,supports_prediction,9,5944,text__word__marketing,marketing,text,0.12395783513784409,0.01340619195252657,0.01340619195252657
case_12,model_disagreement_5,lightgbm,LightGBM,gradient_boosting,128,1a253cac8e537423675594be7ce6e3473a15a28f,low,medium,supports_prediction,10,13551,text__char__ncy,[char] ncy,text,0.05935264006257057,0.013271231204271317,0.013271231204271317
case_12,model_disagreement_5,lightgbm,LightGBM,gradient_boosting,128,1a253cac8e537423675594be7ce6e3473a15a28f,low,medium,opposes_prediction,1,12789,text__char__fer,[char] fer,text,0.04602619633078575,-0.07890954613685608,0.07890954613685608
case_12,model_disagreement_5,lightgbm,LightGBM,gradient_boosting,128,1a253cac8e537423675594be7ce6e3473a15a28f,low,medium,opposes_prediction,2,3031,text__word__effective marketing,effective marketing,text,0.1588430106639862,-0.075285404920578,0.075285404920578
case_12,model_disagreement_5,lightgbm,LightGBM,gradient_boosting,128,1a253cac8e537423675594be7ce6e3473a15a28f,low,medium,opposes_prediction,3,12858,text__char__ge ,[char] ge ,text,0.036814138293266296,-0.025277985259890556,0.025277985259890556
case_12,model_disagreement_5,lightgbm,LightGBM,gradient_boosting,128,1a253cac8e537423675594be7ce6e3473a15a28f,low,medium,opposes_prediction,4,14442,text__char__stand,[char] stand,text,0.030116407200694084,-0.025272564962506294,0.025272564962506294
case_12,model_disagreement_5,lightgbm,LightGBM,gradient_boosting,128,1a253cac8e537423675594be7ce6e3473a15a28f,low,medium,opposes_prediction,5,2176,text__word__currently,currently,text,0.08535545319318771,-0.02423529140651226,0.02423529140651226
case_12,model_disagreement_5,lightgbm,LightGBM,gradient_boosting,128,1a253cac8e537423675594be7ce6e3473a15a28f,low,medium,opposes_prediction,6,8709,text__word__services,services,text,0.14983946084976196,-0.023183945566415787,0.023183945566415787
case_12,model_disagreement_5,lightgbm,LightGBM,gradient_boosting,128,1a253cac8e537423675594be7ce6e3473a15a28f,low,medium,opposes_prediction,7,6567,text__word__offered,offered,text,0.10872657597064972,-0.022238826379179955,0.022238826379179955
case_12,model_disagreement_5,lightgbm,LightGBM,gradient_boosting,128,1a253cac8e537423675594be7ce6e3473a15a28f,low,medium,opposes_prediction,8,12325,text__char__cti,[char] cti,text,0.029229016974568367,-0.014202830381691456,0.014202830381691456
case_12,model_disagreement_5,lightgbm,LightGBM,gradient_boosting,128,1a253cac8e537423675594be7ce6e3473a15a28f,low,medium,opposes_prediction,9,12021,text__char__art,[char] art,text,0.01813572272658348,-0.011554720811545849,0.011554720811545849
case_12,model_disagreement_5,lightgbm,LightGBM,gradient_boosting,128,1a253cac8e537423675594be7ce6e3473a15a28f,low,medium,opposes_prediction,10,4246,text__word__hope message,hope message,text,0.1135319322347641,-0.011156920343637466,0.011156920343637466
