modeling_row_id,semantic_group_id,priority,priority_encoded,analysis_role,is_global_h2_case,is_faithfulness_case,is_xgboost_sensitivity_case,is_local_case,case_id,case_type,type,language,queue,sentiment_negative,sentiment_neutral,sentiment_positive,text,text_clean,pred_logistic_regression,pred_linear_svm,pred_complement_naive_bayes,pred_knn_cosine,pred_random_forest,pred_xgboost,pred_lightgbm,pred_final_model
897,92c708b9ebbccf353f22c1e3951000f0e2d5ae1b,high,2,global_h2,True,False,False,False,,,Incident,en,IT Support,0.78352,0.18963185,0.026848186,"System Failures Disrupt Digital Tools The marketing office experienced system outages that affected critical digital tools, likely due to network conflicts or software incompatibilities. Initial troubleshooting steps included restarting devices and updating software; however, the issues persist. Assistance is needed to resolve the problem.","system failures disrupt digital tools the marketing office experienced system outages that affected critical digital tools, likely due to network conflicts or software incompatibilities. initial troubleshooting steps included restarting devices and updating software; however, the issues persist. assistance is needed to resolve the problem.",2,2,2,2,2,2,2,2
1287,772befff6c00e54a361736132c9ff2eb7b09579a,high,2,global_h2,True,False,False,False,,,Request,en,Billing and Payments,0.056422345,0.5553952,0.3881825,"Support Inquiry from Customer Dear Customer Support Team, I am reaching out to request detailed information regarding billing and payment options for integrating Redis 6.2 with a PHP 8.0 SaaS platform. We are interested in exploring ways to leverage these technologies to enhance our platform's performance and scalability. Could you please share details about the available pricing plans and payment methods? We would also appreciate guidance on how to initiate the integration process. Additionally, please inform us of any special considerations or offers.","support inquiry from customer dear customer support team, i am reaching out to request detailed information regarding billing and payment options for integrating redis 6.2 with a php 8.0 saas platform. we are interested in exploring ways to leverage these technologies to enhance our platform's performance and scalability. could you please share details about the available pricing plans and payment methods? we would also appreciate guidance on how to initiate the integration process. additionally, please inform us of any special considerations or offers.",2,2,0,2,1,1,1,1
1584,d5ba2648930b9594f01559429f34ce16707dfd7b,high,2,global_h2,True,False,False,False,,,Request,de,IT Support,0.26890734,0.33447,0.3966227,"GitLab Support Sehr geehrter Kundenservice, ich möchte mich erkundigen, ob GitLab Express.js 4.17 integriert werden kann, um die Workflows im digitalen Marketing zu verbessern. Derzeit verwenden wir GitLab zur Versionskontrolle unserer Express.js-Webanwendung. Allerdings stoßen wir auf Herausforderungen bei der Optimierung unserer Workflows und benötigen Anleitung sowie geeignete Tools für eine effektive Integration. Könnten Sie bitte die entsprechenden Dokumentationen und Ressourcen bereitstellen, um die Integration zu erleichtern? Unser Ziel ist es, die Workflow-Effizienz zu steigern und manuelle Fehler zu minimieren. Für Unterstützung und Anleitung wären wir sehr dankbar. Vielen Dank im Voraus für Ihre Zeit und Unterstützung.","gitlab support sehr geehrter kundenservice, ich möchte mich erkundigen, ob gitlab express.js 4.17 integriert werden kann, um die workflows im digitalen marketing zu verbessern. derzeit verwenden wir gitlab zur versionskontrolle unserer express.js-webanwendung. allerdings stoßen wir auf herausforderungen bei der optimierung unserer workflows und benötigen anleitung sowie geeignete tools für eine effektive integration. könnten sie bitte die entsprechenden dokumentationen und ressourcen bereitstellen, um die integration zu erleichtern? unser ziel ist es, die workflow-effizienz zu steigern und manuelle fehler zu minimieren. für unterstützung und anleitung wären wir sehr dankbar. vielen dank im voraus für ihre zeit und unterstützung.",1,1,1,1,1,1,1,1
1882,33b6fcd7059a35086e05a1647c8b5944be0e58d5,high,2,global_h2,True,False,False,False,,,Incident,en,Technical Support,0.3716826,0.4144584,0.213859,"Problems with Digital Strategy Tools Reporting ongoing performance issues with the marketing agency's digital strategy tools, such as Maple and Figma. Despite attempts to resolve by restarting systems, updating software, and verifying hardware connections, the problem persists, hindering brand development initiatives. The suspected cause may involve software conflicts or hardware compatibility issues impacting multiple campaign-related products. We would be grateful if you could investigate this matter and provide a solution promptly to help us restore our workflow.","problems with digital strategy tools reporting ongoing performance issues with the marketing agency's digital strategy tools, such as maple and figma. despite attempts to resolve by restarting systems, updating software, and verifying hardware connections, the problem persists, hindering brand development initiatives. the suspected cause may involve software conflicts or hardware compatibility issues impacting multiple campaign-related products. we would be grateful if you could investigate this matter and provide a solution promptly to help us restore our workflow.",2,2,2,1,2,2,2,2
2130,5e820b172b374036ac1e63030208cfef7a85d93d,high,2,global_h2,True,True,False,False,,,Problem,de,IT Support,0.7613929,0.21538389,0.023223246,"Bitte melden Sie das Problem im System des Gesundheitsdienstleisters. Es gibt Schwierigkeiten beim Datenzugriff und Systemverlangsamungen, insbesondere bei den medizinischen Aufzeichnungen. Das Problem begann kürzlich nach einem Adobe CC-Update, das möglicherweise die Ursache ist. Es wurden Versuche unternommen, die Systeme neu zu starten, Updates zurückzusetzen und die Netzstabilität zu prüfen, leider wurde das Problem dadurch nicht behoben. Wir bitten um Unterstützung, um die schnelle Behebung des Problems zu gewährleisten.","bitte melden sie das problem im system des gesundheitsdienstleisters. es gibt schwierigkeiten beim datenzugriff und systemverlangsamungen, insbesondere bei den medizinischen aufzeichnungen. das problem begann kürzlich nach einem adobe cc-update, das möglicherweise die ursache ist. es wurden versuche unternommen, die systeme neu zu starten, updates zurückzusetzen und die netzstabilität zu prüfen, leider wurde das problem dadurch nicht behoben. wir bitten um unterstützung, um die schnelle behebung des problems zu gewährleisten.",1,1,2,1,2,2,1,1
2210,c6c655f0af6e9cee58ae63b6b7828069d2aeb3fb,high,2,global_h2,True,False,False,False,,,Problem,en,Technical Support,0.67533565,0.27943003,0.04523427,"Security Warning: Data Breach Incident Preparing a report regarding a possible data breach at a healthcare organization. Medical records might have been compromised due to outdated security updates. Attempted to update the firewall and run antivirus scans, but these actions did not resolve the issue. Concerned about the potential impact of the breach and seeking help to identify the vulnerability and apply effective safeguards. Could you please advise on the next steps? Your prompt response is appreciated as this matter is urgent.","security warning: data breach incident preparing a report regarding a possible data breach at a healthcare organization. medical records might have been compromised due to outdated security updates. attempted to update the firewall and run antivirus scans, but these actions did not resolve the issue. concerned about the potential impact of the breach and seeking help to identify the vulnerability and apply effective safeguards. could you please advise on the next steps? your prompt response is appreciated as this matter is urgent.",2,1,2,2,2,2,1,1
3021,007e7a7e3baf87923d44035342f10d7e9f0101ce,high,2,global_h2,True,False,True,False,,,Incident,en,IT Support,0.8341291,0.14273654,0.023134394,"Website Performance Issue Today Dear Customer Service, due to digital strategies implemented by our marketing agency, we are experiencing issues with our website. The site is sluggish and products are not easily accessible. We have attempted to restart the server and clear caches, but the problem persists. We suspect server overload or misconfiguration. Kindly assist us in resolving this issue as swiftly as possible.","website performance issue today dear customer service, due to digital strategies implemented by our marketing agency, we are experiencing issues with our website. the site is sluggish and products are not easily accessible. we have attempted to restart the server and clear caches, but the problem persists. we suspect server overload or misconfiguration. kindly assist us in resolving this issue as swiftly as possible.",1,1,2,2,2,1,2,2
3197,1123078cf7504a576f49f7faabd01bcf77c939c5,high,2,global_h2,True,False,False,False,,,Incident,en,IT Support,0.41403905,0.43218544,0.15377551,"Multiple hospital system applications, such as Speicherkartenleser, WhatsApp Desktop, and network switches, experienced inaccessibility and malfunction, potentially leading to a security breach and network failure. Initial troubleshooting steps included rebooting systems, performing network diagnostics, and running security scans. Since the issue persists, urgent escalation is required. An investigation is necessary to identify the root cause and implement an appropriate solution. Your guidance and support in resolving this issue would be highly appreciated.","multiple hospital system applications, such as speicherkartenleser, whatsapp desktop, and network switches, experienced inaccessibility and malfunction, potentially leading to a security breach and network failure. initial troubleshooting steps included rebooting systems, performing network diagnostics, and running security scans. since the issue persists, urgent escalation is required. an investigation is necessary to identify the root cause and implement an appropriate solution. your guidance and support in resolving this issue would be highly appreciated.",2,2,2,1,2,2,2,2
3263,81a12e8c75bc2cda75add63985e6a4e799b48a1c,high,2,global_h2,True,True,False,False,,,Problem,en,IT Support,0.5730773,0.36428142,0.0626413,"Assistance Required for Digital Strategy Assistance Problems with Airtable, IBM Cloud, and Google Keep are interfering with our digital strategy processes. The issues may be due to recent updates or integration complications. Attempts to fix the problems have been made but were unsuccessful. We require help to troubleshoot and restore our workflows to normal.","assistance required for digital strategy assistance problems with airtable, ibm cloud, and google keep are interfering with our digital strategy processes. the issues may be due to recent updates or integration complications. attempts to fix the problems have been made but were unsuccessful. we require help to troubleshoot and restore our workflows to normal.",2,2,2,2,2,2,2,2
3430,b0db519a5696e31db206496a78b6789f360839ab,high,2,global_h2,True,False,False,False,,,Problem,de,IT Support,0.5140377,0.44864535,0.03731694,"Regelmäßige Abstürze des Projektmanagement SaaS Das Projektmanagement SaaS erlebt während Stoßzeiten wiederholte Abstürze, vermutlich aufgrund von Serverüberlastung. Durch einen Neustart der Server und eine Erhöhung der Ressourcenallokation konnte das Problem behoben werden. Wir bitten dringend um IT-Unterstützung, um Skalierbarkeits- und Stabilitätsprobleme zu beheben und weitere Unterbrechungen im Arbeitsablauf zu verhindern. Die Abstürze führen zu erheblichen Verzögerungen und beeinträchtigen die Produktivität. Wir würden eine zeitnahe Prüfung unseres Anliegens begrüßen und eine Lösung zur Vermeidung zukünftiger Vorfälle bereitstellen.","regelmäßige abstürze des projektmanagement saas das projektmanagement saas erlebt während stoßzeiten wiederholte abstürze, vermutlich aufgrund von serverüberlastung. durch einen neustart der server und eine erhöhung der ressourcenallokation konnte das problem behoben werden. wir bitten dringend um it-unterstützung, um skalierbarkeits- und stabilitätsprobleme zu beheben und weitere unterbrechungen im arbeitsablauf zu verhindern. die abstürze führen zu erheblichen verzögerungen und beeinträchtigen die produktivität. wir würden eine zeitnahe prüfung unseres anliegens begrüßen und eine lösung zur vermeidung zukünftiger vorfälle bereitstellen.",2,2,2,2,2,2,2,2
4014,651a2e4cf43ecedf03ccff9fa2afe5342d54cc59,high,2,global_h2,True,False,False,False,,,Change,en,Service Outages and Maintenance,0.21966547,0.39101392,0.38932064,"Urgent Request for System Update to Enhance Investment Data Analytics Dear Customer Support, I am writing to urgently request a system update aimed at optimizing investment data analytics. Our current system is facing persistent software and hardware outages, leading to substantial downtime and loss of productivity. Implementing this update is critical to resolving these issues and ensuring smooth operations. I would appreciate it if you could provide an estimated timeline for the update and let me know if any additional information is needed from my side. Please inform me of the necessary steps to proceed. Looking forward to your prompt response.","urgent request for system update to enhance investment data analytics dear customer support, i am writing to urgently request a system update aimed at optimizing investment data analytics. our current system is facing persistent software and hardware outages, leading to substantial downtime and loss of productivity. implementing this update is critical to resolving these issues and ensuring smooth operations. i would appreciate it if you could provide an estimated timeline for the update and let me know if any additional information is needed from my side. please inform me of the necessary steps to proceed. looking forward to your prompt response.",2,2,2,2,2,2,2,2
4436,b3c8105bb56c0b66410287999c1154186c9a439a,high,2,global_h2,True,False,False,False,,,Problem,en,Technical Support,0.37609154,0.45731342,0.16659509,"Customer Support, I am writing to draw attention to a critical issue that necessitates immediate technical assistance. The healthcare provider's hospital systems have experienced unauthorized access attempts to their medical data, which we believe are due to weak access controls. We have taken initial measures such as implementing basic firewall rules and updating passwords. However, the intrusion attempts continue. It is crucial to secure the systems to prevent any potential data breaches. I","customer support, i am writing to draw attention to a critical issue that necessitates immediate technical assistance. the healthcare provider's hospital systems have experienced unauthorized access attempts to their medical data, which we believe are due to weak access controls. we have taken initial measures such as implementing basic firewall rules and updating passwords. however, the intrusion attempts continue. it is crucial to secure the systems to prevent any potential data breaches. i",2,2,2,2,2,2,2,2
4604,5305f76c36ad6c2648e8b26b286cc97151073fb3,high,2,global_h2,True,True,False,False,,,Problem,en,Technical Support,0.54690164,0.3443862,0.10871226,"Performance Challenges in SaaS Application Customer Support reports frequent performance declines in the SaaS platform, especially during peak usage periods. The issue appears to be linked to database overload, correlating with a substantial increase in the user base over the past quarter. Although efforts to scale servers and optimize database queries have resulted in some performance stabilization, users continue to face slow loading speeds, error messages, and timeouts, which impact the overall user experience. Your assistance in addressing these concerns would be highly valued.","performance challenges in saas application customer support reports frequent performance declines in the saas platform, especially during peak usage periods. the issue appears to be linked to database overload, correlating with a substantial increase in the user base over the past quarter. although efforts to scale servers and optimize database queries have resulted in some performance stabilization, users continue to face slow loading speeds, error messages, and timeouts, which impact the overall user experience. your assistance in addressing these concerns would be highly valued.",2,2,2,2,2,2,2,2
4715,393d3b6c66b97d0d247304537993f3ba7dbb0c71,high,2,global_h2,True,False,False,False,,,Incident,en,Technical Support,0.8240423,0.14919546,0.026762197,"Investment Analysis Disrupted by Data Integration Issues The company faced disruptions in investment analysis due to failures in data integration. Potential reasons might be software conflicts or API errors. Attempts to resolve included system restarts and connection checks, but the problem persists. The team has verified software updates and secured connections, yet the issue remains unresolved, preventing investment analysis. We would appreciate prompt assistance in resolving this matter. Please advise if further information is needed.","investment analysis disrupted by data integration issues the company faced disruptions in investment analysis due to failures in data integration. potential reasons might be software conflicts or api errors. attempts to resolve included system restarts and connection checks, but the problem persists. the team has verified software updates and secured connections, yet the issue remains unresolved, preventing investment analysis. we would appreciate prompt assistance in resolving this matter. please advise if further information is needed.",1,2,2,2,2,2,2,2
5286,a8dee2351f813b1c24e370594f7441c153de3ee8,high,2,global_h2,True,True,False,False,,,Incident,de,Product Support,0.5921596,0.3595656,0.048274748,"Die digitalen Kampagnen der Marketingagentur wurden gestoppt. Die erste Fehlerbehebung bestand darin, die Software neu zu starten und die Kompatibilität zu überprüfen. Das Problem besteht weiterhin, daher wird weitere Unterstützung benötigt, um die Ursache zu beheben.","die digitalen kampagnen der marketingagentur wurden gestoppt. die erste fehlerbehebung bestand darin, die software neu zu starten und die kompatibilität zu überprüfen. das problem besteht weiterhin, daher wird weitere unterstützung benötigt, um die ursache zu beheben.",0,0,0,0,1,1,0,0
5344,49708eeb2c3c848f34817b321ad876b3b862a55c,high,2,global_h2,True,True,False,False,,,Incident,en,Technical Support,0.5083135,0.3299226,0.161764,"Report on Healthcare Security Breach Dear Customer Support, I am writing to report a security breach involving unauthorized access to patient records at a healthcare facility. Despite initial efforts to resolve the issue, including updating the firewall and running a virus scan with Norton Antivirus, the problem persists. I suspect that outdated security protocols may be the underlying cause. I would appreciate your guidance on how to proceed with troubleshooting and potential solutions to prevent similar incidents in the future. Could you please provide recommendations for security upgrades? Thank you.","report on healthcare security breach dear customer support, i am writing to report a security breach involving unauthorized access to patient records at a healthcare facility. despite initial efforts to resolve the issue, including updating the firewall and running a virus scan with norton antivirus, the problem persists. i suspect that outdated security protocols may be the underlying cause. i would appreciate your guidance on how to proceed with troubleshooting and potential solutions to prevent similar incidents in the future. could you please provide recommendations for security upgrades? thank you.",2,2,2,2,1,1,1,1
6041,9a0de69fe057adf4ba72409ab41b240958770989,high,2,global_h2,True,False,True,False,,,Problem,en,Billing and Payments,0.33845812,0.34363157,0.31791028,"Inconsistencies in Investment Data Customer Support, the company encountered unforeseen billing inconsistencies related to the investment data analytics service. These issues may stem from errors in system integration. Manual reconciliation of invoices was attempted but proved unsuccessful. Efforts to review the invoices and payment records still show discrepancies. We would be grateful if you could examine this matter and provide a detailed explanation for the discrepancies. If system integration errors are involved, kindly inform us of the steps to resolve the problem.","inconsistencies in investment data customer support, the company encountered unforeseen billing inconsistencies related to the investment data analytics service. these issues may stem from errors in system integration. manual reconciliation of invoices was attempted but proved unsuccessful. efforts to review the invoices and payment records still show discrepancies. we would be grateful if you could examine this matter and provide a detailed explanation for the discrepancies. if system integration errors are involved, kindly inform us of the steps to resolve the problem.",0,2,1,1,1,1,2,2
6192,00e50d2cd282e183e66a8f249c15c9410ddb3a6c,high,2,global_h2,True,True,False,False,,,Request,en,Technical Support,0.03891378,0.77593964,0.18514657,Healthcare Data Management in PostgreSQL Requesting assistance with integrating healthcare data into PostgreSQL.,healthcare data management in postgresql requesting assistance with integrating healthcare data into postgresql.,2,2,2,2,2,2,2,2
6510,8aab872e22b27a1ae6d97ce4adb559f9086027ea,high,2,global_h2,True,True,False,False,,,Request,en,Product Support,0.104480244,0.42061126,0.47490844,"Support for Data Analytics Tools I am seeking assistance with data analytics tools that can help optimize my investments. Could you provide more details on the tools available and the kind of guidance offered? I am particularly interested in learning about the types of data analytics used, the kind of support provided, and any tutorials or resources available to help me get started. I am looking for a reliable and user-friendly tool that can help me optimize my investments. I would appreciate it if you could provide me with this information.","support for data analytics tools i am seeking assistance with data analytics tools that can help optimize my investments. could you provide more details on the tools available and the kind of guidance offered? i am particularly interested in learning about the types of data analytics used, the kind of support provided, and any tutorials or resources available to help me get started. i am looking for a reliable and user-friendly tool that can help me optimize my investments. i would appreciate it if you could provide me with this information.",2,2,0,2,2,1,2,2
7079,01d0da670e9ecb3ef81891cd0ea398245da12506,high,2,global_h2,True,True,False,False,,,Incident,en,IT Support,0.8604276,0.1181082,0.021464208,"Digital Tool Malfunction Dear Customer Support, I am writing to report a critical issue impacting our marketing agency's operations. Several essential digital tools, such as Snagit, Firewall, and Xero, have become unresponsive. I suspect this may be due to conflicts within the network software. Our initial troubleshooting included restarting devices and verifying firewall configurations, but the problem persists. Consequently, our brand growth activities are significantly hindered, and we are unable to complete tasks efficiently, leading to a notable decline in productivity.","digital tool malfunction dear customer support, i am writing to report a critical issue impacting our marketing agency's operations. several essential digital tools, such as snagit, firewall, and xero, have become unresponsive. i suspect this may be due to conflicts within the network software. our initial troubleshooting included restarting devices and verifying firewall configurations, but the problem persists. consequently, our brand growth activities are significantly hindered, and we are unable to complete tasks efficiently, leading to a notable decline in productivity.",2,2,2,1,2,1,2,2
7093,daafceb98aabca098d0e9d687b5793fbb6155259,high,2,global_h2,True,False,False,False,,,Request,en,Technical Support,0.06401961,0.25866455,0.67731583,"Guidance on Integrating RapidMiner into Current Data Analytics Setup Customer Support, seeking detailed guidance on integrating RapidMiner into our existing data analytics infrastructure. We are currently using a combination of various tools and would like to incorporate RapidMiner into our workflow. Could you please provide step-by-step instructions? We would greatly appreciate any guidance on handling data transfer compatibility issues. Your assistance is much appreciated, and we look forward to hearing from you soon.","guidance on integrating rapidminer into current data analytics setup customer support, seeking detailed guidance on integrating rapidminer into our existing data analytics infrastructure. we are currently using a combination of various tools and would like to incorporate rapidminer into our workflow. could you please provide step-by-step instructions? we would greatly appreciate any guidance on handling data transfer compatibility issues. your assistance is much appreciated, and we look forward to hearing from you soon.",2,2,1,2,2,2,2,2
8303,d57eec7d56d62288384450c7210b423745262a90,high,2,global_h2,True,True,False,False,,,Incident,en,IT Support,0.8775865,0.10132435,0.021089077,"Unresponsive Digital Tools and Update Request The marketing team's digital platforms, such as Moodle, GitHub, and PowerPoint 2021, are not responding. The issue appears to be related to network software problems. After restarting devices and verifying internet connectivity, the problem remains unresolved. The team has attempted troubleshooting but has been unable to fix the issue. This unresponsiveness is causing substantial delays in ongoing projects. We would appreciate your assistance in resolving this matter promptly. Please advise us on any additional steps we should take.","unresponsive digital tools and update request the marketing team's digital platforms, such as moodle, github, and powerpoint 2021, are not responding. the issue appears to be related to network software problems. after restarting devices and verifying internet connectivity, the problem remains unresolved. the team has attempted troubleshooting but has been unable to fix the issue. this unresponsiveness is causing substantial delays in ongoing projects. we would appreciate your assistance in resolving this matter promptly. please advise us on any additional steps we should take.",2,2,2,2,1,2,2,2
8486,66850a7e2573ee76a1266686f1478ce6ab07eb85,high,2,global_h2,True,False,False,False,,,Incident,en,Technical Support,0.7445706,0.22378208,0.031647276,SaaS Platform Faced considerable downtime due to server overload.,saas platform faced considerable downtime due to server overload.,2,2,2,2,2,2,2,2
9402,78901fad0d9f680ae733bfb1d0b3b885f7c53da5,high,2,global_h2,True,True,False,False,,,Request,de,Technical Support,0.18829645,0.3935834,0.41812018,"Bitte fordern Sie detaillierte API-Integrationsrichtlinien für Avast Premium Security in Verbindung mit Docker 20.10 an. Ich möchte den schrittweisen Prozess zur Integration beider Systeme kennenlernen. Könnten Sie bitte die notwendigen Dokumentationen bereitstellen oder auf Ressourcen verweisen, die bei der Integration behilflich sein können? Ich schätze Ihre Unterstützung sehr und danke Ihnen im Voraus für Ihre Hilfe.","bitte fordern sie detaillierte api-integrationsrichtlinien für avast premium security in verbindung mit docker 20.10 an. ich möchte den schrittweisen prozess zur integration beider systeme kennenlernen. könnten sie bitte die notwendigen dokumentationen bereitstellen oder auf ressourcen verweisen, die bei der integration behilflich sein können? ich schätze ihre unterstützung sehr und danke ihnen im voraus für ihre hilfe.",2,2,2,2,2,2,2,2
9876,74d78ced0bc488b6e1f23c1ff30418bb0d5bef2b,high,2,global_h2,True,False,False,False,,,Incident,en,Product Support,0.59302264,0.35977072,0.047206648,Data analytics workflows encountering hardware performance issues across multiple products Faced several failures across different products. Attempted to resolve by rebooting systems and applying software updates.,data analytics workflows encountering hardware performance issues across multiple products faced several failures across different products. attempted to resolve by rebooting systems and applying software updates.,2,2,2,2,2,2,2,2
9973,e4df5950aab34c0ca3efed5c8509d91553babb22,high,2,global_h2,True,True,True,False,,,Problem,de,Technical Support,0.6839719,0.29156962,0.024458552,Softwareabsturz während der Ausführung digitaler Kampagnen Ich benötige Unterstützung,softwareabsturz während der ausführung digitaler kampagnen ich benötige unterstützung,2,2,2,2,2,2,2,2
10195,6908c79a9053c2151f2a4db031c2083655235c67,high,2,global_h2,True,True,False,False,,,Change,en,Technical Support,0.07952302,0.20573595,0.714741,"Boost Security Protocols for Medical Data Systems Customer Support, seeking to enhance security measures for medical data systems to comply with healthcare regulations. It is crucial to protect sensitive patient information and prevent data breaches. Your assistance in implementing robust security protocols, such as encryption and access controls, would be greatly appreciated. Additionally, regular security audits and staff training are essential to ensure compliance with regulatory requirements. I look forward to your response.","boost security protocols for medical data systems customer support, seeking to enhance security measures for medical data systems to comply with healthcare regulations. it is crucial to protect sensitive patient information and prevent data breaches. your assistance in implementing robust security protocols, such as encryption and access controls, would be greatly appreciated. additionally, regular security audits and staff training are essential to ensure compliance with regulatory requirements. i look forward to your response.",2,2,2,2,2,2,2,2
10864,d50f12c701550d48bacdb528d59ac5db96a0f698,high,2,global_h2,True,False,False,False,,,Request,en,Billing and Payments,0.0943178,0.30489045,0.60079175,"Enhancing Security for Medical Data with SAP WooCommerce I am reaching out to inquire about securing medical data using SAP ERP WooCommerce. Could you provide detailed information on the practices and protocols that ensure the confidentiality, integrity, and availability of sensitive medical information? I would greatly appreciate your guidance on implementing robust security measures to protect patient data. Additionally, could you recommend specific configurations and plugins for WooCommerce to ensure compliance with healthcare regulations? Your assistance would be greatly appreciated, and I look forward to hearing back soon. Please provide an appropriate time to call at <tel_num> for this discussion.","enhancing security for medical data with sap woocommerce i am reaching out to inquire about securing medical data using sap erp woocommerce. could you provide detailed information on the practices and protocols that ensure the confidentiality, integrity, and availability of sensitive medical information? i would greatly appreciate your guidance on implementing robust security measures to protect patient data. additionally, could you recommend specific configurations and plugins for woocommerce to ensure compliance with healthcare regulations? your assistance would be greatly appreciated, and i look forward to hearing back soon. please provide an appropriate time to call at <tel_num> for this discussion.",2,2,1,1,1,1,1,2
10872,56a076a9a528ea22ea383b1f149ce3f05fa3ff11,high,2,global_h2,True,False,False,False,,,Change,en,Service Outages and Maintenance,0.25233382,0.4462892,0.30137706,"Strengthened Security for Medical Data Customer Support, I am writing to draw your attention to the need for implementing enhanced security protocols to safeguard medical data across all affected software and hardware systems. Given the sensitive nature of the medical information, robust protection measures are essential to prevent unauthorized access, breaches, and data loss. To achieve this, it is crucial to conduct a thorough risk assessment to identify vulnerabilities in the current systems. We should then follow up with the implementation of advanced encryption technologies.","strengthened security for medical data customer support, i am writing to draw your attention to the need for implementing enhanced security protocols to safeguard medical data across all affected software and hardware systems. given the sensitive nature of the medical information, robust protection measures are essential to prevent unauthorized access, breaches, and data loss. to achieve this, it is crucial to conduct a thorough risk assessment to identify vulnerabilities in the current systems. we should then follow up with the implementation of advanced encryption technologies.",2,2,2,2,2,2,2,2
11095,b6c86bf692b1afe4d2eed67b8cfbc16f52397dfb,high,2,global_h2,True,False,False,False,,,Request,en,Billing and Payments,0.06207013,0.30707017,0.6308597,"Secure Medical Data Services Customer Support, seeking clarification on the security measures your company employs to safeguard medical data through our services. Kindly furnish comprehensive details on the protocols and technologies utilized to ensure the protection of sensitive medical information. This should include data encryption methods, access control mechanisms, and compliance with relevant regulations such as HIPAA. Also, any additional resources or documentation that outline your approach to securing medical data would be appreciated. Thank you for your prompt assistance, and I look forward to your response.","secure medical data services customer support, seeking clarification on the security measures your company employs to safeguard medical data through our services. kindly furnish comprehensive details on the protocols and technologies utilized to ensure the protection of sensitive medical information. this should include data encryption methods, access control mechanisms, and compliance with relevant regulations such as hipaa. also, any additional resources or documentation that outline your approach to securing medical data would be appreciated. thank you for your prompt assistance, and i look forward to your response.",0,0,0,2,1,0,2,2
11106,491c0dacbdc0b4c4710d9df60b224b1acce43f6a,high,2,global_h2,True,False,True,False,,,Incident,en,IT Support,0.7112356,0.255158,0.033606417,Problem with Netgear Nighthawk Mesh We have encountered connectivity problems with the Netgear Nighthawk Mesh Wi-Fi after the recent software update. Rebooting and adjusting network settings did not resolve the issue. We need help to restore connectivity.,problem with netgear nighthawk mesh we have encountered connectivity problems with the netgear nighthawk mesh wi-fi after the recent software update. rebooting and adjusting network settings did not resolve the issue. we need help to restore connectivity.,2,2,2,2,2,1,1,1
11767,0cd7deef4b386b6546352b6700dddb17c54130a9,high,2,global_h2,True,False,True,False,,,Incident,en,Technical Support,0.5814671,0.3888094,0.029723521,Issue with Laravel Application We are experiencing connection issues with our Laravel application.,issue with laravel application we are experiencing connection issues with our laravel application.,2,2,2,1,2,2,2,2
11880,76811a1c1fba8137210735dafaa88ad06699d6b0,high,2,global_h2,True,False,False,False,,,Incident,en,IT Support,0.6996077,0.24438316,0.056009192,"A data breach incident has occurred, potentially compromising sensitive medical data due to a malware attack on outdated software systems. Despite immediately scanning the systems with Malwarebytes updated software, the threats have persisted. Ongoing investigations are being conducted to secure network systems and prevent future incidents. We are working diligently to resolve the issue and ensure the security of our systems.","a data breach incident has occurred, potentially compromising sensitive medical data due to a malware attack on outdated software systems. despite immediately scanning the systems with malwarebytes updated software, the threats have persisted. ongoing investigations are being conducted to secure network systems and prevent future incidents. we are working diligently to resolve the issue and ensure the security of our systems.",2,2,2,1,2,2,2,2
12124,c9fba599292eaa3a23f7def14eb3b0083d5da462,high,2,global_h2,True,False,True,False,,,Change,de,Technical Support,0.051276222,0.70151085,0.24721287,"Optimierung von Integrationsmöglichkeiten Ich möchte eine Erweiterung der Integrationsmöglichkeiten für einen flüssigen Datenaustausch zwischen Maple, SAP ERP und den betroffenen Produkten anfordern. Ziel ist es, die Gesamteffizienz und Produktivität zu verbessern.","optimierung von integrationsmöglichkeiten ich möchte eine erweiterung der integrationsmöglichkeiten für einen flüssigen datenaustausch zwischen maple, sap erp und den betroffenen produkten anfordern. ziel ist es, die gesamteffizienz und produktivität zu verbessern.",2,2,2,2,2,2,2,2
12159,6b17a7e2bab0fbb68cf95657e4cf21d0f9c6c13e,high,2,global_h2,True,True,False,False,,,Request,de,Customer Service,0.05201154,0.7358458,0.21214272,"Suche nach Optimierung des Anlageportfolios Geliebtes Kundenservice-Team, wir wenden uns an Sie, um zu erfahren, welche Datenanalysen uns bei der Optimierung unseres Anlageportfolios unterstützen können. Könnten Sie uns mehr über die Werkzeuge und Techniken erzählen, die zur Verfügung stehen, um Marktentwicklungen zu analysieren und datenbasierte Investitionsentscheidungen zu treffen? Wir freuen uns auf Ratschläge und Unterstützung, um unsere Plattform zu starten und Art der Unterstützung, die wir benötigen, anzubieten. Vielen Dank im Voraus für Ihre Rückmeldung.","suche nach optimierung des anlageportfolios geliebtes kundenservice-team, wir wenden uns an sie, um zu erfahren, welche datenanalysen uns bei der optimierung unseres anlageportfolios unterstützen können. könnten sie uns mehr über die werkzeuge und techniken erzählen, die zur verfügung stehen, um marktentwicklungen zu analysieren und datenbasierte investitionsentscheidungen zu treffen? wir freuen uns auf ratschläge und unterstützung, um unsere plattform zu starten und art der unterstützung, die wir benötigen, anzubieten. vielen dank im voraus für ihre rückmeldung.",1,1,0,2,1,1,0,1
12641,76c18f0e6f3e2a3cc74f9affe641d6bcf904319f,high,2,global_h2,True,True,False,False,,,Change,en,IT Support,0.13548598,0.5137698,0.35074422,"Improved Security Protocols for Healthcare Data Handling Kindly draw attention to the necessity of enhancing security measures for the management of medical data across all affected software and hardware systems. It is imperative to safeguard sensitive patient information from unauthorized access and data breaches. We request immediate action to review and update the security protocols to ensure the confidentiality, integrity, and availability of medical data. This includes encrypting the data, implementing access controls, and conducting regular security audits.","improved security protocols for healthcare data handling kindly draw attention to the necessity of enhancing security measures for the management of medical data across all affected software and hardware systems. it is imperative to safeguard sensitive patient information from unauthorized access and data breaches. we request immediate action to review and update the security protocols to ensure the confidentiality, integrity, and availability of medical data. this includes encrypting the data, implementing access controls, and conducting regular security audits.",1,1,2,2,2,2,2,2
12733,9e29a70d2ddb7fc130ed4480c71c137f6a0aaaef,high,2,global_h2,True,False,False,False,,,Incident,en,Technical Support,0.8280959,0.14682108,0.025083046,"Network Outage Impacts Data Analytics Tools Recently encountered an unexpected network outage that has adversely affected our essential data analytics tools. The problem might be related to router misconfigurations. Despite attempting to reboot the WLAN router and reset network settings, the issue persists, causing delays in our investment optimization processes. Urgent assistance is required to resolve this issue.","network outage impacts data analytics tools recently encountered an unexpected network outage that has adversely affected our essential data analytics tools. the problem might be related to router misconfigurations. despite attempting to reboot the wlan router and reset network settings, the issue persists, causing delays in our investment optimization processes. urgent assistance is required to resolve this issue.",2,2,2,2,2,2,1,2
12802,20e1c944be7302c746505924efea5a9c19a93002,high,2,global_h2,True,False,False,False,,,Problem,en,IT Support,0.6813401,0.28251284,0.036147058,Problem with Project Dashboards Users are unable to access the dashboard updates; clearing the cache resolves the issue.,problem with project dashboards users are unable to access the dashboard updates; clearing the cache resolves the issue.,0,2,0,1,0,1,1,1
13028,458d4dd2f533443361c88369f8d685aa20cc816b,high,2,global_h2,True,True,False,False,,,Problem,en,Product Support,0.686834,0.27104864,0.04211738,"Assistance Required for Brand Growth Our digital strategies have hit a roadblock as brand growth has stagnated, leading to a decrease in engagement and ROI. After analyzing the metrics and adjusting our ad spend, we've seen some improvement. We suspect there might be a misalignment between our target audience and marketing channels.","assistance required for brand growth our digital strategies have hit a roadblock as brand growth has stagnated, leading to a decrease in engagement and roi. after analyzing the metrics and adjusting our ad spend, we've seen some improvement. we suspect there might be a misalignment between our target audience and marketing channels.",1,1,1,1,1,2,2,2
13271,c4971f50966f12c62bd1becda50f41e0692e2423,high,2,global_h2,True,True,True,False,,,Incident,en,Technical Support,0.79638636,0.17375705,0.029856648,"Critical Data Analytics Report Generation Failure Due to Software Compatibility Issues Dear Customer Support, the critical data analytics report failed to generate due to software compatibility issues arising from recent updates. I have attempted reinstalling the affected software and restarting the systems, but the issue still persists. I need assistance to resolve this matter urgently to avoid any delays.","critical data analytics report generation failure due to software compatibility issues dear customer support, the critical data analytics report failed to generate due to software compatibility issues arising from recent updates. i have attempted reinstalling the affected software and restarting the systems, but the issue still persists. i need assistance to resolve this matter urgently to avoid any delays.",2,2,2,2,2,2,2,2
13530,4cb921daf04010d51f20ca518d6bde69b03024c0,high,2,global_h2,True,False,False,False,,,Incident,en,Technical Support,0.8780204,0.10587105,0.016108546,Problem with Integrated System There is a failure in the integrated system that is impacting several tools and threatening data security. The Anker USB-C Ethernet Adapter might be the cause of network instability.,problem with integrated system there is a failure in the integrated system that is impacting several tools and threatening data security. the anker usb-c ethernet adapter might be the cause of network instability.,2,2,2,2,2,2,2,1
13699,a5da31010e94a867570c6833b3efd29ecba330ec,high,2,global_h2,True,False,True,False,,,Request,en,Returns and Exchanges,0.030277627,0.42299026,0.5467321,Inquiry About Digital Strategies for the Dell UltraSharp U2720Q Looking for detailed information on digital strategies related to products like the Dell UltraSharp U2720Q. Interested in learning a market promotion plan for this product. Would greatly appreciate the information provided on this topic.,inquiry about digital strategies for the dell ultrasharp u2720q looking for detailed information on digital strategies related to products like the dell ultrasharp u2720q. interested in learning a market promotion plan for this product. would greatly appreciate the information provided on this topic.,1,1,1,1,1,1,1,1
13823,e21981b05304b29b790a00688a3ecff6e6a054b1,high,2,global_h2,True,False,True,False,,,Incident,en,Product Support,0.74623024,0.22684184,0.026927887,Tool System Update Issues Multiple software tools experiencing malfunctions,tool system update issues multiple software tools experiencing malfunctions,0,0,2,2,2,1,2,2
14003,28fd52622ea43efc55097ca9663252bdcccd005a,high,2,global_h2,True,True,False,False,,,Incident,en,IT Support,0.14992042,0.36607188,0.48400772,"Traffic Concern Prepared a report on the unexpected decline in website traffic and ad performance across various digital channels. This might be related to recent Google algorithm updates impacting SEO tactics. Efforts to revert changes in Drupal Commerce have been made, but the issue remains unresolved. The team has already executed several troubleshooting steps and has noticed some positive signs. We would greatly appreciate your assistance in identifying the root cause and providing guidance on how to resolve it. Please confirm your availability for a call at <tel_num> to discuss this further.","traffic concern prepared a report on the unexpected decline in website traffic and ad performance across various digital channels. this might be related to recent google algorithm updates impacting seo tactics. efforts to revert changes in drupal commerce have been made, but the issue remains unresolved. the team has already executed several troubleshooting steps and has noticed some positive signs. we would greatly appreciate your assistance in identifying the root cause and providing guidance on how to resolve it. please confirm your availability for a call at <tel_num> to discuss this further.",2,2,2,2,2,2,2,2
14310,61e978127f58b5477b19ba4d2f7ee6e006a9b81d,high,2,global_h2,True,True,False,False,,,Change,en,Product Support,0.20649722,0.49229586,0.30120695,"Improved Security Measures in Hospitals Customer Support, could you elaborate on the current implementation of enhanced security protocols for data encryption of medical data within hospital systems? This is a critical issue for hospitals handling sensitive patient information. Robust security measures are essential to prevent data breaches and protect patient confidentiality. Could you provide information on the current security protocols and any plans for upgrading them? Additionally, I would appreciate any resources that can ensure compliance with relevant regulations and standards.","improved security measures in hospitals customer support, could you elaborate on the current implementation of enhanced security protocols for data encryption of medical data within hospital systems? this is a critical issue for hospitals handling sensitive patient information. robust security measures are essential to prevent data breaches and protect patient confidentiality. could you provide information on the current security protocols and any plans for upgrading them? additionally, i would appreciate any resources that can ensure compliance with relevant regulations and standards.",2,2,1,2,2,1,2,2
14587,b461a82401c6c812ef561089182626ff3bbaec2d,high,2,global_h2,True,True,False,False,,,Problem,en,Billing and Payments,0.65937567,0.2897305,0.05089385,"Support Security There has been unauthorized access to patient data, which we believe may be due to vulnerabilities in the infrastructure. We have enhanced security by updating the software.","support security there has been unauthorized access to patient data, which we believe may be due to vulnerabilities in the infrastructure. we have enhanced security by updating the software.",1,1,1,1,1,1,1,1
14640,a64ddafe1e8439682efa201cb4ac6bfb73dab62d,high,2,global_h2,True,False,True,False,,,Request,en,Technical Support,0.026957614,0.19062243,0.78242,Support from Data Analytics Team Is it possible to get detailed information on data analytics solutions that can optimize investment strategies? This would greatly assist in making informed decisions. We are looking for a comprehensive solution that can provide insights and recommendations. Thank you for your assistance. We look forward to hearing from you soon. Please include any relevant information or documentation that you think would be helpful.,support from data analytics team is it possible to get detailed information on data analytics solutions that can optimize investment strategies? this would greatly assist in making informed decisions. we are looking for a comprehensive solution that can provide insights and recommendations. thank you for your assistance. we look forward to hearing from you soon. please include any relevant information or documentation that you think would be helpful.,2,2,0,1,2,2,2,2
15060,2226c26b1d796db223568689e9e64d0b9ea51d26,high,2,global_h2,True,True,False,False,,,Problem,en,Technical Support,0.79550254,0.17823006,0.026267285,"Trouble with Audio While integrating a data analytics platform with Microsoft Teams, I encountered audio lag during voice communications, which I believe is due to bandwidth limitations using a KVM switch with multiple peripherals. I have already tried resetting the network connection and updating device drivers, but the issue still persists. I need assistance to resolve this problem.","trouble with audio while integrating a data analytics platform with microsoft teams, i encountered audio lag during voice communications, which i believe is due to bandwidth limitations using a kvm switch with multiple peripherals. i have already tried resetting the network connection and updating device drivers, but the issue still persists. i need assistance to resolve this problem.",0,0,2,2,2,2,2,2
15246,d9180587bb1aef0d175bfee3b3c90b6ef5cc00c9,high,2,global_h2,True,False,True,False,,,Problem,en,Billing and Payments,0.52044123,0.42803222,0.051526435,"Account Problem Noted the occurrence of unauthorized charges on your account during a specific month across various products. This might have happened due to a billing system glitch or account compromise. So far, we have verified your account security settings and reviewed recent transactions. We kindly ask for your assistance in investigating and resolving the matter as soon as possible to prevent any further unauthorized activity.","account problem noted the occurrence of unauthorized charges on your account during a specific month across various products. this might have happened due to a billing system glitch or account compromise. so far, we have verified your account security settings and reviewed recent transactions. we kindly ask for your assistance in investigating and resolving the matter as soon as possible to prevent any further unauthorized activity.",2,2,2,2,2,2,2,2
16038,1f81d0dd8989812927c105349e5d69f94e113be4,high,2,global_h2,True,False,True,False,,,Problem,de,IT Support,0.11994433,0.8406706,0.039385114,"Unerlaubten Zugriff auf medizinische Daten bei dem Krankenhaus-IT-System entdeckt Es wurde ein unerlaubter Zugriff auf medizinische Daten im IT-System des Krankenhauses festgestellt. Dies scheint auf veraltete Sicherheitsprotokolle zurückzuführen sein. Bislang wurden Passwortsicherheitsrichtlinien und das Überwachen von Zugriffsmustern berücksichtigt. Wir bitten höflich um Unterstützung bei einem gründlichen Sicherheitsaudit und der Implementierung zusätzlicher Maßnahmen, um zukünftige Vorfälle zu verhindern.","unerlaubten zugriff auf medizinische daten bei dem krankenhaus-it-system entdeckt es wurde ein unerlaubter zugriff auf medizinische daten im it-system des krankenhauses festgestellt. dies scheint auf veraltete sicherheitsprotokolle zurückzuführen sein. bislang wurden passwortsicherheitsrichtlinien und das überwachen von zugriffsmustern berücksichtigt. wir bitten höflich um unterstützung bei einem gründlichen sicherheitsaudit und der implementierung zusätzlicher maßnahmen, um zukünftige vorfälle zu verhindern.",2,2,2,2,2,1,1,2
16095,d9633866b00194f99e52aa27a422cd4bdee25a25,high,2,global_h2,True,True,False,False,,,Change,de,Customer Service,0.09258914,0.70002484,0.20738599,"Verbessern der Digitallandungsforschung Ich schreibe, um Verbesserungen der digitallandungsforschungsmethoden zu fordern und um die Markenwachstumsstrategie mehrerer Plattformen und Produkte zu unterstützen. Wir sollten die Online-Präsenz erhöhen, um eine breitere Zielgruppe zu erreichen. Ich schätze, dass Sie die Angelegenheit behandeln und einen Implementierungsplan erstellen könnten.","verbessern der digitallandungsforschung ich schreibe, um verbesserungen der digitallandungsforschungsmethoden zu fordern und um die markenwachstumsstrategie mehrerer plattformen und produkte zu unterstützen. wir sollten die online-präsenz erhöhen, um eine breitere zielgruppe zu erreichen. ich schätze, dass sie die angelegenheit behandeln und einen implementierungsplan erstellen könnten.",2,2,0,1,1,2,2,2
16226,2803453a2ba4034375dcba168c4e329b4c690cf8,high,2,global_h2,True,True,False,False,,,Incident,de,Technical Support,0.53602433,0.41282025,0.051155407,Problem mit dem Analysewerkzeug Die aktuell übermittelten Datenanalyse-Nachrichten sind aufgrund neuer Software-Updates nicht mehr exakt. Nach Überprüfung der Datenintegrität und Neustart des Programms behalten die Probleme bestanden.,problem mit dem analysewerkzeug die aktuell übermittelten datenanalyse-nachrichten sind aufgrund neuer software-updates nicht mehr exakt. nach überprüfung der datenintegrität und neustart des programms behalten die probleme bestanden.,2,2,2,2,1,2,2,2
16318,df3620ab08510af136ab8ab2d3bae5040a6c4b35,high,2,global_h2,True,True,False,False,,,Incident,de,Technical Support,0.42530844,0.52356815,0.051123437,"Nötige Unterstützung für Anfrage Die Datenanalyse-Plattform wurde aktualisiert, jedoch ist die Anleitungsboerse in Echtzeit nicht zu aktualisieren. Dies liegt aufgrund von Server-Overloads und einem Software-Fehler. Die Anwendung wurde neu gestartet und der Cache geleert, jedoch behält das Problem trotzdem bestehen. Die Anleitungsboerse spiegelt die aktuellen Marktentwicklungen wider und beeinträchtigt den Entscheidungsprozess. Wir freuen uns, schnellstmöglich das Problem zu untersuchen und eine Lösung anzubieten.","nötige unterstützung für anfrage die datenanalyse-plattform wurde aktualisiert, jedoch ist die anleitungsboerse in echtzeit nicht zu aktualisieren. dies liegt aufgrund von server-overloads und einem software-fehler. die anwendung wurde neu gestartet und der cache geleert, jedoch behält das problem trotzdem bestehen. die anleitungsboerse spiegelt die aktuellen marktentwicklungen wider und beeinträchtigt den entscheidungsprozess. wir freuen uns, schnellstmöglich das problem zu untersuchen und eine lösung anzubieten.",2,2,2,2,2,2,2,2
16456,8bad6e793a45ea7d0b020021a0e0157e41fb9d46,high,2,global_h2,True,False,False,False,,,Request,de,IT Support,0.017941887,0.82674354,0.15531455,"Hilfe bei Anlagen-Daten Kontaktieren Sie uns für weitere Optimierungen Ihrer Anlagestrategien und Datenaufbereitungslösungen. Wir sind bereit, Ihnen weitere Informationen zu diesem Thema bereitzustellen.","hilfe bei anlagen-daten kontaktieren sie uns für weitere optimierungen ihrer anlagestrategien und datenaufbereitungslösungen. wir sind bereit, ihnen weitere informationen zu diesem thema bereitzustellen.",2,2,1,2,1,1,2,2
16852,ef9cef33c7656ff9bf78bea9d743667d0f23b31f,high,2,global_h2,True,True,True,False,,,Request,de,IT Support,0.037686795,0.8617809,0.10053226,Hilfe bei der Integration des Projektor in ClickUp und RapidMiner Können Sie detaillierte Integrationsanweisungen für die Nutzung des Projektor in ClickUp und RapidMiner bereitstellen?,hilfe bei der integration des projektor in clickup und rapidminer können sie detaillierte integrationsanweisungen für die nutzung des projektor in clickup und rapidminer bereitstellen?,1,1,1,2,1,2,1,1
16920,94dfa1499520f91ce203313a6c3739ee0599f67c,high,2,global_h2,True,True,True,False,,,Incident,de,Service Outages and Maintenance,0.6863513,0.28166014,0.031988647,"Service Unterbrechung wir erleben momentan signifikante Dienstunterbrechungen bei mehreren Integrationsdiensten. es wird vermutet, dass die neuesten Systemupdates die Serverlast erhöht haben. unser team hat versucht, die betroffenen Dienste neu zu starten und die updates rückgängig zu machen, jedoch konnte das problem leider nicht sofort gelöst werden. wir arbeiten intensiv daran, die Ursache zu identifizieren und eine Lösung zu implementieren, um dies so schnell wie möglich zu beheben. bitte entschuldigen Sie die Unannehmlichkeiten und die Unterbrechung, die durch die Dienstunterbrechung verursacht werden mag. wir bedanken uns für Ihr Verständnis und Ihre Geduld. falls Sie weitere Fragen oder Bedenken haben, melden Sie uns bitte. wir informieren Sie gerne über den aktuellen Stand und schätzen Ihre Bemerkungen zu diesem Thema schätzen.","service unterbrechung wir erleben momentan signifikante dienstunterbrechungen bei mehreren integrationsdiensten. es wird vermutet, dass die neuesten systemupdates die serverlast erhöht haben. unser team hat versucht, die betroffenen dienste neu zu starten und die updates rückgängig zu machen, jedoch konnte das problem leider nicht sofort gelöst werden. wir arbeiten intensiv daran, die ursache zu identifizieren und eine lösung zu implementieren, um dies so schnell wie möglich zu beheben. bitte entschuldigen sie die unannehmlichkeiten und die unterbrechung, die durch die dienstunterbrechung verursacht werden mag. wir bedanken uns für ihr verständnis und ihre geduld. falls sie weitere fragen oder bedenken haben, melden sie uns bitte. wir informieren sie gerne über den aktuellen stand und schätzen ihre bemerkungen zu diesem thema schätzen.",2,2,2,2,2,2,2,2
17058,6e0ca19dd2a6404221b121f91d9e0c93e0ca28ba,high,2,global_h2,True,True,False,False,,,Request,de,Technical Support,0.21737874,0.6000609,0.18256037,"Anfrage zur Sicherung medizinischer Daten mit Moodle Redis Sehr geehrte Kundenservice, ich schreibe an, um zu erkunden, wie es möglich ist, medizinische Daten in einem Moodle Redis 6.2 System im Krankenhaus-IT-Umfeld sicherzustellen. Ich suche nach einer robusten und sicheren Systemimplementierung, die sensiblen Patientendaten speichern und verwalten kann. Könnten Sie Rat geben, wie wir Moodle Redis konfigurieren können, um die Vertraulichkeit, Integrität und Verfügbarkeit unserer medizinischen Daten zu gewährleisten? Vorschläge und Ressourcen, die den spezifischen Anforderungen entsprechen, würden uns sehr schätzen. Insbesondere sind wir an Informationen zu Verschlüsselungsmethoden, Zugriffskontrollen und Wiederherstellungsverfahren interessiert. Vielen Dank!","anfrage zur sicherung medizinischer daten mit moodle redis sehr geehrte kundenservice, ich schreibe an, um zu erkunden, wie es möglich ist, medizinische daten in einem moodle redis 6.2 system im krankenhaus-it-umfeld sicherzustellen. ich suche nach einer robusten und sicheren systemimplementierung, die sensiblen patientendaten speichern und verwalten kann. könnten sie rat geben, wie wir moodle redis konfigurieren können, um die vertraulichkeit, integrität und verfügbarkeit unserer medizinischen daten zu gewährleisten? vorschläge und ressourcen, die den spezifischen anforderungen entsprechen, würden uns sehr schätzen. insbesondere sind wir an informationen zu verschlüsselungsmethoden, zugriffskontrollen und wiederherstellungsverfahren interessiert. vielen dank!",2,2,2,2,2,2,1,2
17195,aec9b3ca909e3f05a521834b58ae6260e41339a8,high,2,global_h2,True,True,True,False,,,Request,en,Returns and Exchanges,0.019374019,0.4178419,0.56278414,Enhancing Investment Tactics with MATLAB Would you like to know more about optimizing investment tactics using MATLAB R2021a data analytics services to potentially enhance returns?,enhancing investment tactics with matlab would you like to know more about optimizing investment tactics using matlab r2021a data analytics services to potentially enhance returns?,1,2,1,2,1,1,2,1
17375,eb57471dc3c56c03b8ea44c30981305a5670cdf6,high,2,global_h2,True,False,True,False,,,Request,en,IT Support,0.03184653,0.38489297,0.5832604,"Improvement of Brand Foundation with Digital Strategies Please contact us to inquire about digital strategies that our company offers for brand foundation. Could you provide more details on the offered services and their benefits for your company? I would be glad to share information on our approach to achieving a digital brand presence and better results for your customers, which may assist in your decision-making process if you are considering collaboration. Thank you for your time, and I look forward to your response.","improvement of brand foundation with digital strategies please contact us to inquire about digital strategies that our company offers for brand foundation. could you provide more details on the offered services and their benefits for your company? i would be glad to share information on our approach to achieving a digital brand presence and better results for your customers, which may assist in your decision-making process if you are considering collaboration. thank you for your time, and i look forward to your response.",2,2,1,2,2,1,1,1
17502,01551888752ba9588bc0ea75a4b728a561d3a6a5,high,2,global_h2,True,False,False,False,,,Problem,en,Technical Support,0.5690884,0.36405432,0.0668573,"System Performance Challenges with Data Analytics Tools Currently facing system performance challenges while using data analytics tools for investment optimization. The issue might be due to high CPU usage caused by multiple applications running simultaneously. So far, closing non-essential applications and restarting the system helped to some extent, but the problem still persists. Assistance is needed to resolve this.","system performance challenges with data analytics tools currently facing system performance challenges while using data analytics tools for investment optimization. the issue might be due to high cpu usage caused by multiple applications running simultaneously. so far, closing non-essential applications and restarting the system helped to some extent, but the problem still persists. assistance is needed to resolve this.",2,2,2,2,2,2,2,2
17814,fc5cce8800169d27ce2b0f0f3f41115ad9bc92ce,high,2,global_h2,True,False,True,False,,,Incident,en,Returns and Exchanges,0.4009043,0.38603818,0.21305759,"Assistance Required for Digital Growth Strategies Customer Support, Our products are underperforming on digital platforms, resulting in reduced brand visibility and engagement. This could be due to ineffective marketing strategies and insufficient SEO practices. We have implemented social media campaigns and optimized website content, but the improvements have not been significant. We urgently need assistance to enhance our digital growth strategies and improve our online presence. Our team has tried various approaches, but we have not achieved the desired results. We would appreciate your guidance.","assistance required for digital growth strategies customer support, our products are underperforming on digital platforms, resulting in reduced brand visibility and engagement. this could be due to ineffective marketing strategies and insufficient seo practices. we have implemented social media campaigns and optimized website content, but the improvements have not been significant. we urgently need assistance to enhance our digital growth strategies and improve our online presence. our team has tried various approaches, but we have not achieved the desired results. we would appreciate your guidance.",1,1,1,1,1,1,2,2
17925,a53e4d9d19f268a8c35f356b5248330ed41df685,high,2,global_h2,True,True,True,False,,,Incident,en,Service Outages and Maintenance,0.76247674,0.21413743,0.023385841,Concern Regarding Data Analytics Service Our service for data analytics has encountered a disruption that affects the optimization of your investment. This issue might be due to recent server maintenance.,concern regarding data analytics service our service for data analytics has encountered a disruption that affects the optimization of your investment. this issue might be due to recent server maintenance.,2,2,2,2,2,2,2,2
18151,4e4b4baf56618180c52618d2add4fcac244c7eaa,high,2,global_h2,True,True,True,False,,,Incident,de,Technical Support,0.60218817,0.36073345,0.0370783,"Medizinische Daten und potenzielle Software-Vulnerabilität - Zugangssteuerung gefährdet Medizinische Daten könnten durch eine Software-Vulnerabilität gefährdet sein, insbesondere bei der Zugangssteuerung. Wir haben bereits Aktualisierungen und ein Sicherheitsaudit eingeleitet.","medizinische daten und potenzielle software-vulnerabilität - zugangssteuerung gefährdet medizinische daten könnten durch eine software-vulnerabilität gefährdet sein, insbesondere bei der zugangssteuerung. wir haben bereits aktualisierungen und ein sicherheitsaudit eingeleitet.",2,2,2,2,2,2,2,2
18762,f602465ebb50b0e6f008bcdb550cb718e3b76f87,high,2,global_h2,True,False,False,False,,,Incident,en,Service Outages and Maintenance,0.71439904,0.26241487,0.023186019,Support Service Inquiry Facing a service disruption that is affecting strategic plans,support service inquiry facing a service disruption that is affecting strategic plans,2,2,2,2,2,2,2,2
19154,be1187f9e1293cc1eec5afe91eb3e8a51c55f327,high,2,global_h2,True,True,False,False,,,Incident,en,Product Support,0.53162605,0.28022093,0.18815309,"Support Needed for Misleading Investment Data in Analytics Dashboard The analytics dashboard is currently showing incorrect investment data, which is impacting our decision-making process. This issue might have arisen from a recent software update. Despite trying to revert to previous versions and checking data integrations, the problem still persists. We would greatly appreciate your prompt assistance in resolving this issue. Accurate data is crucial for making informed decisions.","support needed for misleading investment data in analytics dashboard the analytics dashboard is currently showing incorrect investment data, which is impacting our decision-making process. this issue might have arisen from a recent software update. despite trying to revert to previous versions and checking data integrations, the problem still persists. we would greatly appreciate your prompt assistance in resolving this issue. accurate data is crucial for making informed decisions.",0,0,0,1,1,1,1,1
19452,cd9190e7a7205b115cd5ad5362420e5e379a9430,high,2,global_h2,True,True,False,False,,,Incident,en,Technical Support,0.6540765,0.31049693,0.03542652,"Support Needed for Financial Firm's Data Analytics Software The data analytics software used by the financial firm is experiencing crashes, impacting investment analysis. Incompatible updates or low system resources might be the cause. Reinstalling the software after clearing caches resolved the issue.","support needed for financial firm's data analytics software the data analytics software used by the financial firm is experiencing crashes, impacting investment analysis. incompatible updates or low system resources might be the cause. reinstalling the software after clearing caches resolved the issue.",2,2,2,2,2,2,2,2
19653,7edfc7c46ca847afca6263fd7ce499663bbd75e2,high,2,global_h2,True,True,False,False,,,Problem,de,Technical Support,0.24766698,0.72036,0.031972952,"Probleme mit der Datenbankverbindung Das Team hat während des Zugriffs auf Projektdaten in der SaaS-Plattform eine Datenbankverbindung fehler erkannt. Dies könnte auf jüngste Updates von Microsoft SQL Server 2019 und MySQL 8.0 zurückzuführen sein, die die Kompatibilität beeinträchtigen. Versucht hat das Team, die Datenbankdienste neu zu starten und nach neueren Konfigurationsänderungen zu suchen, aber das Problem behält sich bestanden. Hilfe zur Lösung des Problems wird geschätzt, sobald möglich ist.","probleme mit der datenbankverbindung das team hat während des zugriffs auf projektdaten in der saas-plattform eine datenbankverbindung fehler erkannt. dies könnte auf jüngste updates von microsoft sql server 2019 und mysql 8.0 zurückzuführen sein, die die kompatibilität beeinträchtigen. versucht hat das team, die datenbankdienste neu zu starten und nach neueren konfigurationsänderungen zu suchen, aber das problem behält sich bestanden. hilfe zur lösung des problems wird geschätzt, sobald möglich ist.",2,2,2,2,2,2,2,2
19729,722399eeadaa978271fc8899662f99a5f4b98bcb,high,2,global_h2,True,True,False,False,,,Problem,en,IT Support,0.43747902,0.49986628,0.06265462,"Issues Identified in Webex Meetings Facing connectivity problems with Cisco Webex Meetings, which is affecting investment analytics sessions following recent network adjustments made on the Ubiquiti UniFi Dream Machine. Have already rebooted and verified the firewall settings, but the issues continue.","issues identified in webex meetings facing connectivity problems with cisco webex meetings, which is affecting investment analytics sessions following recent network adjustments made on the ubiquiti unifi dream machine. have already rebooted and verified the firewall settings, but the issues continue.",2,2,2,2,2,2,1,1
20097,974b28ba422d02d59f6e92f2cac7cca87e2fa3db,high,2,global_h2,True,False,False,False,,,Incident,de,Human Resources,0.1937576,0.7496657,0.056576777,Sicherheitslücke in Krankenhaus-Systemen identifiziert Es wurde eine Sicherheitslücke in Krankenhaus-Systemen festgestellt.,sicherheitslücke in krankenhaus-systemen identifiziert es wurde eine sicherheitslücke in krankenhaus-systemen festgestellt.,1,1,0,0,0,0,1,1
20127,bf27348b05798b128ec74fd5ec29820c8b97f4e6,high,2,global_h2,True,False,False,False,,,Incident,en,Product Support,0.5254981,0.405305,0.06919688,"Problem with Squarespace Integration Marketing campaigns have been halted due to integration issues with Squarespace and Zapier. This might be related to recent updates. I have tried resetting the connections and reconfiguring the integrations, but the issue still persists. I need assistance to resolve this issue as soon as possible, in case it is convenient for you.","problem with squarespace integration marketing campaigns have been halted due to integration issues with squarespace and zapier. this might be related to recent updates. i have tried resetting the connections and reconfiguring the integrations, but the issue still persists. i need assistance to resolve this issue as soon as possible, in case it is convenient for you.",2,2,2,1,2,1,2,2
20454,634801a6dd3b414fb64c14a86f1f7d71d78b4939,high,2,global_h2,True,False,False,False,,,Incident,en,Technical Support,0.8656824,0.116317734,0.01799986,"Security Breach Involving Medical Data An unauthorized access incident has compromised medical data. This may be due to insufficient firewall protections. Scans have been conducted and protocols updated, but vulnerabilities persist.","security breach involving medical data an unauthorized access incident has compromised medical data. this may be due to insufficient firewall protections. scans have been conducted and protocols updated, but vulnerabilities persist.",1,1,2,2,2,2,2,2
20503,b9c31e796b53dcc6e3fe9611f75cc360631ae9ed,high,2,global_h2,True,False,False,False,,,Incident,de,Technical Support,0.34573844,0.5818249,0.07243658,"System Absturz - Hilfe erforderlich Sehr geehrte Kundenservice-Teams, Wir erleben einen Systemabsturz bei unserer Projektmanagement-Software-as-a-Service, insbesondere die Benutzerzugriffsfunktionen sind beeinträchtigt. Das Problem scheint mit Kompatibilitätsproblemen zu Node.js 14.17 und neueren Updates der integrierten Werkzeuge in Verbindung zu stehen. Obwohl wir versucht haben, den Server neu zu starten und die Updates zu rückgängig zu machen, besteht das Problem weiterhin. Wir benötigen dringend Ihre Unterstützung, um das Problem zu beheben und die vollständige Funktionalität des Systems wiederherzustellen. Bitte geben Sie uns eine schnelle Lösung und leiten Sie die notwendigen Schritte zur Lösung des Problems ein. Wir danken Ihnen für Ihre dringende Beachtung des Problems.","system absturz - hilfe erforderlich sehr geehrte kundenservice-teams, wir erleben einen systemabsturz bei unserer projektmanagement-software-as-a-service, insbesondere die benutzerzugriffsfunktionen sind beeinträchtigt. das problem scheint mit kompatibilitätsproblemen zu node.js 14.17 und neueren updates der integrierten werkzeuge in verbindung zu stehen. obwohl wir versucht haben, den server neu zu starten und die updates zu rückgängig zu machen, besteht das problem weiterhin. wir benötigen dringend ihre unterstützung, um das problem zu beheben und die vollständige funktionalität des systems wiederherzustellen. bitte geben sie uns eine schnelle lösung und leiten sie die notwendigen schritte zur lösung des problems ein. wir danken ihnen für ihre dringende beachtung des problems.",2,2,2,2,2,2,2,2
20548,029da02be16992909b1d7a1efd59cb24dc988e92,high,2,global_h2,True,False,False,False,,,Request,de,Billing and Payments,0.107377514,0.5936511,0.29897133,"Beratung zu Sicherung medizinischer Daten auf IBM Cloud Lieber Kundenservice, ich möchte mich an Sie wenden, um die besten Praktiken zur Sicherung medizinischer Daten auf IBM Cloud zu erlangen, insbesondere für den Bereich der IT-Abteilung eines Krankenhauses. Ich würde gern Empfehlungen zu Richtlinien zur Verschlüsselung der Daten, Zugriffssteuerungen und der Einhaltung relevanter Vorschriften bekommen. Darüber hinaus interessiere ich mich für zusätzliche Sicherheitsfunktionen von IBM Cloud, die verwendet werden können, um vertrauliche medizinische Informationen zu schützen. Ich freue mich auf Ihre Unterstützung. Vielen Dank für Ihre Zeit.","beratung zu sicherung medizinischer daten auf ibm cloud lieber kundenservice, ich möchte mich an sie wenden, um die besten praktiken zur sicherung medizinischer daten auf ibm cloud zu erlangen, insbesondere für den bereich der it-abteilung eines krankenhauses. ich würde gern empfehlungen zu richtlinien zur verschlüsselung der daten, zugriffssteuerungen und der einhaltung relevanter vorschriften bekommen. darüber hinaus interessiere ich mich für zusätzliche sicherheitsfunktionen von ibm cloud, die verwendet werden können, um vertrauliche medizinische informationen zu schützen. ich freue mich auf ihre unterstützung. vielen dank für ihre zeit.",1,1,0,2,1,1,1,1
20997,8d377f1c548624760463b804089a163d79f168ea,high,2,global_h2,True,True,True,False,,,Problem,en,Returns and Exchanges,0.68739235,0.2770944,0.035513226,"Support Inquiry for Adobe Premiere Pro 2021 Facing challenges with Adobe Premiere Pro 2021 frequently crashing on MacBook Pro during video edits, suspecting compatibility problems. Consider reinstallation of the software and updating the operating system to fix the issue.","support inquiry for adobe premiere pro 2021 facing challenges with adobe premiere pro 2021 frequently crashing on macbook pro during video edits, suspecting compatibility problems. consider reinstallation of the software and updating the operating system to fix the issue.",1,1,2,2,2,2,2,2
21238,5ca95aebced8afdeea96ceba59785c691932ee54,high,2,global_h2,True,True,True,False,,,Incident,de,Service Outages and Maintenance,0.43704113,0.52629936,0.036659524,"geehrte Kundenservice, Erfahrungen mit Dienstleistungsunterbrechungen und Systemneustarten aufgrund von Softwarekompatibilitätserfahrungen Node.js 14.17 Ubuntu 20.04 LTS geehrte Kundenservice, leider mussten wir Dienstleistungsunterbrechungen erleben, die mehrere Systeme betreffen und die Sicherung medizinischer Daten beeinträchtigen. Wir haben Systeme neugestartet und Aktualisierungen geprüft, aber das Problem behält sich bestehen. Die Unterbrechung ist unerwartet und beeinträchtigt unsere Fähigkeit, kritische Daten zu erreichen. Wir bitten um Unterstützung, um das Problem bald lösen zu können und weitere Störungen zu vermeiden. Bitte geben Sie uns die nächsten Schritte zur Lösung des Problems bekannt.","geehrte kundenservice, erfahrungen mit dienstleistungsunterbrechungen und systemneustarten aufgrund von softwarekompatibilitätserfahrungen node.js 14.17 ubuntu 20.04 lts geehrte kundenservice, leider mussten wir dienstleistungsunterbrechungen erleben, die mehrere systeme betreffen und die sicherung medizinischer daten beeinträchtigen. wir haben systeme neugestartet und aktualisierungen geprüft, aber das problem behält sich bestehen. die unterbrechung ist unerwartet und beeinträchtigt unsere fähigkeit, kritische daten zu erreichen. wir bitten um unterstützung, um das problem bald lösen zu können und weitere störungen zu vermeiden. bitte geben sie uns die nächsten schritte zur lösung des problems bekannt.",2,2,2,2,2,2,2,2
21251,53dee42fe0a232de4776bad870fc421ea619450c,high,2,global_h2,True,True,False,False,,,Change,de,Service Outages and Maintenance,0.108531244,0.38895884,0.50250995,"Erweiterte Sicherheitsmaßnahmen Sehr geehrte Kundenservice, ich möchte die Sicherheitsmaßnahmen erhöhen, um die medizinischen Daten der Krankenhaus-IT-Infrastruktur zu schützen. Es ist wichtig, Datenverstöße zu vermeiden und die Integrität sensibler Patientendaten zu gewährleisten. Ich hoffe, dass die Angelegenheit schnell und effizient behandelt wird, damit ich mögliche Lösungen erhalten kann.","erweiterte sicherheitsmaßnahmen sehr geehrte kundenservice, ich möchte die sicherheitsmaßnahmen erhöhen, um die medizinischen daten der krankenhaus-it-infrastruktur zu schützen. es ist wichtig, datenverstöße zu vermeiden und die integrität sensibler patientendaten zu gewährleisten. ich hoffe, dass die angelegenheit schnell und effizient behandelt wird, damit ich mögliche lösungen erhalten kann.",2,2,2,2,2,2,2,2
21426,bb25da76beead27c412bd7be018a1ea59a5e3320,high,2,global_h2,True,True,False,False,,,Incident,en,Technical Support,0.79215175,0.18187772,0.025970597,"Request for Technical Support Due to System Downtime Our marketing agency has experienced system failures, which have significantly impacted our critical digital strategies due to increased server load from higher traffic. We restarted the servers and cleared the caches, but the issues persist. We urgently need assistance to resolve this matter.","request for technical support due to system downtime our marketing agency has experienced system failures, which have significantly impacted our critical digital strategies due to increased server load from higher traffic. we restarted the servers and cleared the caches, but the issues persist. we urgently need assistance to resolve this matter.",1,1,2,1,2,2,2,2
21710,6d82a4c424c1391074e8ffc88d787d5c3b6342c6,high,2,global_h2,True,True,False,False,,,Incident,en,Technical Support,0.7471035,0.2206538,0.032242738,"Server Issues Noted experiencing unexpected downtime on the project management platform during peak usage hours due to increased server load. Restarted servers and cleared caches, but the issue still persists. Need assistance to resolve it.","server issues noted experiencing unexpected downtime on the project management platform during peak usage hours due to increased server load. restarted servers and cleared caches, but the issue still persists. need assistance to resolve it.",2,2,2,1,2,2,2,2
21816,9f48bf8f50d852bc85a771f001af3cbb32f1a8dd,high,2,global_h2,True,False,True,False,,,Problem,en,IT Support,0.68172854,0.2730106,0.045260858,"Acknowledgment of Data Breach at Healthcare Facility A data breach has been detected at a healthcare facility, which has compromised medical data. The likely cause is outdated systems and inadequate security measures. Immediate action is required to protect sensitive information and prevent further breaches. Antivirus scans and a security audit have been conducted to identify vulnerabilities.","acknowledgment of data breach at healthcare facility a data breach has been detected at a healthcare facility, which has compromised medical data. the likely cause is outdated systems and inadequate security measures. immediate action is required to protect sensitive information and prevent further breaches. antivirus scans and a security audit have been conducted to identify vulnerabilities.",2,2,2,2,2,2,2,2
21898,a5d5d1126dbb3c99b502b9bb932cb05a603e0938,high,2,global_h2,True,False,True,False,,,Incident,de,Service Outages and Maintenance,0.41983992,0.5411487,0.03901134,"Unterstützung erforderlich bei großer Dienstunterbrechung Es besteht ein großer Dienstausfall, der den Zugriff auf Gesundheitsdienstleistungsdaten beeinträchtigt. Mögliche Ursachen sind Netzwerkonfigurationsfehler oder Sicherheitslücken. Die IT-Abteilung versucht, die Dienste neu zu starten und die Verbindung zu überprüfen.","unterstützung erforderlich bei großer dienstunterbrechung es besteht ein großer dienstausfall, der den zugriff auf gesundheitsdienstleistungsdaten beeinträchtigt. mögliche ursachen sind netzwerkonfigurationsfehler oder sicherheitslücken. die it-abteilung versucht, die dienste neu zu starten und die verbindung zu überprüfen.",2,2,2,2,2,2,2,2
22432,552ea628c7c67d226671105192ce4cc2d842311a,high,2,global_h2,True,True,True,False,,,Incident,de,IT Support,0.49573204,0.4544181,0.04984988,"Hilfe bei Systemausfall erforderlich Es gab einen kritischen Systemausfall, der die Projektleitungszeiten beeinträchtigt hat. Durch Neustart der Dienste und Skalierung der Ressourcen wurde der Ausfall jedoch gelöst.","hilfe bei systemausfall erforderlich es gab einen kritischen systemausfall, der die projektleitungszeiten beeinträchtigt hat. durch neustart der dienste und skalierung der ressourcen wurde der ausfall jedoch gelöst.",2,2,2,2,2,2,2,2
22753,b6e780a4ed74c37a349dc8ab7d024fc59f85e250,high,2,global_h2,True,False,False,False,,,Incident,de,Technical Support,0.36018687,0.58813775,0.05167537,"Betroffene Systemausfälle bei der Projektmanagement-Plattform Sehr geehrte Kundensupport, wir melden einen Systemausfall bei der Projektmanagement-Plattform, der Benutzerzugriff beeinträchtigt. Wir vermuten, dass dies auf eine Serverüberlastung zurückzuführen ist, die auf der Gipfelutzungshöhe basiert. Wir haben versucht, die betroffenen Dienste neu zu starten und die Ressourcenallokation zu erhöhen, aber das Problem behält sich beständig. Bitte helfen Sie uns, das Problem schnellstmöglich zu lösen, um den Einfluss auf die Benutzer zu minimieren. Informieren Sie uns bitte, wenn weitere Informationen benötigt werden, um den Lösungsprozess voranzutreiben.","betroffene systemausfälle bei der projektmanagement-plattform sehr geehrte kundensupport, wir melden einen systemausfall bei der projektmanagement-plattform, der benutzerzugriff beeinträchtigt. wir vermuten, dass dies auf eine serverüberlastung zurückzuführen ist, die auf der gipfelutzungshöhe basiert. wir haben versucht, die betroffenen dienste neu zu starten und die ressourcenallokation zu erhöhen, aber das problem behält sich beständig. bitte helfen sie uns, das problem schnellstmöglich zu lösen, um den einfluss auf die benutzer zu minimieren. informieren sie uns bitte, wenn weitere informationen benötigt werden, um den lösungsprozess voranzutreiben.",2,2,2,1,2,2,2,2
22794,13e80cad68cb954daa271ffdd0c04812d75718c4,high,2,global_h2,True,True,False,False,,,Incident,en,Technical Support,0.46905538,0.3189844,0.21196021,"Issues with the Data Analysis Application Dear Customer Support Department, I am writing to report an issue with the Data Analysis Application. The application crash during the presentation has resulted from insufficient system resources and software conflicts. Despite restarting the affected device and reinstalling the application, the problem persists. I would appreciate it if you could urgently examine the issue and provide a solution to resolve the matter quickly. Please inform me if you need more information. Thank you for your engagement in resolving this issue.","issues with the data analysis application dear customer support department, i am writing to report an issue with the data analysis application. the application crash during the presentation has resulted from insufficient system resources and software conflicts. despite restarting the affected device and reinstalling the application, the problem persists. i would appreciate it if you could urgently examine the issue and provide a solution to resolve the matter quickly. please inform me if you need more information. thank you for your engagement in resolving this issue.",2,2,2,2,2,2,2,2
23326,f5fe2e4371d200e3c028ca27f88ad67e47c3301a,high,2,global_h2,True,False,False,False,,,Request,en,Customer Service,0.058676332,0.49652728,0.4447964,Support for Data Analysis Integration Can you provide detailed instructions for integrating data analysis with Monday.com to optimize investments? Thank you very much.,support for data analysis integration can you provide detailed instructions for integrating data analysis with monday.com to optimize investments? thank you very much.,0,0,0,2,0,0,0,0
24315,8aece9e23f5d095a5511c5f35fba1c16288baaac,high,2,global_h2,True,True,False,False,,,Incident,en,Technical Support,0.54548675,0.39660147,0.057911735,"Concern Over Technical Glitches in SaaS Solution Noticed unexpected failures in the SaaS platform which impacts the integrations with Microsoft Word and Adobe Effects. This might be related to recent updates in the applications. We have already tried rolling back to previous versions and boosting server capacity, but the issue continues. Our team is currently working to resolve it and requires your support team to help identify the root cause and implement a solution. Could you please provide guidance on how to proceed with troubleshooting and resolving the issue?","concern over technical glitches in saas solution noticed unexpected failures in the saas platform which impacts the integrations with microsoft word and adobe effects. this might be related to recent updates in the applications. we have already tried rolling back to previous versions and boosting server capacity, but the issue continues. our team is currently working to resolve it and requires your support team to help identify the root cause and implement a solution. could you please provide guidance on how to proceed with troubleshooting and resolving the issue?",1,1,2,1,2,2,2,1
24937,162a1e5140931ff4da5f81c11f09249a27d6bb09,high,2,global_h2,True,True,False,False,,,Incident,de,Technical Support,0.5299367,0.43125612,0.03880728,Bericht über Funktionsstörung bei Investment-Optimierungstools Systemcrash während der Datenverarbeitung,bericht über funktionsstörung bei investment-optimierungstools systemcrash während der datenverarbeitung,2,2,2,2,2,2,2,2
25354,50639f84aa7231af70df2ff3b8026bc115cfb6d1,high,2,global_h2,True,True,True,False,,,Request,en,Billing and Payments,0.05249555,0.69153994,0.25596452,Exploring Data Analytics for Investment in Adobe Creative Cloud and Zoho Books Could you provide more details on using data analytics for investment in Adobe Creative Cloud and Zoho Books? I need some guidance on integrating these tools.,exploring data analytics for investment in adobe creative cloud and zoho books could you provide more details on using data analytics for investment in adobe creative cloud and zoho books? i need some guidance on integrating these tools.,1,1,1,2,1,1,1,1
25362,32d2d97888877884a97c5058de556f465e50d731,high,2,global_h2,True,True,False,False,,,Incident,en,Product Support,0.72461116,0.23218723,0.04320167,"Issue with Online Engagement experiencing a notable decline in online engagement for the brand. The recent modifications in the digital strategy are suspected to be due to incorrect configurations of the tools. Despite reviewing digital campaigns and adjusting target parameters, no visible improvement has been observed. The team has been searching for technical issues on the website and social media platforms, but it seems the situation is under control. Appreciate your support in identifying the cause of the issue and providing suggestions for improvements.","issue with online engagement experiencing a notable decline in online engagement for the brand. the recent modifications in the digital strategy are suspected to be due to incorrect configurations of the tools. despite reviewing digital campaigns and adjusting target parameters, no visible improvement has been observed. the team has been searching for technical issues on the website and social media platforms, but it seems the situation is under control. appreciate your support in identifying the cause of the issue and providing suggestions for improvements.",2,2,1,2,1,2,2,2
25577,2ccd0b35506eb6ff9b0de45dcb286577c36445c2,high,2,global_h2,True,True,True,False,,,Request,en,IT Support,0.046552762,0.186406,0.76704127,"Could Provide More Insights on Digital Strategies Dear Customer Service, I am writing to request more information on digital strategies, to implement them, and to boost brand growth. Could you provide more details on the methods and techniques used, and the tools that can be employed for success? Detailed information on digital marketing approaches and tools for success measurement would be greatly appreciated. Thank you for your time and support. I look forward to hearing back soon.","could provide more insights on digital strategies dear customer service, i am writing to request more information on digital strategies, to implement them, and to boost brand growth. could you provide more details on the methods and techniques used, and the tools that can be employed for success? detailed information on digital marketing approaches and tools for success measurement would be greatly appreciated. thank you for your time and support. i look forward to hearing back soon.",0,0,0,2,1,2,2,2
25709,4bd7e087e2194f2e892a2c825b860f444dc71fdc,high,2,global_h2,True,False,False,False,,,Problem,de,Technical Support,0.71297336,0.26768056,0.019346127,"Probleme bei Investmentstreuwerkzeug Das Investment-Optimierungswerkzeug erzeugt ungenaue Prognosen, was wahrscheinlich auf neueste Datenaufarbeitungsfehler zurückzuführen ist. Nach Überprüfung der Datenaufnahme sind wir jedoch zu dem Schluss gekommen, dass die Lösung nicht gefunden wurde. Versuche, die Algorithmusparameter zu überprüfen, haben erfolglos gezeigt. Bitte helfen Sie uns, das Problem so bald wie möglich zu lösen.","probleme bei investmentstreuwerkzeug das investment-optimierungswerkzeug erzeugt ungenaue prognosen, was wahrscheinlich auf neueste datenaufarbeitungsfehler zurückzuführen ist. nach überprüfung der datenaufnahme sind wir jedoch zu dem schluss gekommen, dass die lösung nicht gefunden wurde. versuche, die algorithmusparameter zu überprüfen, haben erfolglos gezeigt. bitte helfen sie uns, das problem so bald wie möglich zu lösen.",2,2,2,2,2,2,2,2
25880,3b73a0490613e9e1f72b5108d6791fb4401a0b4a,high,2,global_h2,True,False,True,False,,,Incident,en,Customer Service,0.83445257,0.14472982,0.02081761,Concern About Data Analytics The data analytics tool is experiencing problems likely due to software compatibility issues. Efforts to restart and reconfigure the tool have been unsuccessful.,concern about data analytics the data analytics tool is experiencing problems likely due to software compatibility issues. efforts to restart and reconfigure the tool have been unsuccessful.,1,1,1,1,0,0,0,0
26110,2f24fb287c95816deb9a34e3599560b234d3351e,high,2,global_h2,True,True,True,False,,,Problem,en,Technical Support,0.47112557,0.48859522,0.040279258,"Problems with Network Encountering connection issues with digital tools, network problems affecting growth strategies.","problems with network encountering connection issues with digital tools, network problems affecting growth strategies.",2,2,1,2,2,2,2,2
26386,f7bccc35ced9aab3a25da510c3e6654f3d829a56,high,2,global_h2,True,True,False,False,,,Request,en,Technical Support,0.048304845,0.30981803,0.64187706,"Overview of Digital Marketing Strategies for Brand Growth Can you share details on how digital marketing strategies can enhance brand growth? I am keen to learn about the tactics that can be used to boost brand awareness and customer engagement. Specifically, I would like to know more about social media and content marketing approaches. I look forward to your response and appreciate your assistance.","overview of digital marketing strategies for brand growth can you share details on how digital marketing strategies can enhance brand growth? i am keen to learn about the tactics that can be used to boost brand awareness and customer engagement. specifically, i would like to know more about social media and content marketing approaches. i look forward to your response and appreciate your assistance.",0,0,0,2,1,2,2,2
26696,7e5616f15e9f19e4d022a972af8b3269c828ee77,high,2,global_h2,True,False,False,False,,,Problem,en,Technical Support,0.8436979,0.14049605,0.01580605,Issue with Website Analysis There is an issue with the Website Analysis Participation certificates due to algorithm changes. There are inconsistencies in the campaigns.,issue with website analysis there is an issue with the website analysis participation certificates due to algorithm changes. there are inconsistencies in the campaigns.,0,0,0,2,2,2,1,1
26722,06f9d1cac1ef1318c0b849043b8f38511ecd9803,high,2,global_h2,True,True,False,False,,,Problem,en,IT Support,0.83284533,0.14739865,0.019755967,"Problem with Campaign Tools Despite recent software updates, the digital marketing campaign tools are not updating performance metrics correctly. We have already cleared caches and restarted systems, but the issue still persists.","problem with campaign tools despite recent software updates, the digital marketing campaign tools are not updating performance metrics correctly. we have already cleared caches and restarted systems, but the issue still persists.",2,2,2,2,2,2,2,2
27469,1e7aa0922e42192c10182151b9c6d62bfd0841ca,high,2,global_h2,True,False,True,False,,,Incident,de,Technical Support,0.16235763,0.8090033,0.028639017,"Anfrage Unterstützung Datenschutzverstoß Es ist ein möglicher Datenschutzverstoß mit sensiblen medizinischen Daten aufgetreten, bei dem unautorisierte Zugriff auf unpatchte Softwarevulnerabilitäten zurückzuführen sein könnte. Sofortige Zugriffssperren wurden umgesetzt und ein vollständiger Sicherheitscheck eingeleitet. Der Verstoß wurde in den internen Systemen entdeckt, und sofortige Maßnahmen zur Eindämmung weiterer Schäden wurden ergriffen. Bitte wenden Sie sich an uns, um Unterstützung bei der Untersuchung und Bereitstellung von Anleitungen zur Sicherstellung, dass die Systeme den neuesten Stand der Technik erreichen.","anfrage unterstützung datenschutzverstoß es ist ein möglicher datenschutzverstoß mit sensiblen medizinischen daten aufgetreten, bei dem unautorisierte zugriff auf unpatchte softwarevulnerabilitäten zurückzuführen sein könnte. sofortige zugriffssperren wurden umgesetzt und ein vollständiger sicherheitscheck eingeleitet. der verstoß wurde in den internen systemen entdeckt, und sofortige maßnahmen zur eindämmung weiterer schäden wurden ergriffen. bitte wenden sie sich an uns, um unterstützung bei der untersuchung und bereitstellung von anleitungen zur sicherstellung, dass die systeme den neuesten stand der technik erreichen.",1,1,2,2,2,2,2,2
27825,0c565fbf83cd205834341ffeb7e4216297dc2d83,high,2,global_h2,True,False,False,False,,,Request,de,Technical Support,0.027835391,0.86234486,0.10981975,Support für Datenauswertung Können Sie Berater für die Nutzung von Datenauswertung zur Optimierung von Investitionen bereitstellen?,support für datenauswertung können sie berater für die nutzung von datenauswertung zur optimierung von investitionen bereitstellen?,2,2,2,2,2,2,2,2
27996,3be5511f1279a164c5caadd7a5e283f9a9ead83f,high,2,global_h2,True,True,False,False,,,Incident,de,IT Support,0.5223958,0.44358274,0.03402142,"Unerwartete Systemcrashes bei SaaS-Anwendung verursachen Benutzern Unterbrechungen Das Problem scheint Kompatibilitätsprobleme zu sein, die durch die neuesten Softwareupdaten auf verschiedenen Plattformen verursacht werden. Versuchen Sie, die Dienstleistungen zu starten, die Updates zurückzufahren und nach Hardwarefehlern zu suchen, um das Problem zu beheben.","unerwartete systemcrashes bei saas-anwendung verursachen benutzern unterbrechungen das problem scheint kompatibilitätsprobleme zu sein, die durch die neuesten softwareupdaten auf verschiedenen plattformen verursacht werden. versuchen sie, die dienstleistungen zu starten, die updates zurückzufahren und nach hardwarefehlern zu suchen, um das problem zu beheben.",2,2,2,1,2,2,2,2
28205,9a2e7eaaec0037540c80d5ab749c003121323091,high,2,global_h2,True,False,False,False,,,Problem,en,Returns and Exchanges,0.57968104,0.3269233,0.0933956,Problem with Recent Products Returns have increased due to customer dissatisfaction with Codecademy Nuendo products. Previous campaigns aimed at improving engagement helped resolve the issue.,problem with recent products returns have increased due to customer dissatisfaction with codecademy nuendo products. previous campaigns aimed at improving engagement helped resolve the issue.,2,2,1,2,1,1,2,2
28254,028ef7b6ce67020b96cd398a4fc2072c2dacedfe,high,2,global_h2,True,True,True,False,,,Incident,en,Customer Service,0.3904563,0.5052544,0.10428928,"Assistance with Website Visit Issues Website visits have significantly diminished. Recent algorithm changes might be due to outdated SEO strategies. Analysis of data has involved adjusting key words, yet no improvement has been observed.","assistance with website visit issues website visits have significantly diminished. recent algorithm changes might be due to outdated seo strategies. analysis of data has involved adjusting key words, yet no improvement has been observed.",0,0,0,1,1,0,2,1
1225,2fc07bb15d4a52440fcd5c6117e998dfc046113c,low,0,global_h2,True,True,False,False,,,Request,de,Sales and Pre-Sales,0.049990103,0.49547857,0.4545313,"Hilfe beim digitalen Markenentwicklung Ich möchte mich erkundigen, wie digitale Strategien das Markenwachstum in Unternehmen fördern können, insbesondere bei der Nutzung verschiedener Technologieprodukte. Könnten Sie Details zu Ansätzen bereitstellen, die in der Vergangenheit Unternehmen unterstützt haben? Ich freue mich auf weitere Informationen zu diesem Thema.","hilfe beim digitalen markenentwicklung ich möchte mich erkundigen, wie digitale strategien das markenwachstum in unternehmen fördern können, insbesondere bei der nutzung verschiedener technologieprodukte. könnten sie details zu ansätzen bereitstellen, die in der vergangenheit unternehmen unterstützt haben? ich freue mich auf weitere informationen zu diesem thema.",0,0,0,1,0,0,0,0
1600,d9b029d5d8e191c2e665b9952b067b20a1ffa341,low,0,global_h2,True,True,False,False,,,Request,en,Billing and Payments,0.14054044,0.44390857,0.41555098,"Medical Data Security in Healthcare IT Solutions Dear Customer Service, I would like to inquire about healthcare IT solutions for securing medical data within hospital systems. Could you provide details on the types of solutions offered, encryption techniques, access control mechanisms, and network security measures? Additionally, I would appreciate information on any relevant compliance certifications, such as HIPAA. Furthermore, examples of successful implementation case studies in the healthcare sector would be valuable. I am interested in understanding how these solutions can assist in protecting sensitive medical information and preventing data breaches. Please share this information.","medical data security in healthcare it solutions dear customer service, i would like to inquire about healthcare it solutions for securing medical data within hospital systems. could you provide details on the types of solutions offered, encryption techniques, access control mechanisms, and network security measures? additionally, i would appreciate information on any relevant compliance certifications, such as hipaa. furthermore, examples of successful implementation case studies in the healthcare sector would be valuable. i am interested in understanding how these solutions can assist in protecting sensitive medical information and preventing data breaches. please share this information.",1,1,1,0,1,1,1,1
1654,289ab609efc37b3ab97840a09c0df1a1e5992203,low,0,global_h2,True,True,False,False,,,Incident,en,General Inquiry,0.24595504,0.54261357,0.21143138,"Problems with Data Analytics Platform Customer Support reports that the company's data analytics platform has been experiencing sporadic slowdowns, likely due to higher query volumes. System load was monitored, caches were cleared, yet the issue persisted. To resolve this, we suggest increasing server capacity to manage the rising traffic and optimizing database queries to lessen system load. Our team is available to assist with implementing these solutions. Please inform us if you require further help. Thank you.","problems with data analytics platform customer support reports that the company's data analytics platform has been experiencing sporadic slowdowns, likely due to higher query volumes. system load was monitored, caches were cleared, yet the issue persisted. to resolve this, we suggest increasing server capacity to manage the rising traffic and optimizing database queries to lessen system load. our team is available to assist with implementing these solutions. please inform us if you require further help. thank you.",0,0,0,0,1,0,0,0
1774,a15695a160ce8c888b0e76ee772aad9a40817d0c,low,0,global_h2,True,False,False,False,,,Request,en,Product Support,0.036202837,0.2778779,0.6859193,"Inquiry About Digital Strategies for Brand Development Customer support team, I am reaching out to inquire about digital strategies for brand growth using products such as Shopware and Terraform. Could you provide information on the tools used to facilitate business expansion and enhance customer engagement? I am particularly interested in understanding the implementation process and potential challenges that may occur. Thank you for your time and assistance. I look forward to your response soon.","inquiry about digital strategies for brand development customer support team, i am reaching out to inquire about digital strategies for brand growth using products such as shopware and terraform. could you provide information on the tools used to facilitate business expansion and enhance customer engagement? i am particularly interested in understanding the implementation process and potential challenges that may occur. thank you for your time and assistance. i look forward to your response soon.",0,0,1,1,1,1,2,2
1787,16f3ac2c86326cfbc016d097705186fb409f9a11,low,0,global_h2,True,False,True,False,,,Problem,en,Product Support,0.31724548,0.43550202,0.2472525,"Problems Accessing Healthcare Provider Data Customer Support reports an issue with accessing healthcare provider information. Recently, there have been difficulties retrieving medical records due to potential incompatibilities between hardware and software integrations. The team has tried resolving the problem by rebooting systems, updating drivers, and reinstalling the affected applications. Despite these efforts, the issue remains unresolved. Assistance in investigating this matter and providing a solution at the earliest convenience would be appreciated. Please inform us if any further information is required.","problems accessing healthcare provider data customer support reports an issue with accessing healthcare provider information. recently, there have been difficulties retrieving medical records due to potential incompatibilities between hardware and software integrations. the team has tried resolving the problem by rebooting systems, updating drivers, and reinstalling the affected applications. despite these efforts, the issue remains unresolved. assistance in investigating this matter and providing a solution at the earliest convenience would be appreciated. please inform us if any further information is required.",1,1,1,1,1,1,1,1
1804,65e44fae038c6334f82a71ee2f29140397d0d834,low,0,global_h2,True,False,False,False,,,Incident,en,Technical Support,0.7254432,0.20868936,0.06586745,"Performance Challenges in the System Customer Support team, I am bringing to your attention the ongoing performance problems our company is facing across several products. These issues appear to originate from system conflicts. Our initial troubleshooting included system restarts and basic diagnostic tests. However, despite these efforts, the problems continue, and we are unable to determine the root cause. The performance degradation is significantly impacting our overall productivity and efficiency, making it crucial to find a resolution promptly. We would appreciate any guidance or support you can provide to help resolve these issues.","performance challenges in the system customer support team, i am bringing to your attention the ongoing performance problems our company is facing across several products. these issues appear to originate from system conflicts. our initial troubleshooting included system restarts and basic diagnostic tests. however, despite these efforts, the problems continue, and we are unable to determine the root cause. the performance degradation is significantly impacting our overall productivity and efficiency, making it crucial to find a resolution promptly. we would appreciate any guidance or support you can provide to help resolve these issues.",0,0,2,1,2,2,2,2
1911,6edb5a8290d659636960e52256f0b1da11700973,low,0,global_h2,True,False,False,False,,,Change,en,Technical Support,0.19750929,0.37448788,0.42800277,"Security Enhancement Request Drafting a request to improve security measures that safeguard medical data within the hospital's healthcare infrastructure. The goal is to maintain the confidentiality, integrity, and availability of sensitive patient information. Implementing strong security strategies such as encryption, firewalls, and access controls is believed to reduce the risk of data breaches and cyber threats. Additionally, conducting routine security audits and staff training can help identify and address potential vulnerabilities. Your assistance in reviewing this security enhancement request and providing a plan to strengthen the security protocols, including encryption, firewalls, and access controls, would be greatly appreciated.","security enhancement request drafting a request to improve security measures that safeguard medical data within the hospital's healthcare infrastructure. the goal is to maintain the confidentiality, integrity, and availability of sensitive patient information. implementing strong security strategies such as encryption, firewalls, and access controls is believed to reduce the risk of data breaches and cyber threats. additionally, conducting routine security audits and staff training can help identify and address potential vulnerabilities. your assistance in reviewing this security enhancement request and providing a plan to strengthen the security protocols, including encryption, firewalls, and access controls, would be greatly appreciated.",1,1,1,2,2,2,1,2
2152,a9d1bfb6f61acf182a0b4a99b2199adf5aecce27,low,0,global_h2,True,False,False,False,,,Incident,en,Human Resources,0.5399862,0.27751264,0.18250117,"Data Discrepancy The data analytics platform used for investment optimization encountered a delay in data processing, likely due to server overload or a software defect. Restarting the system and clearing the cache did not resolve the problem. Since the data analytics platform is vital for daily operations, this disruption is causing considerable inconvenience. We would appreciate it if you could investigate this matter urgently and provide a solution as soon as possible. Please let us know if any further information is required to resolve the issue.","data discrepancy the data analytics platform used for investment optimization encountered a delay in data processing, likely due to server overload or a software defect. restarting the system and clearing the cache did not resolve the problem. since the data analytics platform is vital for daily operations, this disruption is causing considerable inconvenience. we would appreciate it if you could investigate this matter urgently and provide a solution as soon as possible. please let us know if any further information is required to resolve the issue.",1,1,2,1,2,1,2,1
2679,c589a3dab07ab3f3961be6258c5f7b936e1839ce,low,0,global_h2,True,False,False,False,,,Request,en,Billing and Payments,0.04958339,0.33947924,0.6109373,"Enhancing Investment Strategies Through Data Analytics Optimization Can you supply comprehensive documentation on how to optimize investment strategies utilizing data analytics tools? Specifically, guidance on effectively learning and applying these tools would be helpful.","enhancing investment strategies through data analytics optimization can you supply comprehensive documentation on how to optimize investment strategies utilizing data analytics tools? specifically, guidance on effectively learning and applying these tools would be helpful.",2,2,1,2,1,1,2,2
3008,ae1528a9d1a62749a50b98f225376ad3def9acbd,low,0,global_h2,True,False,True,False,,,Incident,en,Technical Support,0.21185865,0.3960951,0.39204627,"API Support Request Intermittent API latency issues are affecting data synchronization within the project. I suspect that the overload of Redis 6.2 caches might be the cause. After restarting the Redis server and clearing the cache, the delays persist. I would appreciate a prompt investigation into the problem and assistance in finding a quick solution. Please let me know if you require any additional information to resolve the issue. Thank you for your support; I look forward to your response.","api support request intermittent api latency issues are affecting data synchronization within the project. i suspect that the overload of redis 6.2 caches might be the cause. after restarting the redis server and clearing the cache, the delays persist. i would appreciate a prompt investigation into the problem and assistance in finding a quick solution. please let me know if you require any additional information to resolve the issue. thank you for your support; i look forward to your response.",0,0,0,0,0,1,1,1
3425,3a7c35c4aa5af0c7cb8d55e747665f3d6a71679c,low,0,global_h2,True,True,False,False,,,Incident,de,General Inquiry,0.3289938,0.64625615,0.024750015,"Entdeckung einer Sicherheitsverletzung im Krankenhausinformationssystem Es wird ein vermuteter Sicherheitsverstoß bei medizinischen Daten in den IT-Systemen des Krankenhauses gemeldet. Die Ursache wird auf veraltete Software und unzureichende Zugriffskontrollen zurückgeführt. Erste Maßnahmen zur Behebung des Problems umfassen das Trennen des betroffenen Geräts und das Durchführen von Virenscans; jedoch bestehen weiterhin Herausforderungen. Aufgrund der möglichen Folgen des Verstoßes bitten wir um Unterstützung, um das Problem so schnell wie möglich zu lösen. Wir benötigen Hilfe bei der Ursachenanalyse sowie bei der Umsetzung von Maßnahmen, um ähnliche Vorfälle in Zukunft zu verhindern. Bitte informieren Sie uns.","entdeckung einer sicherheitsverletzung im krankenhausinformationssystem es wird ein vermuteter sicherheitsverstoß bei medizinischen daten in den it-systemen des krankenhauses gemeldet. die ursache wird auf veraltete software und unzureichende zugriffskontrollen zurückgeführt. erste maßnahmen zur behebung des problems umfassen das trennen des betroffenen geräts und das durchführen von virenscans; jedoch bestehen weiterhin herausforderungen. aufgrund der möglichen folgen des verstoßes bitten wir um unterstützung, um das problem so schnell wie möglich zu lösen. wir benötigen hilfe bei der ursachenanalyse sowie bei der umsetzung von maßnahmen, um ähnliche vorfälle in zukunft zu verhindern. bitte informieren sie uns.",1,0,0,1,1,1,1,1
3733,c5a6d561a9868a369733932b065b2f9acf04c07a,low,0,global_h2,True,False,False,False,,,Request,en,Product Support,0.06581441,0.4750584,0.4591272,"Support Inquiry Regarding Marketing Automation Dear Customer Support, I am reaching out to request detailed instructions on integrating SendGrid's marketing automation tools to enhance our brand growth strategies. We are interested in utilizing SendGrid's features to streamline our email marketing efforts and boost customer engagement. Could you please provide a step-by-step guide on how to set up and configure SendGrid within our existing marketing automation platform? Additionally, I would appreciate any suggestions for optimizing our email campaigns to improve deliverability. Our goal is to increase our brand's online presence.","support inquiry regarding marketing automation dear customer support, i am reaching out to request detailed instructions on integrating sendgrid's marketing automation tools to enhance our brand growth strategies. we are interested in utilizing sendgrid's features to streamline our email marketing efforts and boost customer engagement. could you please provide a step-by-step guide on how to set up and configure sendgrid within our existing marketing automation platform? additionally, i would appreciate any suggestions for optimizing our email campaigns to improve deliverability. our goal is to increase our brand's online presence.",1,1,1,1,1,1,1,1
4066,1357126e1fd12bdf0d0301ac17e82441d3dd131e,low,0,global_h2,True,False,False,False,,,Change,en,Product Support,0.20156856,0.35911402,0.43931744,"Enhancement of Security Protocols for Medical Data Dear Customer Service, I am writing to request modifications and improvements to the security protocols for medical data within hospital IT systems and specific healthcare device software. While the current security measures are adequate, it is crucial to safeguard sensitive patient information by implementing more robust security protocols to prevent data breaches and cyberattacks. I kindly ask you to review and update the security protocols to ensure the confidentiality, integrity, and availability of medical data. This includes the implementation of encryption, firewalls, and access controls to prevent unauthorized access to medical devices and software. I appreciate your attention to this matter.","enhancement of security protocols for medical data dear customer service, i am writing to request modifications and improvements to the security protocols for medical data within hospital it systems and specific healthcare device software. while the current security measures are adequate, it is crucial to safeguard sensitive patient information by implementing more robust security protocols to prevent data breaches and cyberattacks. i kindly ask you to review and update the security protocols to ensure the confidentiality, integrity, and availability of medical data. this includes the implementation of encryption, firewalls, and access controls to prevent unauthorized access to medical devices and software. i appreciate your attention to this matter.",1,1,1,1,1,1,1,1
4279,0ee4ad0f3e5115a9d6566e91324c348acd2383f5,low,0,global_h2,True,True,False,False,,,Incident,de,Product Support,0.3791813,0.5639453,0.056873396,"Guten Tag <name> , ich melde ein Problem mit den Datenanalyse-Tools, die unerwartet fehlerhaft waren, während der Optimierung Investitionen. Ich bin der Dringlichkeit dieses Problems bewusst und entschuldige die möglichen Unannehmlichkeiten, die durch diesen Fehler entstanden sind. Unser technisches Team hat bereits versucht, das Problem zu beheben, indem das System neu gestartet und die Software neu installiert wurde. Allerdings besteht das Problem weiterhin. Wir schätzen Ihre Unterstützung und bitten Sie, uns zusätzliche Informationen zukommen zu lassen, insbesondere genaue Fehlermeldungen und Informationen zur Systemkonfiguration, um den Ursprung des Problems zu ermitteln und eine schnelle Lösung vorzuschlagen.","guten tag <name> , ich melde ein problem mit den datenanalyse-tools, die unerwartet fehlerhaft waren, während der optimierung investitionen. ich bin der dringlichkeit dieses problems bewusst und entschuldige die möglichen unannehmlichkeiten, die durch diesen fehler entstanden sind. unser technisches team hat bereits versucht, das problem zu beheben, indem das system neu gestartet und die software neu installiert wurde. allerdings besteht das problem weiterhin. wir schätzen ihre unterstützung und bitten sie, uns zusätzliche informationen zukommen zu lassen, insbesondere genaue fehlermeldungen und informationen zur systemkonfiguration, um den ursprung des problems zu ermitteln und eine schnelle lösung vorzuschlagen.",1,1,2,1,1,2,2,2
4479,cdfadbf463bd97dba90ecfa7b653d78a23dc47d4,low,0,global_h2,True,True,False,False,,,Problem,en,Customer Service,0.6310944,0.27991277,0.08899274,"Problem retrieving medical records Customer Support, reporting an issue with accessing protected medical information following recent updates that seem to conflict. This may be due to software patch incompatibility, preventing healthcare providers from retrieving essential data. Attempts to resolve by rebooting the system and clearing the cache have been unsuccessful. The problem continues, raising concerns about potential impacts on patient care. We would appreciate your urgent attention to this matter and a prompt solution. Please advise us accordingly.","problem retrieving medical records customer support, reporting an issue with accessing protected medical information following recent updates that seem to conflict. this may be due to software patch incompatibility, preventing healthcare providers from retrieving essential data. attempts to resolve by rebooting the system and clearing the cache have been unsuccessful. the problem continues, raising concerns about potential impacts on patient care. we would appreciate your urgent attention to this matter and a prompt solution. please advise us accordingly.",1,1,0,1,1,0,0,0
4839,fbbada929be812b161e95196747d20b017f1f848,low,0,global_h2,True,True,True,False,,,Incident,en,Billing and Payments,0.8179975,0.16672517,0.015277232,"Problem with Invoice Billing The marketing firm observed unforeseen billing charges on their invoice, potentially due to errors in the billing system. They examined past invoices and reached out to support but did not find a solution.","problem with invoice billing the marketing firm observed unforeseen billing charges on their invoice, potentially due to errors in the billing system. they examined past invoices and reached out to support but did not find a solution.",1,1,1,0,0,1,1,1
4906,565d808a142bab6a19b5a7cae27eef2ad7e274e4,low,0,global_h2,True,False,False,False,,,Problem,en,Product Support,0.18401058,0.42662257,0.3893669,"Urgent Attention Required for Digital Campaigns The agency's digital marketing efforts are experiencing a drop in engagement metrics, potentially due to outdated targeting strategies. Efforts to modify ad content have not yielded positive results. The team is worried about the potential negative effect on brand sales. We would value your guidance on enhancing targeting and ad content to boost engagement. Could you kindly share your recommended best practices? We look forward to your prompt response.","urgent attention required for digital campaigns the agency's digital marketing efforts are experiencing a drop in engagement metrics, potentially due to outdated targeting strategies. efforts to modify ad content have not yielded positive results. the team is worried about the potential negative effect on brand sales. we would value your guidance on enhancing targeting and ad content to boost engagement. could you kindly share your recommended best practices? we look forward to your prompt response.",2,2,1,2,1,1,2,2
5588,2e265105b64ea0e7314035e240a28800d1ec9c16,low,0,global_h2,True,True,False,False,,,Request,en,Sales and Pre-Sales,0.04301417,0.5043048,0.452681,"Assistance with Digital Brand Expansion Please get in touch to inquire about digital strategies, promote company growth in the market, and utilize multiple technology products. Could you share details about the approach's success and past performance? I would appreciate any information you can provide on this topic.","assistance with digital brand expansion please get in touch to inquire about digital strategies, promote company growth in the market, and utilize multiple technology products. could you share details about the approach's success and past performance? i would appreciate any information you can provide on this topic.",1,1,1,0,0,0,1,1
5891,f5d39c6e1e9e38ad294bd3d31fb8603eda9c3776,low,0,global_h2,True,True,False,False,,,Change,de,Returns and Exchanges,0.19121107,0.67309,0.13569893,"Update der Sicherheitsmaßnahmen für medizinische Daten Sehr geehrter Kundenservice, ich möchte eine Aktualisierung der Sicherheitsprotokolle zum Schutz medizinischer Daten sowie eine Verbesserung der IT-Infrastruktur im Krankenhaus anfordern. Dies ist eine dringliche Angelegenheit, die sofortige Aufmerksamkeit erfordert, um die Vertraulichkeit, Integrität und Verfügbarkeit sensibler Patientendaten zu gewährleisten. Ich würde es begrüßen, wenn Sie einen detaillierten Aktionsplan zur Behebung des Problems bereitstellen könnten, einschließlich erforderlicher Software-Updates, Schulungen für das Personal und Zeitpläne für die Umsetzung. Bitte lassen Sie mich wissen, falls Sie weitere Informationen benötigen, um die nächsten Schritte einzuleiten. Vielen Dank für Ihre schnelle Reaktion auf dieses Anliegen.","update der sicherheitsmaßnahmen für medizinische daten sehr geehrter kundenservice, ich möchte eine aktualisierung der sicherheitsprotokolle zum schutz medizinischer daten sowie eine verbesserung der it-infrastruktur im krankenhaus anfordern. dies ist eine dringliche angelegenheit, die sofortige aufmerksamkeit erfordert, um die vertraulichkeit, integrität und verfügbarkeit sensibler patientendaten zu gewährleisten. ich würde es begrüßen, wenn sie einen detaillierten aktionsplan zur behebung des problems bereitstellen könnten, einschließlich erforderlicher software-updates, schulungen für das personal und zeitpläne für die umsetzung. bitte lassen sie mich wissen, falls sie weitere informationen benötigen, um die nächsten schritte einzuleiten. vielen dank für ihre schnelle reaktion auf dieses anliegen.",1,1,1,1,1,1,1,1
6242,1472ce13ad6d73cb4990daf68f92e31f8afd50f7,low,0,global_h2,True,False,False,False,,,Incident,de,Product Support,0.32945308,0.6402447,0.03030221,"Verletzung der Gesundheitsdaten Sehr geehrter Kundendienst, ich möchte ein potenzielles Sicherheitsproblem in den IT-Systemen unseres Krankenhauses melden. Es besteht die Möglichkeit eines unbefugten Zugriffs auf medizinische Daten durch einen Anbieter von Gesundheitsdiensten, der auf veraltete NAS-Firmware-Schwachstellen zurückzuführen sein könnte. Ich habe versucht, die Firmware zu aktualisieren und Zugriffsüberprüfungen durchzuführen, doch das Problem besteht weiterhin bei mehreren Geräten mit veralteter Software. Angesichts der Sensibilität der Patientendaten bitten wir um Unterstützung bei einer schnellen Lösung. Bitte informieren Sie uns über die nächsten Schritte, um das Problem zu beheben.","verletzung der gesundheitsdaten sehr geehrter kundendienst, ich möchte ein potenzielles sicherheitsproblem in den it-systemen unseres krankenhauses melden. es besteht die möglichkeit eines unbefugten zugriffs auf medizinische daten durch einen anbieter von gesundheitsdiensten, der auf veraltete nas-firmware-schwachstellen zurückzuführen sein könnte. ich habe versucht, die firmware zu aktualisieren und zugriffsüberprüfungen durchzuführen, doch das problem besteht weiterhin bei mehreren geräten mit veralteter software. angesichts der sensibilität der patientendaten bitten wir um unterstützung bei einer schnellen lösung. bitte informieren sie uns über die nächsten schritte, um das problem zu beheben.",1,1,2,1,1,1,1,1
6769,951cbeeceef964f5704f0ae645b2a68186621e81,low,0,global_h2,True,False,True,False,,,Incident,de,General Inquiry,0.47881755,0.4985955,0.022586972,"Entdeckung einer Sicherheitsverletzung im Krankenhaussystem Es besteht der Verdacht auf einen Sicherheitsverstoß, der medizinische Daten betrifft und die IT-Systeme des Krankenhauses kompromittiert hat. Die Ursache wird auf veraltete Software und unzureichende Zugriffskontrollen zurückgeführt. Erste Maßnahmen zur Behebung des Problems umfassten das Trennen der betroffenen Geräte und das Durchführen von Virenscans, doch die Probleme bestehen weiterhin. Aufgrund der möglichen Folgen des Verstoßes bitten wir um Unterstützung bei einer schnellen Lösung des Problems. Wir benötigen Hilfe bei der Identifizierung der Grundursache sowie bei der Umsetzung von Maßnahmen, um zukünftige Vorfälle zu verhindern. Bitte informieren Sie uns umgehend.","entdeckung einer sicherheitsverletzung im krankenhaussystem es besteht der verdacht auf einen sicherheitsverstoß, der medizinische daten betrifft und die it-systeme des krankenhauses kompromittiert hat. die ursache wird auf veraltete software und unzureichende zugriffskontrollen zurückgeführt. erste maßnahmen zur behebung des problems umfassten das trennen der betroffenen geräte und das durchführen von virenscans, doch die probleme bestehen weiterhin. aufgrund der möglichen folgen des verstoßes bitten wir um unterstützung bei einer schnellen lösung des problems. wir benötigen hilfe bei der identifizierung der grundursache sowie bei der umsetzung von maßnahmen, um zukünftige vorfälle zu verhindern. bitte informieren sie uns umgehend.",1,1,2,1,1,1,1,1
7791,8293e31953ff8a658ebd25b808a13887072724a1,low,0,global_h2,True,True,True,False,,,Incident,de,Customer Service,0.35904434,0.6010249,0.03993073,"Leistungseinbußen bei dem Investmentoptimierungs-System gemeldet Das Datenanalyse-System unterliegt möglicherweise einer Systembelastung, die zu Softwarefehlern und Verlangsamungen führt. Vorherige Maßnahmen zur Problembehebung, wie das Neustart des Programms, das Löschen von Caches und die Kalibrierung der Datenflüsse, haben das Problem nicht gelöst. Weitere Unterstützung ist erforderlich, um die Ursache für die Leistungsabnahme zu identifizieren und zu beheben.","leistungseinbußen bei dem investmentoptimierungs-system gemeldet das datenanalyse-system unterliegt möglicherweise einer systembelastung, die zu softwarefehlern und verlangsamungen führt. vorherige maßnahmen zur problembehebung, wie das neustart des programms, das löschen von caches und die kalibrierung der datenflüsse, haben das problem nicht gelöst. weitere unterstützung ist erforderlich, um die ursache für die leistungsabnahme zu identifizieren und zu beheben.",1,1,2,1,0,0,1,0
8405,eabee9903cf23f8f10fd9545e63515767bb0b7fe,low,0,global_h2,True,False,False,False,,,Request,de,Customer Service,0.045976635,0.24157347,0.71244997,"Anfrage zu aktuellen Healthcare IT-Sicherheitslösungen Sehr geehrter Kundenservice, könnten Sie bitte Details zu Healthcare IT-Sicherheitslösungen bereitstellen, die den Schutz medizinischer Daten in Krankenhausnetzwerken gewährleisten? Diese Informationen helfen uns zu verstehen, wie die Lösungen die Anforderungen unserer Organisation erfüllen können. Wir freuen uns auf Ihre baldige Rückmeldung. Vielen Dank für Ihre Zeit und Unterstützung.","anfrage zu aktuellen healthcare it-sicherheitslösungen sehr geehrter kundenservice, könnten sie bitte details zu healthcare it-sicherheitslösungen bereitstellen, die den schutz medizinischer daten in krankenhausnetzwerken gewährleisten? diese informationen helfen uns zu verstehen, wie die lösungen die anforderungen unserer organisation erfüllen können. wir freuen uns auf ihre baldige rückmeldung. vielen dank für ihre zeit und unterstützung.",1,1,1,1,1,1,0,0
8483,778a987c65cd0489b158df57b92202c5350ee09e,low,0,global_h2,True,False,False,False,,,Incident,de,Human Resources,0.4113267,0.5304691,0.05820421,Datensicherheitsrisiken bei mehreren Geräten Es besteht der Verdacht auf eine mögliche Schwachstelle im Netzwerk; eine Lösung ist vorhanden.,datensicherheitsrisiken bei mehreren geräten es besteht der verdacht auf eine mögliche schwachstelle im netzwerk; eine lösung ist vorhanden.,0,0,0,0,0,0,1,1
8835,c17bbaca18b859f09930e68ad15f65cf5c1d7621,low,0,global_h2,True,True,True,False,,,Incident,en,Sales and Pre-Sales,0.088106796,0.46148604,0.45040718,"Support Request for Project Issue An incident has taken place within the project management SaaS platform, possibly due to recent updates. The team responded promptly by restarting servers and thoroughly examining logs to pinpoint potential problems. Thankfully, initial assessments show that there has been some impact on the product, but services remain operational. We will continue to monitor the situation closely to maintain platform stability and performance. We understand how crucial reliability is and are dedicated to delivering the highest quality service to our users.","support request for project issue an incident has taken place within the project management saas platform, possibly due to recent updates. the team responded promptly by restarting servers and thoroughly examining logs to pinpoint potential problems. thankfully, initial assessments show that there has been some impact on the product, but services remain operational. we will continue to monitor the situation closely to maintain platform stability and performance. we understand how crucial reliability is and are dedicated to delivering the highest quality service to our users.",2,2,2,1,1,1,1,1
9599,4d92b49fbcdabd4f4dbdf7a9f178afb77df7f19f,low,0,global_h2,True,True,False,False,,,Request,de,Customer Service,0.2525022,0.3023109,0.44518685,"Hadoop Unterstützung Sehr geehrter Kundendienst, ich möchte mich erkundigen, ob die Integration von Apache Hadoop 3.2.1 in eine skalierbare SaaS-Lösung zur Verbesserung des Projektmanagements möglich ist. Derzeit bestehen Schwierigkeiten bei der Datenverarbeitung und Speicherung. Ich bin der Meinung, dass eine Optimierung und Integration die Gesamtleistung des Projektmanagementsystems verbessern könnte. Könnten Sie bitte Anleitungen bereitstellen, wie dies erreicht werden kann? Über Empfehlungen bewährter Verfahren würde ich mich ebenfalls freuen. Vielen Dank im Voraus für Ihre Unterstützung. Ich freue mich auf Ihre baldige Rückmeldung.","hadoop unterstützung sehr geehrter kundendienst, ich möchte mich erkundigen, ob die integration von apache hadoop 3.2.1 in eine skalierbare saas-lösung zur verbesserung des projektmanagements möglich ist. derzeit bestehen schwierigkeiten bei der datenverarbeitung und speicherung. ich bin der meinung, dass eine optimierung und integration die gesamtleistung des projektmanagementsystems verbessern könnte. könnten sie bitte anleitungen bereitstellen, wie dies erreicht werden kann? über empfehlungen bewährter verfahren würde ich mich ebenfalls freuen. vielen dank im voraus für ihre unterstützung. ich freue mich auf ihre baldige rückmeldung.",0,0,0,2,0,1,1,0
10060,489dae1c1575221339f730e5ae7d221a8350389b,low,0,global_h2,True,False,True,False,,,Problem,en,Returns and Exchanges,0.7663076,0.20536865,0.028323721,"Notice on Security Vulnerability in Systems A security loophole was detected in the systems, leading to the exposure of sensitive medical data. This issue seems to be due to outdated software and misconfigurations. A firewall update has been performed, and the initial security analysis has been carried out.","notice on security vulnerability in systems a security loophole was detected in the systems, leading to the exposure of sensitive medical data. this issue seems to be due to outdated software and misconfigurations. a firewall update has been performed, and the initial security analysis has been carried out.",1,1,0,1,1,1,1,1
10173,7c0496f720dbb8a7da60127bc94f07e60366c92c,low,0,global_h2,True,True,False,False,,,Request,en,Sales and Pre-Sales,0.017249452,0.2500839,0.7326666,Boost Brand Growth with Digital Strategies Inquiring about leveraging digital strategies to enhance growth for Intel Optane products. Would appreciate insights on how to effectively use digital marketing tools to increase brand awareness and drive sales.,boost brand growth with digital strategies inquiring about leveraging digital strategies to enhance growth for intel optane products. would appreciate insights on how to effectively use digital marketing tools to increase brand awareness and drive sales.,1,1,1,1,1,1,1,1
10271,4ad8a95e4a929266b6b3aaa8d5aba3895386321a,low,0,global_h2,True,True,False,False,,,Incident,de,Technical Support,0.4476654,0.5178774,0.034457248,"Probleme bei der Analyse digitaler Kampagnen Beim Erstellen von Berichten über digitale Kampagnen wird eine Verzögerung beobachtet, was möglicherweise auf neueste Softwareupdates zurückzuführen ist. Nach dem Bereinigen des Caches und Neues Loggen besteht das Problem weiterhin. Bitte helfen Sie uns, das Problem schnell zu beheben.","probleme bei der analyse digitaler kampagnen beim erstellen von berichten über digitale kampagnen wird eine verzögerung beobachtet, was möglicherweise auf neueste softwareupdates zurückzuführen ist. nach dem bereinigen des caches und neues loggen besteht das problem weiterhin. bitte helfen sie uns, das problem schnell zu beheben.",1,2,2,0,2,2,1,1
10424,53d5d2262c1d9b7cc0168be1ca817a059abb8b7b,low,0,global_h2,True,False,False,False,,,Problem,de,Customer Service,0.68214333,0.29759884,0.020257812,"Technische Unterstützung Ich schreibe über die Leistungsinstabilität der SaaS-Plattform und das Mangel an Zugriff auf Projektdateien. Das Problem scheint mit der RAM-Bearbeitung und der Netzwerkstabilität zusammenzuhängen, insbesondere mit der NAS und der drahtlosen Verbindung. Trotz des Neustarts des Netzwerkgeräts und der Optimierung der Speicher-Einstellungen besteht das Problem weiterhin. Bitte helfen Sie bei der Problembehebung und geben Sie einen Lösungsansatz für einen problemlosen Zugriff auf Projektdateien an. Bitte weisen Sie mir die nächsten Schritte zu, um das Problem zu lösen.","technische unterstützung ich schreibe über die leistungsinstabilität der saas-plattform und das mangel an zugriff auf projektdateien. das problem scheint mit der ram-bearbeitung und der netzwerkstabilität zusammenzuhängen, insbesondere mit der nas und der drahtlosen verbindung. trotz des neustarts des netzwerkgeräts und der optimierung der speicher-einstellungen besteht das problem weiterhin. bitte helfen sie bei der problembehebung und geben sie einen lösungsansatz für einen problemlosen zugriff auf projektdateien an. bitte weisen sie mir die nächsten schritte zu, um das problem zu lösen.",0,0,1,0,1,1,1,1
10689,f263211f4bbb93190fe2ff2a97126a8cc05c1d26,low,0,global_h2,True,False,False,False,,,Request,de,Customer Service,0.042930353,0.12530847,0.83176124,"Digitales Markenwachstum Sehr geehrte Kundenservice, ich schreibe an, um mehr Informationen zu unseren digitalen Strategiedienstleistungen für Markenwachstum zu erhalten. Könnten Sie mir mehr über die Dienstleistungen erzählen, die Sie anbieten, um mein Geschäft voranzutreiben? Ich freue mich darauf, weitere Details zu hören und bereitstehend bin, Ihnen meine Erwartungen bezüglich der Dienstleistungspreise zu teilen. Vielen Dank für Ihre Unterstützung. Ich freue mich darauf, bald wieder von Ihnen zu hören.","digitales markenwachstum sehr geehrte kundenservice, ich schreibe an, um mehr informationen zu unseren digitalen strategiedienstleistungen für markenwachstum zu erhalten. könnten sie mir mehr über die dienstleistungen erzählen, die sie anbieten, um mein geschäft voranzutreiben? ich freue mich darauf, weitere details zu hören und bereitstehend bin, ihnen meine erwartungen bezüglich der dienstleistungspreise zu teilen. vielen dank für ihre unterstützung. ich freue mich darauf, bald wieder von ihnen zu hören.",0,0,0,1,1,1,1,1
10939,d38c906c151de7f646b6805e9d461ffade40e693,low,0,global_h2,True,True,False,False,,,Incident,en,Customer Service,0.19298974,0.36964148,0.43736878,"Dear Customer Support, I am writing to report an issue with the data analytics tools. I recently encountered software compatibility issues that may be related to the latest updates. Despite my attempts to resolve the issue by reinstalling ESET NOD32 and restarting the affected devices, the problem persists. This is affecting my ability to analyze data efficiently. I would greatly appreciate your assistance in looking into this matter and providing a solution as soon as possible. Please let me know if you require any additional information.","dear customer support, i am writing to report an issue with the data analytics tools. i recently encountered software compatibility issues that may be related to the latest updates. despite my attempts to resolve the issue by reinstalling eset nod32 and restarting the affected devices, the problem persists. this is affecting my ability to analyze data efficiently. i would greatly appreciate your assistance in looking into this matter and providing a solution as soon as possible. please let me know if you require any additional information.",1,1,1,0,0,0,0,0
10989,685c4ead13583503ae576018eaa3252b0283b927,low,0,global_h2,True,False,True,False,,,Problem,en,IT Support,0.6593255,0.27822292,0.06245164,"Customer support, a data breach has been detected in hospital systems, posing a threat to medical data security. We have already updated the software, enforced stronger passwords, and trained staff on enhanced data security protocols to address this issue. Could you assist us in further enhancing our security measures?","customer support, a data breach has been detected in hospital systems, posing a threat to medical data security. we have already updated the software, enforced stronger passwords, and trained staff on enhanced data security protocols to address this issue. could you assist us in further enhancing our security measures?",1,1,1,2,2,2,2,2
11092,e48fc28de9fb1c0dc465dba2faa22f9b2a9930b2,low,0,global_h2,True,True,False,False,,,Incident,de,IT Support,0.5184369,0.44452497,0.03703818,"Probleme mit der Netzwerkverbindung Der Benutzer hat Schwierigkeiten mit der Verbindung zu Grammarly und Adobe Creative Cloud. Es wurde vermutet, dass der Konfigurationsfehler auf dem Aruba 2530 Switch zurückzuführen ist. Der Benutzer hat sein Gerät neu gestartet und den Cache gelöscht, jedoch blieben die Probleme bestehen.","probleme mit der netzwerkverbindung der benutzer hat schwierigkeiten mit der verbindung zu grammarly und adobe creative cloud. es wurde vermutet, dass der konfigurationsfehler auf dem aruba 2530 switch zurückzuführen ist. der benutzer hat sein gerät neu gestartet und den cache gelöscht, jedoch blieben die probleme bestehen.",1,1,2,2,1,1,1,1
11295,d018c012729af4a6f7a27761c696ff36322b7486,low,0,global_h2,True,False,False,False,,,Incident,en,Customer Service,0.3866386,0.31400666,0.29935476,"Issue with Project Dashboard Occasionally encounter charging problems with the Project Management Dashboard. Tried clearing the browser cache and accessing it from different devices, but the issues persist. The fluctuations in server performance during peak times might be the cause. Appreciate your assistance in resolving this problem.","issue with project dashboard occasionally encounter charging problems with the project management dashboard. tried clearing the browser cache and accessing it from different devices, but the issues persist. the fluctuations in server performance during peak times might be the cause. appreciate your assistance in resolving this problem.",1,1,0,1,1,1,1,1
11301,71011df1b398aeb454a1236cb89174b6a5d39b9e,low,0,global_h2,True,True,True,False,,,Request,en,Customer Service,0.037058745,0.24550542,0.7174358,Assistance with Utilizing MySQL 8.0 for Investment Analytics Please contact us to learn how to effectively use MySQL 8.0 for investment data analysis. We can share best practices and specific features that might be beneficial for your task. I would be grateful for guidance on optimizing the database for investment analytics. Could you recommend any specific tools or plugins? I am looking forward to hearing more about using MySQL 8.0 for investment data analysis.,assistance with utilizing mysql 8.0 for investment analytics please contact us to learn how to effectively use mysql 8.0 for investment data analysis. we can share best practices and specific features that might be beneficial for your task. i would be grateful for guidance on optimizing the database for investment analytics. could you recommend any specific tools or plugins? i am looking forward to hearing more about using mysql 8.0 for investment data analysis.,1,2,1,2,1,1,1,1
11493,5efaf9bc3a75c62df84946b38d7f2dd02604e2db,low,0,global_h2,True,False,False,False,,,Request,en,Returns and Exchanges,0.035036385,0.5640787,0.400885,"Support Team Software Inquiry Is it possible to get more information on the SaaS features, particularly those related to team collaboration and task management? Appreciate your prompt assistance with this matter.","support team software inquiry is it possible to get more information on the saas features, particularly those related to team collaboration and task management? appreciate your prompt assistance with this matter.",0,1,1,1,1,1,1,1
11557,9d4412677a2f380158de274e9cede11e92a14abe,low,0,global_h2,True,True,False,False,,,Request,en,Returns and Exchanges,0.088093236,0.3533684,0.55853844,"Customer Support, I am interested in learning more about the data analytics services you offer, particularly how they can optimize investment strategies. Could you provide detailed information on the types of services you offer and share any relevant case studies or testimonials? I would greatly appreciate it if you could explain the process through which these services help in making informed investment decisions. Additionally, could you please inform me about the kinds of support and resources you offer to clients, such as webinars or workshops? I look forward to hearing from you soon.","customer support, i am interested in learning more about the data analytics services you offer, particularly how they can optimize investment strategies. could you provide detailed information on the types of services you offer and share any relevant case studies or testimonials? i would greatly appreciate it if you could explain the process through which these services help in making informed investment decisions. additionally, could you please inform me about the kinds of support and resources you offer to clients, such as webinars or workshops? i look forward to hearing from you soon.",0,0,0,1,1,0,0,0
11838,016381bc0e5405f037b5a063146216d6082debff,low,0,global_h2,True,False,True,False,,,Request,de,Customer Service,0.20403704,0.54951376,0.24644923,"geehrte Kundenservice, ich interessiere mich für mehr Datenanalyse-Dienstleistungen, insbesondere diejenigen, die die Optimierung von Investitionsstrategien umfassen. Könnten Sie mehr Details zu den verwendeten Werkzeugen, Techniken, Marktentwicklungen sowie der Vorhersage von Investitionsresultaten geben? Ich bin daran interessiert, zu verstehen, wie diese Dienstleistungen dazu beitragen, gut basierende Investitionsentscheidungen zu treffen. Darüber hinaus wäre es wertvoll, wenn Sie Informationen zur Kostenstruktur, Fallstudien und Empfehlungen zu früheren Kunden bereitstellen könnten. Ich danke Ihnen für Ihre Unterstützung und freue mich auf eine schnelle Rückmeldung. Ich bin bereit, ein Telefonat um <tel_num> zu vereinbaren, oder wir können uns später treffen.","geehrte kundenservice, ich interessiere mich für mehr datenanalyse-dienstleistungen, insbesondere diejenigen, die die optimierung von investitionsstrategien umfassen. könnten sie mehr details zu den verwendeten werkzeugen, techniken, marktentwicklungen sowie der vorhersage von investitionsresultaten geben? ich bin daran interessiert, zu verstehen, wie diese dienstleistungen dazu beitragen, gut basierende investitionsentscheidungen zu treffen. darüber hinaus wäre es wertvoll, wenn sie informationen zur kostenstruktur, fallstudien und empfehlungen zu früheren kunden bereitstellen könnten. ich danke ihnen für ihre unterstützung und freue mich auf eine schnelle rückmeldung. ich bin bereit, ein telefonat um <tel_num> zu vereinbaren, oder wir können uns später treffen.",0,2,0,1,0,0,1,0
11891,5ec075853ccd15200300c47d4d92b844a79455d0,low,0,global_h2,True,False,False,False,,,Request,en,Customer Service,0.0800246,0.23302595,0.6869495,Request for Comprehensive Documentation on Integrating PostgreSQL for Project Management SaaS I am seeking detailed documentation for integrating PostgreSQL into our project management SaaS solution. Could you please provide step-by-step instructions and point me towards relevant resources? Your guidance is crucial for the success of the project. I look forward to your assistance and thank you in advance for your help.,request for comprehensive documentation on integrating postgresql for project management saas i am seeking detailed documentation for integrating postgresql into our project management saas solution. could you please provide step-by-step instructions and point me towards relevant resources? your guidance is crucial for the success of the project. i look forward to your assistance and thank you in advance for your help.,0,0,0,0,0,0,0,0
12271,8435f894574272bfc49843468f2f44064e0ce123,low,0,global_h2,True,False,True,False,,,Request,en,Returns and Exchanges,0.03781573,0.47366124,0.48852304,"Inquiry on SaaS Project Management Tools Looking to learn about the features, pricing plans, and details of the project management tools you offer. Would greatly appreciate it if you could include any current discounts or promotions in your response.","inquiry on saas project management tools looking to learn about the features, pricing plans, and details of the project management tools you offer. would greatly appreciate it if you could include any current discounts or promotions in your response.",0,1,0,2,0,0,0,0
12376,5d42afaf7044d35f826f3a0aa9be9ea315b71811,low,0,global_h2,True,False,False,False,,,Incident,en,Technical Support,0.5615372,0.3609251,0.077537686,Help with Sluggish Data Analytics Tools The financial firm's data analytics tools experience slow performance during peak hours. Possible causes include insufficient system resources or software conflicts. Improving settings or restarting applications might enhance performance.,help with sluggish data analytics tools the financial firm's data analytics tools experience slow performance during peak hours. possible causes include insufficient system resources or software conflicts. improving settings or restarting applications might enhance performance.,0,1,2,1,2,2,0,2
12545,fd687dce2be3457de84c8063ca8e88013bb29dd1,low,0,global_h2,True,True,True,False,,,Incident,en,Technical Support,0.6569049,0.26674563,0.076349564,"noted sudden decrease in website traffic, which is affecting the brand's online visibility. suspect this might be related to recent changes in Drupal Commerce. tried clearing the site cache and testing different browser settings, but had no success. kindly assist in resolving this issue.","noted sudden decrease in website traffic, which is affecting the brand's online visibility. suspect this might be related to recent changes in drupal commerce. tried clearing the site cache and testing different browser settings, but had no success. kindly assist in resolving this issue.",2,2,2,1,2,2,2,2
12578,f0d29dca7326aa24220a9c1557c0d47cf84693d4,low,0,global_h2,True,False,True,False,,,Request,de,Product Support,0.07085901,0.66621387,0.2629271,"Datenschutz im Bereich Medizin Könnten Sie Anleitungen zur Sicherung medizinischer Daten in Bezug auf Redis 6.2 und PostgreSQL 13 bereitstellen? Suchen Sie nach den besten Praktiken, um die Vertraulichkeit, Integrität und Verfügbarkeit sensibler medizinischer Informationen sicherzustellen. Besonders interessiert sind Verschlüsselungsmethoden, Zugriffskontrollen und Wiederherstellungsverfahren, die angewendet werden sollten. Ich freue mich auf Ihre Unterstützung bei dieser Angelegenheit.","datenschutz im bereich medizin könnten sie anleitungen zur sicherung medizinischer daten in bezug auf redis 6.2 und postgresql 13 bereitstellen? suchen sie nach den besten praktiken, um die vertraulichkeit, integrität und verfügbarkeit sensibler medizinischer informationen sicherzustellen. besonders interessiert sind verschlüsselungsmethoden, zugriffskontrollen und wiederherstellungsverfahren, die angewendet werden sollten. ich freue mich auf ihre unterstützung bei dieser angelegenheit.",0,0,0,2,2,1,0,0
12721,4d1aa7caffa0c6a988e8aa2d3ca7a5bb7f3827d0,low,0,global_h2,True,True,False,False,,,Incident,en,Product Support,0.78330576,0.1667658,0.049928404,"Concern Raised About Low Engagement in Digital Marketing Campaign The digital marketing campaign has experienced low engagement. We have made changes to ad spend, refreshed the messaging, and segmented the audience, but the results are still unsatisfactory. Assistance is needed to enhance the campaign's performance.","concern raised about low engagement in digital marketing campaign the digital marketing campaign has experienced low engagement. we have made changes to ad spend, refreshed the messaging, and segmented the audience, but the results are still unsatisfactory. assistance is needed to enhance the campaign's performance.",0,0,1,1,1,1,1,1
12835,2d56b896f4016f29b95ed0526c4a202e29151fc5,low,0,global_h2,True,False,True,False,,,Change,en,Service Outages and Maintenance,0.071009465,0.12735553,0.801635,"Request for System Modifications I am writing to request modifications to the system to enhance compatibility with ClickUp third-party applications and improve overall functionality. The current integration is limiting our workflow and causing inefficiencies. I would greatly appreciate it if adjustments could be made to improve compatibility and functionality with the applications, which would significantly enhance our workflow and productivity. I would be very grateful if you could look into implementing these necessary adjustments as soon as possible. Thank you for your time and consideration. I look forward to hearing from you soon.","request for system modifications i am writing to request modifications to the system to enhance compatibility with clickup third-party applications and improve overall functionality. the current integration is limiting our workflow and causing inefficiencies. i would greatly appreciate it if adjustments could be made to improve compatibility and functionality with the applications, which would significantly enhance our workflow and productivity. i would be very grateful if you could look into implementing these necessary adjustments as soon as possible. thank you for your time and consideration. i look forward to hearing from you soon.",2,2,2,0,2,2,2,2
12998,9aee4af152ae726c13c512688971129cbf8541d9,low,0,global_h2,True,True,False,False,,,Request,en,Customer Service,0.043636385,0.6546685,0.30169514,Project Management Software Details Is it possible to get details on the integration capabilities and customization options of project management software? I need to ensure it can be tailored to meet specific business requirements and support the use of integration tools.,project management software details is it possible to get details on the integration capabilities and customization options of project management software? i need to ensure it can be tailored to meet specific business requirements and support the use of integration tools.,0,0,0,0,0,1,1,1
13705,6608e4f65513ca3df858e285b3a389ae0f87f1cc,low,0,global_h2,True,False,True,False,,,Request,en,Customer Service,0.0875118,0.40177667,0.51071155,"Support for Project Management Tools Hello, I am reaching out to inquire about the features of your project management SaaS platform, specifically regarding its capabilities in task assignments, progress tracking, and team collaboration. Could you provide information on how the platform assists with these aspects? Additionally, I am particularly interested in learning about the available APIs and third-party integrations that can enhance workflow. Could you also provide details on the pricing models, any available discounts for long-term commitments, and perhaps share some case studies or whitepapers that demonstrate the effectiveness of your platform? Thank you for your assistance.","support for project management tools hello, i am reaching out to inquire about the features of your project management saas platform, specifically regarding its capabilities in task assignments, progress tracking, and team collaboration. could you provide information on how the platform assists with these aspects? additionally, i am particularly interested in learning about the available apis and third-party integrations that can enhance workflow. could you also provide details on the pricing models, any available discounts for long-term commitments, and perhaps share some case studies or whitepapers that demonstrate the effectiveness of your platform? thank you for your assistance.",1,1,1,2,1,1,1,1
13830,a6a6d9577e0cc9bd8e1dff924e6576367fd2dc5b,low,0,global_h2,True,True,True,False,,,Incident,en,Returns and Exchanges,0.6701557,0.26992822,0.05991603,"Concerns About Product Return and Exchange Procedures Customer Support has received several inquiries regarding the product return and exchange processes, which appear to be negatively impacted by unclear usage guidelines and unexpected functionality issues. Efforts to clarify the purchasing process have led to a notable improvement in customer satisfaction, but the return and exchange process remains a challenge for customers, resulting in a decline in overall customer satisfaction. It is believed that re-evaluating product descriptions, usage guidelines, and the overall purchasing process is essential.","concerns about product return and exchange procedures customer support has received several inquiries regarding the product return and exchange processes, which appear to be negatively impacted by unclear usage guidelines and unexpected functionality issues. efforts to clarify the purchasing process have led to a notable improvement in customer satisfaction, but the return and exchange process remains a challenge for customers, resulting in a decline in overall customer satisfaction. it is believed that re-evaluating product descriptions, usage guidelines, and the overall purchasing process is essential.",0,0,0,0,0,1,0,0
13988,ab61634c200e5138a5006445777249e7363e6a32,low,0,global_h2,True,False,False,False,,,Request,en,Customer Service,0.037773624,0.5932736,0.3689528,Support for Wave Office Integration Is it possible to get documentation on integrating Wave with Microsoft Office 365 for project management? Thank you!,support for wave office integration is it possible to get documentation on integrating wave with microsoft office 365 for project management? thank you!,0,0,1,2,0,0,0,0
14830,903236cede43d27fb162facdacc86eaaad90acb2,low,0,global_h2,True,False,True,False,,,Incident,en,Technical Support,0.6256421,0.30823326,0.06612466,"Query Regarding Customer Support Hello Customer Support, our marketing team is unable to access brand analytics through PostgreSQL. The problem might be due to recent system updates that have impacted database connections. We have already verified the network settings and rebooted the server, but the issue still persists. We have confirmed that the database credentials are correct. It seems the problem is related to the recent system updates. We would greatly appreciate it if you could look into this matter and provide a solution as soon as possible. Please let us know if you need any additional information.","query regarding customer support hello customer support, our marketing team is unable to access brand analytics through postgresql. the problem might be due to recent system updates that have impacted database connections. we have already verified the network settings and rebooted the server, but the issue still persists. we have confirmed that the database credentials are correct. it seems the problem is related to the recent system updates. we would greatly appreciate it if you could look into this matter and provide a solution as soon as possible. please let us know if you need any additional information.",2,2,2,1,2,2,2,2
15321,4da83e6951bb514e058ae0ec03039e1790e79ffe,low,0,global_h2,True,False,True,False,,,Problem,en,Technical Support,0.78321105,0.18777637,0.029012581,Issues with Slow Performance in Analytics Software Suite Experienced sluggish performance with analytics software,issues with slow performance in analytics software suite experienced sluggish performance with analytics software,1,1,0,0,0,0,0,1
15556,eb1654070e6c89d28c3d1a4d9cf21dcd6929be41,low,0,global_h2,True,False,False,False,,,Incident,en,Service Outages and Maintenance,0.686691,0.27777252,0.03553656,"Concerns About Service Outages Noted intermittent service outages impacting various applications, likely caused by recent updates or server overload. Services have been restarted and server load is being monitored.","concerns about service outages noted intermittent service outages impacting various applications, likely caused by recent updates or server overload. services have been restarted and server load is being monitored.",2,2,2,2,2,2,2,2
16617,a48c7c860c0e33dc1c0cc2db720dd63f5e3376e1,low,0,global_h2,True,True,False,False,,,Request,en,Customer Service,0.04134267,0.31688216,0.6417752,"Support Required for Magento Integration We are reaching out to your Customer Support team for guidance on integrating Magento 2.4 to enhance our digital marketing strategies, which we believe will boost brand growth. Specifically, we are interested in leveraging Magento's features to create targeted campaigns, track customer behavior, and optimize our marketing efforts. Could you provide us with resources and best practices to get started with this integration? Your advice on how to align our digital marketing strategies with Magento 2.4 to drive business growth would be greatly appreciated. Thank you.","support required for magento integration we are reaching out to your customer support team for guidance on integrating magento 2.4 to enhance our digital marketing strategies, which we believe will boost brand growth. specifically, we are interested in leveraging magento's features to create targeted campaigns, track customer behavior, and optimize our marketing efforts. could you provide us with resources and best practices to get started with this integration? your advice on how to align our digital marketing strategies with magento 2.4 to drive business growth would be greatly appreciated. thank you.",0,1,0,2,1,1,1,1
16715,14df4785c15d29c95bfab2b1d583b4bae6023190,low,0,global_h2,True,False,False,False,,,Incident,en,IT Support,0.3361458,0.560085,0.10376926,"Support for Hospital IT Issues Dear Customer Service, we are encountering unexpected security warnings on our hospital IT systems while trying to access secure medical data. The issue seems to be related to a configuration problem with the WLAN router, possibly due to expired security certificates. We attempted to resolve it by shutting down the WLAN router and performing a software update on the affected product, but the problem persists. We are eager to help resolve this issue quickly. Please share any additional steps that could be taken to address the problem. We are at your disposal to provide any necessary information or support to ensure security.","support for hospital it issues dear customer service, we are encountering unexpected security warnings on our hospital it systems while trying to access secure medical data. the issue seems to be related to a configuration problem with the wlan router, possibly due to expired security certificates. we attempted to resolve it by shutting down the wlan router and performing a software update on the affected product, but the problem persists. we are eager to help resolve this issue quickly. please share any additional steps that could be taken to address the problem. we are at your disposal to provide any necessary information or support to ensure security.",2,2,2,2,1,1,1,1
17166,d4617a0c82f35d828a3c83b434cd3b5b642f6b4c,low,0,global_h2,True,False,False,False,,,Problem,de,Returns and Exchanges,0.58913636,0.37960148,0.031262115,"Mangels Funktion bei mehreren Geräten Viele Geräte, darunter Cooler Master MasterBox Q300L und Lenovo ThinkPad X1 Carbon, funktionieren ordnungsgemäß. Ich habe versucht, das Problem zu lösen, indem ich Geräte neustartete und Verbindungen überprüfte, aber das Problem konnte nicht behoben werden. Bitte geben Sie Ratschläge für den nächsten Schritt, um das Problem zu lösen.","mangels funktion bei mehreren geräten viele geräte, darunter cooler master masterbox q300l und lenovo thinkpad x1 carbon, funktionieren ordnungsgemäß. ich habe versucht, das problem zu lösen, indem ich geräte neustartete und verbindungen überprüfte, aber das problem konnte nicht behoben werden. bitte geben sie ratschläge für den nächsten schritt, um das problem zu lösen.",0,0,1,0,0,1,1,0
17182,f57e7ae73b301e7855a1e37ff6511fcc3034622d,low,0,global_h2,True,True,False,False,,,Change,en,Returns and Exchanges,0.062488392,0.16773881,0.76977277,"Request for Updating Project Management Interface I am requesting an update to the project management interface. The current version is outdated and lacks features necessary for effective team collaboration. I would like to see an updated interface that includes real-time notifications, customizable workflows, and enhanced reporting capabilities. These changes would greatly improve the user experience and enable teams to work more efficiently. I look forward to hearing about the progress of this request.","request for updating project management interface i am requesting an update to the project management interface. the current version is outdated and lacks features necessary for effective team collaboration. i would like to see an updated interface that includes real-time notifications, customizable workflows, and enhanced reporting capabilities. these changes would greatly improve the user experience and enable teams to work more efficiently. i look forward to hearing about the progress of this request.",0,0,0,1,0,0,0,0
17348,914253417fefac5563fb615199e07b744d57f319,low,0,global_h2,True,False,True,False,,,Request,de,Billing and Payments,0.022373365,0.69919777,0.27842882,Forderung Details zu Datenanalyse-Dienstleistungen Mehr Details zu Datenanalyse-Dienstleistungen und Optimierung von Investitionen? Fassung zur Unterstützung der Entscheidungsprozesse. Vielen Dank für Ihre Geduld und Unterstützung.,forderung details zu datenanalyse-dienstleistungen mehr details zu datenanalyse-dienstleistungen und optimierung von investitionen? fassung zur unterstützung der entscheidungsprozesse. vielen dank für ihre geduld und unterstützung.,1,1,0,0,1,1,1,1
17556,8d4a645bfbba1f37111010e5da715c39e15011d4,low,0,global_h2,True,True,False,False,,,Incident,en,Product Support,0.20531122,0.71208835,0.08260042,"Slow Query Performance in Database During data analytics processing, slow query performance was observed in the MySQL database.","slow query performance in database during data analytics processing, slow query performance was observed in the mysql database.",1,1,1,0,0,0,0,0
17575,6ab8e29737e4254fa2d8e9d8156816038c3803ce,low,0,global_h2,True,True,False,False,,,Problem,de,Customer Service,0.33749917,0.6240668,0.03843405,"Sicherheitsbedenken an Medikamentensystem-Daten Es besteht die Möglichkeit, dass Datensperrungen bei medizinischen Aufzeichnungen des IT-Systems des Krankenhauses gefährdet sind. Möglicherweise liegt dies an veralteter Software, die Schwachstellen enthält. Systemaktualisierungen wurden durchgeführt, Zugangspunkte sind sichergestellt und Sicherheitsprüfungen durchgeführt, jedoch behält das Problem bestanden. Ein dringender Support ist erforderlich, um das Problem zu lösen und weitere Schäden zu verhindern. Bitte geben Sie Anweisungen für die nächsten Schritte an. Vielen Dank für Ihre dringende Unterstützung in dieser Angelegenheit.","sicherheitsbedenken an medikamentensystem-daten es besteht die möglichkeit, dass datensperrungen bei medizinischen aufzeichnungen des it-systems des krankenhauses gefährdet sind. möglicherweise liegt dies an veralteter software, die schwachstellen enthält. systemaktualisierungen wurden durchgeführt, zugangspunkte sind sichergestellt und sicherheitsprüfungen durchgeführt, jedoch behält das problem bestanden. ein dringender support ist erforderlich, um das problem zu lösen und weitere schäden zu verhindern. bitte geben sie anweisungen für die nächsten schritte an. vielen dank für ihre dringende unterstützung in dieser angelegenheit.",1,1,2,0,2,1,2,1
17828,56f92ebedbbc3933bcbad0dd57a922e328ee0ee1,low,0,global_h2,True,False,True,False,,,Request,en,Customer Service,0.022592565,0.6258944,0.351513,Enhancing Investment Strategies for Firms Supply information on data analytics,enhancing investment strategies for firms supply information on data analytics,0,0,0,2,1,1,1,1
17999,357d48389d93f10519e1e0586c15f1f245588d5f,low,0,global_h2,True,False,False,False,,,Incident,de,Sales and Pre-Sales,0.44686127,0.51816624,0.034972493,"Liebe Kundenservice, die Marketingagentur kämpft mit der Markenwachstumsstrategie. Trotz der Implementierung von digitalen Strategien sind die Ergebnisse unzufriedenstellend. E-Mail-Kampagnen wurden optimiert, und die Social-Media-Strategien wurden überarbeitet, aber das Wachstum bleibt standstill. Ungenaue Zielgruppenkennung könnte möglicherweise die Ursache für diese Schwierigkeiten sein. Indikatoren für Leistung haben wir analysiert, jedoch ohne eine Lösung zu finden. Hilfe bei der Identifizierung der Ursache und der Umsetzung effektiver Wachstumsstrategien ist dringend notwendig.","liebe kundenservice, die marketingagentur kämpft mit der markenwachstumsstrategie. trotz der implementierung von digitalen strategien sind die ergebnisse unzufriedenstellend. e-mail-kampagnen wurden optimiert, und die social-media-strategien wurden überarbeitet, aber das wachstum bleibt standstill. ungenaue zielgruppenkennung könnte möglicherweise die ursache für diese schwierigkeiten sein. indikatoren für leistung haben wir analysiert, jedoch ohne eine lösung zu finden. hilfe bei der identifizierung der ursache und der umsetzung effektiver wachstumsstrategien ist dringend notwendig.",0,0,0,0,0,0,0,0
18442,ab5d44c4c88d69f42a2293c4f6b14b738add3811,low,0,global_h2,True,False,False,False,,,Incident,en,Customer Service,0.28308174,0.4742424,0.24267593,"Dear Customer Support, our marketing agency is facing connectivity issues with the Google Nest Wifi Router, which is impacting our client communications and the use of online tools. The problem might have arisen due to recent firmware updates or network congestion during peak hours. We have already restarted the router and checked the device settings, but the issue still persists. We would greatly appreciate your assistance in resolving this issue as soon as possible. Please let us know if there are any additional steps we can take. Thank you.","dear customer support, our marketing agency is facing connectivity issues with the google nest wifi router, which is impacting our client communications and the use of online tools. the problem might have arisen due to recent firmware updates or network congestion during peak hours. we have already restarted the router and checked the device settings, but the issue still persists. we would greatly appreciate your assistance in resolving this issue as soon as possible. please let us know if there are any additional steps we can take. thank you.",0,1,1,1,1,1,1,1
18576,f43125b5c45da0cb8fe3a67d89bb8c496acb8c48,low,0,global_h2,True,True,True,False,,,Incident,en,Returns and Exchanges,0.73353285,0.22425778,0.042209383,"Concern Regarding Data Breach in Healthcare Systems Dear Customer Support, there might have been a data breach affecting sensitive medical information in our hospital's IT systems. This issue could be due to outdated security protocols and a misconfigured firewall. Steps taken include attempting to update security software and monitor network traffic, but concerns still remain. We kindly request your assistance in investigating and resolving this matter promptly to ensure the integrity of our systems. Please give us your urgent attention as this is a critical issue.","concern regarding data breach in healthcare systems dear customer support, there might have been a data breach affecting sensitive medical information in our hospital's it systems. this issue could be due to outdated security protocols and a misconfigured firewall. steps taken include attempting to update security software and monitor network traffic, but concerns still remain. we kindly request your assistance in investigating and resolving this matter promptly to ensure the integrity of our systems. please give us your urgent attention as this is a critical issue.",1,1,2,2,2,2,2,1
18682,6e87c71ea39e4b92d1af2d6cecccdc718e7aeed9,low,0,global_h2,True,False,False,False,,,Change,en,IT Support,0.067307815,0.29580918,0.636883,"Update on Digital Tools for Brand Growth Customer Support, we are reaching out to update on the digital tools platforms used for the brand's growth strategies across various applications and devices. It is essential to update these tools to ensure the brand remains competitive in the market. The current tools are outdated and do not provide the required functionality. We would greatly appreciate it if you could look into this matter and provide a solution as soon as possible. Please let us know if you need any additional information to facilitate the update. Thank you for your time and assistance.","update on digital tools for brand growth customer support, we are reaching out to update on the digital tools platforms used for the brand's growth strategies across various applications and devices. it is essential to update these tools to ensure the brand remains competitive in the market. the current tools are outdated and do not provide the required functionality. we would greatly appreciate it if you could look into this matter and provide a solution as soon as possible. please let us know if you need any additional information to facilitate the update. thank you for your time and assistance.",0,0,0,0,0,0,0,0
19073,151634ade3a164d26c5239d614d1f06e5cdc4ced,low,0,global_h2,True,False,False,False,,,Incident,de,Billing and Payments,0.066953324,0.8864252,0.046621446,"Unterstützung für die Kostenstelle erforderlich Wir benötigen Ihre Unterstützung, da bei der Zahlungsverarbeitung ein Fehler in der Kostenstelle aufgetreten ist. Dies scheint auf Probleme während der Systemaktualisierung zurückzuführen sein. Bitte überprüfen Sie die Zahlungsdetails und geben Sie uns eine detaillierte Beschreibung des Fehlers, einschließlich der Konto-Nr. und spezifischer Fehlermeldungen. Ihre Rückmeldung hilft uns, das Problem zu lösen. Falls nötig, können wir direkt telefonisch besprechen, wie wir den Fall weiter verfolgen können.","unterstützung für die kostenstelle erforderlich wir benötigen ihre unterstützung, da bei der zahlungsverarbeitung ein fehler in der kostenstelle aufgetreten ist. dies scheint auf probleme während der systemaktualisierung zurückzuführen sein. bitte überprüfen sie die zahlungsdetails und geben sie uns eine detaillierte beschreibung des fehlers, einschließlich der konto-nr. und spezifischer fehlermeldungen. ihre rückmeldung hilft uns, das problem zu lösen. falls nötig, können wir direkt telefonisch besprechen, wie wir den fall weiter verfolgen können.",1,1,1,1,1,1,1,1
19125,836e06e09805c6fe20aa8789e20c28994eacefde,low,0,global_h2,True,True,False,False,,,Problem,en,Product Support,0.23310642,0.35311437,0.41377917,"Problem with Antivirus Software Customer Support, please note the compatibility issue with project management SaaS Bitdefender Antivirus Plus. It appears that firewall settings are interfering with the necessary data flow, even after trying to set up exceptions in the antivirus software. The issue continues, and I would greatly appreciate your guidance in resolving it. Could you please provide any assistance or recommendations to resolve this compatibility issue? I look forward to hearing from you soon.","problem with antivirus software customer support, please note the compatibility issue with project management saas bitdefender antivirus plus. it appears that firewall settings are interfering with the necessary data flow, even after trying to set up exceptions in the antivirus software. the issue continues, and i would greatly appreciate your guidance in resolving it. could you please provide any assistance or recommendations to resolve this compatibility issue? i look forward to hearing from you soon.",1,1,1,1,1,1,1,1
19176,f713101ae31f40722fe920a6bb17b021c5be65c7,low,0,global_h2,True,True,False,False,,,Incident,de,Returns and Exchanges,0.4987177,0.47110593,0.030176422,"IT-Systemausfall Probleme mit der Dateneingangsfunktion betroffener medizinischer Akten im medizinischen IT-System des Krankenhauses. Möglicherweise sind es Softwarekonflikte, Hardwarefehler oder Routinenachprüfungen. Die Systeme wurden neu gestartet und die Software aktualisiert, das Problem behält jedoch seinen Bestand.","it-systemausfall probleme mit der dateneingangsfunktion betroffener medizinischer akten im medizinischen it-system des krankenhauses. möglicherweise sind es softwarekonflikte, hardwarefehler oder routinenachprüfungen. die systeme wurden neu gestartet und die software aktualisiert, das problem behält jedoch seinen bestand.",1,2,2,1,2,2,2,2
19244,4305b1a6cf6c17019d6188b068728503b159efd9,low,0,global_h2,True,True,False,False,,,Incident,en,Customer Service,0.8040252,0.17226006,0.023714727,"An unauthorized access attempt was detected on the medical data systems due to outdated security protocols and software vulnerabilities. After reviewing access logs and updating passwords, we still face significant security concerns.","an unauthorized access attempt was detected on the medical data systems due to outdated security protocols and software vulnerabilities. after reviewing access logs and updating passwords, we still face significant security concerns.",1,1,1,0,1,1,1,0
19314,524963512d7f2a1374758e1acafd7578d19d7573,low,0,global_h2,True,True,False,False,,,Request,de,General Inquiry,0.17565957,0.36709455,0.45724592,"Verbesserung Investments-Optimierung Datenanalyse Sehr geehrte Kundenservice, ich möchte mich erkundigen, wie Datenanalyse bei der Optimierung von Investitionen beiträgt. Könnten Sie mir bitte Details zu Ihrem Ansatz bei der Datenanalyse und der Optimierung von Investitionen sowie den verwendeten Werkzeugen und Techniken zur Durchführung investitionssichernder Entscheidungen bereitstellen? Ich würde mich freuen, wenn Sie mir auch Markttrends und Muster identifizieren und wie diese die Gesamtlösung und Investitionsstrategie beeinflussen. Vielen Dank für Ihre Unterstützung. Ich freue mich darauf, bald von Ihnen zu hören.","verbesserung investments-optimierung datenanalyse sehr geehrte kundenservice, ich möchte mich erkundigen, wie datenanalyse bei der optimierung von investitionen beiträgt. könnten sie mir bitte details zu ihrem ansatz bei der datenanalyse und der optimierung von investitionen sowie den verwendeten werkzeugen und techniken zur durchführung investitionssichernder entscheidungen bereitstellen? ich würde mich freuen, wenn sie mir auch markttrends und muster identifizieren und wie diese die gesamtlösung und investitionsstrategie beeinflussen. vielen dank für ihre unterstützung. ich freue mich darauf, bald von ihnen zu hören.",0,0,0,0,0,0,0,0
19793,50fdce3c860229ba504a25af0bb16f44e5acc14c,low,0,global_h2,True,True,True,False,,,Request,en,Technical Support,0.041248016,0.4604699,0.49828216,Support for Integration of PrestaShop and Zapier for Enhanced Digital Marketing Strategies I am looking for more details on the integration of PrestaShop and Zapier to enhance my digital marketing strategies. I want to explore various automation options to improve the performance of my online store.,support for integration of prestashop and zapier for enhanced digital marketing strategies i am looking for more details on the integration of prestashop and zapier to enhance my digital marketing strategies. i want to explore various automation options to improve the performance of my online store.,2,2,2,2,2,2,2,2
20592,f95c9849efc2c3d354300549694724ce76879349,low,0,global_h2,True,False,False,False,,,Request,en,General Inquiry,0.029052489,0.67908204,0.29186553,Technology Product Inquiry Could you provide details on digital strategies to enhance brand growth?,technology product inquiry could you provide details on digital strategies to enhance brand growth?,0,0,0,1,1,1,1,1
20676,33327280e49aadad357630b9088b0aec8a88c57a,low,0,global_h2,True,True,False,False,,,Change,de,Service Outages and Maintenance,0.05020999,0.8233209,0.12646909,"Eindruck Sicherheit Medizinischer Daten Bitten Sie um Verbesserung der Sicherheitsprotokolle für medizinische Daten, die Anwendungen und Geräte betreffen, um die Einhaltung und Datensicherheit sensibler Informationen zu gewährleisten.","eindruck sicherheit medizinischer daten bitten sie um verbesserung der sicherheitsprotokolle für medizinische daten, die anwendungen und geräte betreffen, um die einhaltung und datensicherheit sensibler informationen zu gewährleisten.",0,0,2,2,2,2,2,2
20752,4549c41c5ac4b9e0a34aea4499a5acacefce7a30,low,0,global_h2,True,True,False,False,,,Problem,de,Customer Service,0.39204305,0.55693364,0.051023312,"Anfrage über vermeintliche Datenschutzverletzung Es wurde von möglicher unbefugten Zugriff auf medizinischen Akten berichtet. Dies scheint auf veraltete Sicherheitsprotokolle zurückzuführen sein. Nachdem Passwörter aktualisiert wurden, wurden Antivirus-Skripte auf betroffenen Geräten durchgeführt.","anfrage über vermeintliche datenschutzverletzung es wurde von möglicher unbefugten zugriff auf medizinischen akten berichtet. dies scheint auf veraltete sicherheitsprotokolle zurückzuführen sein. nachdem passwörter aktualisiert wurden, wurden antivirus-skripte auf betroffenen geräten durchgeführt.",2,2,2,0,1,1,1,2
20882,fbf65edbdf5c928847200e96324dab34c779095c,low,0,global_h2,True,False,True,False,,,Request,en,Billing and Payments,0.038371664,0.26877603,0.6928524,"Inquiry About Investment Analytics Services Hello Customer Support, I am inquiring about the investment analytics services your company offers, particularly regarding billing and payment options. Could you provide details on the types of services available and how they can benefit my business? I would greatly appreciate any information you can provide, including pricing and implementation timelines. Thank you for your assistance, and I look forward to hearing back from you soon.","inquiry about investment analytics services hello customer support, i am inquiring about the investment analytics services your company offers, particularly regarding billing and payment options. could you provide details on the types of services available and how they can benefit my business? i would greatly appreciate any information you can provide, including pricing and implementation timelines. thank you for your assistance, and i look forward to hearing back from you soon.",0,0,0,2,1,1,1,1
21019,ffdabeb8a1afd8d39c2a2c5228ecd30236bfe82a,low,0,global_h2,True,True,False,False,,,Incident,de,Customer Service,0.5258765,0.43581435,0.038309135,"Verzögerung bei dem Abruf von Investmentanalyse-Daten Der Benutzer begegnet Verzögerungen beim Abrufen von Investmentanalyse-Daten. Das Problem könnte durch Softwareupdates und erhöhte Serverbelastung verursacht werden. Der Cache wurde gelöscht und das Programm neu gestartet, jedoch behält sich das Problem trotzdem bestand.","verzögerung bei dem abruf von investmentanalyse-daten der benutzer begegnet verzögerungen beim abrufen von investmentanalyse-daten. das problem könnte durch softwareupdates und erhöhte serverbelastung verursacht werden. der cache wurde gelöscht und das programm neu gestartet, jedoch behält sich das problem trotzdem bestand.",1,1,0,1,0,1,1,1
21069,35b9ecacba3b84df2b97ff64c5778caf6cb6cae1,low,0,global_h2,True,True,False,False,,,Change,en,Billing and Payments,0.080406584,0.2901694,0.629424,"Request for Update of Billing Data Analytics Dear Customer Support, I am writing to request an update to my billing data to align better with the advanced Data Analytics tools I have recently implemented, which have significantly improved my ability to monitor and analyze investments. I am confident that this update will enhance my overall experience. I would like the billing period to be changed from quarterly to monthly payments. Additionally, I would prefer to make payments via credit card instead of the current method.","request for update of billing data analytics dear customer support, i am writing to request an update to my billing data to align better with the advanced data analytics tools i have recently implemented, which have significantly improved my ability to monitor and analyze investments. i am confident that this update will enhance my overall experience. i would like the billing period to be changed from quarterly to monthly payments. additionally, i would prefer to make payments via credit card instead of the current method.",0,0,0,0,0,1,0,0
21709,4cc2da38c34ceb960d41b2cfc565725dff00a3f8,low,0,global_h2,True,True,True,False,,,Incident,en,Technical Support,0.7729913,0.19861281,0.028395906,"Unapproved entry into medical data networks Noted unapproved attempts to enter medical data networks, likely because of obsolete security measures. Updated passwords and examined access logs.","unapproved entry into medical data networks noted unapproved attempts to enter medical data networks, likely because of obsolete security measures. updated passwords and examined access logs.",0,0,2,0,2,2,1,1
21857,a77729e50fc14d8f10de6803b57904b957dfd717,low,0,global_h2,True,False,False,False,,,Incident,de,Product Support,0.22120991,0.34565544,0.43313465,"Problematik mit Abnahme der Besucherzahl Sehr geehrte Kundenservice, ich möchte melden, dass die Besucherzahl auf meiner Website plötzlich stark abgenommen hat. Dies deutet auf kürzlich durchgeführte Suchmaschinen-Algorithmen hin. Ich habe die SEO-Strategien der Marketing-Agentur und die Website-Analyse-Daten gründlich geprüft, aber das Problem bestand weiterhin. Ich freue mich, wenn Sie uns unterstützen können, das Problem zu lösen. Bitte teilen Sie mir mit, welche nächsten Schritte angemessen wären. Ich freue mich auf Ihre Rückmeldung. Vielen Dank für Ihre Unterstützung. Herzliche Grüße, [Ihr Name]","problematik mit abnahme der besucherzahl sehr geehrte kundenservice, ich möchte melden, dass die besucherzahl auf meiner website plötzlich stark abgenommen hat. dies deutet auf kürzlich durchgeführte suchmaschinen-algorithmen hin. ich habe die seo-strategien der marketing-agentur und die website-analyse-daten gründlich geprüft, aber das problem bestand weiterhin. ich freue mich, wenn sie uns unterstützen können, das problem zu lösen. bitte teilen sie mir mit, welche nächsten schritte angemessen wären. ich freue mich auf ihre rückmeldung. vielen dank für ihre unterstützung. herzliche grüße, [ihr name]",1,1,2,1,1,1,1,1
22419,6e4a779e695eba195460d575511a426ca8a1e150,low,0,global_h2,True,True,False,False,,,Change,de,Technical Support,0.104152456,0.7055022,0.1903454,"Beten Sie für die Aktualisierung der Datenanalyse-Tools, einschließlich Airtable für verbesserte Investitionsoptimierung Hallo <name> , vielen Dank für Ihre Anfrage zur Aktualisierung der Datenanalyse-Tools, insbesondere Airtable, die zur verbesserten Investitionsoptimierung beitragen. Um die Bearbeitung Ihrer Anfrage und die Verbesserung der Investitionsoptimierung zu ermöglichen, könnten Sie bitte mehr Details zur spezifischen Integration der Datenanalyse-Tools liefern. Falls Sie möchten, können wir gerne telefonisch weitere Details besprechen. Vielen Dank und wir setzen uns bald mit Ihnen in Verbindung. Herzliche Grüße, Wahl Services","beten sie für die aktualisierung der datenanalyse-tools, einschließlich airtable für verbesserte investitionsoptimierung hallo <name> , vielen dank für ihre anfrage zur aktualisierung der datenanalyse-tools, insbesondere airtable, die zur verbesserten investitionsoptimierung beitragen. um die bearbeitung ihrer anfrage und die verbesserung der investitionsoptimierung zu ermöglichen, könnten sie bitte mehr details zur spezifischen integration der datenanalyse-tools liefern. falls sie möchten, können wir gerne telefonisch weitere details besprechen. vielen dank und wir setzen uns bald mit ihnen in verbindung. herzliche grüße, wahl services",1,1,2,2,2,2,2,2
22503,bafc16c3c275756a20bccb37c1949e518d2bf696,low,0,global_h2,True,False,False,False,,,Request,en,Sales and Pre-Sales,0.06255503,0.2150484,0.7223966,"Exploration of SaaS Integration Features Dear Support Team, I would like to explore the capabilities of SaaS integrations. Could you provide detailed information on integrating MySQL 8.0 with Jenkins, including all possible limitations? Additionally, it would be great if you could share examples of successful integration projects and relevant documentation. This information will help us better understand our requirements and determine if your services are suitable. Thank you for your support. I look forward to hearing from you.","exploration of saas integration features dear support team, i would like to explore the capabilities of saas integrations. could you provide detailed information on integrating mysql 8.0 with jenkins, including all possible limitations? additionally, it would be great if you could share examples of successful integration projects and relevant documentation. this information will help us better understand our requirements and determine if your services are suitable. thank you for your support. i look forward to hearing from you.",0,1,1,0,1,1,1,1
22575,ef98904e8f42b53d080f7b0f37af06ea173abaaa,low,0,global_h2,True,True,False,False,,,Incident,en,Customer Service,0.5717457,0.37976763,0.048486628,Concerns Regarding Campaign Performance Metrics Our marketing firm encountered unanticipated delays while generating campaign performance metrics. This could be attributed to recent software updates or configuration errors. We have attempted to update settings and reanalyze the data and reports.,concerns regarding campaign performance metrics our marketing firm encountered unanticipated delays while generating campaign performance metrics. this could be attributed to recent software updates or configuration errors. we have attempted to update settings and reanalyze the data and reports.,0,0,0,0,0,0,0,0
23091,f568a3b68d086a6ab79a650c8163fd6f238d9af0,low,0,global_h2,True,True,False,False,,,Problem,de,Customer Service,0.40639165,0.50366616,0.08994215,"Bestätigung von Softwarekompatibilitätsproblemen bei Marketingbüro Liebe Kundenservice, ich bestätige die Probleme bei der Ausführung von Kampagnen im Marketingbüro. Es gibt Kompatibilitätsprobleme mit den Geräten, was auf veraltete Softwareversionen und mangelnde Integration hinweist. Obwohl die Geräte aktualisiert und Anwendungen neu gestartet wurden, besteht das Problem weiterhin. Wir benötigen Ihre Hilfe, um das Problem so schnell wie möglich zu lösen und weitere Verzögerungen zu vermeiden. Bitte geben Sie Bescheid, sobald Sie Schritte unternehmen können, um das Problem zu lösen. Wir bedanken uns im Voraus für den schnellen Umgang mit dieser Angelegenheit. Vielen Dank für Ihr Support.","bestätigung von softwarekompatibilitätsproblemen bei marketingbüro liebe kundenservice, ich bestätige die probleme bei der ausführung von kampagnen im marketingbüro. es gibt kompatibilitätsprobleme mit den geräten, was auf veraltete softwareversionen und mangelnde integration hinweist. obwohl die geräte aktualisiert und anwendungen neu gestartet wurden, besteht das problem weiterhin. wir benötigen ihre hilfe, um das problem so schnell wie möglich zu lösen und weitere verzögerungen zu vermeiden. bitte geben sie bescheid, sobald sie schritte unternehmen können, um das problem zu lösen. wir bedanken uns im voraus für den schnellen umgang mit dieser angelegenheit. vielen dank für ihr support.",0,0,0,0,0,1,1,1
23157,467a0cfa24705262cfe60e961a3ba5f41d93003b,low,0,global_h2,True,True,True,False,,,Change,en,Customer Service,0.03479127,0.39037374,0.574835,Assistance with New Tools Please integrate new software tools to enhance our project management.,assistance with new tools please integrate new software tools to enhance our project management.,1,1,1,1,0,1,1,1
23254,091da490bcf050224c866f577d09a3b2f0f119c9,low,0,global_h2,True,False,True,False,,,Incident,en,Customer Service,0.8626942,0.11502874,0.02227702,"Digital Marketing Strategy for Revenue Growth digital marketing strategy aimed at expanding the market share. Poor target audience profiling could be the reason. Optimizing ad content has been attempted, but results have not been satisfactory.","digital marketing strategy for revenue growth digital marketing strategy aimed at expanding the market share. poor target audience profiling could be the reason. optimizing ad content has been attempted, but results have not been satisfactory.",1,1,1,0,1,1,0,1
24311,7d284d48976b94d5de60e690d128cd58ddc7130f,low,0,global_h2,True,False,False,False,,,Request,en,Returns and Exchanges,0.022373367,0.6739667,0.30365995,"Cybersecurity Strategies Inquiry Dear [Name], in response to your query about digital strategies for promoting cybersecurity products such as Bitdefender, we use a combination of social media campaigns, email marketing efforts, and targeted online advertising to raise awareness and drive sales. Our approach involves creating informative content, collaborating with industry influencers, and offering special promotions. For further discussion, please let us know a convenient time to schedule a call.","cybersecurity strategies inquiry dear [name], in response to your query about digital strategies for promoting cybersecurity products such as bitdefender, we use a combination of social media campaigns, email marketing efforts, and targeted online advertising to raise awareness and drive sales. our approach involves creating informative content, collaborating with industry influencers, and offering special promotions. for further discussion, please let us know a convenient time to schedule a call.",2,2,1,2,1,1,0,1
24391,8884ee9553f26a1cdb028ba7dff3be1d993c86a4,low,0,global_h2,True,True,False,False,,,Incident,de,IT Support,0.7384932,0.23797715,0.023529604,"Die Website der Marketing-Agentur leidet unter langsamem Lastverhalten, was die Benutzererfahrung beeinträchtigt. Das Cache der Bilder wurde optimiert, aber das Problem behält sich bestehen. Eine erhöhte Aufrufsmenge und Serverprobleme könnten dahinterstecken. Ihr Team benötigt Unterstützung, um das Problem zu lösen und die Leistung der Website zu verbessern.","die website der marketing-agentur leidet unter langsamem lastverhalten, was die benutzererfahrung beeinträchtigt. das cache der bilder wurde optimiert, aber das problem behält sich bestehen. eine erhöhte aufrufsmenge und serverprobleme könnten dahinterstecken. ihr team benötigt unterstützung, um das problem zu lösen und die leistung der website zu verbessern.",1,1,2,0,0,0,1,1
24478,c730b8c591e00ffb0542d7ad69c9303881063318,low,0,global_h2,True,False,False,False,,,Request,en,Billing and Payments,0.085596465,0.3799284,0.5344751,"Inquiry on Digital Market Expansion Dear Customer Service, I am writing to explore digital strategies for market expansion. Could you please provide more information on methods and techniques for implementation, to enhance brand awareness and reach a broader audience, particularly focusing on social media marketing efforts and success measurement of campaigns? Additionally, I am interested in learning more about the content creation process to ensure the content is engaging and relevant to our target audience. Your understanding of digital strategies will help improve our brand's online presence. Thank you for your time.","inquiry on digital market expansion dear customer service, i am writing to explore digital strategies for market expansion. could you please provide more information on methods and techniques for implementation, to enhance brand awareness and reach a broader audience, particularly focusing on social media marketing efforts and success measurement of campaigns? additionally, i am interested in learning more about the content creation process to ensure the content is engaging and relevant to our target audience. your understanding of digital strategies will help improve our brand's online presence. thank you for your time.",0,0,1,0,0,1,0,0
24979,0c7d733197f064893f5f563612e41729c179b9b2,low,0,global_h2,True,True,False,False,,,Incident,en,General Inquiry,0.7463583,0.2250661,0.028575646,"Trouble with Data Analysis Software Issues with our data analysis software are impacting investment optimization. Recent updates might be causing compatibility problems. The software was reinstalled, drivers were updated, and system configurations were checked, but the issue persists. We need support to resolve this.","trouble with data analysis software issues with our data analysis software are impacting investment optimization. recent updates might be causing compatibility problems. the software was reinstalled, drivers were updated, and system configurations were checked, but the issue persists. we need support to resolve this.",0,0,0,0,0,0,0,0
25131,5bfda35998ac019cc44bcaaa5ea9863859ae5aa8,low,0,global_h2,True,True,True,False,,,Request,de,Technical Support,0.108222514,0.8160258,0.075751774,"Verschlüsselung von medizinischen Daten Betreff: Verschlüsselung von medizinischen Daten Sehr geehrte Kundensupport, ich bin in Kontakt treten, um Informationen zu erhalten, wie WhatsApp Desktop und Discord Medizindaten im Krankenhaus-IT-Umfeld sichern können. Könnten Sie die besten Praktiken zur Gewährleistung der Vertraulichkeit, Integrität und Verfügbarkeit sensibler medizinischer Informationen aufzeigen, die HIPAA-konformen Plattformen nutzen? Ich schätze umfassende Sicherheitsmaßnahmen zur Schutz von Patientendaten. Bitte informieren Sie mich über Ressourcen und Empfehlungen, die im Kontext der Sicherung medizinischer Daten verfügbar sind.","verschlüsselung von medizinischen daten betreff: verschlüsselung von medizinischen daten sehr geehrte kundensupport, ich bin in kontakt treten, um informationen zu erhalten, wie whatsapp desktop und discord medizindaten im krankenhaus-it-umfeld sichern können. könnten sie die besten praktiken zur gewährleistung der vertraulichkeit, integrität und verfügbarkeit sensibler medizinischer informationen aufzeigen, die hipaa-konformen plattformen nutzen? ich schätze umfassende sicherheitsmaßnahmen zur schutz von patientendaten. bitte informieren sie mich über ressourcen und empfehlungen, die im kontext der sicherung medizinischer daten verfügbar sind.",2,2,0,2,2,2,1,1
25345,0f707bde12d618e3e5f19576a6aa362c5840791a,low,0,global_h2,True,False,False,False,,,Problem,de,Customer Service,0.52303016,0.4350437,0.041926153,Datensperrverletzung bei Gesundheitsystemen entdeckt Bitte helfen Sie bei der Behebung des Problems,datensperrverletzung bei gesundheitsystemen entdeckt bitte helfen sie bei der behebung des problems,1,1,1,0,1,1,0,0
26002,907e85d44c01b75ee3ed9bcf0ff697ad9cc05d37,low,0,global_h2,True,True,False,False,,,Change,de,Product Support,0.13033082,0.42071727,0.44895196,"Anfrage zur Aktualisierung integrierter Digitalmarketing-Werkzeuge Gehörte Kundenservice, bitte die Anfrage zur Aktualisierung integrierter Digitalmarketing-Werkzeuge unserer Plattform entgegennehmen. Das wird uns helfen, die Marketingeffizienz und die Analyse unserer Markenwachstumsdaten zu verbessern. Es wäre sehr freundlich, wenn Sie die Angelegenheit in möglichst kurzer Zeit mit einer Lösung behandeln könnten. Vielen Dank für Ihre Unterstützung.","anfrage zur aktualisierung integrierter digitalmarketing-werkzeuge gehörte kundenservice, bitte die anfrage zur aktualisierung integrierter digitalmarketing-werkzeuge unserer plattform entgegennehmen. das wird uns helfen, die marketingeffizienz und die analyse unserer markenwachstumsdaten zu verbessern. es wäre sehr freundlich, wenn sie die angelegenheit in möglichst kurzer zeit mit einer lösung behandeln könnten. vielen dank für ihre unterstützung.",1,1,1,1,1,1,1,1
26074,276dd1ab8ed3a7ace8938cff87103be0813f4bd9,low,0,global_h2,True,True,False,False,,,Incident,de,Technical Support,0.21668948,0.72837675,0.05493372,"Fehlerhafte Datenaufarbeitungsanwendungen bei Finanzinstitute beeinträchtigen Investitionsstrategien Es gibt Kompatibilitätsprobleme mit der neuesten Aktualisierung der Datenaufarbeitungsanwendungen, die die Investitionsstrategien beeinträchtigen. Obwohl die Geräte neu gestartet und die Aktualisierungen überprüft wurden, und die Anwendungen neu installiert wurden, behält das Problem bestehen. Wir benötigen dringend Ihre Hilfe, um das Problem schnell zu beheben und die Auswirkungen auf die Geschäftsaktivitäten zu minimieren.","fehlerhafte datenaufarbeitungsanwendungen bei finanzinstitute beeinträchtigen investitionsstrategien es gibt kompatibilitätsprobleme mit der neuesten aktualisierung der datenaufarbeitungsanwendungen, die die investitionsstrategien beeinträchtigen. obwohl die geräte neu gestartet und die aktualisierungen überprüft wurden, und die anwendungen neu installiert wurden, behält das problem bestehen. wir benötigen dringend ihre hilfe, um das problem schnell zu beheben und die auswirkungen auf die geschäftsaktivitäten zu minimieren.",2,2,2,2,2,2,2,2
26206,b175341c8886ed7038ea92f3678cf19649af0d49,low,0,global_h2,True,True,True,False,,,Problem,de,Customer Service,0.19792132,0.7625593,0.039519377,Unbefugter Zugriff auf medizinischen Datenserver gemeldet Unbefugten Zugriff auf medizinischen Datenserver erfahren.,unbefugter zugriff auf medizinischen datenserver gemeldet unbefugten zugriff auf medizinischen datenserver erfahren.,1,1,0,1,1,1,1,1
26269,edea535f72c31a5ea1316bbf8fda582ce56d0651,low,0,global_h2,True,True,False,False,,,Problem,de,Product Support,0.36559635,0.5913458,0.0430578,"Fehler bei Projektzeitplan-Funktionalität Sehr geehrte Kundenservice, ich melde Ihnen ein Problem mit der Fehlerhafte Dauerangaben in der Projektzeitplan-Funktionalität. Diese zeigt fehlerhafte Zeitaufwand für Aufgaben an. Dieser Fehler scheint auf die neueste Aktualisierung des Algorithmus zurückzuführen sein. Ich habe versucht, das Problem zu beheben, indem ich den Cache geleert und das Programm neu gestartet habe, aber der Fehler behält sich bestehen. Dies führt zu Unterschieden in der Projektplanung und Terminplanung. Wir schätzen Ihre Unterstützung, um das Problem schnell zu lösen. Bitte geben Sie uns bekannt, wenn weitere Informationen erforderlich sind. Vielen Dank.","fehler bei projektzeitplan-funktionalität sehr geehrte kundenservice, ich melde ihnen ein problem mit der fehlerhafte dauerangaben in der projektzeitplan-funktionalität. diese zeigt fehlerhafte zeitaufwand für aufgaben an. dieser fehler scheint auf die neueste aktualisierung des algorithmus zurückzuführen sein. ich habe versucht, das problem zu beheben, indem ich den cache geleert und das programm neu gestartet habe, aber der fehler behält sich bestehen. dies führt zu unterschieden in der projektplanung und terminplanung. wir schätzen ihre unterstützung, um das problem schnell zu lösen. bitte geben sie uns bekannt, wenn weitere informationen erforderlich sind. vielen dank.",1,1,2,2,1,1,1,1
26794,222265c65bd328c15f8a82f006deb1014e517187,low,0,global_h2,True,False,False,False,,,Problem,en,Technical Support,0.69134367,0.26863605,0.0400203,"Dear Customer Support, our data analytics tool is not providing the expected insights for investment optimization, possibly due to recent software updates. Despite reconfiguring settings and restarting the application, the issue remains. Could you please assist us in resolving this matter as soon as possible?","dear customer support, our data analytics tool is not providing the expected insights for investment optimization, possibly due to recent software updates. despite reconfiguring settings and restarting the application, the issue remains. could you please assist us in resolving this matter as soon as possible?",0,0,2,0,0,2,0,0
27040,640c0eb78094c1dfcb384fa7fb2e4fbd7ebb5624,low,0,global_h2,True,False,True,False,,,Incident,en,Returns and Exchanges,0.8510879,0.12997125,0.018940816,"Concern Over Hospital System Security Breach The system is malfunctioning, leading to the exposure of medical data due to compromised security protocols. A reboot was attempted, but access logs revealed some irregularities.","concern over hospital system security breach the system is malfunctioning, leading to the exposure of medical data due to compromised security protocols. a reboot was attempted, but access logs revealed some irregularities.",1,1,2,0,2,1,1,1
27518,add8db49cf125520ce82ca73b60624e86e373d90,low,0,global_h2,True,False,False,False,,,Incident,en,Customer Service,0.6792978,0.29713362,0.02356857,Report Generation System Issue A financial company is experiencing delays in investment report generation due to data integration problems.,report generation system issue a financial company is experiencing delays in investment report generation due to data integration problems.,0,0,0,1,0,1,0,0
27766,9b5ace254803a7049843d5c2948e7b80cb5014c5,low,0,global_h2,True,True,True,False,,,Incident,en,Returns and Exchanges,0.8453714,0.11928514,0.035343383,"Support for Financial Firm's Real-Time Investment Analysis Platform The Finanzfirma's real-time investment analysis platform is displaying data. However, there are issues with the firewall configuration, which is hindering the data flow. Attempts to restart the servers and reconfigure connections were unsuccessful. I would appreciate your help in resolving this issue.","support for financial firm's real-time investment analysis platform the finanzfirma's real-time investment analysis platform is displaying data. however, there are issues with the firewall configuration, which is hindering the data flow. attempts to restart the servers and reconfigure connections were unsuccessful. i would appreciate your help in resolving this issue.",0,0,2,0,2,1,1,1
28299,e73921403d31bf0a099b40fc90fd8bcd773b5eb9,low,0,global_h2,True,True,False,False,,,Request,en,Billing and Payments,0.030763848,0.3753561,0.59388006,"Support for Equipment For more information on optimizing investment strategies and utilizing data analysis services, could you please provide additional details? Your assistance is greatly appreciated.","support for equipment for more information on optimizing investment strategies and utilizing data analysis services, could you please provide additional details? your assistance is greatly appreciated.",0,0,0,2,1,1,2,1
103,2aaa7446fe26c9914d625c09f751c8149ff37f47,medium,1,global_h2,True,True,False,False,,,Request,en,Billing and Payments,0.12256616,0.7461388,0.13129501,Clarification Needed Please provide an explanation regarding the current billing framework. Could you share detailed information to better understand the fees applied to the account? Thank you.,clarification needed please provide an explanation regarding the current billing framework. could you share detailed information to better understand the fees applied to the account? thank you.,1,1,1,1,1,1,1,1
234,568ccb53a8a49f65dfda70aaf6aac59cd1a8f599,medium,1,global_h2,True,True,False,False,,,Request,en,Product Support,0.07614099,0.39490867,0.52895033,"Inquiry About ESG Analytics System Dear Customer Support Team, I hope this message reaches you well. I am reaching out to request detailed information about the ESG analytics platform. As sustainability and corporate responsibility are becoming increasingly significant for our organization, we are actively exploring robust tools to help us effectively measure, analyze, and report on Environmental, Social, and Governance (ESG) factors. Our team is particularly keen to understand the platform's main features, including supported data sources and analytical functionalities.","inquiry about esg analytics system dear customer support team, i hope this message reaches you well. i am reaching out to request detailed information about the esg analytics platform. as sustainability and corporate responsibility are becoming increasingly significant for our organization, we are actively exploring robust tools to help us effectively measure, analyze, and report on environmental, social, and governance (esg) factors. our team is particularly keen to understand the platform's main features, including supported data sources and analytical functionalities.",1,1,1,2,1,1,1,1
398,7dc57c3b33d78115dff4ce036d4d78b88cf647d0,medium,1,global_h2,True,False,False,False,,,Change,en,Service Outages and Maintenance,0.2331798,0.34429953,0.42252067,"Urgent Hardware and Software Update Required Dear Customer Support, I am requesting immediate help to resolve hardware and software service disruptions impacting key components such as the motherboard, CPU cooling system, network equipment, and peripherals. These problems are interfering with essential applications, which are crucial for maintaining seamless analytics functions and overall business operations. A swift resolution is vital to avoid operational setbacks. Appreciate your quick attention to this urgent matter. Best regards, [Your Name]","urgent hardware and software update required dear customer support, i am requesting immediate help to resolve hardware and software service disruptions impacting key components such as the motherboard, cpu cooling system, network equipment, and peripherals. these problems are interfering with essential applications, which are crucial for maintaining seamless analytics functions and overall business operations. a swift resolution is vital to avoid operational setbacks. appreciate your quick attention to this urgent matter. best regards, [your name]",2,2,2,2,2,2,2,2
433,e38c9893cc83769b1a0054d4e28836c199c12499,medium,1,global_h2,True,False,False,False,,,Incident,de,Customer Service,0.35081077,0.60683477,0.04235448,"Eiltiges Anliegen: Ausfall der zentralen Kontoverwaltungsplattform Sehr geehrtes Kundendienstteam, ich möchte ein dringendes Anliegen melden, das die zentrale Kontoverwaltung betrifft. In letzter Zeit treten wiederholt Störungen auf, die die effiziente Verwaltung von Benutzerkonten erheblich beeinträchtigen. Diese Probleme verursachen verzögerte Kontenaktualisierungen, verhindern die plattformübergreifende Datenabstimmung und führen zu unerwarteten Fehlermeldungen beim Login. Der Fehler scheint sporadisch aufzutreten, wird jedoch zunehmend häufiger, was zu erheblichen Störungen im täglichen Betrieb führt. Da die zentrale Kontoverwaltung essenziell ist, sind reibungslose Authentifizierungs- und Autorisierungsprozesse für die Nutzer unabdingbar.","eiltiges anliegen: ausfall der zentralen kontoverwaltungsplattform sehr geehrtes kundendienstteam, ich möchte ein dringendes anliegen melden, das die zentrale kontoverwaltung betrifft. in letzter zeit treten wiederholt störungen auf, die die effiziente verwaltung von benutzerkonten erheblich beeinträchtigen. diese probleme verursachen verzögerte kontenaktualisierungen, verhindern die plattformübergreifende datenabstimmung und führen zu unerwarteten fehlermeldungen beim login. der fehler scheint sporadisch aufzutreten, wird jedoch zunehmend häufiger, was zu erheblichen störungen im täglichen betrieb führt. da die zentrale kontoverwaltung essenziell ist, sind reibungslose authentifizierungs- und autorisierungsprozesse für die nutzer unabdingbar.",0,2,2,1,2,1,2,2
637,571732d1a3819287042be3ed0b8a4c1de0d7119c,medium,1,global_h2,True,True,False,False,,,Incident,en,Technical Support,0.4760912,0.38753346,0.13637537,"Connectivity Fluctuations Dear Support Team, We are facing sporadic disconnections across various hardware components connected to the network. The issue appears to be linked to the VPN-router and the local network's stability. We have rebooted the devices and inspected the cables, but the problem continues across multiple workstations and departments. Your prompt help in diagnosing and fixing this matter would be highly valued. Best regards.","connectivity fluctuations dear support team, we are facing sporadic disconnections across various hardware components connected to the network. the issue appears to be linked to the vpn-router and the local network's stability. we have rebooted the devices and inspected the cables, but the problem continues across multiple workstations and departments. your prompt help in diagnosing and fixing this matter would be highly valued. best regards.",1,1,2,0,0,1,1,1
755,3453e727bc474a277ec0f63ec0df23101aab53f0,medium,1,global_h2,True,False,False,False,,,Request,en,Customer Service,0.1341905,0.34182042,0.52398914,"Protection of EMR Telemedicine Integrations Dear Customer Support, I am seeking comprehensive details on best practices for securing Electronic Medical Records (EMR) integrations within telemedicine platforms. Specifically, I am interested in ensuring compliance with key regulations such as HIPAA, GDPR, and ISO 27001 in the healthcare sector. Securing data privacy and implementing secure procedures are critically important. I would appreciate guidance on effective strategies, recommended tools, and frameworks that can be adopted to establish a robust security posture and meet regulatory standards. Additionally, any available documentation or resources would be highly valuable.","protection of emr telemedicine integrations dear customer support, i am seeking comprehensive details on best practices for securing electronic medical records (emr) integrations within telemedicine platforms. specifically, i am interested in ensuring compliance with key regulations such as hipaa, gdpr, and iso 27001 in the healthcare sector. securing data privacy and implementing secure procedures are critically important. i would appreciate guidance on effective strategies, recommended tools, and frameworks that can be adopted to establish a robust security posture and meet regulatory standards. additionally, any available documentation or resources would be highly valuable.",1,1,1,2,1,1,1,1
902,d3de918af87b297de2f2bb8e6bb8696a671f9b82,medium,1,global_h2,True,False,False,False,,,Request,en,Customer Service,0.06533446,0.8348802,0.09978532,Incorporate NAS SaaS Solution Can you offer comprehensive instructions?,incorporate nas saas solution can you offer comprehensive instructions?,1,1,1,2,0,0,0,1
912,950dcd5facffd88e73bc5fd2c6985d7042e1cb60,medium,1,global_h2,True,True,False,False,,,Problem,de,Customer Service,0.14486764,0.79755414,0.057578202,"Technischer Support Benutzer berichten gelegentlich, dass das Projekt-Dashboard langsam lädt, möglicherweise infolge kürzlicher Server-Updates. Die Instanzen wurden neu gestartet und die Cache-Daten gelöscht, was erfolgreich war. Das Problem besteht jedoch weiterhin, daher benötigen wir Unterstützung, um es so schnell wie möglich zu beheben und eine reibungslose Nutzererfahrung zu gewährleisten.","technischer support benutzer berichten gelegentlich, dass das projekt-dashboard langsam lädt, möglicherweise infolge kürzlicher server-updates. die instanzen wurden neu gestartet und die cache-daten gelöscht, was erfolgreich war. das problem besteht jedoch weiterhin, daher benötigen wir unterstützung, um es so schnell wie möglich zu beheben und eine reibungslose nutzererfahrung zu gewährleisten.",0,0,0,1,0,0,0,1
1447,a5a555372c0805b9c4020b753a9d1997f51addfd,medium,1,global_h2,True,True,False,False,,,Change,en,Product Support,0.021640377,0.46042213,0.5179375,Digital Expansion Plan Revise the digital approach to boost brand development with the marketing firm.,digital expansion plan revise the digital approach to boost brand development with the marketing firm.,1,1,1,1,1,1,1,1
1896,0660c387e1ad3b29c409fdba5b7d1aae7a1367be,medium,1,global_h2,True,True,False,False,,,Incident,en,IT Support,0.7437326,0.2179115,0.038355965,"Assistance Needed with Data Analytics Platform The data analytics system has been facing sporadic processing delays. The problem began after the latest software update. Despite rebooting servers and clearing caches, the issue remains. We require support to resolve this problem promptly.","assistance needed with data analytics platform the data analytics system has been facing sporadic processing delays. the problem began after the latest software update. despite rebooting servers and clearing caches, the issue remains. we require support to resolve this problem promptly.",1,2,2,1,1,1,1,1
1987,daace14648021fc7f3b0747acd82e43806e5aba9,medium,1,global_h2,True,False,False,False,,,Change,en,Sales and Pre-Sales,0.033428397,0.21754135,0.74903023,Upgrade SaaS Applications Customer support has received a request to update the integration of selected SaaS applications. This update aims to boost scalability and enhance the efficiency of project management. We would be grateful if you could review this matter and offer a solution at your earliest convenience. Please inform me if any additional information is required. Thank you for your time and assistance.,upgrade saas applications customer support has received a request to update the integration of selected saas applications. this update aims to boost scalability and enhance the efficiency of project management. we would be grateful if you could review this matter and offer a solution at your earliest convenience. please inform me if any additional information is required. thank you for your time and assistance.,0,0,0,1,1,0,0,0
2242,93527be1394ddb1067fdfa5343dfa57247fab17f,medium,1,global_h2,True,True,False,False,,,Incident,en,Product Support,0.5616071,0.37375027,0.06464252,"Connectivity Problems Users are experiencing sporadic connectivity problems with the SaaS platform, impacting several integrated applications. There may be conflicts with network adapters. Restarting the adapters and clearing caches temporarily resolved the issue, but the problem continues. Please assist in resolving this matter.","connectivity problems users are experiencing sporadic connectivity problems with the saas platform, impacting several integrated applications. there may be conflicts with network adapters. restarting the adapters and clearing caches temporarily resolved the issue, but the problem continues. please assist in resolving this matter.",0,0,1,1,1,1,1,1
2482,b4b6b10d8e7d5d63b4ae9ad4be9c4e11534b1668,medium,1,global_h2,True,True,False,False,,,Incident,en,Product Support,0.86821085,0.1131483,0.018640846,Problems with the Data Analytics System The data analytics system has encountered performance issues that are impacting the investment processes. It seems that recent software updates might be the cause. Efforts to revert the updates have been unsuccessful.,problems with the data analytics system the data analytics system has encountered performance issues that are impacting the investment processes. it seems that recent software updates might be the cause. efforts to revert the updates have been unsuccessful.,1,1,2,1,2,1,1,1
2498,f07d66dce9f0b8d36bb57b7cd5ba7035294a1dea,medium,1,global_h2,True,False,True,False,,,Incident,en,Customer Service,0.8406322,0.13754156,0.021826256,"Issue with Product Integration Updates Multiple product integrations are failing. Devices have been restarted and connections verified, but the issue persists. Suspect it may be related to recent platform updates. Please assist in resolving this problem promptly.","issue with product integration updates multiple product integrations are failing. devices have been restarted and connections verified, but the issue persists. suspect it may be related to recent platform updates. please assist in resolving this problem promptly.",1,0,2,1,2,1,2,2
2734,30735f43a3cc5c59bd1506d5c610a33877a6ea7f,medium,1,global_h2,True,True,False,False,,,Request,de,Technical Support,0.08405275,0.79463935,0.12130782,"Jenkins Elasticsearch Marketing Integration Assistance Ich bitte um Unterstützung bei der Integration von Jenkins mit Elasticsearch Version 7.13 für Marketing-Datenanalyse-Workflows. Ziel ist es, die Datenverarbeitungs- und Analysepipeline zu verbessern. Könnten Sie eine Schritt-für-Schritt-Anleitung sowie Ressourcen für die Integration bereitstellen? Ihre Unterstützung wäre sehr willkommen.","jenkins elasticsearch marketing integration assistance ich bitte um unterstützung bei der integration von jenkins mit elasticsearch version 7.13 für marketing-datenanalyse-workflows. ziel ist es, die datenverarbeitungs- und analysepipeline zu verbessern. könnten sie eine schritt-für-schritt-anleitung sowie ressourcen für die integration bereitstellen? ihre unterstützung wäre sehr willkommen.",1,1,1,2,2,2,2,2
3022,10288dbd430fcf54857876fb1f03fc28d9b7afcf,medium,1,global_h2,True,True,True,False,,,Incident,en,Product Support,0.29699606,0.5668863,0.13611767,"Product Assistance Concern Users have reported recurring crashes across various products, such as Avid Pro Tools 2021.6 JIRA. A recent database update to PostgreSQL might have caused compatibility problems. Restarting the impacted applications and reinstalling updates have temporarily resolved the issue. Assistance is needed to determine the underlying cause and find a permanent solution.","product assistance concern users have reported recurring crashes across various products, such as avid pro tools 2021.6 jira. a recent database update to postgresql might have caused compatibility problems. restarting the impacted applications and reinstalling updates have temporarily resolved the issue. assistance is needed to determine the underlying cause and find a permanent solution.",1,1,1,1,1,1,1,1
3061,e3e0c2993cb09c2d8cde3f9d3f43c9d7e2c429a7,medium,1,global_h2,True,True,False,False,,,Incident,de,IT Support,0.6686998,0.30344334,0.027856912,"Sehr geehrter Kundenservice, ich möchte ein Problem mit den digitalen Werkzeugen unserer Marketingagentur melden. Kürzlich traten Fehlfunktionen auf, die unsere Arbeitsprozesse erheblich gestört haben. Wir vermuten, dass widersprüchliche Software-Updates die Ursache sind. Unser Team hat versucht, das System neu zu starten und grundlegende Fehlerbehebungen durchzuführen, jedoch waren diese Maßnahmen erfolglos. Die Fehlfunktion beeinträchtigt die Produktivität erheblich, weshalb wir dringend Unterstützung benötigen, um das Problem zu beheben. Könnten Sie bitte die Ursache überprüfen und eine Anleitung zur Lösung sowie weitere Schritte zur Behebung bereitstellen? Wir schätzen Ihre Hilfe.","sehr geehrter kundenservice, ich möchte ein problem mit den digitalen werkzeugen unserer marketingagentur melden. kürzlich traten fehlfunktionen auf, die unsere arbeitsprozesse erheblich gestört haben. wir vermuten, dass widersprüchliche software-updates die ursache sind. unser team hat versucht, das system neu zu starten und grundlegende fehlerbehebungen durchzuführen, jedoch waren diese maßnahmen erfolglos. die fehlfunktion beeinträchtigt die produktivität erheblich, weshalb wir dringend unterstützung benötigen, um das problem zu beheben. könnten sie bitte die ursache überprüfen und eine anleitung zur lösung sowie weitere schritte zur behebung bereitstellen? wir schätzen ihre hilfe.",2,2,2,1,2,2,2,2
3400,8cf5d01959cb3bb60f499f87093915486ac21e8a,medium,1,global_h2,True,False,True,False,,,Problem,de,Product Support,0.13732563,0.79655594,0.06611841,"digitale Strategie für Markenagentur zur Förderung von Wachstum Wir haben eine digitale Strategie eingesetzt, um das Markenwachstum zu fördern. Mögliche Ursachen für das fehlgeschlagene Ergebnis könnten sein, dass die Ziele inkorrekt definiert wurden oder es eine campagnenspezifische Missausrichtung gab. Wir haben versucht, die Analysen zu überprüfen, den Inhaltsfokus zu ändern und die Anzeigenschau zu erhöhen. Obwohl wir Verbesserungen erzielt haben, ist das Problem noch nicht gelöst.","digitale strategie für markenagentur zur förderung von wachstum wir haben eine digitale strategie eingesetzt, um das markenwachstum zu fördern. mögliche ursachen für das fehlgeschlagene ergebnis könnten sein, dass die ziele inkorrekt definiert wurden oder es eine campagnenspezifische missausrichtung gab. wir haben versucht, die analysen zu überprüfen, den inhaltsfokus zu ändern und die anzeigenschau zu erhöhen. obwohl wir verbesserungen erzielt haben, ist das problem noch nicht gelöst.",1,1,1,0,1,1,1,1
3485,ddf08e1444527a304ca6711562314bcb2caf2fcc,medium,1,global_h2,True,False,False,False,,,Incident,en,Customer Service,0.34355265,0.4254123,0.23103513,"Integration Challenges with Data Analytics Tools at Financial Institution Customer Support: A financial organization is facing integration problems with their data analytics platforms, which are hindering their investment optimization processes. The probable cause appears to be software incompatibility due to outdated versions. Efforts to resolve the issue have included restarting applications, updating the software, and verifying data source connections. However, the problem remains unresolved, and assistance is needed to address the matter. We would appreciate guidance and support to help us overcome this obstacle and restore our investment operations.","integration challenges with data analytics tools at financial institution customer support: a financial organization is facing integration problems with their data analytics platforms, which are hindering their investment optimization processes. the probable cause appears to be software incompatibility due to outdated versions. efforts to resolve the issue have included restarting applications, updating the software, and verifying data source connections. however, the problem remains unresolved, and assistance is needed to address the matter. we would appreciate guidance and support to help us overcome this obstacle and restore our investment operations.",1,1,2,1,1,1,1,1
3659,c0eced167e910e6f72d355fbe61d7358f15fc688,medium,1,global_h2,True,False,False,False,,,Change,de,Returns and Exchanges,0.2706091,0.4082996,0.32109126,"Anfrage für eine sofortige Aktualisierung der Datenanalyse-Tools Sehr geehrter Kundendienst, ich möchte eine Aktualisierung unserer derzeitigen Software für Datenanalyse-Tools beantragen. Das aktuelle System ist veraltet und beeinträchtigt die Genauigkeit unserer Investitionsberichte sowie die Optimierung unserer Investitionen. Ich bitte um ein Upgrade auf die neueste Softwareversion, die Funktionen wie maschinelles Lernen und Echtzeit-Datenverarbeitung umfasst. Diese Verbesserungen würden uns helfen, fundiertere Investitionsentscheidungen zu treffen und die Gesamtleistung zu steigern. Wir würden es sehr schätzen, wenn Sie den Vorgang zeitnah prüfen und uns einen Zeitplan für die Aktualisierung mitteilen könnten. Vielen Dank für Ihre Unterstützung in dieser Angelegenheit. Ich freue mich auf Ihre baldige Rückmeldung.","anfrage für eine sofortige aktualisierung der datenanalyse-tools sehr geehrter kundendienst, ich möchte eine aktualisierung unserer derzeitigen software für datenanalyse-tools beantragen. das aktuelle system ist veraltet und beeinträchtigt die genauigkeit unserer investitionsberichte sowie die optimierung unserer investitionen. ich bitte um ein upgrade auf die neueste softwareversion, die funktionen wie maschinelles lernen und echtzeit-datenverarbeitung umfasst. diese verbesserungen würden uns helfen, fundiertere investitionsentscheidungen zu treffen und die gesamtleistung zu steigern. wir würden es sehr schätzen, wenn sie den vorgang zeitnah prüfen und uns einen zeitplan für die aktualisierung mitteilen könnten. vielen dank für ihre unterstützung in dieser angelegenheit. ich freue mich auf ihre baldige rückmeldung.",0,0,0,1,1,0,0,0
4000,bec1388ace7189f4c4c89ae6a7e4668291ff379e,medium,1,global_h2,True,False,True,False,,,Request,en,Product Support,0.13959752,0.6815092,0.17889327,"Inquiry Regarding Healthcare Data Security Solutions and Hospital Infrastructure Support Customer Support is seeking information about healthcare data security measures and hospital infrastructure support services. Could you provide details on the types of security protocols implemented to safeguard sensitive patient data? Additionally, I am interested in the infrastructure support services available to hospitals and healthcare organizations. Specifically, I would like to learn about experiences with electronic health records (EHRs) and telemedicine platforms. Please let me know if there are any case studies or whitepapers available for review.","inquiry regarding healthcare data security solutions and hospital infrastructure support customer support is seeking information about healthcare data security measures and hospital infrastructure support services. could you provide details on the types of security protocols implemented to safeguard sensitive patient data? additionally, i am interested in the infrastructure support services available to hospitals and healthcare organizations. specifically, i would like to learn about experiences with electronic health records (ehrs) and telemedicine platforms. please let me know if there are any case studies or whitepapers available for review.",1,1,1,1,1,1,1,1
4134,0253a26acf21034e34e8da6ab8932ae6b45ed50a,medium,1,global_h2,True,False,False,False,,,Incident,de,Sales and Pre-Sales,0.61437833,0.36093783,0.024683848,"Das Vertriebsteam berichtet über verzögerte Reaktionszeiten beim Zugriff auf Moodle, HubSpot CRM und bei Kundendemonstrationen. Mögliche Ursachen könnten Netzwerkverzögerungen oder Serverüberlastungen sein, die zu Verzögerungen führen. Es wird empfohlen, die betroffenen Anwendungen neu zu starten und die Netzwerkverbindungen zu überprüfen. Sobald das Problem behoben ist, sollte die Angelegenheit bestätigt werden. Das Team ist frustriert aufgrund der Auswirkungen auf die Arbeit. Wir begrüßen die Meldung und werden die Angelegenheit so bald wie möglich bearbeiten, um eine Lösung bereitzustellen.","das vertriebsteam berichtet über verzögerte reaktionszeiten beim zugriff auf moodle, hubspot crm und bei kundendemonstrationen. mögliche ursachen könnten netzwerkverzögerungen oder serverüberlastungen sein, die zu verzögerungen führen. es wird empfohlen, die betroffenen anwendungen neu zu starten und die netzwerkverbindungen zu überprüfen. sobald das problem behoben ist, sollte die angelegenheit bestätigt werden. das team ist frustriert aufgrund der auswirkungen auf die arbeit. wir begrüßen die meldung und werden die angelegenheit so bald wie möglich bearbeiten, um eine lösung bereitzustellen.",1,1,1,1,1,1,1,1
4682,93b4d777d3a8a7c9c0b77bd3b58fffa532b92bb3,medium,1,global_h2,True,True,True,False,,,Request,en,Billing and Payments,0.05872428,0.37836853,0.5629072,"Implementing Magento with PyCharm Analytics Workflows Customer Support is reaching out to inquire about integrating Magento with PyCharm Professional 2021.1 to optimize investment analytics workflows. Could you supply detailed information on the integration process? I would like to understand the steps involved, along with any specific requirements or configurations necessary. Our goal is to streamline workflows and enhance investment analytics capabilities. Please provide relevant documentation or resources to assist with the setup. Thank you for your support; I look forward to your response.","implementing magento with pycharm analytics workflows customer support is reaching out to inquire about integrating magento with pycharm professional 2021.1 to optimize investment analytics workflows. could you supply detailed information on the integration process? i would like to understand the steps involved, along with any specific requirements or configurations necessary. our goal is to streamline workflows and enhance investment analytics capabilities. please provide relevant documentation or resources to assist with the setup. thank you for your support; i look forward to your response.",1,1,1,2,1,1,1,1
4687,fa24876c20eb70c2808b01dedcf9783014e6f920,medium,1,global_h2,True,True,True,False,,,Problem,en,Product Support,0.195565,0.47605744,0.32837763,"Marketing Issues The digital marketing strategies of the agency have not had the expected impact on the growing brand, and the latest campaigns have shown subpar performance. Possible causes include ineffective target audience messaging concepts. Despite efforts to improve content and increase the number of social media ads, the results have not improved. It is crucial to re-examine the brand strategy to achieve the desired outcomes. A thorough analysis of the target audience and campaign metrics can help identify areas for improvement. Improving the marketing strategy will better utilize resources and create more effective campaigns.","marketing issues the digital marketing strategies of the agency have not had the expected impact on the growing brand, and the latest campaigns have shown subpar performance. possible causes include ineffective target audience messaging concepts. despite efforts to improve content and increase the number of social media ads, the results have not improved. it is crucial to re-examine the brand strategy to achieve the desired outcomes. a thorough analysis of the target audience and campaign metrics can help identify areas for improvement. improving the marketing strategy will better utilize resources and create more effective campaigns.",1,1,1,1,1,1,1,1
5470,9846c96378a1b264c5384d3e8a6c5155809958ae,medium,1,global_h2,True,True,False,False,,,Incident,en,IT Support,0.52360594,0.4043383,0.07205575,"Support Services Issue This ticket highlights an incident submitted to the medium priority support queue, concerning outages in critical systems including Adobe Sign, Google Meet, and Oracle Database 19c. These outages are causing considerable delays in ongoing projects. Initial diagnostics suggest that the root cause might be server overload or network congestion, especially during peak usage hours. Efforts to resolve the problem have included restarting the affected services and implementing temporary load balancing measures. Nevertheless, as the issue persists, further investigation is requested. Could you please provide additional insights or next steps?","support services issue this ticket highlights an incident submitted to the medium priority support queue, concerning outages in critical systems including adobe sign, google meet, and oracle database 19c. these outages are causing considerable delays in ongoing projects. initial diagnostics suggest that the root cause might be server overload or network congestion, especially during peak usage hours. efforts to resolve the problem have included restarting the affected services and implementing temporary load balancing measures. nevertheless, as the issue persists, further investigation is requested. could you please provide additional insights or next steps?",1,1,2,1,1,1,1,1
5477,fc19d4ee33b4c7a29f82a337c88f78bea888aca6,medium,1,global_h2,True,False,False,False,,,Problem,en,Product Support,0.64397496,0.32204044,0.033984598,Delays in Data Access Currently facing access delays,delays in data access currently facing access delays,1,1,1,0,1,1,1,1
5766,97dd61e0f521989fba00b053051a778ea10174f4,medium,1,global_h2,True,False,False,False,,,Problem,de,Billing and Payments,0.64013755,0.32435155,0.035510883,"Rechnungsdifferenzen Das Unternehmen erfährt Unstimmigkeiten bei der Abrechnung, wobei mehrere Softwarelizenzen vermutlich auf Systemintegrationsfehler zurückzuführen sind. Erste interne Überprüfungen und Kommunikation mit dem Anbieter wurden bereits versucht, jedoch ohne Erfolg. Wir benötigen Unterstützung, um das Problem zu lösen.","rechnungsdifferenzen das unternehmen erfährt unstimmigkeiten bei der abrechnung, wobei mehrere softwarelizenzen vermutlich auf systemintegrationsfehler zurückzuführen sind. erste interne überprüfungen und kommunikation mit dem anbieter wurden bereits versucht, jedoch ohne erfolg. wir benötigen unterstützung, um das problem zu lösen.",1,1,1,1,1,1,1,1
5862,fb69870fbc78c82a52c229b2cc1f5458313e5363,medium,1,global_h2,True,False,False,False,,,Request,en,Technical Support,0.023965884,0.43339026,0.5426439,Request for Information on Digital Strategy Services Please contact me so I can better understand the detailed offerings of your digital strategy services and how they can support our goals. I am looking forward to receiving the available information on this matter.,request for information on digital strategy services please contact me so i can better understand the detailed offerings of your digital strategy services and how they can support our goals. i am looking forward to receiving the available information on this matter.,1,1,1,2,2,2,1,2
6142,58e18d591a47681d01e6b3ee58943ed19ca15650,medium,1,global_h2,True,True,False,False,,,Request,en,Technical Support,0.1465678,0.7640348,0.08939736,Support Needed for Redis Integration Could you please provide comprehensive documentation?,support needed for redis integration could you please provide comprehensive documentation?,1,1,1,2,1,2,1,1
6521,ffbb8ce3bab7e89ba96cb13ef861fc709a935d44,medium,1,global_h2,True,True,False,False,,,Problem,en,Product Support,0.75524884,0.21613364,0.028617527,Delayed Response Times on SaaS Platform The SaaS platform encountered sluggish loading speeds and crashes.,delayed response times on saas platform the saas platform encountered sluggish loading speeds and crashes.,1,1,1,1,1,1,1,1
6859,bf6b36118936d7248f03d6af1c54ee3f6b367a9f,medium,1,global_h2,True,True,False,False,,,Incident,en,Service Outages and Maintenance,0.5379663,0.31217158,0.1498621,"Drafting a report on the digital strategies of the marketing agency, currently facing service disruptions across several products. These outages are probably due to errors in platform integration. Our initial troubleshooting steps involved restarting systems and clearing caches; however, the problems continue. We have attempted to identify the root cause but have not yet succeeded. We would greatly appreciate your help in resolving this issue as soon as possible. Please keep us informed.","drafting a report on the digital strategies of the marketing agency, currently facing service disruptions across several products. these outages are probably due to errors in platform integration. our initial troubleshooting steps involved restarting systems and clearing caches; however, the problems continue. we have attempted to identify the root cause but have not yet succeeded. we would greatly appreciate your help in resolving this issue as soon as possible. please keep us informed.",1,1,2,1,2,1,1,1
7088,86732821b9620177fa3148c91c7bc717d8640313,medium,1,global_h2,True,False,False,False,,,Incident,en,Product Support,0.22259983,0.38917834,0.38822186,"The digital strategy campaign for the marketing agency has seen a sudden drop in engagement. It's possible that technical issues or targeting errors are the cause. I have already reviewed the campaign settings and contacted support, but the issue still persists. I would greatly appreciate it if you could look into this matter and provide a solution as soon as possible. Please let me know if there is any additional information needed to resolve this issue. I am looking forward to hearing back from you to find a way to address this problem.","the digital strategy campaign for the marketing agency has seen a sudden drop in engagement. it's possible that technical issues or targeting errors are the cause. i have already reviewed the campaign settings and contacted support, but the issue still persists. i would greatly appreciate it if you could look into this matter and provide a solution as soon as possible. please let me know if there is any additional information needed to resolve this issue. i am looking forward to hearing back from you to find a way to address this problem.",1,1,1,2,1,2,1,1
7107,36c6e3d7b4b62157bab91139e42227b3f09bf56e,medium,1,global_h2,True,True,True,False,,,Incident,de,Technical Support,0.46493942,0.5018619,0.03319875,"Sicherheitslücke bei QNAP NAS Bitte berichten Sie über den Vorfall, bei dem ein Gesundheitsdienstleister unbefugten Zugriff auf Daten auf einem QNAP NAS erlangt hat. Das Problem scheint mit einer veralteten Sicherheitslücke in MongoDB zusammenzuhängen. Es wurden Versuche unternommen, die Firmware zu aktualisieren und Passwörter zurückzusetzen, doch das Problem besteht weiterhin. Wir schätzen Ihre Unterstützung bei der Lösung dieses Problems, um weitere Datenverletzungen zu verhindern.","sicherheitslücke bei qnap nas bitte berichten sie über den vorfall, bei dem ein gesundheitsdienstleister unbefugten zugriff auf daten auf einem qnap nas erlangt hat. das problem scheint mit einer veralteten sicherheitslücke in mongodb zusammenzuhängen. es wurden versuche unternommen, die firmware zu aktualisieren und passwörter zurückzusetzen, doch das problem besteht weiterhin. wir schätzen ihre unterstützung bei der lösung dieses problems, um weitere datenverletzungen zu verhindern.",1,1,1,2,2,2,1,1
7668,1d13a34a18f857ca0fbc8ce9011e5e8df7596c4c,medium,1,global_h2,True,False,False,False,,,Incident,en,Technical Support,0.85300046,0.12440107,0.02259843,"Exchange Issue System outage rendering multiple tools unavailable, disrupting workflows. Possible cause: server overload following recent configuration changes.","exchange issue system outage rendering multiple tools unavailable, disrupting workflows. possible cause: server overload following recent configuration changes.",2,2,2,1,2,2,2,2
7805,b416b3943f336b8237ad23723cb47e234bb915ed,medium,1,global_h2,True,True,False,False,,,Change,en,IT Support,0.029282594,0.5258921,0.4448253,Upgrade Request Seeking an enhancement of data analytics tools and hardware to improve investment analysis capabilities.,upgrade request seeking an enhancement of data analytics tools and hardware to improve investment analysis capabilities.,2,2,2,1,1,2,1,1
7906,f9d8d515b8da12f8712bcd0d3acae4854ba2e9f7,medium,1,global_h2,True,True,False,False,,,Problem,en,Technical Support,0.36116728,0.4322559,0.20657684,"Digital Campaigns Not Performing as Expected Customer Support, I am expressing concern regarding the underperformance of our digital marketing campaigns managed by the agency. Despite our team's efforts to update the strategy, we have not achieved the desired outcomes. We have made adjustments to content, timing, and platforms; however, these changes have not resulted in significant improvements. We are worried that recent algorithm updates might be impacting our reach and engagement. Our team has tried various approaches but continues to struggle in reaching our goals. We would greatly appreciate any guidance or support you can offer.","digital campaigns not performing as expected customer support, i am expressing concern regarding the underperformance of our digital marketing campaigns managed by the agency. despite our team's efforts to update the strategy, we have not achieved the desired outcomes. we have made adjustments to content, timing, and platforms; however, these changes have not resulted in significant improvements. we are worried that recent algorithm updates might be impacting our reach and engagement. our team has tried various approaches but continues to struggle in reaching our goals. we would greatly appreciate any guidance or support you can offer.",1,1,1,2,1,1,1,1
8259,61cfc0fa39d581f7105969fdaaeb544b27e29933,medium,1,global_h2,True,False,True,False,,,Incident,de,Product Support,0.27239472,0.670995,0.056610264,Problembericht zur Marketingkampagne Das Marketinginstitut hat aufgrund kürzlich vorgenommener Änderungen im Plattform-Algorithmus inkonsistente Kampagnenleistungen festgestellt. Die Anpassung der Anzeigenausrichtung führte jedoch zu verbesserten Resultaten.,problembericht zur marketingkampagne das marketinginstitut hat aufgrund kürzlich vorgenommener änderungen im plattform-algorithmus inkonsistente kampagnenleistungen festgestellt. die anpassung der anzeigenausrichtung führte jedoch zu verbesserten resultaten.,1,1,1,1,1,1,1,1
8305,f94bde90702d6b1ef5abde1a75108c40b4e551cf,medium,1,global_h2,True,False,False,False,,,Request,de,Billing and Payments,0.06230817,0.48181006,0.45588183,"Optimierung der Online-Marke Sehr geehrte Kundensupport, bitte geben Sie detaillierte Informationen über Methoden zur Verbesserung der digitalen Strategie, damit das Markenpräsenz und die Kundenengagementstiefe erhöht werden können. Insbesondere interessiert es uns, mehr über Sozialmedienkampagnen, Inhaltsmarketing und E-Mail-Marketingstrategien zu erfahren. Darüber hinaus möchten wir erfahren, wie Analytiktools genutzt werden können, um die Effektivität unserer Anstrengungen zu messen. Vielen Dank für Ihre Zeit und Ihr Engagement. Ich freue mich darauf, Ihre Antwort zu hören.","optimierung der online-marke sehr geehrte kundensupport, bitte geben sie detaillierte informationen über methoden zur verbesserung der digitalen strategie, damit das markenpräsenz und die kundenengagementstiefe erhöht werden können. insbesondere interessiert es uns, mehr über sozialmedienkampagnen, inhaltsmarketing und e-mail-marketingstrategien zu erfahren. darüber hinaus möchten wir erfahren, wie analytiktools genutzt werden können, um die effektivität unserer anstrengungen zu messen. vielen dank für ihre zeit und ihr engagement. ich freue mich darauf, ihre antwort zu hören.",2,2,1,1,1,1,1,1
8535,77abf4d3e2cc8c24756dd732d428c7e909f4716b,medium,1,global_h2,True,True,True,False,,,Problem,de,Billing and Payments,0.35841998,0.52657455,0.11500546,"Hohe Kosten in der letzten Abrechnung Sehr geehrter Kundenservice, ich möchte Ihre Aufmerksamkeit auf ein Problem in meiner letzten Abrechnung lenken. Bei der Überprüfung der Rechnung stellte ich fest, dass die Kosten berechnet wurden, und vermute, dass ein Fehler in der Abrechnungssoftware vorliegt. Ich habe bereits zuvor den Support bezüglich dieses Problems kontaktiert, jedoch wurde es bisher nicht gelöst. Ich schätze, dass das Problem durch eine schnelle Behebung des Fehlers behoben werden kann. Bitte lassen Sie mich wissen, falls Sie weitere Informationen benötigen, um die Lösung zu erleichtern. Ich freue mich auf Ihre Rückmeldung und darauf, das Problem zeitnah zu klären. Vielen Dank.","hohe kosten in der letzten abrechnung sehr geehrter kundenservice, ich möchte ihre aufmerksamkeit auf ein problem in meiner letzten abrechnung lenken. bei der überprüfung der rechnung stellte ich fest, dass die kosten berechnet wurden, und vermute, dass ein fehler in der abrechnungssoftware vorliegt. ich habe bereits zuvor den support bezüglich dieses problems kontaktiert, jedoch wurde es bisher nicht gelöst. ich schätze, dass das problem durch eine schnelle behebung des fehlers behoben werden kann. bitte lassen sie mich wissen, falls sie weitere informationen benötigen, um die lösung zu erleichtern. ich freue mich auf ihre rückmeldung und darauf, das problem zeitnah zu klären. vielen dank.",1,1,1,1,1,1,1,1
8836,97c7ad3a9dbd9c8a04dcef967d559f9aab6a2db6,medium,1,global_h2,True,False,False,False,,,Incident,de,Customer Service,0.36993316,0.48343852,0.14662825,"Datenschutzverletzung im Gesundheitswesen - Vorfallmeldung Sehr geehrter Kundenservice, ich möchte einen schwerwiegenden Sicherheitsvorfall melden, bei dem unbefugter Zugriff auf medizinische Daten durch einen Gesundheitsdienstleister stattgefunden hat. Erste Untersuchungen deuten darauf hin, dass veraltete Sicherheitsprotokolle zu diesem Vorfall beigetragen haben könnten. Vorsorglich wurden die Firewall-Regeln aktualisiert und das Problem vollständig behoben. Ich schätze Ihre Unterstützung bei weiteren Untersuchungen sowie bei der Umsetzung zusätzlicher Sicherheitsmaßnahmen, um zukünftige Vorfälle zu verhindern. Bitte informieren Sie mich über die nächsten Schritte. Vielen Dank für Ihre schnelle Reaktion auf diese Angelegenheit.","datenschutzverletzung im gesundheitswesen - vorfallmeldung sehr geehrter kundenservice, ich möchte einen schwerwiegenden sicherheitsvorfall melden, bei dem unbefugter zugriff auf medizinische daten durch einen gesundheitsdienstleister stattgefunden hat. erste untersuchungen deuten darauf hin, dass veraltete sicherheitsprotokolle zu diesem vorfall beigetragen haben könnten. vorsorglich wurden die firewall-regeln aktualisiert und das problem vollständig behoben. ich schätze ihre unterstützung bei weiteren untersuchungen sowie bei der umsetzung zusätzlicher sicherheitsmaßnahmen, um zukünftige vorfälle zu verhindern. bitte informieren sie mich über die nächsten schritte. vielen dank für ihre schnelle reaktion auf diese angelegenheit.",0,0,2,1,1,1,2,0
9785,e47c747f03af73ab067d315f344b80d25c667452,medium,1,global_h2,True,False,False,False,,,Change,de,IT Support,0.23525469,0.55028915,0.21445625,"Sehr geehrter Kundenservice, ich möchte mich über die Aktualisierung digitaler Markenstrategien bei Ihrer Marketingagentur erkundigen. Ziel ist es, die Online-Präsenz und das Engagement zu steigern, um letztlich das Wachstum der Marke zu fördern. Ich interessiere mich für weitere Informationen über die angebotenen Dienstleistungen, um diese besser auf die spezifischen Bedürfnisse der Marketingagentur abstimmen zu können. Könnten Sie bitte zusätzliche Details zu Ihren Dienstleistungen bereitstellen, einschließlich relevanter Fallstudien und Kundenrezensionen? Eine Anleitung zur Einschätzung, wann wir mit der Aktualisierung unserer digitalen Markenstrategien beginnen können, wäre ebenfalls hilfreich.","sehr geehrter kundenservice, ich möchte mich über die aktualisierung digitaler markenstrategien bei ihrer marketingagentur erkundigen. ziel ist es, die online-präsenz und das engagement zu steigern, um letztlich das wachstum der marke zu fördern. ich interessiere mich für weitere informationen über die angebotenen dienstleistungen, um diese besser auf die spezifischen bedürfnisse der marketingagentur abstimmen zu können. könnten sie bitte zusätzliche details zu ihren dienstleistungen bereitstellen, einschließlich relevanter fallstudien und kundenrezensionen? eine anleitung zur einschätzung, wann wir mit der aktualisierung unserer digitalen markenstrategien beginnen können, wäre ebenfalls hilfreich.",1,1,0,2,1,2,1,1
10149,d886348eb1ba2e72495fcd956fef149671358aed,medium,1,global_h2,True,False,False,False,,,Incident,en,Product Support,0.3350138,0.33291823,0.33206797,"Irregular Data Analysis Documents Dear Customer Support, I hope this message finds you well. I am writing to bring to your attention the recent inconsistencies in the data analysis reports. These inconsistencies are impacting our investment strategies. I suspect the issue might be due to errors in data integration. Despite my efforts to re-import the data sets and recalibrate our analytics tools, the discrepancies still persist. I would greatly appreciate it if you could look into this matter and provide a solution as soon as possible. Please let me know if you need any additional information to resolve this issue. I am available for further discussion.","irregular data analysis documents dear customer support, i hope this message finds you well. i am writing to bring to your attention the recent inconsistencies in the data analysis reports. these inconsistencies are impacting our investment strategies. i suspect the issue might be due to errors in data integration. despite my efforts to re-import the data sets and recalibrate our analytics tools, the discrepancies still persist. i would greatly appreciate it if you could look into this matter and provide a solution as soon as possible. please let me know if you need any additional information to resolve this issue. i am available for further discussion.",0,1,1,1,1,1,1,1
10492,2ea47169ab8886e9723f6938e8500040fc082235,medium,1,global_h2,True,False,False,False,,,Incident,en,Technical Support,0.29880348,0.5153043,0.18589224,"Issues with Data Analysis Optimization The financial firm is experiencing disruptions in data analysis and attempted to optimize investments. The software and hardware compatibility issues were suspected to be the cause. After restarting the affected devices and clearing system caches, the error was resolved. They require support to quickly address the issue and minimize losses.","issues with data analysis optimization the financial firm is experiencing disruptions in data analysis and attempted to optimize investments. the software and hardware compatibility issues were suspected to be the cause. after restarting the affected devices and clearing system caches, the error was resolved. they require support to quickly address the issue and minimize losses.",2,2,2,1,1,2,1,1
10706,2e37ea8e39580d4c480ff2489085f8b5d756e01d,medium,1,global_h2,True,False,False,False,,,Change,de,IT Support,0.035715736,0.7242376,0.2400466,"Verwaltungsfähigkeiten Verbessern durch Intelligente Geräte Integration Die Anforderung umfasst die Integration intelligenter technologischer Software, um die Projektverwaltungsfähigkeiten zu verbessern.","verwaltungsfähigkeiten verbessern durch intelligente geräte integration die anforderung umfasst die integration intelligenter technologischer software, um die projektverwaltungsfähigkeiten zu verbessern.",1,1,1,2,1,2,1,1
10716,d544901765f1673b989fd52217a80e49c07c221a,medium,1,global_h2,True,False,False,False,,,Request,en,Sales and Pre-Sales,0.013199694,0.34937897,0.63742125,Boosting Brand Presence with Smart Products Offer insights into digital strategies,boosting brand presence with smart products offer insights into digital strategies,1,1,1,0,1,1,1,1
10879,83bac59603cba8062119094a9b3b9fc9d4cb4ce2,medium,1,global_h2,True,True,False,False,,,Incident,de,Product Support,0.7589668,0.21033315,0.030700145,Fehlende Funktion bei Investitionswerkzeug Das investitionsspezifische Analysewerkzeug konnte Daten-Eingaben aufgrund von Software-Kompatibilitäts-Problemen nicht verarbeiten. Versuche des Neustarts und der Daten-erneuerung waren erfolglos.,fehlende funktion bei investitionswerkzeug das investitionsspezifische analysewerkzeug konnte daten-eingaben aufgrund von software-kompatibilitäts-problemen nicht verarbeiten. versuche des neustarts und der daten-erneuerung waren erfolglos.,1,1,1,1,1,1,1,1
11510,3967c52c66e1675149111dcdad537fc8586e5c0b,medium,1,global_h2,True,True,True,False,,,Incident,de,Technical Support,0.6375927,0.33325502,0.029152324,"Probleme mit der Notion-App Es gab einen unerwarteten Programmabsturz der Notion-App während der Datenanalyse und Optimierung von Investitionen. Nach dem Neustart des Programms wurden keine weiteren Probleme festgestellt, jedoch wurde ESET NOD32 Antivirus als potenzielle Schadsoftware identifiziert. Bitte geben Sie mehr Details zur Ursache des Absturzes an.","probleme mit der notion-app es gab einen unerwarteten programmabsturz der notion-app während der datenanalyse und optimierung von investitionen. nach dem neustart des programms wurden keine weiteren probleme festgestellt, jedoch wurde eset nod32 antivirus als potenzielle schadsoftware identifiziert. bitte geben sie mehr details zur ursache des absturzes an.",1,1,2,2,1,1,1,1
11996,d57a030ad1b04ee4afb75f9234bf1a67c1710d86,medium,1,global_h2,True,True,True,False,,,Incident,en,Billing and Payments,0.83340234,0.14824717,0.018350516,"Billing Inaccuracy Across Various Products I am facing issues with inaccurate billing across multiple products. Potential reasons might be software bugs or integration mistakes. After reviewing my account settings and updating my payment methods, the problem still persists.","billing inaccuracy across various products i am facing issues with inaccurate billing across multiple products. potential reasons might be software bugs or integration mistakes. after reviewing my account settings and updating my payment methods, the problem still persists.",1,1,1,2,1,1,1,1
12533,86835926bab48f40991421a38f99f05e0c49214b,medium,1,global_h2,True,True,True,False,,,Problem,en,Customer Service,0.4878796,0.42184234,0.09027811,"Request for Support Regarding Unauthorized Data Access Dear Customer Service Department, Our hospital's IT system was unauthorizedly accessed to retrieve medical data. There was a breach due to weak passwords. Passwords have already been updated, and a preliminary security audit was conducted, but it did not show significant results. However, we are always aware of potential risks and are seeking support to thoroughly examine the issue and receive guidelines for improving the security of our system. We request your assistance in taking measures to prevent such incidents in the future and to provide further guidance.","request for support regarding unauthorized data access dear customer service department, our hospital's it system was unauthorizedly accessed to retrieve medical data. there was a breach due to weak passwords. passwords have already been updated, and a preliminary security audit was conducted, but it did not show significant results. however, we are always aware of potential risks and are seeking support to thoroughly examine the issue and receive guidelines for improving the security of our system. we request your assistance in taking measures to prevent such incidents in the future and to provide further guidance.",0,0,0,1,1,1,1,1
12959,af9c999eceb2ac93ffc22b0e5745f6a373908ea9,medium,1,global_h2,True,False,False,False,,,Problem,de,Customer Service,0.62388307,0.3502491,0.025867848,"Bestätigung potenziellen Datenverletzungs medizinischer Akten aufgrund IT-Schwachstellen Es wurde festgestellt, dass es zu einer potenziellen Datenverletzung bei den medizinischen Akten gekommen ist. Diese Schwachstellen scheinen in der IT-Infrastruktur zu liegen. Obwohl ich versucht habe, die Sicherheitsprotokolle zu aktualisieren, besteht das Problem weiterhin. Bitte helfen Sie mir unverzüglich, um weitere Verletzungen zu vermeiden.","bestätigung potenziellen datenverletzungs medizinischer akten aufgrund it-schwachstellen es wurde festgestellt, dass es zu einer potenziellen datenverletzung bei den medizinischen akten gekommen ist. diese schwachstellen scheinen in der it-infrastruktur zu liegen. obwohl ich versucht habe, die sicherheitsprotokolle zu aktualisieren, besteht das problem weiterhin. bitte helfen sie mir unverzüglich, um weitere verletzungen zu vermeiden.",1,1,2,1,1,1,1,1
13615,1d4d16c672f657d541ce6351d3044c5bfb95bef8,medium,1,global_h2,True,True,False,False,,,Incident,en,Product Support,0.29093584,0.40017727,0.30888692,"Functionality of Financial Tool The investment optimization tool of the financial firm has been accurately processing data analytics. However, an issue may have arisen due to a recent software update or configuration problem. Steps taken include restarting affected applications and verifying network connectivity via a VPN-router, but the problem still persists. Assistance in resolving this issue soon would be greatly appreciated to minimize potential losses.","functionality of financial tool the investment optimization tool of the financial firm has been accurately processing data analytics. however, an issue may have arisen due to a recent software update or configuration problem. steps taken include restarting affected applications and verifying network connectivity via a vpn-router, but the problem still persists. assistance in resolving this issue soon would be greatly appreciated to minimize potential losses.",1,1,1,1,1,1,1,1
13819,4ec9825885ca85bf0b9155da4728d639c4220cfb,medium,1,global_h2,True,False,False,False,,,Change,en,Technical Support,0.040002514,0.24114911,0.71884835,"Boost CRM Functionality Customer Support, requesting enhancements to CRM digital tools. Objective is to optimize brand growth strategies and streamline operations. Our team currently struggles with managing customer data and tracking engagement metrics. By integrating CRM tools, we aim to automate tasks, improve data analysis, and make informed decisions. We would greatly appreciate any guidance on available integration options and the implementation process. Additionally, we are looking forward to your assistance.","boost crm functionality customer support, requesting enhancements to crm digital tools. objective is to optimize brand growth strategies and streamline operations. our team currently struggles with managing customer data and tracking engagement metrics. by integrating crm tools, we aim to automate tasks, improve data analysis, and make informed decisions. we would greatly appreciate any guidance on available integration options and the implementation process. additionally, we are looking forward to your assistance.",1,1,1,1,1,2,1,1
13949,08abc7601f8b401d2f932ffabe22fc13163e2e63,medium,1,global_h2,True,False,True,False,,,Incident,en,IT Support,0.34309405,0.5230653,0.13384072,"Problems with Server Response Time A sudden increase in server response time was observed during a summit, which is attributed to a recent code update. Attempts to optimize server settings and revert the update were unsuccessful. The team is currently investigating the cause and working on a solution to enhance user experience.","problems with server response time a sudden increase in server response time was observed during a summit, which is attributed to a recent code update. attempts to optimize server settings and revert the update were unsuccessful. the team is currently investigating the cause and working on a solution to enhance user experience.",1,1,2,1,1,1,1,1
14088,b59a5605bba2d6a7172f7378e2d1ac20800d8589,medium,1,global_h2,True,True,False,False,,,Incident,en,Technical Support,0.8437736,0.13192138,0.024304982,"Problem with Accessing Azure Campaign Data A marketing agency is facing challenges in accessing campaign data on Microsoft Azure. The issue might be due to unexpected network instability. They have tried to resolve the issue by resetting the network connection and attempting to access Azure from different devices, but these attempts have been unsuccessful. As a result, the team is currently unable to view or manage campaign data, which is affecting their operations. They would appreciate prompt assistance in resolving this matter. Please inform us of a convenient time to call for further troubleshooting and to provide a solution.","problem with accessing azure campaign data a marketing agency is facing challenges in accessing campaign data on microsoft azure. the issue might be due to unexpected network instability. they have tried to resolve the issue by resetting the network connection and attempting to access azure from different devices, but these attempts have been unsuccessful. as a result, the team is currently unable to view or manage campaign data, which is affecting their operations. they would appreciate prompt assistance in resolving this matter. please inform us of a convenient time to call for further troubleshooting and to provide a solution.",0,0,2,1,1,1,2,1
14221,7962847902b7ad9ff5a60ae3d995f4eb5e765ddb,medium,1,global_h2,True,True,False,False,,,Problem,de,IT Support,0.11838879,0.83662134,0.044989835,"Probleme mit Software Das Marketingteam hat Kompatibilitätsprobleme mit TensorFlow unter Windows 10 Pro erlebt. Versuche, das Problem zu lösen, umfassten die Wiederinstallation der Software und die Überprüfung der Systemkonfiguration. Verschiedene Versionen wurden probiert, jedoch beharrt das Problem weiterhin. Das Team benötigt Unterstützung, um das Kompatibilitätsproblem zu lösen, damit das Projekt fortgesetzt werden kann.","probleme mit software das marketingteam hat kompatibilitätsprobleme mit tensorflow unter windows 10 pro erlebt. versuche, das problem zu lösen, umfassten die wiederinstallation der software und die überprüfung der systemkonfiguration. verschiedene versionen wurden probiert, jedoch beharrt das problem weiterhin. das team benötigt unterstützung, um das kompatibilitätsproblem zu lösen, damit das projekt fortgesetzt werden kann.",2,2,2,2,2,2,2,2
14246,50cc551377cf91a6fa93ee2c13e0cf42447a6da1,medium,1,global_h2,True,True,True,False,,,Incident,en,Billing and Payments,0.17814441,0.72586316,0.09599242,Support Inquiry About Payment Discrepancies Our financial entity has identified inconsistencies in the billing through the payments platform. A potential reason for these issues could be related to integration challenges with the analytics tools.,support inquiry about payment discrepancies our financial entity has identified inconsistencies in the billing through the payments platform. a potential reason for these issues could be related to integration challenges with the analytics tools.,2,2,1,2,1,1,1,1
14426,07979fc7562462b2095902b1ccf7ec0194d39293,medium,1,global_h2,True,False,False,False,,,Problem,de,IT Support,0.56070155,0.37362927,0.0656691,Angekündigte Unterbrechungen der Webseite beschrieben Abwechselnde Ausfälle der Webseite beeinträchtigen die Kommunikation mit Kunden,angekündigte unterbrechungen der webseite beschrieben abwechselnde ausfälle der webseite beeinträchtigen die kommunikation mit kunden,1,1,2,1,2,2,1,1
15643,1c3ce957760a836ba822dfb0f17fc7eb5ef8b563,medium,1,global_h2,True,True,False,False,,,Problem,en,Customer Service,0.37621057,0.2908175,0.3329719,"Issue with Creation of Investment Forecasts in Analytics Platform Dear Customer Support, I am writing to report an issue with the Analytics Platform. The platform is supposed to generate investment forecasts, but despite reloading the data and restarting the system, the problem persists. The system seems to be rejecting updated data inputs, suggesting a potential system error. It would be greatly appreciated if you could look into this issue soon and provide clear instructions on how to resolve it. Thank you for your understanding and support. I look forward to your response.","issue with creation of investment forecasts in analytics platform dear customer support, i am writing to report an issue with the analytics platform. the platform is supposed to generate investment forecasts, but despite reloading the data and restarting the system, the problem persists. the system seems to be rejecting updated data inputs, suggesting a potential system error. it would be greatly appreciated if you could look into this issue soon and provide clear instructions on how to resolve it. thank you for your understanding and support. i look forward to your response.",1,1,0,1,1,1,1,1
16003,7bcf3de68dd2c8bccafbc2a302906ee29e46d369,medium,1,global_h2,True,False,False,False,,,Problem,en,Technical Support,0.45601875,0.42823997,0.11574133,"Security Incident in Hospital IT Systems Customer Support, A security incident has been detected in the hospital's IT systems, leading to the exposure of sensitive medical data. This might be due to outdated software vulnerabilities. Initial efforts to resolve the issue, such as software updates and enhancing firewall protection, have not been successful. The breach poses a risk to patient confidentiality and requires immediate assistance to address the situation. We would appreciate further details on the outdated software and the firewall protection measures taken so far. Please schedule a call at <tel_num> to discuss the next steps and provide guidance on resolving the issue to prevent future breaches.","security incident in hospital it systems customer support, a security incident has been detected in the hospital's it systems, leading to the exposure of sensitive medical data. this might be due to outdated software vulnerabilities. initial efforts to resolve the issue, such as software updates and enhancing firewall protection, have not been successful. the breach poses a risk to patient confidentiality and requires immediate assistance to address the situation. we would appreciate further details on the outdated software and the firewall protection measures taken so far. please schedule a call at <tel_num> to discuss the next steps and provide guidance on resolving the issue to prevent future breaches.",2,2,2,2,2,2,2,2
16057,15bce41780c405a909e6d76dcdb640cac570623e,medium,1,global_h2,True,False,False,False,,,Request,en,Customer Service,0.122609265,0.4613197,0.416071,"Query on Security Measures for Medical Data on QNAP TS-453D NAS Hello Customer Support, I am seeking detailed information on the security features and protocols implemented by the QNAP TS-453D NAS to protect medical data. Specifically, I would like to know about the encryption methods, access controls, and compliance certifications the product offers. I would greatly appreciate any detailed documentation or guidance that could help me better understand these aspects.","query on security measures for medical data on qnap ts-453d nas hello customer support, i am seeking detailed information on the security features and protocols implemented by the qnap ts-453d nas to protect medical data. specifically, i would like to know about the encryption methods, access controls, and compliance certifications the product offers. i would greatly appreciate any detailed documentation or guidance that could help me better understand these aspects.",1,1,1,2,1,1,1,1
16398,ae80324a7c8cb3a4bdaf1b452e4aacdb1f1f450e,medium,1,global_h2,True,False,False,False,,,Problem,en,IT Support,0.4708706,0.41828716,0.11084223,"I am contacting customer support regarding the issue with the marketing analytics dashboard. It is showing real-time data updates, and there might be server connectivity issues due to recent software updates, which could have caused some disruptions. We have already tried clearing our browser caches, using different browsers, and checking the server statuses, but the issue still persists. I would appreciate assistance in resolving this matter.","i am contacting customer support regarding the issue with the marketing analytics dashboard. it is showing real-time data updates, and there might be server connectivity issues due to recent software updates, which could have caused some disruptions. we have already tried clearing our browser caches, using different browsers, and checking the server statuses, but the issue still persists. i would appreciate assistance in resolving this matter.",1,1,0,2,1,1,1,1
16854,0a6b5670fe53f1605ee25ab2b2c5e6ee989643eb,medium,1,global_h2,True,True,True,False,,,Incident,en,Product Support,0.69840986,0.2699776,0.03161247,Facing Occasional Performance Problems on the Platform The platform is encountering sporadic performance issues.,facing occasional performance problems on the platform the platform is encountering sporadic performance issues.,0,1,1,1,1,1,1,1
16926,578f4f7c219637b6205884bc114161a6043a6db6,medium,1,global_h2,True,True,False,False,,,Request,en,Product Support,0.023146205,0.32505444,0.6517993,Seeking Insights on Enhancing Brand Growth Through Digital Strategies Is there any way to gain insights on how to effectively use digital strategies to boost brand growth and improve online presence to reach a wider audience? Thank you!,seeking insights on enhancing brand growth through digital strategies is there any way to gain insights on how to effectively use digital strategies to boost brand growth and improve online presence to reach a wider audience? thank you!,2,1,1,2,1,1,2,1
17043,b33f2430b60839e6a36ed4121d83a3898fc2f52f,medium,1,global_h2,True,True,False,False,,,Request,en,Billing and Payments,0.039386526,0.3207669,0.63984656,"Support for Norton 360 Inquiring about Norton 360 support to enhance digital marketing security strategies as a business owner. Looking to protect the online presence and ensure the security of customer data. Would appreciate guidance on how to effectively utilize Norton 360 to achieve these goals. Specifically, interested in learning about the features and tools available in Norton 360 to strengthen digital marketing security, including anti-virus and anti-malware protection.","support for norton 360 inquiring about norton 360 support to enhance digital marketing security strategies as a business owner. looking to protect the online presence and ensure the security of customer data. would appreciate guidance on how to effectively utilize norton 360 to achieve these goals. specifically, interested in learning about the features and tools available in norton 360 to strengthen digital marketing security, including anti-virus and anti-malware protection.",1,1,1,1,1,1,1,1
17379,9cfb291540b7fc08d36d73e5040597421bd8330e,medium,1,global_h2,True,False,False,False,,,Problem,en,Customer Service,0.1707121,0.5965072,0.23278062,"Unauthorized Access to Medical Data Servers There have been unauthorized access attempts to our medical data servers. This might have occurred due to outdated security protocols. To date, we have updated our antivirus software and conducted a thorough audit of existing user access. We kindly request your assistance in investigating the matter and providing guidance on how to enhance our security measures to prevent such incidents in the future. Please let us know the next steps to take.","unauthorized access to medical data servers there have been unauthorized access attempts to our medical data servers. this might have occurred due to outdated security protocols. to date, we have updated our antivirus software and conducted a thorough audit of existing user access. we kindly request your assistance in investigating the matter and providing guidance on how to enhance our security measures to prevent such incidents in the future. please let us know the next steps to take.",1,1,1,0,1,1,1,1
18480,3f1e52c7a2a7987575e65f5de02ccd0edcc58795,medium,1,global_h2,True,False,True,False,,,Incident,en,Technical Support,0.8165115,0.15639532,0.027093241,"Unstable Performance Across Various Platforms Identified Marketing firm facing unstable performance issues. After initial troubleshooting steps like rebooting devices and updating software, there was some improvement, but the problem still exists. Assistance is needed.","unstable performance across various platforms identified marketing firm facing unstable performance issues. after initial troubleshooting steps like rebooting devices and updating software, there was some improvement, but the problem still exists. assistance is needed.",1,1,2,0,1,1,1,1
18501,bf4f29ed8e61a9bc9767d7d562544f48b01310b8,medium,1,global_h2,True,True,True,False,,,Incident,en,Customer Service,0.46931785,0.44241703,0.08826507,"Support Needed for Marketing Strategies Marketing strategies are not achieving the expected growth for the brand. The latest digital campaigns have not increased engagement or conversions. There might be a misalignment between the target audience and the content strategy. Ad targeting has been adjusted, but different content formats have been tested with no significant improvement. Assistance is needed to identify the root cause and optimize marketing efforts.","support needed for marketing strategies marketing strategies are not achieving the expected growth for the brand. the latest digital campaigns have not increased engagement or conversions. there might be a misalignment between the target audience and the content strategy. ad targeting has been adjusted, but different content formats have been tested with no significant improvement. assistance is needed to identify the root cause and optimize marketing efforts.",1,1,1,1,1,1,1,1
19103,877660c2bb511cd7bb114aa9aebeafa078dbdf65,medium,1,global_h2,True,False,False,False,,,Problem,de,IT Support,0.5247379,0.4483902,0.026871946,"Probleme mit der Verbindung von Bose QuietComfort 35 II Gaming Headset bei virtuellen Meetings Beim Verbinden meines Bose QuietComfort 35 II Gaming Headsets mit Cisco Webex tritt eine Inkompabilität auf. Ich habe das Headset neu gestartet, die Treiber aktualisiert und Webex erneut installiert, aber das Problem behält sich beständig.","probleme mit der verbindung von bose quietcomfort 35 ii gaming headset bei virtuellen meetings beim verbinden meines bose quietcomfort 35 ii gaming headsets mit cisco webex tritt eine inkompabilität auf. ich habe das headset neu gestartet, die treiber aktualisiert und webex erneut installiert, aber das problem behält sich beständig.",1,1,1,2,1,1,1,1
19488,2a1bc092b7dbd5af470708dea47b8db4c164ceb6,medium,1,global_h2,True,True,False,False,,,Change,de,Product Support,0.16331045,0.6587047,0.17798482,"Erhöhte Analytik für Markenentwicklung Gehrte Kundenservice, ich möchte anfragen, ob avancierte Analytik-Werkzeuge zur Markenstrategie integriert werden können. Diese Werkzeuge sollen uns bei der Berücksichtigung datenbasierten Entscheidungen, der Markenentwicklung und der Steigerung der Konsumentenbeteiligung unterstützen. Durch die Nutzung dieser Werkzeuge können wir wertvolle Erkenntnisse über das Konsumentenverhalten gewinnen und Schlüsselindikatoren beobachten, um unsere Kampagnen zu optimieren. Ich denke, dass eine Integration entscheidend für den Wohlstand unserer Marken ist und dass Sie sich mit diesem Thema auskannten könnten. Bitte lassen Sie mich wissen, falls Sie weitere Informationen benötigen oder die nächsten Schritte erläutern können.","erhöhte analytik für markenentwicklung gehrte kundenservice, ich möchte anfragen, ob avancierte analytik-werkzeuge zur markenstrategie integriert werden können. diese werkzeuge sollen uns bei der berücksichtigung datenbasierten entscheidungen, der markenentwicklung und der steigerung der konsumentenbeteiligung unterstützen. durch die nutzung dieser werkzeuge können wir wertvolle erkenntnisse über das konsumentenverhalten gewinnen und schlüsselindikatoren beobachten, um unsere kampagnen zu optimieren. ich denke, dass eine integration entscheidend für den wohlstand unserer marken ist und dass sie sich mit diesem thema auskannten könnten. bitte lassen sie mich wissen, falls sie weitere informationen benötigen oder die nächsten schritte erläutern können.",1,1,1,1,1,1,1,1
19699,e381cd22f3b48db3b1139323d7a22b5c8fd2355e,medium,1,global_h2,True,False,False,False,,,Incident,de,Returns and Exchanges,0.45187226,0.43323672,0.11489104,"Probleme mit den neuesten Aktualisierungen Betreff: Probleme mit den neuesten Aktualisierungen Sehr geehrte Kundensupport, ich möchte Ihnen melden, dass ich mehrere Probleme mit verschiedenen Produkten nach den neuesten Aktualisierungen habe. Es scheint, als könnte es möglicherweise um Kompatibilitätskonflikte gehen. Trotz aller Bemühungen, die Probleme durch Neuinstallation der Software und Überprüfung der Einstellungen beheben zu können, bestehen sie weiterhin. Ich habe bereits verschiedene Schritte zur Lösung des Problems unternommen, leider konnte ich bisher keine Lösung finden. Die Probleme, mit denen ich kämpfe, umfassen Fehler, Haltbarkeitsprobleme und Leistungsunstetigkeiten bei den Produkten. Ich schätze, wenn Sie das Problem schnellstmöglich bearbeiten und eine Lösung bieten könnten. Ich würde mich freuen, wenn Sie spezifische Informationen zu den betroffenen Produkten, den verwendeten Versionen sowie den spezifischen Fehlern, mit denen ich kämpfe, erhalten könnten. Zudem wäre es hilfreich,","probleme mit den neuesten aktualisierungen betreff: probleme mit den neuesten aktualisierungen sehr geehrte kundensupport, ich möchte ihnen melden, dass ich mehrere probleme mit verschiedenen produkten nach den neuesten aktualisierungen habe. es scheint, als könnte es möglicherweise um kompatibilitätskonflikte gehen. trotz aller bemühungen, die probleme durch neuinstallation der software und überprüfung der einstellungen beheben zu können, bestehen sie weiterhin. ich habe bereits verschiedene schritte zur lösung des problems unternommen, leider konnte ich bisher keine lösung finden. die probleme, mit denen ich kämpfe, umfassen fehler, haltbarkeitsprobleme und leistungsunstetigkeiten bei den produkten. ich schätze, wenn sie das problem schnellstmöglich bearbeiten und eine lösung bieten könnten. ich würde mich freuen, wenn sie spezifische informationen zu den betroffenen produkten, den verwendeten versionen sowie den spezifischen fehlern, mit denen ich kämpfe, erhalten könnten. zudem wäre es hilfreich,",0,0,0,1,1,1,1,1
19722,4ae2c718f7ac3a758d1a08dd05dee5ce729c1b1f,medium,1,global_h2,True,False,True,False,,,Incident,en,Billing and Payments,0.83108115,0.14734985,0.021568976,Problem with Billing Access Being Denied Experienced discrepancies in billing that are leading to access problems with project management tools.,problem with billing access being denied experienced discrepancies in billing that are leading to access problems with project management tools.,2,2,0,2,2,2,2,2
19822,e10d88013f30cbe7c2d4a15c483a6fe8bd1efc4a,medium,1,global_h2,True,True,False,False,,,Incident,en,Technical Support,0.8120801,0.16658267,0.02133724,Problem with Network Connection The devices are unable to connect to the WLAN-Router because of network congestion. It is suspected that there is insufficient bandwidth allocation when multiple tools are used simultaneously. Rebooting and disconnecting/reconnecting the devices resolved the issue but caused some delays in productivity.,problem with network connection the devices are unable to connect to the wlan-router because of network congestion. it is suspected that there is insufficient bandwidth allocation when multiple tools are used simultaneously. rebooting and disconnecting/reconnecting the devices resolved the issue but caused some delays in productivity.,2,2,2,2,2,2,1,2
20027,ab8c9c5937c7b156b8e8572df452375a47eee357,medium,1,global_h2,True,False,True,False,,,Request,en,Customer Service,0.03109218,0.10958963,0.85931814,"Boost Brand Expansion Tactics Customer Support, seeking insights into digital strategies that can enhance brand growth. Would appreciate detailed information on methods and techniques that could help increase brand visibility and engagement. I am particularly keen on learning about the approach to social media marketing and content creation. Thank you for your time and assistance. Looking forward to hearing from you soon. Your insight would be invaluable in helping me understand and improve the brand's online presence.","boost brand expansion tactics customer support, seeking insights into digital strategies that can enhance brand growth. would appreciate detailed information on methods and techniques that could help increase brand visibility and engagement. i am particularly keen on learning about the approach to social media marketing and content creation. thank you for your time and assistance. looking forward to hearing from you soon. your insight would be invaluable in helping me understand and improve the brand's online presence.",0,0,1,0,1,0,0,0
20426,f301da8bc4ccec55cba24142fefd9efaf7dce140,medium,1,global_h2,True,True,False,False,,,Request,de,Technical Support,0.1795756,0.6618448,0.15857962,"Beratung für PostgreSQL-Optimierung der Investitionen erforderlich Sehr geehrte Kundensupport, ich möchte mich gerne auf die Optimierung meiner Investitionen mit Hilfe von PostgreSQL Datenanalyse-Tools besinnen. Da ich bereits länger PostgreSQL nutze, bin ich unsicher, wie ich die Funktionalitäten effektiv nutzen und fundierte Investitionsentscheidungen treffen kann. Könnten Sie mir Einblicke in die Nutzung der Datenanalyse-Tools im Zusammenhang mit PostgreSQL geben und wie diese für die Analyse der Marktentwicklungen und die Fertigung von Vorhersagen eingesetzt werden können? Ich würde mich freuen, Informationen über best practices in Bezug auf Datenmodelle, Abfragen und Visualisierung zu erhalten. Darüber hinaus interessiere ich mich, welche spezifischen Tools und Bibliotheken zur Verfügung stehen.","beratung für postgresql-optimierung der investitionen erforderlich sehr geehrte kundensupport, ich möchte mich gerne auf die optimierung meiner investitionen mit hilfe von postgresql datenanalyse-tools besinnen. da ich bereits länger postgresql nutze, bin ich unsicher, wie ich die funktionalitäten effektiv nutzen und fundierte investitionsentscheidungen treffen kann. könnten sie mir einblicke in die nutzung der datenanalyse-tools im zusammenhang mit postgresql geben und wie diese für die analyse der marktentwicklungen und die fertigung von vorhersagen eingesetzt werden können? ich würde mich freuen, informationen über best practices in bezug auf datenmodelle, abfragen und visualisierung zu erhalten. darüber hinaus interessiere ich mich, welche spezifischen tools und bibliotheken zur verfügung stehen.",2,2,0,2,2,2,2,2
21037,430a58de32d064c327b5a5fdab9b4cdf493011de,medium,1,global_h2,True,True,True,False,,,Request,de,Sales and Pre-Sales,0.03921488,0.9019939,0.05879128,"Könnten Sie mehr Details zu SaaS-Funktionen, Skalierungsoptionen und Projektmanagement liefern?","könnten sie mehr details zu saas-funktionen, skalierungsoptionen und projektmanagement liefern?",0,0,0,1,0,0,0,0
21047,107326429c9930362fa793187817952865894599,medium,1,global_h2,True,False,True,False,,,Incident,en,Technical Support,0.4140852,0.34424448,0.24167022,"Alert for Unauthorized Access Detected in Medical Data System Customer Support, I am reporting an unauthorized access alert that has been triggered in our medical data system. This alert might be due to outdated security protocols. We have attempted to reset access credentials and reinforce firewalls, but the issue still persists. I would appreciate it if you could look into this matter urgently and provide a solution to prevent potential data breaches. Please let me know if you need any additional information to facilitate the investigation. I look forward to hearing from you soon. Thank you.","alert for unauthorized access detected in medical data system customer support, i am reporting an unauthorized access alert that has been triggered in our medical data system. this alert might be due to outdated security protocols. we have attempted to reset access credentials and reinforce firewalls, but the issue still persists. i would appreciate it if you could look into this matter urgently and provide a solution to prevent potential data breaches. please let me know if you need any additional information to facilitate the investigation. i look forward to hearing from you soon. thank you.",1,2,2,2,2,2,2,2
21697,c2157765521b70b91cc3a96a4017c0e5021cf6c7,medium,1,global_h2,True,True,True,False,,,Incident,de,Product Support,0.08454686,0.8644385,0.05101464,Sicherheitsanomalie entdeckt Es wurde ein Versuch eines autorisierten Zugangs festgestellt,sicherheitsanomalie entdeckt es wurde ein versuch eines autorisierten zugangs festgestellt,1,1,1,1,1,1,1,1
22593,9b400ae77419d733a9e76f9f06e752b740d3d08c,medium,1,global_h2,True,True,False,False,,,Request,en,IT Support,0.07870549,0.5019283,0.4193662,Securing Medical Data with Sony Vegas Pro 18 I am interested in using Sony Vegas Pro 18 for healthcare purposes. Could you provide details on the security features that ensure medical data is protected and compliant with regulations? It is crucial to safeguard sensitive patient information. Please provide information on the security features and protocols available in Sony Vegas Pro 18 to protect sensitive medical information.,securing medical data with sony vegas pro 18 i am interested in using sony vegas pro 18 for healthcare purposes. could you provide details on the security features that ensure medical data is protected and compliant with regulations? it is crucial to safeguard sensitive patient information. please provide information on the security features and protocols available in sony vegas pro 18 to protect sensitive medical information.,2,2,2,1,2,2,2,2
22621,e7bec3907f6cf9b601a68108ba9463816cafb010,medium,1,global_h2,True,False,False,False,,,Change,en,Product Support,0.045018733,0.25304937,0.7019319,"Enhancing Brand Growth with Advanced Analytics Customer Support, requesting the integration of advanced analytics tools into our marketing strategies. This will enable us to make data-driven decisions, enhance brand growth and consumer engagement. By leveraging these tools, we aim to gain valuable insights into consumer behavior, track key performance indicators, and optimize our campaigns for better results. We believe that this integration is crucial for our brand's success and would appreciate if you could look into it. Please let us know if there are any additional steps we need to take.","enhancing brand growth with advanced analytics customer support, requesting the integration of advanced analytics tools into our marketing strategies. this will enable us to make data-driven decisions, enhance brand growth and consumer engagement. by leveraging these tools, we aim to gain valuable insights into consumer behavior, track key performance indicators, and optimize our campaigns for better results. we believe that this integration is crucial for our brand's success and would appreciate if you could look into it. please let us know if there are any additional steps we need to take.",2,2,1,1,1,1,1,1
23082,5723cbf6c12557e9c819cc84679bacf058b0c210,medium,1,global_h2,True,True,True,False,,,Problem,de,Product Support,0.48266822,0.48550406,0.031827748,"Hilfe bei Datenverletzung an IT-Systemen des Krankenhauses erforderlich Es wurde eine Datenverletzung an den IT-Systemen des Krankenhauses festgestellt, was vertrauliche medizinische Informationen gefährdet hat. Die mangelnde Verschlüsselung und veraltete Software sind wahrscheinlich die Ursachen. Die Firewall-Einstellungen der betroffenen Anwendungen wurden aktualisiert; jedoch bestehen weiterhin Schwachstellen. Unterstützung benötigt, um die Situation anzupassen.","hilfe bei datenverletzung an it-systemen des krankenhauses erforderlich es wurde eine datenverletzung an den it-systemen des krankenhauses festgestellt, was vertrauliche medizinische informationen gefährdet hat. die mangelnde verschlüsselung und veraltete software sind wahrscheinlich die ursachen. die firewall-einstellungen der betroffenen anwendungen wurden aktualisiert; jedoch bestehen weiterhin schwachstellen. unterstützung benötigt, um die situation anzupassen.",2,2,2,1,2,1,2,2
23936,d580707978b797e1e815148e9407c9a2240269c5,medium,1,global_h2,True,False,False,False,,,Request,en,Technical Support,0.026418716,0.4997374,0.47384396,Seeking information on comprehensive solutions to secure medical data in hospital systems. Interested in learning about how your company safeguards sensitive information.,seeking information on comprehensive solutions to secure medical data in hospital systems. interested in learning about how your company safeguards sensitive information.,2,2,1,1,1,2,1,1
23983,40fd7e774e8a2e4c59ee1c232c47d64813f8c3b5,medium,1,global_h2,True,True,True,False,,,Incident,de,Customer Service,0.18194753,0.6740738,0.14397869,"Hilfe bei Problemen in der digitalen Marketing-Kampagne Guten Tag Kundensupport, unser digitales Marketing-Kampagnen hat einen Traffic-Anstieg nicht erreicht, möglicherweise aufgrund ineffektiver Zielgruppenstrategien. Durchgeführt wurde eine Analyse, konnte jedoch keinerlei offene Probleme oder alternative Strategien identifizieren. Die Kampagne sollte einen Traffic-Anstieg von 20% erwarten, derzeit wurde nur ein Anstieg von 5% beobachtet. Ich freue mich, wenn Sie Ratschläge geben könnten, um die Zielgruppenstrategien zu verbessern und den Traffic-Anstieg zu erhöhen. Vielen Dank für Ihre Unterstützung.","hilfe bei problemen in der digitalen marketing-kampagne guten tag kundensupport, unser digitales marketing-kampagnen hat einen traffic-anstieg nicht erreicht, möglicherweise aufgrund ineffektiver zielgruppenstrategien. durchgeführt wurde eine analyse, konnte jedoch keinerlei offene probleme oder alternative strategien identifizieren. die kampagne sollte einen traffic-anstieg von 20% erwarten, derzeit wurde nur ein anstieg von 5% beobachtet. ich freue mich, wenn sie ratschläge geben könnten, um die zielgruppenstrategien zu verbessern und den traffic-anstieg zu erhöhen. vielen dank für ihre unterstützung.",1,1,1,1,0,1,1,1
24051,aed6c52ab64f09f0da586fa9722cee9bb8e0034f,medium,1,global_h2,True,True,False,False,,,Incident,de,IT Support,0.27921575,0.6321766,0.088607624,"Fehler Mitteilung zum Datenaufbereitungs-Tool Investionsoptimierung Habe eine Nachricht über das Datenaufbereitungs-Tool Investionsoptimierung erhalten. Entschuldigen Sie die Unannehmlichkeiten, die dies verursacht haben. Um besser helfen zu können, bitte mir weitere Details zur Fehlermeldung geben, falls das Tool ausgefallen ist, und die genommenen Schritte nennen, bevor Sie es neugestartet haben. Es wäre hilfreich, wenn Sie mir die aktuelle Serverbelastung und relevante Systeminformationen zur Verfügung stellen könnten. Falls nötig, können wir telefonisch besprechen, um die Lösung des Problems zu finden. Bitte teilen Sie mir ein geeignetes Zeitfenster für einen Anruf mit dem Nummer <tel_num> .","fehler mitteilung zum datenaufbereitungs-tool investionsoptimierung habe eine nachricht über das datenaufbereitungs-tool investionsoptimierung erhalten. entschuldigen sie die unannehmlichkeiten, die dies verursacht haben. um besser helfen zu können, bitte mir weitere details zur fehlermeldung geben, falls das tool ausgefallen ist, und die genommenen schritte nennen, bevor sie es neugestartet haben. es wäre hilfreich, wenn sie mir die aktuelle serverbelastung und relevante systeminformationen zur verfügung stellen könnten. falls nötig, können wir telefonisch besprechen, um die lösung des problems zu finden. bitte teilen sie mir ein geeignetes zeitfenster für einen anruf mit dem nummer <tel_num> .",2,2,2,2,1,1,1,1
24071,796dde6394203e9adca41b753338faefeed8a020,medium,1,global_h2,True,False,False,False,,,Incident,de,Technical Support,0.23180315,0.6444086,0.12378832,"Hilfe zur Optimierung des Analyse-Tools Sehr geehrte Kundenservice-Team, unser Datenanalyse-Tool zeigt Schwierigkeiten bei der Generierung von Investitionen-Reports. Obwohl wir die neuesten Software-Updates installiert haben, bleibt der Fehler bestehen. Wir haben versucht, das Programm neu zu starten und die Benutzerrechte zu überprüfen, was jedoch nicht zu einer Lösung geführt hat. Wir schätzen Ihre Unterstützung und hoffen, dass Sie uns schnell eine Lösung anbieten können. Falls weitere Informationen benötigt werden, um das Problem zu lösen, melden Sie sich bitte bei uns. Mit freundlichen Grüßen, [Ihr Name]","hilfe zur optimierung des analyse-tools sehr geehrte kundenservice-team, unser datenanalyse-tool zeigt schwierigkeiten bei der generierung von investitionen-reports. obwohl wir die neuesten software-updates installiert haben, bleibt der fehler bestehen. wir haben versucht, das programm neu zu starten und die benutzerrechte zu überprüfen, was jedoch nicht zu einer lösung geführt hat. wir schätzen ihre unterstützung und hoffen, dass sie uns schnell eine lösung anbieten können. falls weitere informationen benötigt werden, um das problem zu lösen, melden sie sich bitte bei uns. mit freundlichen grüßen, [ihr name]",2,2,2,2,2,2,1,1
24089,bba80edb02808f34845d61215105aea905469cad,medium,1,global_h2,True,False,True,False,,,Problem,de,Billing and Payments,0.5091127,0.461888,0.028999336,"Unstimmigkeiten bei Rechnungen durch neue Tarifänderungen Die Markenagentur hat sich über Rechnungsunterschiede bei mehreren Abonnements beschwert, die sich auf die neuesten Service-Tarifänderungen beziehen. Es wurde vermutet, dass überlappende Gebühren aufgrund der Updates der Tarifstufen entstanden sind. Versucht, die Kundensupport-Abteilung zu kontaktieren, um die Rechnungsauflistungen zu überprüfen, konnte das Problem jedoch nicht sofort gelöst werden. Bitte helfen Sie bei der Lösung dieser Angelegenheit.","unstimmigkeiten bei rechnungen durch neue tarifänderungen die markenagentur hat sich über rechnungsunterschiede bei mehreren abonnements beschwert, die sich auf die neuesten service-tarifänderungen beziehen. es wurde vermutet, dass überlappende gebühren aufgrund der updates der tarifstufen entstanden sind. versucht, die kundensupport-abteilung zu kontaktieren, um die rechnungsauflistungen zu überprüfen, konnte das problem jedoch nicht sofort gelöst werden. bitte helfen sie bei der lösung dieser angelegenheit.",1,1,1,1,1,1,1,1
24105,72719d2b5882e91c77dcc76119becb52746476ad,medium,1,global_h2,True,False,False,False,,,Incident,en,Product Support,0.33915326,0.43285078,0.227996,"Performance of Marketing Campaigns Marketing campaigns are underperforming, which is leading to stagnant brand growth. This may be due to unclear targeting and ineffective messaging. After reviewing the strategies and adjusting the audience segments, we have seen some improvement. However, we need your assistance to identify the root cause and develop a new strategy to boost brand growth.","performance of marketing campaigns marketing campaigns are underperforming, which is leading to stagnant brand growth. this may be due to unclear targeting and ineffective messaging. after reviewing the strategies and adjusting the audience segments, we have seen some improvement. however, we need your assistance to identify the root cause and develop a new strategy to boost brand growth.",1,1,1,1,1,1,1,1
24214,2c517e5eb16fe2b759a8b6a27477d684ea778644,medium,1,global_h2,True,False,False,False,,,Problem,en,Customer Service,0.7191477,0.24740697,0.033445377,"Systems for Security Breach A security breach has been detected in the medical data systems, which may have exposed patient information. The updated antivirus software was reviewed, and the access logs indicate that the risk still persists.","systems for security breach a security breach has been detected in the medical data systems, which may have exposed patient information. the updated antivirus software was reviewed, and the access logs indicate that the risk still persists.",1,1,1,1,1,1,1,1
24620,8074cfb09eb203f9407f454192983be8132355a8,medium,1,global_h2,True,True,False,False,,,Request,de,Sales and Pre-Sales,0.23393247,0.5381039,0.22796358,"Anfrage sicherer Lösungen für medizinische Daten Schreibe an, um Lösungen für die Sicherung medizinischer Daten in der IT-Infrastruktur von Krankenhäusern zu erkunden. Könnten Sie mehr Informationen über die zur Verfügung gestellten Dienstleistungen geben? Freue mich, wenn Sie Informationen zur Verschlüsselung von Daten, Zugangssteuerungen und Netzwerksicherheitsmaßnahmen bereitstellen könnten. Helfen Sie mir, um die Lösungen für meine Anforderungen zu verstehen.","anfrage sicherer lösungen für medizinische daten schreibe an, um lösungen für die sicherung medizinischer daten in der it-infrastruktur von krankenhäusern zu erkunden. könnten sie mehr informationen über die zur verfügung gestellten dienstleistungen geben? freue mich, wenn sie informationen zur verschlüsselung von daten, zugangssteuerungen und netzwerksicherheitsmaßnahmen bereitstellen könnten. helfen sie mir, um die lösungen für meine anforderungen zu verstehen.",0,0,0,2,1,1,1,0
24741,0b11281ffca56cc268a13e498a47b4296732b5e0,medium,1,global_h2,True,True,False,False,,,Incident,en,Customer Service,0.2966669,0.5668728,0.1364603,"Assistance Required for Engagement Issues Marketing agency experiencing reduced brand engagement, even with digital strategies in place, which might be due to ongoing technical issues or outdated tools. Efforts have been made to revise ad campaigns and optimize available software, but further assistance is needed to resolve these issues.","assistance required for engagement issues marketing agency experiencing reduced brand engagement, even with digital strategies in place, which might be due to ongoing technical issues or outdated tools. efforts have been made to revise ad campaigns and optimize available software, but further assistance is needed to resolve these issues.",1,1,1,1,1,1,1,1
25204,4c508c75db1fc837ff588b0c539f23ba750b1965,medium,1,global_h2,True,True,True,False,,,Incident,en,Customer Service,0.7973535,0.18390463,0.01874187,"Issue with Project Dashboard Accessibility A user has reported that they are unable to access the Project Dashboards despite using the correct login credentials, which is suspected to be due to a recent software update. Anti-loop measures have been taken, but the issue persists.","issue with project dashboard accessibility a user has reported that they are unable to access the project dashboards despite using the correct login credentials, which is suspected to be due to a recent software update. anti-loop measures have been taken, but the issue persists.",0,0,0,1,0,1,1,1
25679,73112a7a5de89cc4244b4c70ace2c1826dfbbd87,medium,1,global_h2,True,False,False,False,,,Problem,en,Product Support,0.73208594,0.24104485,0.026869223,"Alert for Potential Data Loss A potential data loss incident has been identified in the IT systems of the hospital, impacting the confidentiality of medical data. This issue is attributed to outdated software and incorrect settings. We have updated security patches and reviewed firewall settings to secure operations and prevent unauthorized access. An investigation is ongoing to determine the extent of the damage.","alert for potential data loss a potential data loss incident has been identified in the it systems of the hospital, impacting the confidentiality of medical data. this issue is attributed to outdated software and incorrect settings. we have updated security patches and reviewed firewall settings to secure operations and prevent unauthorized access. an investigation is ongoing to determine the extent of the damage.",1,1,1,1,1,1,1,1
25955,64e2ac8fb8139a655adcb08da775d5382481acea,medium,1,global_h2,True,False,True,False,,,Incident,de,Technical Support,0.3185302,0.6459436,0.035526272,"Hilfe zur Behandlung einer Datenschutzverletzung erforderlich Sehr geehrte Kundenservice-Abteilung, Wir haben eine Datenschutzverletzung festgestellt, die den Zugriff auf medizinische Akten beeinträchtigt. Die Ursache scheint auf ausgetroublierte Sicherheitsprotokolle hinzuweisen. Vorläufige Maßnahmen wurden ergriffen, darunter die Aktualisierung der Firewalls und die Überprüfung der Zugriffslogiken. Allerdings bestehen immer noch Probleme. Die Verletzung beeinträchtigt derzeit eine beträchtliche Anzahl medizinischer Akten. Es ist entscheidend, die Angelegenheit so schnell wie möglich zu klären, um jeglichen weiteren unautorisierten Zugriff zu verhindern. Ich schätze Ihre Unterstützung in dieser Angelegenheit.","hilfe zur behandlung einer datenschutzverletzung erforderlich sehr geehrte kundenservice-abteilung, wir haben eine datenschutzverletzung festgestellt, die den zugriff auf medizinische akten beeinträchtigt. die ursache scheint auf ausgetroublierte sicherheitsprotokolle hinzuweisen. vorläufige maßnahmen wurden ergriffen, darunter die aktualisierung der firewalls und die überprüfung der zugriffslogiken. allerdings bestehen immer noch probleme. die verletzung beeinträchtigt derzeit eine beträchtliche anzahl medizinischer akten. es ist entscheidend, die angelegenheit so schnell wie möglich zu klären, um jeglichen weiteren unautorisierten zugriff zu verhindern. ich schätze ihre unterstützung in dieser angelegenheit.",2,2,2,2,2,2,2,2
26101,c6f70b03d9d60cc0ebfd3470a98761159f9401c7,medium,1,global_h2,True,True,True,False,,,Incident,en,IT Support,0.73986524,0.2295674,0.030567314,"Security Flaw Identified in Hospital IT System Dear Customer Support, A security gap has been identified in the hospital IT system, affecting medical data. We suspect that outdated software may have contributed to this issue. We have attempted to update the security protocols and scan the systems for viruses, but were unable to find an immediate solution. We require assistance to resolve this matter promptly and prevent further damage. Please let us know. Yours, [Your Name]","security flaw identified in hospital it system dear customer support, a security gap has been identified in the hospital it system, affecting medical data. we suspect that outdated software may have contributed to this issue. we have attempted to update the security protocols and scan the systems for viruses, but were unable to find an immediate solution. we require assistance to resolve this matter promptly and prevent further damage. please let us know. yours, [your name]",1,1,2,2,2,1,1,2
26234,ad1dff9dde1c0eb2a4333fe04363457268c95e8c,medium,1,global_h2,True,False,False,False,,,Problem,de,Product Support,0.22796232,0.7119417,0.060095925,"Fehlerhafte Datenanalyseergebnisse Eine Finanzfirma kämpft mit fehlerhaften Datenanalyseergebnissen während des Optimierens von Investitionen aufgrund inkonsistenter Software und veralteter Datenauswertungen. Die Anwendungen sollten aktualisiert werden, um die Analyse zu verbessern.","fehlerhafte datenanalyseergebnisse eine finanzfirma kämpft mit fehlerhaften datenanalyseergebnissen während des optimierens von investitionen aufgrund inkonsistenter software und veralteter datenauswertungen. die anwendungen sollten aktualisiert werden, um die analyse zu verbessern.",2,2,1,2,1,1,0,2
26382,2a89a91690f919dad5aac30c2de6c20d277c2d14,medium,1,global_h2,True,True,False,False,,,Incident,en,Product Support,0.10203819,0.60147345,0.29648837,"Support Request for Data Analysis Performance Issues Hello, we are encountering performance issues with our data analysis processes. Initial troubleshooting steps such as restarting devices and updating software applications were unsuccessful. Could you assist in identifying the root cause and implementing a solution to improve performance? For better understanding, please provide details on the specific hardware and software configurations.","support request for data analysis performance issues hello, we are encountering performance issues with our data analysis processes. initial troubleshooting steps such as restarting devices and updating software applications were unsuccessful. could you assist in identifying the root cause and implementing a solution to improve performance? for better understanding, please provide details on the specific hardware and software configurations.",0,1,1,1,1,1,1,1
26799,58877d8c4ad2e463a3e782d4d4aad2c95523f047,medium,1,global_h2,True,True,True,False,,,Request,de,Customer Service,0.01701881,0.80260676,0.18037447,Support Team für Asana SaaS Suche nach detaillierten Informationen zur Integration der Asana SaaS-Projektmanagement-Lösung. Vielen Dank.,support team für asana saas suche nach detaillierten informationen zur integration der asana saas-projektmanagement-lösung. vielen dank.,0,1,1,2,1,1,1,1
26963,c9c2707ccc1a19e9a0aa184a136df98b9911c3a9,medium,1,global_h2,True,True,False,False,,,Incident,de,Product Support,0.1898438,0.7609313,0.049224913,"Probleme bei der Netzwerkkonnektivität auf mehreren Geräten Verbindungsprobleme auf verschiedenen Geräten beeinträchtigen die Ausführung von Anwendungen und Projektmanagementaufgaben. Es ist möglich, dass die neuesten Software-Updates oder Konfigurationsänderungen die Ursache sind. Trotz Neustarts behält das Problem bei, wenn die Netzwerkeinstellungen überprüft werden.","probleme bei der netzwerkkonnektivität auf mehreren geräten verbindungsprobleme auf verschiedenen geräten beeinträchtigen die ausführung von anwendungen und projektmanagementaufgaben. es ist möglich, dass die neuesten software-updates oder konfigurationsänderungen die ursache sind. trotz neustarts behält das problem bei, wenn die netzwerkeinstellungen überprüft werden.",2,2,2,1,1,2,1,1
27010,7e26037f73cb9f24140d05b29654425a947c0952,medium,1,global_h2,True,False,False,False,,,Request,de,Technical Support,0.15023948,0.76015335,0.089607164,"Fragen zur Sicherheit medizinischer Daten Sehr geehrte Kundenservice-Team, ich wende mich an Sie, um nachzufragen, welche Sicherheitsmaßnahmen Sie zur Verfügung stellen, um medizinische Daten Ihrer Kunden zu schützen. Ein potenzieller Kunde möchte sicherstellen, dass sensible Informationen mit großer Sorgfalt behandelt werden. Könnten Sie Anweisungen geben, wie Ihre IT-Dienstleistungen und Produkte dazu beitragen, medizinische Daten zu schützen? Bitte geben Sie weitere verfügbare Informationen zur Angelegenheit an, einschließlich relevanter Zertifizierungen, die die Einhaltung der Branchenstandards bestätigen. Ich schätze Ihre Unterstützung sehr und freue mich darauf, bald von Ihnen zu hören. Mit freundlichen Grüßen, [Ihr Name]","fragen zur sicherheit medizinischer daten sehr geehrte kundenservice-team, ich wende mich an sie, um nachzufragen, welche sicherheitsmaßnahmen sie zur verfügung stellen, um medizinische daten ihrer kunden zu schützen. ein potenzieller kunde möchte sicherstellen, dass sensible informationen mit großer sorgfalt behandelt werden. könnten sie anweisungen geben, wie ihre it-dienstleistungen und produkte dazu beitragen, medizinische daten zu schützen? bitte geben sie weitere verfügbare informationen zur angelegenheit an, einschließlich relevanter zertifizierungen, die die einhaltung der branchenstandards bestätigen. ich schätze ihre unterstützung sehr und freue mich darauf, bald von ihnen zu hören. mit freundlichen grüßen, [ihr name]",1,2,0,2,2,2,2,2
27233,f5ee8e68425707a3148aaeda7c94098e34fa07e6,medium,1,global_h2,True,False,False,False,,,Change,de,Customer Service,0.024707953,0.16302593,0.8122662,"Optimierung der Datenaufbereitung und Investitionsstrategien Ich schreibe, um die Verbesserung der Datenaufbereitungszeitsysteme und die Integration zu beantragen. Optimierung der Investitionsstrategien und Verbesserung des Workflowprozesses der betroffenen Anwendungen sollten zu präziseren Einsichten und besserer Entscheidungsfindung führen. Ich glaube, dass diese Verbesserungen erheblich zu einem Fortschritt in der Organisation beitragen. Ich freue mich darauf, Ihre Rückmeldung zum Thema zu erhalten.","optimierung der datenaufbereitung und investitionsstrategien ich schreibe, um die verbesserung der datenaufbereitungszeitsysteme und die integration zu beantragen. optimierung der investitionsstrategien und verbesserung des workflowprozesses der betroffenen anwendungen sollten zu präziseren einsichten und besserer entscheidungsfindung führen. ich glaube, dass diese verbesserungen erheblich zu einem fortschritt in der organisation beitragen. ich freue mich darauf, ihre rückmeldung zum thema zu erhalten.",1,1,1,1,1,1,1,2
28300,6f86d5f57dbfe5aec7a20b833ae7b304081ed77a,medium,1,global_h2,True,False,True,False,,,Request,de,Product Support,0.04490042,0.84218246,0.11291713,"Kontaktiere Verbindung herstellen, um medizinische Daten für Produkte sicherzustellen. Könnten IT-Integrationen für Krankenhäuser empfehlen, um die Vertraulichkeit und Integrität sensibler Patientendaten gewährleisten?","kontaktiere verbindung herstellen, um medizinische daten für produkte sicherzustellen. könnten it-integrationen für krankenhäuser empfehlen, um die vertraulichkeit und integrität sensibler patientendaten gewährleisten?",1,1,1,1,1,1,1,1
753,15f7e749ff1aa7e7800283d66efd3a71acbcd8d0,low,0,local_case,False,False,False,True,case_01,unanimous_correct_low,Request,en,Customer Service,0.13489683,0.34014264,0.52496046,"System Compatibility Inquiry Dear Support Team, I hope this message finds you well. I am reaching out to request comprehensive details about the compatibility of a specific product with various devices and operating systems currently in use. This information is essential to confirm that the product will operate properly within the existing environment. Could you please share the technical specifications, supported platforms, and any limitations we should be aware of? Additionally, I would appreciate guidance on recommended configurations or updates needed for optimal compatibility. Your prompt response would be greatly appreciated.","system compatibility inquiry dear support team, i hope this message finds you well. i am reaching out to request comprehensive details about the compatibility of a specific product with various devices and operating systems currently in use. this information is essential to confirm that the product will operate properly within the existing environment. could you please share the technical specifications, supported platforms, and any limitations we should be aware of? additionally, i would appreciate guidance on recommended configurations or updates needed for optimal compatibility. your prompt response would be greatly appreciated.",0,0,0,0,0,0,0,0
22,ee037e0444486ca7203bcbbbf5f4913dbc650aff,medium,1,local_case,False,False,False,True,case_02,unanimous_correct_medium,Request,en,Billing and Payments,0.10226262,0.42297077,0.47476658,"Query Dear Customer Support Team, I hope this message reaches you well. I am reaching out to request detailed billing details and payment options for a QuickBooks Online subscription. Specifically, I am interested in understanding the available plans, their pricing structures, and any tailored options for institutional clients within the financial services industry. It would be helpful to receive documentation on invoicing procedures, payment timelines, discounts, and any special terms applicable to organizations like ours. Additionally, please","query dear customer support team, i hope this message reaches you well. i am reaching out to request detailed billing details and payment options for a quickbooks online subscription. specifically, i am interested in understanding the available plans, their pricing structures, and any tailored options for institutional clients within the financial services industry. it would be helpful to receive documentation on invoicing procedures, payment timelines, discounts, and any special terms applicable to organizations like ours. additionally, please",1,1,1,1,1,1,1,1
1,5c1adc7aa2813d400ebf30ac65484e8b7383ede9,high,2,local_case,False,False,False,True,case_03,unanimous_correct_high,Incident,en,Technical Support,0.8380458,0.14061852,0.021335607,"Account Disruption Dear Customer Support Team, I am writing to report a significant problem with the centralized account management portal, which currently appears to be offline. This outage is blocking access to account settings, leading to substantial inconvenience. I have attempted to log in multiple times using different browsers and devices, but the issue persists. Could you please provide an update on the outage status and an estimated time for resolution? Also, are there any alternative ways to access and manage my account during this downtime?","account disruption dear customer support team, i am writing to report a significant problem with the centralized account management portal, which currently appears to be offline. this outage is blocking access to account settings, leading to substantial inconvenience. i have attempted to log in multiple times using different browsers and devices, but the issue persists. could you please provide an update on the outage status and an estimated time for resolution? also, are there any alternative ways to access and manage my account during this downtime?",2,2,2,2,2,2,2,2
126,890270067c166c047ceda5d45e5e16ea678f5fa8,low,0,local_case,False,False,False,True,case_04,typical_low_to_medium,Incident,en,Returns and Exchanges,0.44529405,0.35662916,0.19807674,"Request to Return Electronic Hardware Items Dear Customer Support Team, I am reaching out to request the return of several electronic hardware products recently bought from your store. Unfortunately, these items do not meet my expectations due to minor defects and compatibility concerns identified upon inspection. The items in question include a wireless mouse, a USB-C hub, and an external hard drive. They have been used carefully during initial setup and testing, are still in excellent condition, and come with all original packaging and accessories. I would be grateful for your assistance.","request to return electronic hardware items dear customer support team, i am reaching out to request the return of several electronic hardware products recently bought from your store. unfortunately, these items do not meet my expectations due to minor defects and compatibility concerns identified upon inspection. the items in question include a wireless mouse, a usb-c hub, and an external hard drive. they have been used carefully during initial setup and testing, are still in excellent condition, and come with all original packaging and accessories. i would be grateful for your assistance.",1,1,1,2,1,1,1,1
394,a290262a783ad8b4921aa46b3c337daf9f4dbeb1,high,2,local_case,False,False,False,True,case_05,typical_high_to_medium,Request,de,Customer Service,0.18508205,0.6818253,0.13309264,"Anfrage Sehr geehrtes Kundendienstteam, ich hoffe, diese Nachricht erreicht Sie wohlbehalten. Ich schreibe, um detaillierte Informationen über die Produkte und Dienstleistungen zu erfragen, die Ihr Unternehmen anbietet. Kürzlich wurde ich auf Ihre Marke aufmerksam und bin daran interessiert, mehr darüber zu erfahren, um zu beurteilen, ob Ihre Angebote meinen Bedürfnissen entsprechen könnten. Könnten Sie bitte eine umfassende Übersicht über das verfügbare Produktsortiment bereitstellen? Insbesondere möchte ich mehr über die wichtigsten Eigenschaften, Spezifikationen und eventuelle Varianten innerhalb der Produktkategorie erfahren. Zudem wären Informationen zu","anfrage sehr geehrtes kundendienstteam, ich hoffe, diese nachricht erreicht sie wohlbehalten. ich schreibe, um detaillierte informationen über die produkte und dienstleistungen zu erfragen, die ihr unternehmen anbietet. kürzlich wurde ich auf ihre marke aufmerksam und bin daran interessiert, mehr darüber zu erfahren, um zu beurteilen, ob ihre angebote meinen bedürfnissen entsprechen könnten. könnten sie bitte eine umfassende übersicht über das verfügbare produktsortiment bereitstellen? insbesondere möchte ich mehr über die wichtigsten eigenschaften, spezifikationen und eventuelle varianten innerhalb der produktkategorie erfahren. zudem wären informationen zu",0,0,0,1,0,1,0,0
8,66db6625b564da4549986df74e6db441a323c089,low,0,local_case,False,False,False,True,case_06,critical_low_to_high,Request,de,Technical Support,0.11660492,0.73582953,0.14756556,"Anfrage nach detaillierten Angaben zur Systemarchitektur der Plattform Sehr geehrtes Kundensupport-Team, ich hoffe, diese Nachricht trifft Sie wohl. Ich nehme Kontakt auf, um umfassende Informationen zur Architektur der Plattform zu erfragen. Das Verständnis der zugrunde liegenden Struktur, Komponenten und deren Zusammenhänge ist entscheidend, um eine reibungslose Integration zu gewährleisten und die Nutzung der Dienste zu optimieren. Besonders interessieren mich Details zu den Kernmodulen der Plattform, Datenströmen, Sicherheitsmaßnahmen, Skalierbarkeitsmerkmalen sowie verfügbaren APIs und Schnittstellen zur Anpassung. Zudem wären Einblicke in den Technologiestack sowie die Bereitstellungsumgebung sehr hilfreich. Der Zugriff auf diese Informationen ermöglicht es dem technischen Team, die Infrastrukturprozesse besser zu planen und zu steuern.","anfrage nach detaillierten angaben zur systemarchitektur der plattform sehr geehrtes kundensupport-team, ich hoffe, diese nachricht trifft sie wohl. ich nehme kontakt auf, um umfassende informationen zur architektur der plattform zu erfragen. das verständnis der zugrunde liegenden struktur, komponenten und deren zusammenhänge ist entscheidend, um eine reibungslose integration zu gewährleisten und die nutzung der dienste zu optimieren. besonders interessieren mich details zu den kernmodulen der plattform, datenströmen, sicherheitsmaßnahmen, skalierbarkeitsmerkmalen sowie verfügbaren apis und schnittstellen zur anpassung. zudem wären einblicke in den technologiestack sowie die bereitstellungsumgebung sehr hilfreich. der zugriff auf diese informationen ermöglicht es dem technischen team, die infrastrukturprozesse besser zu planen und zu steuern.",2,2,2,2,2,2,2,2
3081,4b2afb7f05c9cd9fd85790fdd2db112b4abbc318,high,2,local_case,False,False,False,True,case_07,critical_high_to_low,Request,de,Customer Service,0.03421938,0.8836846,0.082096115,"Kundendienstanfrage Könnten Sie bitte zusätzliche Informationen zu digitalen Strategien, Markenwachstumsinstrumenten sowie der Förderung durch McAfee und Logitech bereitstellen?","kundendienstanfrage könnten sie bitte zusätzliche informationen zu digitalen strategien, markenwachstumsinstrumenten sowie der förderung durch mcafee und logitech bereitstellen?",0,0,0,1,0,0,0,0
13,de1f211d7fb1dd53f830f716d9499d66d3b65ee1,high,2,local_case,False,False,False,True,case_08,model_disagreement_1,Request,en,Product Support,0.09858351,0.30539775,0.5960188,"Inquiry for Detailed Information on Agency Offerings Dear Customer Support Team, I hope this message reaches you well. I am writing to request detailed information about the services provided by your agency. Specifically, I am interested in understanding the variety of services available, the pricing models, and any special packages or offers that might be applicable. Additionally, I would appreciate it if you could send brochures, service contracts, and case studies highlighting your previous work and client success stories. This information will greatly help me in making an informed decision.","inquiry for detailed information on agency offerings dear customer support team, i hope this message reaches you well. i am writing to request detailed information about the services provided by your agency. specifically, i am interested in understanding the variety of services available, the pricing models, and any special packages or offers that might be applicable. additionally, i would appreciate it if you could send brochures, service contracts, and case studies highlighting your previous work and client success stories. this information will greatly help me in making an informed decision.",1,1,0,2,1,1,1,1
59,c655267a95bf20edad8c0f0eac49d2c7984240c5,low,0,local_case,False,False,False,True,case_09,model_disagreement_2,Request,de,Customer Service,0.17284094,0.5702925,0.2568665,"Anfrage zu technischen Spezifikationen der SaaS-Lösung Sehr geehrtes Support-Team, ich hoffe, diese Nachricht erreicht Sie wohlbehalten. Derzeit prüfe ich die SaaS-Plattform im Hinblick auf eine mögliche Integration in unsere Organisation. Für eine umfassende technische Analyse benötige ich bitte detaillierte Informationen zur Architektur der Plattform. Besonders interessiere ich mich für die Hauptkomponenten, Datenströme, Sicherheitsvorkehrungen, Skalierungsmöglichkeiten und die Einhaltung relevanter Compliance-Standards, an die die Plattform gebunden ist. Ein klares Verständnis der architektonischen Strukturen wird unserem Team enorm dabei helfen, die Kompatibilität zu beurteilen und eine reibungslose Implementierung zu planen. Falls","anfrage zu technischen spezifikationen der saas-lösung sehr geehrtes support-team, ich hoffe, diese nachricht erreicht sie wohlbehalten. derzeit prüfe ich die saas-plattform im hinblick auf eine mögliche integration in unsere organisation. für eine umfassende technische analyse benötige ich bitte detaillierte informationen zur architektur der plattform. besonders interessiere ich mich für die hauptkomponenten, datenströme, sicherheitsvorkehrungen, skalierungsmöglichkeiten und die einhaltung relevanter compliance-standards, an die die plattform gebunden ist. ein klares verständnis der architektonischen strukturen wird unserem team enorm dabei helfen, die kompatibilität zu beurteilen und eine reibungslose implementierung zu planen. falls",1,1,1,2,1,1,0,0
85,818ee361847e8677f2017325b145c997fb136ec4,low,0,local_case,False,False,False,True,case_10,model_disagreement_3,Request,de,Customer Service,0.15177242,0.77687865,0.071348935,"Anfrage zu Netzwerkausrüstungsdetails Sehr geehrtes Kundenservice-Team, ich hoffe, diese Nachricht erreicht Sie wohlauf. Ich möchte um ausführliche Produktspezifikationen und Integrationsrichtlinien für die empfohlene Netzwerktechnologie bitten, die mit unseren Systemen kompatibel ist. Unser Team fokussiert sich auf die Optimierung der Datenanalyse, Handelsmodelle und Berichterstattung in unserer quantitativen Finanzumgebung. Daher sind präzise Hardware-Integrationsinformationen essenziell, um unsere Ziele effizient zu erreichen. Besonders interessiert bin ich an technischen Fähigkeiten, Leistungsparametern sowie Kompatibilitätsaspekten der empfohlenen Netzwerktechnik. Diese umfasst, aber beschränkt sich nicht nur auf Router, Switches, Firewalls und andere relevante Hardwarekomponenten. Außerdem benötige ich detaillierte Anweisungen zur Integration.","anfrage zu netzwerkausrüstungsdetails sehr geehrtes kundenservice-team, ich hoffe, diese nachricht erreicht sie wohlauf. ich möchte um ausführliche produktspezifikationen und integrationsrichtlinien für die empfohlene netzwerktechnologie bitten, die mit unseren systemen kompatibel ist. unser team fokussiert sich auf die optimierung der datenanalyse, handelsmodelle und berichterstattung in unserer quantitativen finanzumgebung. daher sind präzise hardware-integrationsinformationen essenziell, um unsere ziele effizient zu erreichen. besonders interessiert bin ich an technischen fähigkeiten, leistungsparametern sowie kompatibilitätsaspekten der empfohlenen netzwerktechnik. diese umfasst, aber beschränkt sich nicht nur auf router, switches, firewalls und andere relevante hardwarekomponenten. außerdem benötige ich detaillierte anweisungen zur integration.",1,1,0,2,1,1,1,1
98,2b8de51a7c4e30bce5c04433674e788ab51bc409,high,2,local_case,False,False,False,True,case_11,model_disagreement_4,Request,de,Product Support,0.2016597,0.66907305,0.1292673,"Benötigte Anleitung zur effektiven bereichsübergreifenden Kollaboration Sehr geehrtes Support-Team, ich bitte um Ihre fachkundige Beratung zur Optimierung der Zusammenarbeit zwischen Creative Studio und Performance Marketing Analytics-Teams. Ziel ist es, den Marketing-ROI zu steigern, indem ein datengesteuerter Ansatz mit einer zentralisierten Kontoverwaltung umgesetzt wird. Derzeit bestehen Herausforderungen bei der effizienten Koordination der Abteilungen und der reibungslosen Kommunikation sowie beim Austausch von Daten. Könnten Sie bitte bewährte Methoden und Strategien bereitstellen, um bereichsübergreifende Arbeitsprozesse zu verbessern? Besonders hilfreich wären Einblicke in die Integration von Datenanalysen in kreative, leistungsorientierte Marketingmaßnahmen.","benötigte anleitung zur effektiven bereichsübergreifenden kollaboration sehr geehrtes support-team, ich bitte um ihre fachkundige beratung zur optimierung der zusammenarbeit zwischen creative studio und performance marketing analytics-teams. ziel ist es, den marketing-roi zu steigern, indem ein datengesteuerter ansatz mit einer zentralisierten kontoverwaltung umgesetzt wird. derzeit bestehen herausforderungen bei der effizienten koordination der abteilungen und der reibungslosen kommunikation sowie beim austausch von daten. könnten sie bitte bewährte methoden und strategien bereitstellen, um bereichsübergreifende arbeitsprozesse zu verbessern? besonders hilfreich wären einblicke in die integration von datenanalysen in kreative, leistungsorientierte marketingmaßnahmen.",0,0,0,2,1,1,1,1
128,1a253cac8e537423675594be7ce6e3473a15a28f,low,0,local_case,False,False,False,True,case_12,model_disagreement_5,Request,en,Sales and Pre-Sales,0.095336184,0.40893155,0.49573222,"Inquiry About Marketing Agency Services Dear Customer Support Team, I hope this message finds you well. I am reaching out to inquire about the services offered by your marketing agency. We are currently looking for potential partners to help us improve our brand visibility and develop effective marketing strategies. Given the competitive landscape of our industry, it is essential for us to work with an agency that understands our objectives and can customize strategies to meet our unique requirements. Could you please provide detailed information about the range of services you offer?","inquiry about marketing agency services dear customer support team, i hope this message finds you well. i am reaching out to inquire about the services offered by your marketing agency. we are currently looking for potential partners to help us improve our brand visibility and develop effective marketing strategies. given the competitive landscape of our industry, it is essential for us to work with an agency that understands our objectives and can customize strategies to meet our unique requirements. could you please provide detailed information about the range of services you offer?",0,1,1,2,1,1,1,0
